sample,encoder,method,seed,split_axis,split_side,gene_set,n_train,n_test,top_k,n_genes,pearson_gene_macro,spearman_gene_macro,r2_gene_macro,rmse_log1p,mae_log1p,pearson_cell_macro,sensitivity_gene_macro,specificity_gene_macro,balanced_accuracy_gene_macro,f1_gene_macro,auprc_gene_macro
FFHO026,conch,bleep_conch_adapter,0,x,high,top50_hvg,8889,2400,50,50,0.3941486661322415,0.3794059484068557,0.0303955556091386,0.7378695011138916,0.6016148924827576,0.5211990074329864,0.934635796918255,0.1851204502861008,0.5598781236021779,0.7456199987265589,0.7233149575292609
FFHO026,conch,bleep_conch_adapter,0,x,high,top200_hvg,8889,2400,50,200,0.2619762815075228,0.2558963683220586,-0.0081269993120804,0.539926290512085,0.4175345301628113,0.5287367222697009,0.4768440652841225,0.6279668521056889,0.5524054586949056,0.3892127191263257,0.4786230656974787
FFHO026,conch,bleep_conch_adapter,0,x,high,marker_hvg_overlap,8889,2400,50,195,0.2621626056450156,0.2560344925317959,-0.0088716007363146,0.5424695611000061,0.4199654757976532,0.5300719230866262,0.4824670765005445,0.6225765651542121,0.5525218208273783,0.3938248341755659,0.4809353915950592
FFHO026,conch,bleep_conch_adapter,1,y,high,top50_hvg,9048,2400,50,50,0.3853297731280327,0.3779268371745162,0.1198415936389938,0.7354898452758789,0.5931806564331055,0.5483470308941751,0.9392397098144531,0.1865047031193899,0.5628722064669216,0.7606266877919041,0.7404936514608319
FFHO026,conch,bleep_conch_adapter,1,y,high,top200_hvg,9048,2400,50,200,0.2641153882350772,0.2576917801901047,0.0276088611059822,0.5438581705093384,0.4281639754772186,0.5482875752521407,0.5549080760607311,0.5655648612903469,0.5602364686755391,0.4494835664348333,0.4916271571280048
FFHO026,conch,bleep_conch_adapter,1,y,high,marker_hvg_overlap,9048,2400,50,193,0.2652122031588474,0.2586022114981284,0.0294068398875777,0.547772228717804,0.4315516054630279,0.5493742324143921,0.5626994711649995,0.5585639214745226,0.5606316963197611,0.4565628205896198,0.4967585606252756
FFHO026,conch,bleep_conch_adapter,2,x,low,top50_hvg,8912,2400,50,50,0.3230690446496009,0.321231066063687,0.0331979959644377,0.7570399045944214,0.59786456823349,0.4780427071105019,0.8819521788184201,0.2450808829833786,0.5635165309008993,0.7287150228275641,0.7027887236589819
FFHO026,conch,bleep_conch_adapter,2,x,low,top200_hvg,8912,2400,50,200,0.208661872294906,0.2079829848440242,-0.0238534303734195,0.5402392745018005,0.4083805382251739,0.5171784682968391,0.4427841824189369,0.6495146574194033,0.5461494199191701,0.3784738042676208,0.4419026025798039
FFHO026,conch,bleep_conch_adapter,2,x,low,marker_hvg_overlap,8912,2400,50,194,0.2092224266353068,0.2082483344407779,-0.0248250958972404,0.5443241596221924,0.4121813476085663,0.5169860911452454,0.451348485073104,0.6418408776196758,0.5465946813463898,0.3845182969027476,0.4462612261363218
FFHO026,conch,bleep_conch_adapter,3,y,low,top50_hvg,8936,2400,50,50,0.3739076867699623,0.3446235562201745,0.115389482283499,0.7114488482475281,0.5707475543022156,0.5575865822427999,0.8760032806859057,0.2567220384458578,0.5663626595658818,0.7449235369086012,0.7436133031085375
FFHO026,conch,bleep_conch_adapter,3,y,low,top200_hvg,8936,2400,50,200,0.2454901283793151,0.2278632168481023,0.025867921933459,0.5276764631271362,0.4128339290618896,0.574098508557106,0.4589003059185721,0.63646155283876,0.5476809293786661,0.3892521161700207,0.4799978902529703
FFHO026,conch,bleep_conch_adapter,3,y,low,marker_hvg_overlap,8936,2400,50,195,0.2460017753526186,0.2283504305641035,0.0265813739635259,0.5298312902450562,0.4149178564548492,0.5757141027905468,0.4644245957930503,0.6314221226092885,0.5479233592011693,0.3938130093045434,0.4826282016553372
FFMB028,conch,bleep_conch_adapter,0,x,high,top50_hvg,8875,2400,50,50,0.3869490496441722,0.3851790479531511,-0.007633218250703,0.7035808563232422,0.5711861252784729,0.4947054295026671,0.9148058795291304,0.1871479631326632,0.550976921330897,0.7104466444527433,0.7142777193543715
FFMB028,conch,bleep_conch_adapter,0,x,high,top200_hvg,8875,2400,50,200,0.2787820128188468,0.2725862136807447,-0.0320150953927077,0.5104987621307373,0.4059602916240692,0.492163207606243,0.5244269401214707,0.60106023289449,0.5627435865079804,0.4256079646593585,0.4845441153640393
FFMB028,conch,bleep_conch_adapter,0,x,high,marker_hvg_overlap,8875,2400,50,150,0.2758449180827786,0.2684412293124827,-0.0427323015600753,0.5179774165153503,0.4106270372867584,0.50231281201684,0.5232986481506486,0.5993268304148955,0.561312739282772,0.4252292830717965,0.4837026254643572
FFMB028,conch,bleep_conch_adapter,1,y,high,top50_hvg,8964,2400,50,50,0.3811994940042496,0.3868958650930119,-0.0454217155091464,0.7015814781188965,0.5726854205131531,0.470121763773548,0.9263022175004187,0.1715619171721563,0.5489320673362875,0.7243167879256164,0.7208596687499781
FFMB028,conch,bleep_conch_adapter,1,y,high,top200_hvg,8964,2400,50,200,0.2629310498113045,0.2601802073341696,-0.067030038344219,0.5148867964744568,0.4144625067710876,0.4783116884413248,0.5555029118105955,0.56149354968538,0.5584982307479878,0.4295555641954944,0.4791783422477621
FFMB028,conch,bleep_conch_adapter,1,y,high,marker_hvg_overlap,8964,2400,50,150,0.2592020380559067,0.2561889625539412,-0.0849618180586791,0.5240741968154907,0.4225926697254181,0.4892379737522932,0.5623470024303135,0.5467096167766488,0.5545283096034812,0.4304302993508421,0.4776780109711084
FFMB028,conch,bleep_conch_adapter,2,x,low,top50_hvg,9008,2400,50,50,0.3011674267239869,0.325146252544746,-0.1961236993991769,0.8156234622001648,0.664412260055542,0.4838890876471415,0.971443017776974,0.0491450499915573,0.5102940338842658,0.7284412066236737,0.7026345453672163
FFMB028,conch,bleep_conch_adapter,2,x,low,top200_hvg,9008,2400,50,200,0.1990635714499512,0.2088645681353777,-0.1320098312213667,0.5805924534797668,0.4694140255451202,0.4798508289902998,0.6360728710343849,0.4168243218172386,0.5264485964258118,0.4412527785713067,0.4685336859580019
FFMB028,conch,bleep_conch_adapter,2,x,low,marker_hvg_overlap,9008,2400,50,150,0.1932552623880716,0.2034613765231322,-0.1388827162627907,0.5883179903030396,0.4740610122680664,0.4891013036518757,0.627635732698164,0.4174260141499155,0.5225308734240396,0.4343897094446425,0.4667598406330717
FFMB028,conch,bleep_conch_adapter,3,y,low,top50_hvg,8889,2400,50,50,0.375707131922245,0.3480009048280859,-0.0222231575939804,0.7255069613456726,0.558605432510376,0.4481129837280064,0.4948510668223984,0.6710068310955415,0.58292894895897,0.5330055319485317,0.7116135805387145
FFMB028,conch,bleep_conch_adapter,3,y,low,top200_hvg,8889,2400,50,200,0.2700984807685017,0.2418456874102392,-0.0412909917077922,0.5371497869491577,0.3832567930221557,0.4202718705675877,0.2105052829842029,0.8759593022132697,0.5432322925987362,0.2417172932681729,0.4988920888101292
FFMB028,conch,bleep_conch_adapter,3,y,low,marker_hvg_overlap,8889,2400,50,151,0.2677939140441402,0.23939835380945,-0.0386832010720637,0.544427216053009,0.3874776661396026,0.4346325327353356,0.2064259967158876,0.8796214208749545,0.5430237087954211,0.2395805761859216,0.498014359158147
FFMC016,conch,bleep_conch_adapter,0,x,high,top50_hvg,8968,2400,50,50,0.6128268218040467,0.5837747489977564,0.322104866001755,0.7240892648696899,0.5532498955726624,0.7510947059303813,0.8588454275589713,0.476764961574156,0.6678051945665636,0.7544966744006396,0.7931910031523692
FFMC016,conch,bleep_conch_adapter,0,x,high,top200_hvg,8968,2400,50,200,0.3429012115066871,0.315774904377509,0.0546419337316183,0.4726519882678985,0.2974689900875091,0.7514201782082982,0.3933291789870696,0.7939738745853069,0.5936515267861883,0.3537115417251749,0.4046197287522827
FFMC016,conch,bleep_conch_adapter,0,x,high,marker_hvg_overlap,8968,2400,50,157,0.3452002634561271,0.3175026152221346,0.0487455485031234,0.4766175448894501,0.3028246164321899,0.760456795502047,0.4067372382214904,0.7790710335079362,0.5929041358647134,0.3622900821761285,0.4085022877136949
FFMC016,conch,bleep_conch_adapter,1,y,high,top50_hvg,8837,2400,50,50,0.5576235771179199,0.5325183547379794,0.2816298207081854,0.729606568813324,0.5352567434310913,0.6849498587474018,0.7190757311630898,0.623333582853598,0.6712046570083438,0.6993891945936404,0.7564510944250057
FFMC016,conch,bleep_conch_adapter,1,y,high,top200_hvg,8837,2400,50,200,0.3124022437445819,0.2810410923346717,-0.0975428589610965,0.4834809601306915,0.2852383553981781,0.6763561817512486,0.3330339241662138,0.8435813112394979,0.5883076177028559,0.3093603397287661,0.3806606662514483
FFMC016,conch,bleep_conch_adapter,1,y,high,marker_hvg_overlap,8837,2400,50,158,0.3121864371402543,0.2803041672989089,-0.0889125684371271,0.4891051352024078,0.2875948846340179,0.690956665995396,0.3308289913039193,0.8386285978464986,0.5847287945752089,0.3054700084757531,0.38406904906605
FFMC016,conch,bleep_conch_adapter,2,x,low,top50_hvg,9133,2400,50,50,0.6045733451843261,0.5912247780069105,0.3463067061360925,0.7061356902122498,0.5472728610038757,0.717147054617429,0.8698697857776739,0.4491464260579166,0.6595081059177953,0.7528465949780138,0.7960472193842559
FFMC016,conch,bleep_conch_adapter,2,x,low,top200_hvg,9133,2400,50,200,0.3647647739760578,0.322908461502055,0.0990865480358479,0.4744739234447479,0.2972929775714874,0.7228270449590248,0.3898286661573953,0.7943765709127983,0.5921026185350969,0.3517934313371574,0.4197803966824437
FFMC016,conch,bleep_conch_adapter,2,x,low,marker_hvg_overlap,9133,2400,50,155,0.3700461751991702,0.3272530626042658,0.0996684402910872,0.4814866483211517,0.3041107952594757,0.7320680528537681,0.4049711009345476,0.7796822235103196,0.5923266622224336,0.3598147553026663,0.4277495989037833
FFMC016,conch,bleep_conch_adapter,3,y,low,top50_hvg,8719,2400,50,50,0.6075631827116013,0.5825321909658094,0.3230260999058373,0.7042125463485718,0.5486783981323242,0.7244157776002732,0.8712194464338073,0.4315714696807112,0.6513954580572593,0.736013329028335,0.7790059130851893
FFMC016,conch,bleep_conch_adapter,3,y,low,top200_hvg,8719,2400,50,200,0.3306337883172091,0.3084906964063056,-0.0355285863324024,0.4730282723903656,0.2903986275196075,0.7186447185660834,0.3606932525355815,0.7947140056879743,0.5777036291117779,0.312142921872268,0.3897397281737694
FFMC016,conch,bleep_conch_adapter,3,y,low,marker_hvg_overlap,8719,2400,50,155,0.3381689250514271,0.3133095412465634,-0.0627635573790382,0.479482352733612,0.2968266606330871,0.727423903037452,0.3749208663701349,0.7816350745418632,0.5782779704559989,0.3211040045884378,0.3976998609877217
HBCA041,conch,bleep_conch_adapter,0,x,high,top50_hvg,8813,2400,50,50,0.4760549384355545,0.4718004547128524,0.1606488374061882,0.655166506767273,0.5021874308586121,0.5176422182501982,0.7848133967064697,0.5639776760693828,0.6743955363879263,0.7089890748562359,0.7366386377551334
HBCA041,conch,bleep_conch_adapter,0,x,high,top200_hvg,8813,2400,50,200,0.3145056694559753,0.2965473268980679,0.0305769147341197,0.4499101936817169,0.294452965259552,0.572279020813103,0.375089977726963,0.8206118569873854,0.5978509173571741,0.3526969189077175,0.421031778029854
HBCA041,conch,bleep_conch_adapter,0,x,high,marker_hvg_overlap,8813,2400,50,180,0.3111449539454446,0.2945181705702221,0.0275703362384875,0.4478352963924408,0.2943747937679291,0.5711704577840523,0.3707787262579604,0.8217049985273154,0.5962418623926379,0.3491429077252009,0.4181213680514635
HBCA041,conch,bleep_conch_adapter,1,y,high,top50_hvg,8879,2400,50,50,0.4619977959990501,0.4539478584492799,0.1786782745830714,0.6329672336578369,0.4824970662593841,0.5003788944480306,0.7509280869236877,0.5781514818334819,0.6645397843785849,0.6770470804736345,0.6962837533330046
HBCA041,conch,bleep_conch_adapter,1,y,high,top200_hvg,8879,2400,50,200,0.2899267393932678,0.2793711519960932,-0.0214364045103138,0.4512923955917358,0.2972429692745209,0.515458108037415,0.3532736976571914,0.825016150009721,0.5891449238334563,0.3214245836702358,0.3952421537585681
HBCA041,conch,bleep_conch_adapter,1,y,high,marker_hvg_overlap,8879,2400,50,179,0.2871539258325274,0.2781192417446021,-0.0319746868704724,0.4531100392341614,0.3009971380233764,0.5163410634669072,0.3603930083302234,0.8201065353561842,0.5902497718432038,0.3248896117793852,0.3968203903656996
HBCA041,conch,bleep_conch_adapter,2,x,low,top50_hvg,8986,2400,50,50,0.4828572177886963,0.4710905022774984,0.2043024988111574,0.640222430229187,0.4893155395984649,0.5123732883187072,0.7560007277046422,0.5995766443091433,0.6777886860068928,0.6814809668036864,0.7209733754626232
HBCA041,conch,bleep_conch_adapter,2,x,low,top200_hvg,8986,2400,50,200,0.3004503690163255,0.2804422504084,0.0518066292098956,0.4483241140842438,0.2905343174934387,0.527820246563333,0.3175108168810966,0.8491789264090827,0.5833448716450896,0.3061302817055997,0.4005182363442682
HBCA041,conch,bleep_conch_adapter,2,x,low,marker_hvg_overlap,8986,2400,50,181,0.2964710466121838,0.2785031755447395,0.0485949790425526,0.4476574063301086,0.2912211120128631,0.5267893762004991,0.310143267431368,0.8513502100761943,0.5807467387537812,0.3014810797007251,0.3992004439854353
HBCA041,conch,bleep_conch_adapter,3,y,low,top50_hvg,8840,2400,50,50,0.4071231442689895,0.4070558831242302,-0.0270352330291643,0.7109212279319763,0.5146704912185669,0.4600089006259319,0.4823092466345201,0.7965811403904933,0.6394451935125066,0.5487757725076763,0.6985788935257226
HBCA041,conch,bleep_conch_adapter,3,y,low,top200_hvg,8840,2400,50,200,0.2617074937064899,0.2504383048048996,-0.0218176999193383,0.466452807188034,0.2743841111660003,0.5145412094802547,0.1815487845014478,0.9312680801608234,0.5564084323311355,0.2159476807552998,0.3833127146455615
HBCA041,conch,bleep_conch_adapter,3,y,low,marker_hvg_overlap,8840,2400,50,181,0.2610688761194386,0.2500493623089153,-0.019488181776717,0.4614417254924774,0.2726454734802246,0.5128596566106959,0.1854793254751658,0.928472275524406,0.556975800499786,0.2182383828278807,0.3814862148488928
HBCD036,conch,bleep_conch_adapter,0,x,high,top50_hvg,8983,2400,50,50,0.325954969227314,0.2534607264633589,0.0427409374248236,0.6978808641433716,0.5573803186416626,0.5670808412030484,0.8061134327415361,0.3045557134058267,0.5553345730736815,0.6750792844228484,0.684801449431826
HBCD036,conch,bleep_conch_adapter,0,x,high,top200_hvg,8983,2400,50,200,0.1841543065444784,0.1460214845287925,-0.0024316398231167,0.4533011019229889,0.2893319427967071,0.6364522129753171,0.2571127135155834,0.7894475473440065,0.5232801304297949,0.2221669082719948,0.3359462191058252
HBCD036,conch,bleep_conch_adapter,0,x,high,marker_hvg_overlap,8983,2400,50,189,0.1885575017193563,0.1492658985636633,-0.0023833552843406,0.4570696651935577,0.2892791926860809,0.6420924867374878,0.2602586194598247,0.7874836087964727,0.5238711141281488,0.2249097633122416,0.3382062880399466
HBCD036,conch,bleep_conch_adapter,1,y,high,top50_hvg,9041,2400,50,50,0.3354425373673439,0.2806734494658445,-0.0164778158441185,0.7401607632637024,0.5951293706893921,0.502423677753479,0.9363488671695638,0.2247147026384754,0.5805317849040196,0.7595456972796629,0.70818331470414
HBCD036,conch,bleep_conch_adapter,1,y,high,top200_hvg,9041,2400,50,200,0.1866870635340456,0.1537995486624105,-0.0415046951812109,0.5080387592315674,0.3328375518321991,0.5829845738528671,0.3120839777759749,0.751351292382717,0.531717635079346,0.263125024018167,0.3731182324032997
HBCD036,conch,bleep_conch_adapter,1,y,high,marker_hvg_overlap,9041,2400,50,188,0.1893035211498809,0.1554873099937608,-0.0382828540648606,0.5142305493354797,0.3354928195476532,0.5875345749218049,0.3109642593714464,0.7529355899149425,0.5319499246431945,0.2637713303259013,0.3768756064390928
HBCD036,conch,bleep_conch_adapter,2,x,low,top50_hvg,8853,2400,50,50,0.2774247778952122,0.2098863004429326,-0.0633362293912796,0.7062333822250366,0.5673907995223999,0.606132243854184,0.9337575333796768,0.1900285156126108,0.5618930244961438,0.7869778237876507,0.7312860052042193
HBCD036,conch,bleep_conch_adapter,2,x,low,top200_hvg,8853,2400,50,200,0.1673841053294018,0.1302759435126926,-0.1583116402530868,0.4831172525882721,0.3448871076107025,0.6663629151964803,0.4299753427146144,0.6393404152530855,0.53465787898385,0.32833404205661,0.371168386081637
HBCD036,conch,bleep_conch_adapter,2,x,low,marker_hvg_overlap,8853,2400,50,189,0.1697677691274928,0.1325961820594173,-0.1600061705945461,0.4856508076190948,0.3445104658603668,0.6737613824169182,0.4353070252856743,0.6366104342212243,0.5359587297534494,0.3332151400739797,0.3718007865238938
HBCD036,conch,bleep_conch_adapter,3,y,low,top50_hvg,8990,2400,50,50,0.236263221502304,0.169983710011383,-0.0040880766883492,0.6558938026428223,0.5263161063194275,0.6492608811380596,0.8680369223164675,0.2433396005726404,0.555688261444554,0.7518736348691577,0.717769133905943
HBCD036,conch,bleep_conch_adapter,3,y,low,top200_hvg,8990,2400,50,200,0.1179912650299957,0.0862865430343857,-0.0310403700001916,0.4421178698539734,0.2927135527133941,0.7038949638668457,0.3033594780266685,0.7347055694079073,0.5190325237172879,0.2599593657109104,0.3415146838957523
HBCD036,conch,bleep_conch_adapter,3,y,low,marker_hvg_overlap,8990,2400,50,189,0.119426255335504,0.0870741115753853,-0.0310256503706104,0.4437263607978821,0.2913790047168731,0.7111937491360842,0.3095562991147362,0.7297298154582698,0.519643057286503,0.26447753956191,0.3407604355734419
HBCH024,conch,bleep_conch_adapter,0,x,high,top50_hvg,9042,2400,50,50,0.2224202263644155,0.2356730458184119,-0.0331889555975794,0.2971890568733215,0.1166335269808769,0.11785172530251,0.0109227836481427,0.9980692203196896,0.5044960019839161,0.0181080133588787,0.2265634525044257
HBCH024,conch,bleep_conch_adapter,0,x,high,top200_hvg,9042,2400,50,200,0.1194021205662527,0.1260297280814419,-0.0271317836199887,0.1997082382440567,0.0587787814438343,0.1169701998355569,0.0028605660419058,0.9994441238487558,0.5011523449453308,0.0047039944901621,0.1044051174764275
HBCH024,conch,bleep_conch_adapter,0,x,high,marker_hvg_overlap,9042,2400,50,195,0.1173971236459047,0.1236701395359365,-0.0279801241444567,0.1988174319267273,0.0582985989749431,0.1159654476378364,0.0029339138891341,0.9994298706141084,0.5011818922516214,0.0048246097334996,0.1025134670725641
HBCH024,conch,bleep_conch_adapter,1,y,high,top50_hvg,8915,2400,50,50,0.1967354538512881,0.1752338882840984,-0.0158061593282036,0.182679682970047,0.0645634979009628,0.1454065157572625,0.0114329805432394,0.9985658043724271,0.5049993924578333,0.0109130873133392,0.1302665321878762
HBCH024,conch,bleep_conch_adapter,1,y,high,top200_hvg,8915,2400,50,200,0.1028798163420735,0.0952105502316009,-0.0763031485438114,0.1256968230009079,0.034006480127573,0.1079117144129664,0.0065261372926726,0.9993505415509524,0.5029383394218124,0.0037500638716658,0.0584895928092965
HBCH024,conch,bleep_conch_adapter,1,y,high,marker_hvg_overlap,8915,2400,50,195,0.099695524877844,0.0926986085855554,-0.0791443849931686,0.1249972879886627,0.0338326506316661,0.1075728425541556,0.0065011664540231,0.9993405200699425,0.5029208432619827,0.003488437602424,0.0562629115009789
HBCH024,conch,bleep_conch_adapter,2,x,low,top50_hvg,8882,2400,50,50,0.1720416205562651,0.1672764412758375,-0.0293287282311939,0.1670706123113632,0.0410803221166133,0.0812238230468367,0.0030917137459719,0.9994572125976232,0.5012744631717976,0.0051283920468636,0.1156597474754381
HBCH024,conch,bleep_conch_adapter,2,x,low,top200_hvg,8882,2400,50,200,0.0849626604722288,0.0833935129437811,-0.0371428231361642,0.1117419898509979,0.0204055607318878,0.0676917964651089,0.0007729284364929,0.9998348913847,0.5003039099105965,0.0012820980117159,0.0471019480207484
HBCH024,conch,bleep_conch_adapter,2,x,low,marker_hvg_overlap,8882,2400,50,195,0.0825899977119948,0.0801810469236325,-0.038127172557049,0.1112972795963287,0.0204185303300619,0.0680789994266725,0.0007927471143517,0.9998306578304614,0.5003117024724066,0.0013149723197086,0.0454970412815783
HBCH024,conch,bleep_conch_adapter,3,y,low,top50_hvg,8978,2400,50,50,0.2684990653395653,0.2125115807485027,0.0483696330920793,0.1977402865886688,0.0702579617500305,0.1267037231699307,0.0405754970124667,0.9958437054450732,0.51820960122877,0.0500996977921624,0.1894486782370041
HBCH024,conch,bleep_conch_adapter,3,y,low,top200_hvg,8978,2400,50,200,0.1407683690151167,0.1206477145365997,-0.0046550015188677,0.1353596746921539,0.0354131981730461,0.1065531817276844,0.0101438742531166,0.9989609263612684,0.5045524003071925,0.0125249244480406,0.080692223358961
HBCH024,conch,bleep_conch_adapter,3,y,low,marker_hvg_overlap,8978,2400,50,195,0.1381716421666018,0.1188001791124088,-0.0062570906856424,0.1350240856409073,0.0353061072528362,0.1063977127561068,0.0102140400696733,0.9989636003313466,0.50458882020051,0.0125098006108529,0.0790691583075108
HBES040,conch,bleep_conch_adapter,0,x,high,top50_hvg,8950,2400,50,50,0.393618038315326,0.3891121147075938,0.0702727520652115,0.7040592432022095,0.568780779838562,0.4578341223175851,0.8387606771013238,0.3374329087713557,0.5880967929363399,0.6734691247618088,0.6742284066582583
HBES040,conch,bleep_conch_adapter,0,x,high,top200_hvg,8950,2400,50,200,0.2204368714848533,0.2175882247924354,-0.0071711571438936,0.4701559543609619,0.317558079957962,0.5371752602766323,0.3141312770475771,0.7754276657512446,0.544779471399411,0.2676420724196339,0.3558461402972568
HBES040,conch,bleep_conch_adapter,0,x,high,marker_hvg_overlap,8950,2400,50,182,0.2174069504279152,0.215016656538533,-0.008122392864207,0.4742139279842376,0.3225424289703369,0.5336381704695127,0.3134850954768797,0.7726843537225637,0.5430847245997217,0.26591025333101,0.3569588258041856
HBES040,conch,bleep_conch_adapter,1,y,high,top50_hvg,8989,2400,50,50,0.3890871877968311,0.3904156052919175,0.1233117222785949,0.6633829474449158,0.526755690574646,0.5065554112107115,0.7878808489823962,0.405476640066521,0.5966787445244586,0.6685019482487047,0.6788403717676539
HBES040,conch,bleep_conch_adapter,1,y,high,top200_hvg,8989,2400,50,200,0.2226425458444282,0.2190374163029911,-0.0133602719602185,0.4483425617218017,0.2975574731826782,0.560172880725702,0.3182535245237063,0.77919171033744,0.5487226174305732,0.2704743020678335,0.3517466108945155
HBES040,conch,bleep_conch_adapter,1,y,high,marker_hvg_overlap,8989,2400,50,182,0.2235776760825212,0.2200999824180711,-0.0085967040075267,0.4518488049507141,0.3024154305458069,0.556575023923947,0.3225801870862138,0.7753459761765752,0.5489630816313945,0.2731131374145356,0.3546699609305807
HBES040,conch,bleep_conch_adapter,2,x,low,top50_hvg,8932,2400,50,50,0.357910781353712,0.3628072914917162,-0.0074522662721574,0.6885967254638672,0.5643381476402283,0.4638594246107235,0.8878743633753067,0.2438249045825326,0.5658496339789196,0.6699736619507223,0.6544370999529738
HBES040,conch,bleep_conch_adapter,2,x,low,top200_hvg,8932,2400,50,200,0.1998628400085726,0.1951216525715666,-0.0176841012537988,0.4551543593406677,0.3075546622276306,0.5317876243058224,0.3151760421026281,0.751426123414048,0.533301082758338,0.2546123053804618,0.3339908728984258
HBES040,conch,bleep_conch_adapter,2,x,low,marker_hvg_overlap,8932,2400,50,181,0.2019200112100803,0.196019857023915,-0.0191422006041271,0.4595190584659576,0.3133434057235718,0.5328465668016239,0.3192266000722514,0.7483358002950312,0.5337812001836414,0.2582675615931805,0.3384029278736969
HBES040,conch,bleep_conch_adapter,3,y,low,top50_hvg,9057,2400,50,50,0.3823527996987104,0.3756422366382939,-0.0543415673403069,0.6729808449745178,0.5273799896240234,0.4935790535665122,0.8110681379742478,0.4247997883704193,0.6179339631723334,0.6777613699871493,0.6617680445810109
HBES040,conch,bleep_conch_adapter,3,y,low,top200_hvg,9057,2400,50,200,0.2127147072483785,0.2040633550087531,-0.1360000304513596,0.4412625730037689,0.2997021079063415,0.5516704756087165,0.3556669667967606,0.764626499577452,0.5601467331871063,0.2842678698041962,0.3237904057343578
HBES040,conch,bleep_conch_adapter,3,y,low,marker_hvg_overlap,9057,2400,50,182,0.2109018438060737,0.2020958162310751,-0.1348859872934034,0.4430316686630249,0.3035739362239837,0.5534751240945964,0.3571419276299126,0.7609355304430812,0.5590387290364969,0.2844517933636748,0.3258661026417044
HCCD035,conch,bleep_conch_adapter,0,x,high,top50_hvg,8995,2400,50,50,0.3800112881697714,0.3671102827599177,0.0954587417282164,0.5519230365753174,0.420966625213623,0.4657398853308414,0.5962988114502245,0.6745107417917076,0.635404776620966,0.5640899347266094,0.6109007042740778
HCCD035,conch,bleep_conch_adapter,0,x,high,top200_hvg,8995,2400,50,200,0.2393457337701693,0.2174774215376093,-0.0244068573287222,0.3728706240653991,0.2360287308692932,0.4910920636593026,0.2052400051428289,0.9000155185098051,0.552627761826317,0.20256120837273,0.3169056021571251
HCCD035,conch,bleep_conch_adapter,0,x,high,marker_hvg_overlap,8995,2400,50,180,0.2393819698287795,0.2193324904594755,-0.0283004741300828,0.3787640631198883,0.2415743321180343,0.4977890980787652,0.2138477214982631,0.8948903661204964,0.5543690438093798,0.2095210798083112,0.3222285248806262
HCCD035,conch,bleep_conch_adapter,1,y,high,top50_hvg,8861,2400,50,50,0.3629620027542114,0.3414193748940248,0.0093018292961642,0.5627644062042236,0.4258112609386444,0.5155077648512447,0.5011006442619693,0.7210576795565367,0.6110791619092528,0.4941933799538596,0.6058068060356788
HCCD035,conch,bleep_conch_adapter,1,y,high,top200_hvg,8861,2400,50,200,0.2074449664633721,0.1864562813931636,-0.0413592505530596,0.38776296377182,0.235997200012207,0.5335784207095808,0.1599589287516156,0.9197182716997055,0.5398386002256607,0.1636225623480368,0.3102506573287082
HCCD035,conch,bleep_conch_adapter,1,y,high,marker_hvg_overlap,8861,2400,50,180,0.2098888425751486,0.189238524043645,-0.0304780668186948,0.3929468095302582,0.241206482052803,0.5426970198177882,0.1630442469241991,0.9154466100280544,0.5392454284761267,0.1686384733294871,0.3162433522811487
HCCD035,conch,bleep_conch_adapter,2,x,low,top50_hvg,8879,2400,50,50,0.4943835186958313,0.4822865656421621,0.1267439248226583,0.5753231644630432,0.4384585618972778,0.5198900780044037,0.8429378312715743,0.5266842488784199,0.684811040074997,0.676606431153821,0.6622150498689142
HCCD035,conch,bleep_conch_adapter,2,x,low,top200_hvg,8879,2400,50,200,0.3003657414275221,0.2816865250587405,0.0164736413589344,0.3898346424102783,0.2536256611347198,0.527805144477371,0.3307544646269211,0.8252847410605739,0.5780196028437475,0.278601812304994,0.3529118869564618
HCCD035,conch,bleep_conch_adapter,2,x,low,marker_hvg_overlap,8879,2400,50,180,0.299085392914195,0.2830446483660572,0.016632155074856,0.3938505947589874,0.2568033039569855,0.5284537035872006,0.3374093671120279,0.8197674757224178,0.5785884214172229,0.282180072230427,0.3559986026348994
HCCD035,conch,bleep_conch_adapter,3,y,low,top50_hvg,8952,2400,50,50,0.3981903005437925,0.390623988864146,-0.2633141713496297,0.5368025302886963,0.4128173887729645,0.5114333301788463,0.7243847654628344,0.5764036931616304,0.6503942293122325,0.5893563100482241,0.582684597352254
HCCD035,conch,bleep_conch_adapter,3,y,low,top200_hvg,8952,2400,50,200,0.2427857163199223,0.2284044238289104,-0.1868283325713128,0.370085597038269,0.2452591955661773,0.5012162362003206,0.2958962473321861,0.8456219739857045,0.5707591106589454,0.2468981412319378,0.3069561511124571
HCCD035,conch,bleep_conch_adapter,3,y,low,marker_hvg_overlap,8952,2400,50,181,0.2462669627905633,0.2324233027827015,-0.1635985416257291,0.3736022114753723,0.2477396130561828,0.5026163127463475,0.3002786095683973,0.8430821883978459,0.5716803989831215,0.2530078330010519,0.3139308391399005
HCCW027,conch,bleep_conch_adapter,0,x,high,top50_hvg,9001,2400,50,50,0.114981816636864,0.086490508871031,-0.1402409143163822,0.1820622533559799,0.1001975834369659,0.2162146003045866,0.0316044319094563,0.985007023990258,0.5083057279498572,0.0277077056168936,0.0953132187286549
HCCW027,conch,bleep_conch_adapter,0,x,high,top200_hvg,9001,2400,50,200,0.055658750281957,0.044237213210178,-0.1149838184147665,0.1257034838199615,0.051410861313343,0.1545093353510159,0.0092246373891287,0.996228171091904,0.5027264042405164,0.0087825965073161,0.0433230499458939
HCCW027,conch,bleep_conch_adapter,0,x,high,marker_hvg_overlap,9001,2400,50,163,0.0554691503835739,0.0439133140802913,-0.1277669705461248,0.1276296377182006,0.0533167012035846,0.1679596328857711,0.0096946110151706,0.9954009276043736,0.5025477693097721,0.0084992962015011,0.0432376307647714
HCCW027,conch,bleep_conch_adapter,1,y,high,top50_hvg,8950,2400,50,50,0.1568667099368758,0.1480088824773916,-0.0373050554003566,0.1803401261568069,0.0759492442011833,0.221942714952277,0.0188097206882492,0.9966353302749924,0.5077225254816208,0.0230546813753464,0.1136481661926978
HCCW027,conch,bleep_conch_adapter,1,y,high,top200_hvg,8950,2400,50,200,0.0769691785564061,0.0751194213761627,-0.065937708182173,0.1203376576304435,0.0379119254648685,0.1606210151593871,0.0047024301720623,0.999158832568748,0.5019306313704052,0.0057636703438366,0.0472840189767782
HCCW027,conch,bleep_conch_adapter,1,y,high,marker_hvg_overlap,8950,2400,50,164,0.0781837577400929,0.07686561968832,-0.0606400296775263,0.1235198304057121,0.0393138714134693,0.1780688174393004,0.0057346709415393,0.9989741860594488,0.5023544285004942,0.0070288662729714,0.0492124459655291
HCCW027,conch,bleep_conch_adapter,2,x,low,top50_hvg,8918,2400,50,50,0.1397120921243913,0.1435707839274893,-0.0469518770370632,0.2355260699987411,0.0871584862470626,0.1505799870880588,0.0064100493337312,0.9986513682904624,0.5025307088120968,0.0094163614163614,0.140380606935928
HCCW027,conch,bleep_conch_adapter,2,x,low,top200_hvg,8918,2400,50,200,0.0767255084226942,0.0795063564643914,-0.0279953928469331,0.15789195895195,0.0405255928635597,0.1345087601055737,0.0016025123334328,0.9996628420726156,0.5006326772030242,0.0023540903540903,0.0619662896433825
HCCW027,conch,bleep_conch_adapter,2,x,low,marker_hvg_overlap,8918,2400,50,162,0.0797708105202292,0.0817547341718169,-0.0257671744103491,0.1625433415174484,0.0417379327118396,0.1474786258170526,0.0019784102881886,0.9995890610508822,0.5007837356695355,0.0029062843877658,0.0654658311519984
HCCW027,conch,bleep_conch_adapter,3,y,low,top50_hvg,8942,2400,50,50,0.1784865876194089,0.1651079177576577,-0.02099744658306,0.2223534882068634,0.0963692814111709,0.1507483323890791,0.0095072539711085,0.9982344686901424,0.5038708613306255,0.0144322412466462,0.148941698783706
HCCW027,conch,bleep_conch_adapter,3,y,low,top200_hvg,8942,2400,50,200,0.1092317187539792,0.1035963391507704,-0.0183279554972978,0.1535753756761551,0.0483056977391243,0.1334040183708947,0.0023768134927771,0.9995586171725356,0.5009677153326564,0.0036080603116615,0.0728911777945809
HCCW027,conch,bleep_conch_adapter,3,y,low,marker_hvg_overlap,8942,2400,50,162,0.1095000871074652,0.1038190083540376,-0.0228249352163222,0.1556631475687027,0.0501820147037506,0.1402656299275611,0.0029343376454038,0.9994550829290564,0.5011947102872301,0.0044543954464957,0.0736420415412274
HHDX011,conch,bleep_conch_adapter,0,x,high,top50_hvg,8912,2400,50,50,0.212602051878348,0.1835349752080719,0.009463198124431,0.4366485476493835,0.3255638480186462,0.7357791557843796,0.3193935134366943,0.7572248522828683,0.5383091828597812,0.2775793498683098,0.3815894946119489
HHDX011,conch,bleep_conch_adapter,0,x,high,top200_hvg,8912,2400,50,200,0.0924053048473974,0.0799944582318583,-0.05905088540836,0.2609443664550781,0.1382200717926025,0.7180430295590785,0.0813875658218403,0.9390386247278092,0.5102130952748247,0.0719180054755395,0.1399185468307018
HHDX011,conch,bleep_conch_adapter,0,x,high,marker_hvg_overlap,8912,2400,50,171,0.0922209212131907,0.0790836340882907,-0.0655512485322297,0.2609656453132629,0.1382950097322464,0.7358481627564278,0.0758233759878155,0.942568045429396,0.5091957107086058,0.0678632771989692,0.1368668882503357
HHDX011,conch,bleep_conch_adapter,1,y,high,top50_hvg,8948,2400,50,50,0.2178572858474217,0.2204476594095595,-0.0178649329883046,0.511151134967804,0.3393518626689911,0.4748478750244298,0.1505706214797077,0.8895255555414636,0.5200480885105857,0.1485153819229011,0.3880770305472655
HHDX011,conch,bleep_conch_adapter,1,y,high,top200_hvg,8948,2400,50,200,0.0955169487392923,0.0947250066873937,-0.0368057694134768,0.3095909655094147,0.1375191956758499,0.4922913661778886,0.0382608371881087,0.9718543300618364,0.5050575836249727,0.0377667441674044,0.1529107443924833
HHDX011,conch,bleep_conch_adapter,1,y,high,marker_hvg_overlap,8948,2400,50,170,0.0930688555966216,0.0923912094074461,-0.0365197770694709,0.3146883845329284,0.1395200788974762,0.5013660191922003,0.0385011078213554,0.9702985032290512,0.5043998055252035,0.0374067427535322,0.1506484264075068
HHDX011,conch,bleep_conch_adapter,2,x,low,top50_hvg,8928,2400,50,50,0.2601563197374343,0.2275279479892643,0.0187981107400264,0.4618290364742279,0.3463554680347442,0.7000943805900169,0.298256543630035,0.7831749040628242,0.5407157238464297,0.252303279846775,0.4262324590518829
HHDX011,conch,bleep_conch_adapter,2,x,low,top200_hvg,8928,2400,50,200,0.1195898343260217,0.1031869817906566,-0.0219230124996465,0.2787888050079345,0.1404149681329727,0.6968826614968323,0.0761049656110652,0.9456934585457762,0.5108992120784207,0.0656685715425181,0.1656347343311525
HHDX011,conch,bleep_conch_adapter,2,x,low,marker_hvg_overlap,8928,2400,50,169,0.1218269906315808,0.1036052871044082,-0.0204630920282629,0.2806922197341919,0.1427797079086303,0.7119528382574632,0.0778455173104286,0.9446272188255304,0.5112363680679796,0.0664742253414352,0.16547860607803
HHDX011,conch,bleep_conch_adapter,3,y,low,top50_hvg,8903,2400,50,50,0.2118550921138376,0.1874259582590451,-0.0327770116762258,0.46774622797966,0.3514778912067413,0.7355974501720326,0.3071114512285051,0.7553670451203108,0.5312392481744079,0.2839579190331378,0.4080654817820239
HHDX011,conch,bleep_conch_adapter,3,y,low,top200_hvg,8903,2400,50,200,0.0985803207719008,0.0859157818490477,-0.0367501354975684,0.2795459330081939,0.1428651660680771,0.7261202208769909,0.07785581575649,0.9385056857167632,0.5081807507366265,0.0728153438249583,0.1543695699230051
HHDX011,conch,bleep_conch_adapter,3,y,low,marker_hvg_overlap,8903,2400,50,170,0.0987385438017484,0.0859621271944418,-0.0321183467011638,0.2830752432346344,0.1438309550285339,0.7432270534609278,0.0752796897041444,0.940215367724364,0.5077475287142541,0.0716228945783683,0.1542324326818028
HKPD015,conch,bleep_conch_adapter,0,x,high,top50_hvg,8853,2400,50,50,0.327564992904663,0.2997439424494486,0.0195559753547422,0.5874303579330444,0.4141110479831695,0.3983929255631924,0.521009299038824,0.6878512866775758,0.6044302928581998,0.4224437432487772,0.4588576214658177
HKPD015,conch,bleep_conch_adapter,0,x,high,top200_hvg,8853,2400,50,200,0.1610313979838623,0.1460191867793303,-0.0236985335215285,0.37992924451828,0.198300689458847,0.402606071697341,0.1451289502777336,0.917507761790926,0.5313183560343298,0.1195990865289974,0.2190762885089819
HKPD015,conch,bleep_conch_adapter,0,x,high,marker_hvg_overlap,8853,2400,50,175,0.1505112951787338,0.1358663409550707,-0.0260583519178908,0.3711977303028106,0.1912049800157547,0.4024634508321812,0.1328467613574122,0.9245294765724924,0.5286881189649523,0.1097845820825091,0.2092470304416505
HKPD015,conch,bleep_conch_adapter,1,y,high,top50_hvg,8900,2400,50,50,0.3412460081279277,0.3137585953522752,0.041182485949248,0.5579490661621094,0.3356209397315979,0.3928920155302688,0.243834294394886,0.9016804116525584,0.5727573530237222,0.2341479739670792,0.4634469107476074
HKPD015,conch,bleep_conch_adapter,1,y,high,top200_hvg,8900,2400,50,200,0.1663453678817525,0.1486358351042829,-0.010406214754912,0.3477994799613952,0.1460604071617126,0.4233713729833527,0.0630101252065348,0.97533655863487,0.5191733419207025,0.06230663610323,0.205453903704194
HKPD015,conch,bleep_conch_adapter,1,y,high,marker_hvg_overlap,8900,2400,50,175,0.1542665046240315,0.1383462247442527,-0.0149935821570189,0.3378184139728546,0.1385305523872375,0.4231904687852953,0.0508563145126509,0.9791106578152572,0.5149834861639542,0.0502562255073038,0.1929841268631799
HKPD015,conch,bleep_conch_adapter,2,x,low,top50_hvg,8840,2400,50,50,0.3459732042253017,0.3197680906225661,0.0314714535488747,0.5892717838287354,0.4063263237476349,0.4062039302080856,0.5157720996979208,0.6958520945614225,0.6058120971296717,0.4097195687870371,0.4702287843884483
HKPD015,conch,bleep_conch_adapter,2,x,low,top200_hvg,8840,2400,50,200,0.1594225498169544,0.1440785220197337,-0.0426554530550492,0.3543035686016083,0.183717742562294,0.4378874751706874,0.1583261608032768,0.9119040231050718,0.5351150919541743,0.1253860915178175,0.2008405291562309
HKPD015,conch,bleep_conch_adapter,2,x,low,marker_hvg_overlap,8840,2400,50,174,0.1463098026803378,0.1320582770355153,-0.0538583522088472,0.3346022665500641,0.1743753403425216,0.4341391377860663,0.1443028737033287,0.9211704245895956,0.5327366491464622,0.1140949866431753,0.185641207051183
HKPD015,conch,bleep_conch_adapter,3,y,low,top50_hvg,9078,2400,50,50,0.3678568690270185,0.3380716711216315,0.0689144441625103,0.6103935241699219,0.3925843834877014,0.4489826784982059,0.2671404420630122,0.8936652820519743,0.5804028620574933,0.3008965302398032,0.5127660380568763
HKPD015,conch,bleep_conch_adapter,3,y,low,top200_hvg,9078,2400,50,200,0.1619174515631198,0.1474963615915964,-0.023534705896443,0.3717548251152038,0.185929000377655,0.4602038589837806,0.0749230056814419,0.971095875297854,0.5230094404896479,0.0843216979505573,0.2201746798874877
HKPD015,conch,bleep_conch_adapter,3,y,low,marker_hvg_overlap,9078,2400,50,174,0.1473824750170928,0.1347063625424806,-0.0258325904252374,0.3546938896179199,0.1786262989044189,0.4558701459634297,0.0677750491521653,0.9731097671581196,0.5204424081551425,0.0752673442692827,0.2060071297913071
HLCD033,conch,bleep_conch_adapter,0,x,high,top50_hvg,8898,2400,50,50,0.3774509903788566,0.3342520467296447,-0.0943585347943008,0.7434334754943848,0.5605778098106384,0.3896175261474483,0.7195431243708765,0.4361186068923105,0.5778308656315936,0.5790193418282363,0.6234519703762972
HLCD033,conch,bleep_conch_adapter,0,x,high,top200_hvg,8898,2400,50,200,0.2745553861372173,0.23394682126542,-0.1702248218245222,0.5408132076263428,0.3976262509822845,0.3740897982819782,0.4296418548525929,0.6948156517737217,0.5622287533131574,0.3468636576809347,0.4189615694748065
HLCD033,conch,bleep_conch_adapter,0,x,high,marker_hvg_overlap,8898,2400,50,185,0.2729059348033892,0.2327840851690185,-0.1703842199961277,0.5439796447753906,0.401037335395813,0.3821044874989638,0.4373932678101304,0.6849225528215015,0.561157910315816,0.3513950033186536,0.4196985918244717
HLCD033,conch,bleep_conch_adapter,1,y,high,top50_hvg,9042,2400,50,50,0.3902745692431926,0.360133293827127,0.0057021502312272,0.673222005367279,0.5342492461204529,0.441444444545561,0.7911417889320994,0.4046044159900872,0.5978731024610933,0.6134264095208932,0.6116614700025336
HLCD033,conch,bleep_conch_adapter,1,y,high,top200_hvg,9042,2400,50,200,0.2826409693993628,0.2500076781161938,-0.041542550267186,0.495913028717041,0.3722755014896393,0.4249867181964938,0.4304523013060566,0.7169104216108139,0.5736813614584352,0.3769725521297911,0.4246843619422396
HLCD033,conch,bleep_conch_adapter,1,y,high,marker_hvg_overlap,9042,2400,50,184,0.282617134305284,0.2509937257946498,-0.0347784147901541,0.4995249509811401,0.3773770034313202,0.4327232941541464,0.4373029744245759,0.7098825710659292,0.5735927727452526,0.3823868815382749,0.4283969745939569
HLCD033,conch,bleep_conch_adapter,2,x,low,top50_hvg,8840,2400,50,50,0.3248524987697601,0.2342780478137036,0.0463928151410073,0.6128340363502502,0.444379448890686,0.4205779311270169,0.4463699222215799,0.6882029062958221,0.567286414258701,0.4340867997543154,0.518397627487461
HLCD033,conch,bleep_conch_adapter,2,x,low,top200_hvg,8840,2400,50,200,0.2373576685972512,0.1753671642639909,-0.0014829628673032,0.4484387040138244,0.2986971139907837,0.3806365173073935,0.2051109638762226,0.8743262512721687,0.5397186075741957,0.2135500266677833,0.3460566169623886
HLCD033,conch,bleep_conch_adapter,2,x,low,marker_hvg_overlap,8840,2400,50,185,0.237684627823733,0.1757282974309784,0.0046732961914401,0.4541334211826324,0.3036983609199524,0.384939620886123,0.2068612053913524,0.870265710456072,0.5385634579237122,0.2173488658606247,0.3515050003900649
HLCD033,conch,bleep_conch_adapter,3,y,low,top50_hvg,8926,2400,50,50,0.1205688712745905,0.1077730836108487,-1.8560163523443045,0.75177401304245,0.6044468283653259,0.3256116481087092,0.7484745630477676,0.3137022357928347,0.5310883994203013,0.4512990439317127,0.3748494681563065
HLCD033,conch,bleep_conch_adapter,3,y,low,top200_hvg,8926,2400,50,200,0.1030006700100784,0.0857827716954645,-0.8439862247039855,0.5131642818450928,0.3741903007030487,0.3284069776685282,0.3672631061754323,0.6871510845778616,0.527207095376647,0.2415637245365497,0.246259775993693
HLCD033,conch,bleep_conch_adapter,3,y,low,marker_hvg_overlap,8926,2400,50,185,0.1045192747199089,0.0871490690278277,-0.8322250657420719,0.522628664970398,0.3811365365982055,0.3286967034218954,0.3734397140011516,0.6801762260708655,0.5268079700360085,0.2447486521997424,0.2507529265189906
HLCX022,conch,bleep_conch_adapter,0,x,high,top50_hvg,8488,2400,50,50,0.3552057206630706,0.3578970224495437,0.0782427169848233,0.4658885300159454,0.2863432168960571,0.3538854614077373,0.175094281178584,0.9545244568365104,0.5648093690075472,0.2050817501393774,0.450918803188138
HLCX022,conch,bleep_conch_adapter,0,x,high,top200_hvg,8488,2400,50,200,0.1935511193540878,0.188479082040851,-0.018249663170136,0.3318738937377929,0.1624724119901657,0.3519359723167722,0.0591095718691216,0.9838933108615916,0.5215014413653566,0.0690310573874139,0.2243209229710952
HLCX022,conch,bleep_conch_adapter,0,x,high,marker_hvg_overlap,8488,2400,50,179,0.1909802459185558,0.1861865849083536,-0.022017685048394,0.3339950740337372,0.1649823635816574,0.3471675517461507,0.0590557238408987,0.9835280144477174,0.5212918691443081,0.0691834095959583,0.2245597794795241
HLCX022,conch,bleep_conch_adapter,1,y,high,top50_hvg,8820,2400,50,50,0.2352154862880706,0.2151644461746412,-0.6530000557750464,0.5098354816436768,0.3838402926921844,0.2033656662952516,0.5324776111011367,0.6782812230564085,0.6053794170787726,0.3131254441841362,0.307353971500639
HLCX022,conch,bleep_conch_adapter,1,y,high,top200_hvg,8820,2400,50,200,0.1262020918127382,0.113134238351791,-0.4904545360661359,0.3425115048885345,0.2078584134578704,0.23859886697529,0.1730429141532713,0.8995009153707013,0.5362719147619864,0.1111121208984934,0.1558918797618055
HLCX022,conch,bleep_conch_adapter,1,y,high,marker_hvg_overlap,8820,2400,50,180,0.1282626348398884,0.1145655252659213,-0.5064940128679558,0.3433928489685058,0.2102271020412445,0.2428351158718875,0.1793241063153742,0.8945343562549141,0.536929231285144,0.115450870468167,0.1568409043467874
HLCX022,conch,bleep_conch_adapter,2,x,low,top50_hvg,8494,2400,50,50,0.3001659849286079,0.300908115781947,0.0478546484932303,0.4759491682052612,0.3445258140563965,0.3987767055379557,0.4097957615551318,0.7775850584659821,0.5936904100105569,0.3687240138927412,0.4023230673572739
HLCX022,conch,bleep_conch_adapter,2,x,low,top200_hvg,8494,2400,50,200,0.1637618240399752,0.1562638523086245,-0.0276174557885678,0.314202070236206,0.1764523983001709,0.3965989696687229,0.1188839334039482,0.9378293339118424,0.5283566336578954,0.1104381655007708,0.1927088588595044
HLCX022,conch,bleep_conch_adapter,2,x,low,marker_hvg_overlap,8494,2400,50,179,0.1610571878933602,0.1539121066110001,-0.0338199572107955,0.3131351172924042,0.1782011985778808,0.3933788727575684,0.1224835478626654,0.9347556742416951,0.5286196110521802,0.1127130012928384,0.19124113247471
HLCX022,conch,bleep_conch_adapter,3,y,low,top50_hvg,9042,2400,50,50,0.3096169498935341,0.3063208586443968,-0.3848484913865104,0.5348047614097595,0.3950749933719635,0.4403395882374473,0.636745065074482,0.6401935670592426,0.6384693160668623,0.4886507545627234,0.4364147492054813
HLCX022,conch,bleep_conch_adapter,3,y,low,top200_hvg,9042,2400,50,200,0.1761546839919174,0.16933083530082,-0.2124879545130534,0.3475178182125091,0.2202794104814529,0.4429593874799589,0.2082914225245536,0.8844803136616898,0.5463858680931216,0.16902811819809,0.2138813638998987
HLCX022,conch,bleep_conch_adapter,3,y,low,marker_hvg_overlap,9042,2400,50,178,0.1761377016769125,0.1687162963697646,-0.2180276910370226,0.3481348156929016,0.2219032198190689,0.4396566357772735,0.2135874372177226,0.8801244503352116,0.5468559437764671,0.1724150209840756,0.2146885680404418
HLDX010,conch,bleep_conch_adapter,0,x,high,top50_hvg,8759,2400,50,50,-0.0225167162093566,-0.0250623985403469,-0.0844933123420924,0.6499814987182617,0.4906184673309326,0.574169377667727,0.4156912973521686,0.5837750420193548,0.4997331696857617,0.3593024991556726,0.4580639610028328
HLDX010,conch,bleep_conch_adapter,0,x,high,top200_hvg,8759,2400,50,200,-0.0038853062872877,-0.0044424534407974,-0.0507684795913519,0.383148580789566,0.1913288235664367,0.6335316940853543,0.1043658623127257,0.8955207369264753,0.4999432996196005,0.0903018152651086,0.1714635004993082
HLDX010,conch,bleep_conch_adapter,0,x,high,marker_hvg_overlap,8759,2400,50,176,-0.0021906614091238,-0.0025132114828282,-0.0495440571480271,0.3649075031280517,0.1760571151971817,0.6218685809115826,0.0824404733331901,0.9176066767960962,0.5000235750646431,0.0715142626759823,0.1551386730962734
HLDX010,conch,bleep_conch_adapter,1,y,high,top50_hvg,8943,2400,50,50,0.0035502154601272,-0.0002067239961543,-0.4582202050706837,0.7705997228622437,0.5647193789482117,0.3157428382417884,0.2002926191981737,0.7997636900319857,0.5000281546150797,0.1411367721942825,0.4492338262530351
HLDX010,conch,bleep_conch_adapter,1,y,high,top200_hvg,8943,2400,50,200,0.002914439598978,0.0020072781134627,-0.240536943795314,0.4379792213439941,0.2389646768569946,0.4040214962660684,0.0551111889875776,0.9448521961930264,0.4999816925903019,0.0358621080459423,0.1649616774292367
HLDX010,conch,bleep_conch_adapter,1,y,high,marker_hvg_overlap,8943,2400,50,176,0.0025205058547988,0.0015148222282394,-0.2356042377033211,0.4135242700576782,0.2254517823457718,0.3763432937667191,0.0512192683253792,0.9487106955137012,0.4999649819195402,0.0303440954673902,0.1490554446572231
HLDX010,conch,bleep_conch_adapter,2,x,low,top50_hvg,8817,2400,50,50,0.0054052237118594,0.0066110590626178,-0.1903907277341932,0.6765764951705933,0.5328694581985474,0.5427250190914888,0.653232543732781,0.3453327991763955,0.4992826714545881,0.4722638431834853,0.4489599548496013
HLDX010,conch,bleep_conch_adapter,2,x,low,top200_hvg,8817,2400,50,200,0.0064624370857815,0.0067524880686465,-0.1019745420158142,0.3992829918861389,0.222853809595108,0.5987488069408233,0.1729290628615334,0.8269464626040011,0.4999377627327672,0.1220866053891651,0.170378113979026
HLDX010,conch,bleep_conch_adapter,2,x,low,marker_hvg_overlap,8817,2400,50,176,0.0063708427301368,0.006952270281525,-0.0948324220007634,0.3804870247840881,0.2055107504129409,0.589239344908309,0.1460543913526032,0.8537316875683704,0.4998930394604867,0.1019662520580582,0.1554099654151815
HLDX010,conch,bleep_conch_adapter,3,y,low,top50_hvg,8986,2400,50,50,0.0057966092042624,0.0061792356639951,-0.0825637155771255,0.6724854111671448,0.5180665254592896,0.5252918628497519,0.4067589115627214,0.5958674729408511,0.5013131922517863,0.3463311019628735,0.4647868985343107
HLDX010,conch,bleep_conch_adapter,3,y,low,top200_hvg,8986,2400,50,200,0.0023617000434959,0.0022796018069021,-0.0552347718499368,0.3992663323879242,0.2202418148517608,0.5907329723858314,0.1017708089717614,0.8989132762723006,0.500342042622031,0.0867342906422335,0.1783838046589815
HLDX010,conch,bleep_conch_adapter,3,y,low,marker_hvg_overlap,8986,2400,50,176,0.0023126819898523,0.0020118640910696,-0.0521416070762577,0.3806583881378174,0.2058921605348587,0.581820416142699,0.0869874400170787,0.913554109259806,0.5002707746384424,0.0725846542730823,0.1630839804608631
HOCD032,conch,bleep_conch_adapter,0,x,high,top50_hvg,8690,2400,50,50,0.3803481777571141,0.3806229887085479,0.0949256311636418,0.440211147069931,0.2958664000034332,0.3435521837770622,0.2383432793366613,0.9214166811139288,0.5798799802252951,0.2591663869252791,0.4869411007640182
HOCD032,conch,bleep_conch_adapter,0,x,high,top200_hvg,8690,2400,50,200,0.1785657882341183,0.1764144463692535,0.0073845956165314,0.2984965443611145,0.1523755639791488,0.3476729518571337,0.0618883667402095,0.9797257818298842,0.5208070742850469,0.0680810184945121,0.2186301512588394
HOCD032,conch,bleep_conch_adapter,0,x,high,marker_hvg_overlap,8690,2400,50,188,0.1709391346741269,0.1685108793734844,0.0040162729929626,0.294721782207489,0.1491744816303253,0.3463792180433926,0.0564305140857597,0.9810543746119044,0.5187424443488321,0.0618544953846623,0.2100841710850493
HOCD032,conch,bleep_conch_adapter,1,y,high,top50_hvg,8963,2400,50,50,0.2464586570230312,0.2282649659866742,-0.0862024840246886,0.5477936267852783,0.3968649208545685,0.4176158531364537,0.217440586240039,0.8923591931142962,0.5548998896771677,0.2398063185970373,0.5331979255630962
HOCD032,conch,bleep_conch_adapter,1,y,high,top200_hvg,8963,2400,50,200,0.1234788350519374,0.1101788089999048,-0.0472823914991749,0.3617013990879059,0.1942159086465835,0.4697986049271033,0.0614137779720691,0.9721635515410688,0.5167886647565691,0.0686322260707062,0.2484680849282144
HOCD032,conch,bleep_conch_adapter,1,y,high,marker_hvg_overlap,8963,2400,50,188,0.1184561032089132,0.1052254298005954,-0.044798434426063,0.3547937870025635,0.1885216832160949,0.4625566948061169,0.0592325736321693,0.9727969523186506,0.51601476297541,0.0648539455839552,0.2399074273540003
HOCD032,conch,bleep_conch_adapter,2,x,low,top50_hvg,8858,2400,50,50,0.2097809764370322,0.2121728122640078,-0.3252369123487733,0.4279601573944092,0.3360567092895508,0.2277861070019229,0.3998063143648326,0.7393003793653007,0.5695533468650666,0.2638480934277802,0.3046589480217888
HOCD032,conch,bleep_conch_adapter,2,x,low,top200_hvg,8858,2400,50,200,0.1069909886483219,0.1077753310661953,-0.2130118826127727,0.2972160577774048,0.1834937483072281,0.2514259196134379,0.1114908621963702,0.9301256083141052,0.5208082352552378,0.0791935473373639,0.1550484016782184
HOCD032,conch,bleep_conch_adapter,2,x,low,marker_hvg_overlap,8858,2400,50,188,0.1023391537752839,0.1032092718017907,-0.2094939701668447,0.2946200668811798,0.1807117164134979,0.2537829837972069,0.0995171170793226,0.937797902774706,0.5186575099270143,0.0735707569245628,0.151510738666446
HOCD032,conch,bleep_conch_adapter,3,y,low,top50_hvg,8914,2400,50,50,0.3158118253946304,0.2994378277713923,-0.0763031657319515,0.381328821182251,0.2722502052783966,0.2449386491233671,0.339587568613158,0.8454324506974583,0.5925100096553082,0.2952726456718771,0.3692925199033186
HOCD032,conch,bleep_conch_adapter,3,y,low,top200_hvg,8914,2400,50,200,0.1512962411573971,0.1417000370105387,-0.1286824526980126,0.2610597610473633,0.1536280661821365,0.2444376390541485,0.0984141589508114,0.9542633581704902,0.5263387585606508,0.0846621638055194,0.1659093642301032
HOCD032,conch,bleep_conch_adapter,3,y,low,marker_hvg_overlap,8914,2400,50,188,0.1448112659876487,0.1354435269519321,-0.1381349098159107,0.2597903311252594,0.1524515599012375,0.2412882412841763,0.0930685758541166,0.9550220266752488,0.5240453012646826,0.0781373244969914,0.1596397967196968
HOCW023,conch,bleep_conch_adapter,0,x,high,top50_hvg,9002,2400,50,50,0.2026115059514995,0.193507233879507,-0.0219129881553817,0.3199422955513,0.1936822980642318,0.2120333359557148,0.0668778053126147,0.972046714641098,0.5194622599768564,0.0766770948111344,0.253830890929924
HOCW023,conch,bleep_conch_adapter,0,x,high,top200_hvg,9002,2400,50,200,0.1090852680309035,0.1057960599846115,-0.039904954288213,0.2198038250207901,0.102280281484127,0.2111439715780895,0.016842153301505,0.9929631694459796,0.5049026613737424,0.0193805364543689,0.1207393570594657
HOCW023,conch,bleep_conch_adapter,0,x,high,marker_hvg_overlap,9002,2400,50,195,0.1078986831458631,0.1046589164052047,-0.0412195008716737,0.2201189696788787,0.1022648438811302,0.213075175863277,0.0172740033861589,0.9927827378933124,0.5050283706397357,0.0198774732865322,0.1203733402997046
HOCW023,conch,bleep_conch_adapter,1,y,high,top50_hvg,8977,2400,50,50,0.0764084234228357,0.0650724253188472,-0.0579535058402689,0.2037819772958755,0.0952847078442573,0.2367780845146595,0.0234906230684387,0.9853491960659428,0.5044199095671907,0.0198527957001559,0.0881423523221247
HOCW023,conch,bleep_conch_adapter,1,y,high,top200_hvg,8977,2400,50,200,0.049022534473479,0.04171330772431,-0.0626304126781178,0.1445385962724685,0.0493036657571792,0.1755301149319743,0.0069440843385382,0.9959162410161406,0.5014301626773394,0.0055754438229981,0.0474199650418166
HOCW023,conch,bleep_conch_adapter,1,y,high,marker_hvg_overlap,8977,2400,50,195,0.0499703651773206,0.0426097277734545,-0.0622501724632456,0.1453059315681457,0.0495926104485988,0.1769888054438391,0.0071221377831161,0.9958115292473236,0.5014668335152199,0.0057184039210237,0.0479349664073025
HOCW023,conch,bleep_conch_adapter,2,x,low,top50_hvg,8927,2400,50,50,0.0550112710846588,0.0455630847265649,-0.1033667930634692,0.2166239470243454,0.1090753227472305,0.2270463634031368,0.013905307130679,0.991460586895443,0.502682947013061,0.0157773729297036,0.0848563571336171
HOCW023,conch,bleep_conch_adapter,2,x,low,top200_hvg,8927,2400,50,200,0.0337329696636938,0.0305615280514858,-0.0731530815857695,0.1539446413516998,0.0585064068436622,0.1753474402321614,0.0056204945961116,0.9970462121529085,0.50133335337451,0.0051383675887112,0.0449195777204343
HOCW023,conch,bleep_conch_adapter,2,x,low,marker_hvg_overlap,8927,2400,50,195,0.0344272322604104,0.0312494689099269,-0.0737728340246786,0.1548157185316085,0.0589103884994983,0.1768719497476991,0.0057646098421657,0.996970474002983,0.5013675419225744,0.0052701206038064,0.0453806007573741
HOCW023,conch,bleep_conch_adapter,3,y,low,top50_hvg,8955,2400,50,50,0.2872755524888635,0.2854388707032276,0.0293405284360051,0.3459885120391845,0.2394583523273468,0.2834280647144463,0.266069085290806,0.8848418120212835,0.5754554486560447,0.2036425435994912,0.3162150211915086
HOCW023,conch,bleep_conch_adapter,3,y,low,top200_hvg,8955,2400,50,200,0.17438627798183,0.173179244351727,-0.0309720571846264,0.240188181400299,0.1354570090770721,0.2624064577995351,0.0677158033670981,0.9706135172381692,0.5191646603026336,0.0523579301606028,0.1575423395690079
HOCW023,conch,bleep_conch_adapter,3,y,low,marker_hvg_overlap,8955,2400,50,195,0.1743941875038824,0.1731488061562116,-0.0322942432631792,0.2405477315187454,0.1355520188808441,0.2646893050812351,0.0694521060175366,0.9698600176801736,0.519656061848855,0.0537004411903619,0.1574666056904095
HPDA034,conch,bleep_conch_adapter,0,x,high,top50_hvg,8925,2400,50,50,0.3733631826628698,0.2586442270283669,0.0309786674007773,0.4125624895095825,0.2712475657463074,0.3072253419131995,0.2814768320595914,0.8911670813841297,0.5863219567218606,0.2854933839062495,0.3861856920865534
HPDA034,conch,bleep_conch_adapter,0,x,high,top200_hvg,8925,2400,50,200,0.2078899159065622,0.1516564749641038,0.0030807474338507,0.3038344085216522,0.1571475565433502,0.2626437639758245,0.0876262222413149,0.9703024112530872,0.528964316747201,0.0954983111281774,0.2186246299899845
HPDA034,conch,bleep_conch_adapter,0,x,high,marker_hvg_overlap,8925,2400,50,184,0.2104303968895376,0.1545073981948687,0.0022777451656862,0.3075693845748901,0.1600867360830307,0.2667750078303916,0.0909035626278363,0.9682717538545482,0.5295876582411922,0.0982401267567004,0.222563289443485
HPDA034,conch,bleep_conch_adapter,1,y,high,top50_hvg,8869,2400,50,50,0.3809001412149518,0.3549637853455406,-0.0855216312187258,0.5126651525497437,0.358908087015152,0.4103593383373282,0.5219517805246009,0.7531825166905868,0.637567148607594,0.4530334615271822,0.4803645098381101
HPDA034,conch,bleep_conch_adapter,1,y,high,top200_hvg,8869,2400,50,200,0.2273280953126959,0.2100737931292915,-0.1180537570731394,0.3468239903450012,0.2162840515375137,0.3875849220258613,0.2212453876734696,0.9048661996641516,0.5630557936688106,0.1922930275013987,0.2590249102681709
HPDA034,conch,bleep_conch_adapter,1,y,high,marker_hvg_overlap,8869,2400,50,185,0.2288081922870431,0.2120975211490419,-0.107758342303301,0.3477077782154083,0.2191841900348663,0.3911025347771918,0.2243139990821717,0.9024739031924082,0.56339395113729,0.1966175009868695,0.2625283641878856
HPDA034,conch,bleep_conch_adapter,2,x,low,top50_hvg,8726,2400,50,50,0.3712526047043502,0.3217095822745115,0.0738172175677027,0.471537172794342,0.3105816841125488,0.4713245423532854,0.4621851659035419,0.8042101995205708,0.6331976827120563,0.4241126779366593,0.4672993296359721
HPDA034,conch,bleep_conch_adapter,2,x,low,top200_hvg,8726,2400,50,200,0.2182253481983207,0.1875661758268929,-0.0394847166180261,0.3157175481319427,0.1702627539634704,0.4347914156740208,0.1527618623707375,0.9410601287003114,0.5469109955355245,0.1489858912031008,0.2392050787883861
HPDA034,conch,bleep_conch_adapter,2,x,low,marker_hvg_overlap,8726,2400,50,185,0.2177701042927298,0.1878710305994967,-0.0469891497390218,0.3179627060890198,0.1730084270238876,0.4319354085745846,0.1542498519745174,0.939308371832575,0.5467791119035461,0.1500788884948637,0.2412980095145964
HPDA034,conch,bleep_conch_adapter,3,y,low,top50_hvg,8998,2400,50,50,0.1863861867040395,0.1391197678778627,-0.2987134862109087,0.4331130385398865,0.2626143097877502,0.4264464162703309,0.1751489805271152,0.9215525320081562,0.5483507562676357,0.1844794451632188,0.3074790360739479
HPDA034,conch,bleep_conch_adapter,3,y,low,top200_hvg,8998,2400,50,200,0.1082369686345191,0.0839201975143599,-0.1315130888432031,0.3221178948879242,0.1590788215398788,0.3641273456462464,0.0542104265561831,0.9764167431437876,0.5153135848499854,0.058420959455791,0.1742534231693738
HPDA034,conch,bleep_conch_adapter,3,y,low,marker_hvg_overlap,8998,2400,50,185,0.1113021882662291,0.0870974516233762,-0.0819449140287533,0.3283677697181701,0.1636286526918411,0.3698579048436344,0.058605866547225,0.9748136584613376,0.5167097625042812,0.0631577940062605,0.1804690207057795
HPXM007,conch,bleep_conch_adapter,0,x,high,top50_hvg,9046,2400,50,50,0.3918068600445986,0.2966001662071516,0.1397863083612174,0.3848252892494201,0.2270288616418838,0.5201440074874754,0.3028209391857583,0.926548213522148,0.6146845763539531,0.3095179676372102,0.3933504641290426
HPXM007,conch,bleep_conch_adapter,0,x,high,top200_hvg,9046,2400,50,200,0.2008096381317562,0.1549477548523641,0.0208778956891546,0.2573264837265014,0.1224637404084205,0.4666568100624298,0.0896129872806172,0.9793296095221646,0.534471298401391,0.0950650284650536,0.1871356361297048
HPXM007,conch,bleep_conch_adapter,0,x,high,marker_hvg_overlap,9046,2400,50,179,0.2036702709594281,0.1561244429496304,0.0228563208175174,0.2630528509616852,0.1271796077489853,0.4689869930840999,0.0947300433180393,0.9779122278069332,0.5363211355624863,0.0997403852253641,0.1926556771878295
HPXM007,conch,bleep_conch_adapter,1,y,high,top50_hvg,8995,2400,50,50,0.1558042392879724,0.1382870312751836,-0.8651865463249852,0.4410075545310974,0.2707578539848327,0.5287267658368087,0.2743803648723311,0.8427208510106258,0.5585506079414785,0.2081404566126115,0.2209757439282874
HPXM007,conch,bleep_conch_adapter,1,y,high,top200_hvg,8995,2400,50,200,0.0845608464971155,0.0722185026377211,-0.3954092714874787,0.2812106311321258,0.1352721750736236,0.4906617379799137,0.0773366674441118,0.956327945628687,0.5168323065363993,0.0620400245493826,0.1142927371342549
HPXM007,conch,bleep_conch_adapter,1,y,high,marker_hvg_overlap,8995,2400,50,181,0.0844673081293917,0.0722838128512838,-0.3967773956128088,0.2886131405830383,0.1391090899705886,0.4956344213954136,0.0823659115259922,0.9528610076750677,0.51761345960053,0.0664245959948374,0.1172975985893333
HPXM007,conch,bleep_conch_adapter,2,x,low,top50_hvg,8981,2400,50,50,0.4018907134234905,0.3265368584111975,0.1626781228580512,0.3933879733085632,0.243653804063797,0.4334570056666457,0.3868745880392868,0.902418329417024,0.6446464587281554,0.3612689479562554,0.4401287319006681
HPXM007,conch,bleep_conch_adapter,2,x,low,top200_hvg,8981,2400,50,200,0.1966379526743548,0.1677840736855674,0.0156415111771639,0.2616230845451355,0.1212963536381721,0.397865631157675,0.11072183069719,0.9731136395520966,0.5419177351246433,0.1049912386864351,0.1944062945141808
HPXM007,conch,bleep_conch_adapter,2,x,low,marker_hvg_overlap,8981,2400,50,178,0.200552169986663,0.170364047684998,0.0196913339623892,0.2670962214469909,0.1257862895727157,0.4043646242586646,0.1158153860919097,0.9731819145805756,0.5444986503362427,0.1127391717489889,0.2022318757419998
HPXM007,conch,bleep_conch_adapter,3,y,low,top50_hvg,8996,2400,50,50,0.3300847537070512,0.2861763162481622,-0.5721296696504578,0.4103332757949829,0.2494332939386367,0.3243882792899606,0.2513603110566629,0.9332603976827022,0.5923103543696826,0.2693036977707784,0.3807240246527803
HPXM007,conch,bleep_conch_adapter,3,y,low,top200_hvg,8996,2400,50,200,0.1756745208726352,0.15427053160974,-0.1637920374657733,0.271304041147232,0.1262541562318802,0.3216094848483162,0.084391305900664,0.9789760635872572,0.5316836847439605,0.0884615054776391,0.1803207222538808
HPXM007,conch,bleep_conch_adapter,3,y,low,marker_hvg_overlap,8996,2400,50,180,0.1773667022633566,0.1553217147477448,-0.1793190960964946,0.2759691476821899,0.1297441124916076,0.3216882864631441,0.085378512463887,0.9793216173019468,0.5323500648829169,0.0900037338723929,0.185211896715096
HSDX009,conch,bleep_conch_adapter,0,x,high,top50_hvg,8799,2400,50,50,0.1116710509429685,0.102058304892133,-0.1246834358340129,0.346879780292511,0.1670950502157211,0.2524152632580168,0.1102378646945691,0.938750669080126,0.5244942668873476,0.081085854508693,0.1602467822256974
HSDX009,conch,bleep_conch_adapter,0,x,high,top200_hvg,8799,2400,50,200,0.0693621495633364,0.0653772947906628,-0.112496301755018,0.2514241337776184,0.0843562558293342,0.1813909557939541,0.0280767075529526,0.9844494055922772,0.506263056572615,0.0204812538369634,0.0836464442185978
HSDX009,conch,bleep_conch_adapter,0,x,high,marker_hvg_overlap,8799,2400,50,177,0.0720053928692609,0.0674702780726449,-0.1129063813849141,0.2417556047439575,0.0834762379527092,0.1896301733574399,0.0301824860787353,0.9833758911804488,0.506779188629592,0.021170666991668,0.0837827160370934
HSDX009,conch,bleep_conch_adapter,1,y,high,top50_hvg,8765,2400,50,50,0.4434765657410026,0.3341133660986761,0.1677735174633562,0.3955732583999634,0.1977800875902176,0.4369579449091926,0.2691705187097449,0.9583150260579052,0.6137427723838251,0.3196914658509636,0.4512374555071838
HSDX009,conch,bleep_conch_adapter,1,y,high,top200_hvg,8765,2400,50,200,0.216129469634731,0.1719112464741859,0.0389409180264192,0.2527658641338348,0.0864773914217948,0.4086271807563803,0.0757653236366313,0.9886193440196404,0.5321923338281359,0.091627020042028,0.188893965273337
HSDX009,conch,bleep_conch_adapter,1,y,high,marker_hvg_overlap,8765,2400,50,175,0.2136655606889984,0.1712771391909865,0.0357802575905641,0.2551250159740448,0.0883927643299102,0.4016003629407912,0.0737599093855354,0.9884326239636952,0.5310962666746152,0.0886665884466742,0.1878967125991865
HSDX009,conch,bleep_conch_adapter,2,x,low,top50_hvg,8831,2400,50,50,0.3179574346300796,0.2863180419005195,-0.0974555123643949,0.3864225149154663,0.2106653898954391,0.4404611167937183,0.2405374126118054,0.9324244065045488,0.586480909558177,0.2256976053974878,0.3313083876651918
HSDX009,conch,bleep_conch_adapter,2,x,low,top200_hvg,8831,2400,50,200,0.1943439035674226,0.1713137454101558,-0.0772171498960233,0.2534686625003814,0.108192890882492,0.4074330916226663,0.0889226217826244,0.9775481916690784,0.5332354067258515,0.085745491618258,0.1693606249540075
HSDX009,conch,bleep_conch_adapter,2,x,low,marker_hvg_overlap,8831,2400,50,175,0.1932057664745879,0.1714263094669644,-0.0493035244306416,0.256683737039566,0.1093127578496933,0.404258852301104,0.0833328213739877,0.9795183354863,0.5314255784301438,0.0811394764860662,0.1692104837983399
HSDX009,conch,bleep_conch_adapter,3,y,low,top50_hvg,8864,2400,50,50,0.301594822332263,0.2789912998724486,-0.9739413234218957,0.3647293746471405,0.203428566455841,0.3566408056800915,0.3189590906355846,0.9037761624073858,0.6113676265214852,0.2704207362947158,0.2917771604030146
HSDX009,conch,bleep_conch_adapter,3,y,low,top200_hvg,8864,2400,50,200,0.1605607451329706,0.1467239173522309,-0.4595717077099834,0.2273362874984741,0.0962439402937889,0.3088062861425457,0.1006199981516323,0.9710653330377874,0.5358426655947099,0.0892581661401599,0.1311411284654966
HSDX009,conch,bleep_conch_adapter,3,y,low,marker_hvg_overlap,8864,2400,50,177,0.1589479324306587,0.1454566773164305,-0.4701810840630409,0.2284941524267196,0.0982418730854988,0.3063127850361046,0.0979533969906015,0.971041506840496,0.5344974519155488,0.0864783335281127,0.1295780980068774
HSDX009_2,conch,bleep_conch_adapter,0,x,high,top50_hvg,8776,2400,50,50,0.4224739362299442,0.2973144197595854,0.1435173123639833,0.2503347992897033,0.1149302795529365,0.3788431807008864,0.3068928201211123,0.9580188640447154,0.6324558420829138,0.2962682792274619,0.3562333295125159
HSDX009_2,conch,bleep_conch_adapter,0,x,high,top200_hvg,8776,2400,50,200,0.1790360643959985,0.1388631359803465,-0.002852871515094,0.1553294956684112,0.0488618090748786,0.3347895820818602,0.0779573480802106,0.9894854119796612,0.5337213800299359,0.0761734800632757,0.1258697873706681
HSDX009_2,conch,bleep_conch_adapter,0,x,high,marker_hvg_overlap,8776,2400,50,177,0.1772965642649595,0.1374328119139379,-0.0106367927068357,0.1570336818695068,0.050227727741003,0.3343245723274774,0.0773327267655654,0.988782376505082,0.5330575516353236,0.0742471704869038,0.1237355347809838
HSDX009_2,conch,bleep_conch_adapter,1,y,high,top50_hvg,8823,2400,50,50,0.3903620587289333,0.3231213533878821,0.1391523621161468,0.2931042313575744,0.1549865007400512,0.4321296894029371,0.2664465545452462,0.9566704813643976,0.611558517954822,0.2618980984008459,0.3538300037239538
HSDX009_2,conch,bleep_conch_adapter,1,y,high,top200_hvg,8823,2400,50,200,0.1705739050325064,0.1485647323918473,-0.0076948807448752,0.1819750517606735,0.0700237452983856,0.3869791997627923,0.0703862287797694,0.9887038544186304,0.5295450415991999,0.0700987181161411,0.1299595357324058
HSDX009_2,conch,bleep_conch_adapter,1,y,high,marker_hvg_overlap,8823,2400,50,176,0.1703891095148719,0.1492565231724278,-0.012280319562933,0.1838299185037613,0.0718777626752853,0.3848342785089566,0.0686322380418593,0.9884754994796668,0.528553868760763,0.0689464031153195,0.1292814316621931
HSDX009_2,conch,bleep_conch_adapter,2,x,low,top50_hvg,8870,2400,50,50,0.2912313718837686,0.2729767470709983,-0.6532030522380956,0.3338934481143951,0.1754400730133056,0.3829674263497605,0.1201180426506289,0.9618942208160808,0.5410061317333549,0.1353990930231125,0.3029418798279654
HSDX009_2,conch,bleep_conch_adapter,2,x,low,top200_hvg,8870,2400,50,200,0.1431157663535381,0.134618556977134,-0.178373994234862,0.2076064199209213,0.0753871574997901,0.3701967637561087,0.0307078866086671,0.9903150790585742,0.5105114828336207,0.0350028371352917,0.1207283087657228
HSDX009_2,conch,bleep_conch_adapter,2,x,low,marker_hvg_overlap,8870,2400,50,177,0.1408126018021233,0.1331420389287962,-0.2012291606903697,0.2077362835407257,0.0764736980199813,0.3640328393901831,0.0318525453830333,0.9893600462524252,0.5106062958177293,0.0350097754145694,0.1174404294725347
HSDX009_2,conch,bleep_conch_adapter,3,y,low,top50_hvg,9015,2400,50,50,0.3489493263885379,0.3006789312627614,0.1059190571866929,0.3187781274318695,0.1643258482217788,0.4588453904092325,0.2276970067072315,0.9536156713671528,0.5906563390371922,0.2186315836551566,0.332712598027316
HSDX009_2,conch,bleep_conch_adapter,3,y,low,top200_hvg,9015,2400,50,200,0.1735687286482061,0.1498546348671887,0.0126319126924499,0.2035207897424698,0.0751760825514793,0.4213677534352774,0.072696063775212,0.987345252942438,0.5300206583588252,0.0699670372841203,0.1408425668627441
HSDX009_2,conch,bleep_conch_adapter,3,y,low,marker_hvg_overlap,9015,2400,50,179,0.1664374901490933,0.1445622174119998,0.0067512392136008,0.2022501677274704,0.0748814493417739,0.4208225667729102,0.0673180168098351,0.9876362395324516,0.5274771281711433,0.065886181136617,0.1353340225974432
HSPD012,conch,bleep_conch_adapter,0,x,high,top50_hvg,8912,2400,50,50,0.3826438646018505,0.2619841593155481,-0.2136078398794052,0.5507637858390808,0.3752233684062958,0.6521022310418387,0.5701055605445104,0.6223834362561607,0.5962444984003356,0.4773065860402634,0.4804561292103754
HSPD012,conch,bleep_conch_adapter,0,x,high,top200_hvg,8912,2400,50,200,0.2943662315467372,0.2270226226044749,-0.0379922263130174,0.4549334645271301,0.2994862496852875,0.5389062176708831,0.3787893804606466,0.7822544756795052,0.5805219280700759,0.3352140832113504,0.3752345859493097
HSPD012,conch,bleep_conch_adapter,0,x,high,marker_hvg_overlap,8912,2400,50,189,0.3014797053334337,0.2332731215478617,0.0054620483863959,0.4632435739040375,0.3073469996452331,0.5380318661226192,0.3933136214105474,0.7716925550487966,0.582503088229672,0.3487660379892049,0.387209253295034
HSPD012,conch,bleep_conch_adapter,1,y,high,top50_hvg,8892,2400,50,50,0.5536381804943085,0.4189056007557062,0.2613649717159569,0.6081901788711548,0.3992662727832794,0.6066507463708452,0.5926663920636808,0.699856568777918,0.6462614804207993,0.5938190704464206,0.6715120555074653
HSPD012,conch,bleep_conch_adapter,1,y,high,top200_hvg,8892,2400,50,200,0.3793122681975365,0.299887091567167,0.1239154694756143,0.4614325165748596,0.2883071005344391,0.5364896052443268,0.3375458965435086,0.8557549161137975,0.596650406328653,0.3471384726273191,0.4565122968721056
HSPD012,conch,bleep_conch_adapter,1,y,high,marker_hvg_overlap,8892,2400,50,188,0.3764919750392437,0.3009676716141745,0.1216790722054553,0.4656473696231842,0.2936895489692688,0.5380163627397269,0.3468615632203121,0.8479124806140556,0.597387021917184,0.3537264478387024,0.4596691385974635
HSPD012,conch,bleep_conch_adapter,2,x,low,top50_hvg,8938,2400,50,50,0.4665135339647531,0.450195738671863,0.173876924761571,0.6521914005279541,0.4503958225250244,0.5727945363734519,0.5622727112711297,0.6987051943770121,0.6304889528240708,0.5563072861782534,0.6750709166846572
HSPD012,conch,bleep_conch_adapter,2,x,low,top200_hvg,8938,2400,50,200,0.3333479202678427,0.3061793730497946,0.0626886352172005,0.4732722342014313,0.2798467874526977,0.5691436174755412,0.3014223460011558,0.8728738094700695,0.5871480777356126,0.3125740280968333,0.4438626374560029
HSPD012,conch,bleep_conch_adapter,2,x,low,marker_hvg_overlap,8938,2400,50,188,0.3283709427688588,0.3006907974401381,0.0553794938329721,0.4731476306915283,0.2803711593151092,0.5700795690315863,0.2953732751627026,0.873902660302775,0.5846379677327388,0.3089466007833608,0.4398614036829091
HSPD012,conch,bleep_conch_adapter,3,y,low,top50_hvg,8892,2400,50,50,0.4319723439216614,0.3497245190044266,0.1365388645417988,0.6032149195671082,0.422954797744751,0.5628051522789125,0.6239973060818862,0.6105026529902373,0.6172499795360618,0.5544564716982269,0.5749796582830161
HSPD012,conch,bleep_conch_adapter,3,y,low,top200_hvg,8892,2400,50,200,0.3256985907012131,0.2711956263469691,0.0312921906542032,0.4776155650615692,0.3019275069236755,0.5002486415664316,0.3552447097397836,0.8196334884745553,0.5874390991071694,0.3430172851246025,0.4173863239383278
HSPD012,conch,bleep_conch_adapter,3,y,low,marker_hvg_overlap,8892,2400,50,188,0.3250862240055675,0.2728614627654815,0.0373893449419832,0.4839847683906555,0.3077575862407684,0.5007917885836408,0.362334337161329,0.811869390351133,0.587101863756231,0.349534702346632,0.4244268126240952
HTDX008,conch,bleep_conch_adapter,0,x,high,top50_hvg,8903,2400,50,50,0.2623659105226397,0.2049654686100708,0.0201231078471755,0.5272621512413025,0.3756186068058014,0.4276720747208067,0.2915486002611905,0.7922808834051749,0.5419147418331827,0.2836873854905777,0.4786588155977168
HTDX008,conch,bleep_conch_adapter,0,x,high,top200_hvg,8903,2400,50,200,0.1815437630889937,0.1357512855824182,0.0072137237734568,0.346537321805954,0.185778722167015,0.4645868420088663,0.0866863107427253,0.9471464076415026,0.516916359192114,0.0916204521398609,0.2490803540721108
HTDX008,conch,bleep_conch_adapter,0,x,high,marker_hvg_overlap,8903,2400,50,186,0.1781959667030762,0.1335278922530882,0.0048503938795415,0.3498399257659912,0.189728170633316,0.4542496466162265,0.0863897238841698,0.9473014472669548,0.5168455855755623,0.0912101033379877,0.2488963649376584
HTDX008,conch,bleep_conch_adapter,1,y,high,top50_hvg,8945,2400,50,50,0.2406678476464003,0.227544856425298,0.0228842922230251,0.5111539959907532,0.3891860544681549,0.4589686718613757,0.3860796567335907,0.7142126128274393,0.5501461347805151,0.3396130337731084,0.4450929906776265
HTDX008,conch,bleep_conch_adapter,1,y,high,top200_hvg,8945,2400,50,200,0.2089346425828989,0.1795480155690889,0.0239647020308621,0.3615425229072571,0.2029331475496292,0.4935598565122927,0.1516588750665146,0.9201109583011696,0.5358849166838421,0.1484206314137757,0.2685446930768886
HTDX008,conch,bleep_conch_adapter,1,y,high,marker_hvg_overlap,8945,2400,50,188,0.2056443159248026,0.1766413980576963,0.021587777106996,0.3637599349021911,0.2060047835111618,0.4871093564364128,0.1527839413691483,0.9196742207447198,0.536229081056934,0.1490144626051734,0.2672331392114984
HTDX008,conch,bleep_conch_adapter,2,x,low,top50_hvg,8899,2400,50,50,0.2793107990175485,0.2532785164078161,0.0587511781905777,0.4892250299453735,0.3476157486438751,0.4094507680051057,0.299722736134701,0.8409067345611513,0.5703147353479262,0.3042758478727388,0.430232059103105
HTDX008,conch,bleep_conch_adapter,2,x,low,top200_hvg,8899,2400,50,200,0.1686803726316429,0.144935171423212,0.0041868371243617,0.3271314799785614,0.1786332428455352,0.42052976473564,0.103109894329599,0.955452507602338,0.5292812009659685,0.1098688072167885,0.2183438287659536
HTDX008,conch,bleep_conch_adapter,2,x,low,marker_hvg_overlap,8899,2400,50,185,0.1670562341154829,0.1435587465971384,0.0034879673801746,0.3311785161495209,0.1819489300251007,0.4127542892760511,0.1003893782315787,0.956155240979924,0.5282723096057513,0.1082406459963142,0.220460615942804
HTDX008,conch,bleep_conch_adapter,3,y,low,top50_hvg,8907,2400,50,50,0.1633134756609797,0.1289020994570765,-0.0107840075046988,0.4813060462474823,0.3552998900413513,0.4181882500295272,0.2670879436834983,0.8008840510756083,0.5339859973795533,0.2673989351192254,0.3821419275984615
HTDX008,conch,bleep_conch_adapter,3,y,low,top200_hvg,8907,2400,50,200,0.1109065410384209,0.088714804256898,-0.0499423912716884,0.3104874491691589,0.1791123747825622,0.4422952404762448,0.0787512851425602,0.9474825531614306,0.5131169191519953,0.0824633263976684,0.181415463427856
HTDX008,conch,bleep_conch_adapter,3,y,low,marker_hvg_overlap,8907,2400,50,184,0.1104611828853629,0.0887726842798948,-0.0509322979084928,0.316095232963562,0.1850828379392624,0.4314293103468662,0.0782650112223728,0.947701260312197,0.5129831357672849,0.0818224146660601,0.1855710457099735
MBDC037,conch,bleep_conch_adapter,0,x,high,top50_hvg,8772,2400,50,50,-4.20390782828841e-07,,-0.1235442287651676,0.8549302220344543,0.5039500594139099,0.1506514625791023,0.22,0.78,0.5,0.1255934429342863,0.3094416666666666
MBDC037,conch,bleep_conch_adapter,0,x,high,top200_hvg,8772,2400,50,200,2.164708690852362e-08,,-0.0729922853370863,0.5174047946929932,0.2374690920114517,0.2528016465555165,0.06,0.94,0.5,0.0332820266111502,0.1636125
MBDC037,conch,bleep_conch_adapter,0,x,high,marker_hvg_overlap,8772,2400,50,157,9.363088477014483e-08,,-0.0721167593116898,0.4665972292423248,0.2239981889724731,0.2600723455787259,0.0700636942675159,0.929936305732484,0.5,0.0390254366721284,0.1639729299363057
MBDC037,conch,bleep_conch_adapter,1,y,high,top50_hvg,9006,2400,50,50,3.741785197419745e-07,,-0.4398261558830563,1.0185832977294922,0.7711455821990967,0.0635422780373002,0.56,0.44,0.5,0.2680288106750994,0.30535
MBDC037,conch,bleep_conch_adapter,1,y,high,top200_hvg,9006,2400,50,200,1.77786701744768e-07,,-0.2096816621739844,0.5866884589195251,0.3384624123573303,0.2261092474736375,0.155,0.845,0.5,0.0709863137556357,0.1587916666666667
MBDC037,conch,bleep_conch_adapter,1,y,high,marker_hvg_overlap,9006,2400,50,156,2.0251530586424305e-07,,-0.1501597096041503,0.5019727349281311,0.2915185093879699,0.2450884091110385,0.1217948717948717,0.8782051282051282,0.5,0.0595645916207601,0.1594471153846154
MBDC037,conch,bleep_conch_adapter,2,x,low,top50_hvg,8990,2400,50,50,0.124804260097444,0.080485079188595,-0.3442549010366201,0.9292256236076356,0.5498107671737671,0.2883337405916735,0.3794440059888499,0.7307006028428066,0.5550723044158282,0.3423399172481091,0.3517157082436435
MBDC037,conch,bleep_conch_adapter,2,x,low,top200_hvg,8990,2400,50,200,0.0516463717989972,0.0354376783487793,-0.1820907782483846,0.5417230129241943,0.2380404770374298,0.3525570251835547,0.1253835745953316,0.9139937661732248,0.5196886703842781,0.1101329344355052,0.1686834841352596
MBDC037,conch,bleep_conch_adapter,2,x,low,marker_hvg_overlap,8990,2400,50,157,0.0386927339903102,0.024802347005025,-0.159671246086004,0.4670348465442657,0.2071161568164825,0.3539271433116129,0.0966618995068726,0.9322643557198054,0.514463127613339,0.0868798035850959,0.1528282091733508
MBDC037,conch,bleep_conch_adapter,3,y,low,top50_hvg,9039,2400,50,50,0.1118191444873809,0.1010496825382559,-0.072951210825704,0.7789154648780823,0.5606458187103271,0.0620465182723235,0.3951439692809566,0.635292666869645,0.5152183180753008,0.2322469680163907,0.3373015371852373
MBDC037,conch,bleep_conch_adapter,3,y,low,top200_hvg,9039,2400,50,200,0.0485941839694564,0.0436032739465488,-0.0476825893793648,0.4878393709659576,0.2594026029109955,0.2202337370638542,0.1004129837253967,0.9080708581892188,0.5042419209573077,0.0602303310590512,0.1770696954061028
MBDC037,conch,bleep_conch_adapter,3,y,low,marker_hvg_overlap,9039,2400,50,156,0.0391742515137359,0.0356187973024542,-0.0451456459101721,0.4551652073860168,0.2394792288541793,0.2533689192724852,0.0732278872851801,0.9347408229921412,0.5039843551386607,0.052323099565265,0.1764683070350489
PCHM006,conch,bleep_conch_adapter,0,x,high,top50_hvg,8799,2400,50,50,0.3190510229766369,0.2945600388185897,-0.0459454062441363,0.6185126304626465,0.4856227934360504,0.4918175183203406,0.6804168521668736,0.4473544523202015,0.5638856522435376,0.6164483995017357,0.6640393762501848
PCHM006,conch,bleep_conch_adapter,0,x,high,top200_hvg,8799,2400,50,200,0.2247168213687837,0.199794236980326,-0.059715054144035,0.436170369386673,0.2878234684467315,0.5354910482342045,0.2522572338901901,0.8215505905099352,0.5369039122000626,0.2410320462980134,0.3643987853445536
PCHM006,conch,bleep_conch_adapter,0,x,high,marker_hvg_overlap,8799,2400,50,188,0.2230038942689908,0.1988348085422673,-0.0644634370995497,0.4378989338874817,0.2892619669437408,0.536042691785066,0.2513433155266887,0.8218941160981841,0.5366187158124364,0.2391952533842609,0.3637700296928889
PCHM006,conch,bleep_conch_adapter,1,y,high,top50_hvg,8996,2400,50,50,0.221833509504795,0.2123732577625694,-0.039067997194943,0.6381753087043762,0.5082416534423828,0.5020525790886392,0.7547486965707162,0.3359557403224967,0.5453522184466064,0.6257591970355921,0.601980501999254
PCHM006,conch,bleep_conch_adapter,1,y,high,top200_hvg,8996,2400,50,200,0.1550649753166362,0.1532767244801971,-0.1081020688736316,0.4746488630771637,0.317401647567749,0.5184609794024089,0.2731070853387513,0.7751116684891951,0.5241093769139733,0.2379667318285044,0.3426900907667667
PCHM006,conch,bleep_conch_adapter,1,y,high,marker_hvg_overlap,8996,2400,50,189,0.1543128005913877,0.1533546311422506,-0.1128343150022571,0.4743565320968628,0.3181731700897217,0.5222374463872906,0.2738321869015153,0.7758669598684018,0.5248495733849585,0.2387537118644692,0.342128063810323
PCHM006,conch,bleep_conch_adapter,2,x,low,top50_hvg,8785,2400,50,50,0.2769095408916473,0.2670210041421935,-0.1074148548254743,0.6665417551994324,0.5303573608398438,0.4167918546734167,0.7786597577248487,0.3104697470507599,0.5445647523878043,0.6425406522420422,0.6624393910088894
PCHM006,conch,bleep_conch_adapter,2,x,low,top200_hvg,8785,2400,50,200,0.1856524283159524,0.1737867451718386,-0.1388363836375356,0.4530666172504425,0.3135266304016113,0.5128692581740306,0.2948455471469584,0.7582222818793812,0.5265339145131699,0.2428428490699133,0.3477791428459272
PCHM006,conch,bleep_conch_adapter,2,x,low,marker_hvg_overlap,8785,2400,50,189,0.1858991194595262,0.174128107441169,-0.1366758226712971,0.4546792209148407,0.3135572373867035,0.5111486718241822,0.2923250700030523,0.7600969327752881,0.5262110013891702,0.2399647061549559,0.3475434075964133
PCHM006,conch,bleep_conch_adapter,3,y,low,top50_hvg,8997,2400,50,50,0.3499198117852211,0.3332229652524974,-0.118767834152095,0.6893877983093262,0.5512110590934753,0.5282674947602208,0.9230323765167308,0.1710627557439558,0.5470475661303433,0.7272176733598334,0.7048075423351797
PCHM006,conch,bleep_conch_adapter,3,y,low,top200_hvg,8997,2400,50,200,0.2554532017745077,0.2374846723347365,-0.1481422509140975,0.4884138405323028,0.3656289279460907,0.5653819407057017,0.4900749221226002,0.620458537407618,0.555266729765109,0.3774371072159641,0.4078207800205352
PCHM006,conch,bleep_conch_adapter,3,y,low,marker_hvg_overlap,8997,2400,50,188,0.2545477389853368,0.2370791657910099,-0.1388071354537734,0.4898844957351684,0.3665253818035126,0.5658629130292684,0.4864920215544828,0.6234900860969775,0.5549910538257302,0.3762551181657524,0.4085919093423252
PDHL031,conch,bleep_conch_adapter,0,x,high,top50_hvg,8957,2400,50,50,0.0928393171541392,0.079882118956396,-0.0761956085520796,0.3130137026309967,0.2272778153419494,0.1054711967934982,0.0488617006934658,0.9663831591040816,0.5076224298987736,0.039458461842417,0.1932788664703747
PDHL031,conch,bleep_conch_adapter,0,x,high,top200_hvg,8957,2400,50,200,0.0505672559273443,0.0441675631086316,-0.0609521769695129,0.2390725910663604,0.1451768577098846,0.1249786751128264,0.0122706391988673,0.9915843432067644,0.5019274912028158,0.0099732930779926,0.1156172525302606
PDHL031,conch,bleep_conch_adapter,0,x,high,marker_hvg_overlap,8957,2400,50,168,0.0495239458751235,0.0438195147344459,-0.0669994837887879,0.2406094521284103,0.1490912288427353,0.1158048960952755,0.0116378644844487,0.9919897015776392,0.501813783031044,0.0090311816195068,0.1172876293098865
PDHL031,conch,bleep_conch_adapter,1,y,high,top50_hvg,8839,2400,50,50,0.133296258309856,0.1300607157821315,-0.0308663439308293,0.3160140514373779,0.1781620234251022,0.1095911142002931,0.0108019170065755,0.9932054192854748,0.5020036681460252,0.0114678314649318,0.2187603095637533
PDHL031,conch,bleep_conch_adapter,1,y,high,top200_hvg,8839,2400,50,200,0.0780483878927888,0.0762514766933914,-0.0324587535217142,0.2486097812652588,0.1090182065963745,0.1401535071340673,0.0028617695742245,0.998282767460774,0.5005722685174993,0.0031699881692632,0.1289806874082481
PDHL031,conch,bleep_conch_adapter,1,y,high,marker_hvg_overlap,8839,2400,50,168,0.0794985034216913,0.0777539207487532,-0.0327807346284749,0.2471255958080291,0.1085893884301185,0.1410807817513161,0.0020197355164423,0.998417772080506,0.500218753798474,0.0021466740027891,0.1300177359836135
PDHL031,conch,bleep_conch_adapter,2,x,low,top50_hvg,8945,2400,50,50,0.1431140790414065,0.137176329909551,-0.0111861587967723,0.2870897650718689,0.1765549480915069,0.112116626284345,0.0158130667368686,0.992703372820826,0.5042582197788472,0.0135929917492663,0.1931009210401142
PDHL031,conch,bleep_conch_adapter,2,x,low,top200_hvg,8945,2400,50,200,0.0846607750410392,0.0836303410242446,-0.0306460348403197,0.2284343689680099,0.110496386885643,0.1173260433259559,0.0039532666842171,0.9981758432052064,0.5010645549447118,0.0033982479373165,0.1133423695618583
PDHL031,conch,bleep_conch_adapter,2,x,low,marker_hvg_overlap,8945,2400,50,168,0.0871584191332811,0.0853279187222388,-0.0312228473549545,0.2258726805448532,0.1095605939626693,0.1189148401312755,0.0041810597781296,0.9980269839446156,0.5011040218613727,0.0032670202186167,0.1143664367871643
PDHL031,conch,bleep_conch_adapter,3,y,low,top50_hvg,8740,2400,50,50,0.1134704995527863,0.1056511629321256,-0.1274658799142344,0.3070144653320312,0.2264480292797088,0.1172726885203578,0.0580995725615174,0.9528965980337104,0.505498085297614,0.0365111461630071,0.1803025768479564
PDHL031,conch,bleep_conch_adapter,3,y,low,top200_hvg,8740,2400,50,200,0.0638276163156842,0.0590267599994066,-0.0915344229360016,0.2308780550956726,0.1450977921485901,0.1264560832955552,0.0145474156629018,0.9882219989707932,0.5013847073168476,0.0091726295900791,0.106863418837307
PDHL031,conch,bleep_conch_adapter,3,y,low,marker_hvg_overlap,8740,2400,50,169,0.0615427706923787,0.0574918440232773,-0.0963055991587949,0.2311746776103973,0.1463160961866378,0.1208681704147847,0.0120361405751775,0.9903919154094274,0.5012140279923025,0.0081151478856701,0.1071312692467736
PDHP030,conch,bleep_conch_adapter,0,x,high,top50_hvg,8489,2400,50,50,0.2121262097358703,0.2109118160558556,-0.1076795241900254,0.303802877664566,0.2108520418405532,0.2418932171896154,0.1757946905285352,0.9160986632542196,0.5459466768913773,0.1297006451288042,0.2168190474757905
PDHP030,conch,bleep_conch_adapter,0,x,high,top200_hvg,8489,2400,50,200,0.1147525719134137,0.1136957623516961,-0.1132579640889889,0.2059257477521896,0.1161932349205017,0.2180107264370317,0.0442118305268706,0.9789726050760278,0.5115922178014493,0.0328283870886526,0.102030445382299
PDHP030,conch,bleep_conch_adapter,0,x,high,marker_hvg_overlap,8489,2400,50,158,0.1155923139569172,0.1149659606129384,-0.1191209944431475,0.2121176421642303,0.1214862912893295,0.2328868392198219,0.0520894312333572,0.975490560294232,0.5137899957637946,0.0386124222691165,0.105933271300501
PDHP030,conch,bleep_conch_adapter,1,y,high,top50_hvg,9090,2400,50,50,0.1494189011678099,0.1514786620333463,-0.0276900976040633,0.3126808106899261,0.1551344841718673,0.1956182051971282,0.0106604177561367,0.9966069947378556,0.5036337062469961,0.0177502504608078,0.2027609507159584
PDHP030,conch,bleep_conch_adapter,1,y,high,top200_hvg,9090,2400,50,200,0.0819747814238496,0.0809398178872757,-0.0283568515536171,0.2137017101049423,0.0821688994765281,0.176634153249766,0.0026651044390341,0.9991193354531044,0.5008922199460693,0.0044375626152019,0.1011221733281381
PDHP030,conch,bleep_conch_adapter,1,y,high,marker_hvg_overlap,9090,2400,50,158,0.0832851314068501,0.0825255965965611,-0.0280239308704961,0.2203111350536346,0.0847221761941909,0.193688540799742,0.003349576006449,0.998907940815546,0.5011287584109976,0.0055697587742802,0.1049833539391494
PDHP030,conch,bleep_conch_adapter,2,x,low,top50_hvg,8769,2400,50,50,0.3088358430564403,0.2940003707310454,0.0192318857973441,0.3081720471382141,0.2091973572969436,0.2347226816969232,0.1984212454838733,0.935489093869247,0.5669551696765602,0.1616456363482743,0.3041627630327541
PDHP030,conch,bleep_conch_adapter,2,x,low,top200_hvg,8769,2400,50,200,0.1724231213357415,0.165096139000165,-0.03938088652656,0.2083694040775299,0.1100257411599159,0.2172723214411719,0.0505167697043016,0.9836390307136884,0.5170779002089951,0.0414720151476746,0.1404811126808157
PDHP030,conch,bleep_conch_adapter,2,x,low,marker_hvg_overlap,8769,2400,50,160,0.1728430409249995,0.1657686561398827,-0.0365781749759662,0.2129322737455368,0.1127209886908531,0.2326407189819525,0.0559469365963178,0.9815139794149198,0.5187304580056189,0.044826326833349,0.1441487458959219
PDHP030,conch,bleep_conch_adapter,3,y,low,top50_hvg,8847,2400,50,50,0.2843854856491088,0.2517556087704614,-0.1193394512380473,0.2982247769832611,0.2140202969312667,0.1731751941581352,0.1380914061931981,0.951476857229836,0.5447841317115172,0.1077902756518132,0.2724235868234883
PDHP030,conch,bleep_conch_adapter,3,y,low,top200_hvg,8847,2400,50,200,0.1550094802584499,0.1410115102750389,-0.0956330933381104,0.2000742852687835,0.1116259768605232,0.1652626063890612,0.0345228515482995,0.9878692143074592,0.5111960329278793,0.0269475689129533,0.1259811353835368
PDHP030,conch,bleep_conch_adapter,3,y,low,marker_hvg_overlap,8847,2400,50,160,0.1576524368108948,0.1430992187512197,-0.0876432817261957,0.2032708376646042,0.1138309314846992,0.1781446580685098,0.0364048428005228,0.9867271621448696,0.5115660024726962,0.0281879206446511,0.1306356741011042
PDHS029,conch,bleep_conch_adapter,0,x,high,top50_hvg,8893,2400,50,50,0.3247091289982199,0.3320832559542594,-0.1277788523281924,0.5527175664901733,0.4241285920143127,0.4155438818994846,0.6994312487256781,0.5047141560349727,0.6020727023803254,0.5008970791975387,0.4895604242881722
PDHS029,conch,bleep_conch_adapter,0,x,high,top200_hvg,8893,2400,50,200,0.1808749903040477,0.1821156389617449,-0.0833923263223309,0.3656674325466156,0.2450864762067794,0.4092838107076512,0.2176119056690691,0.8521294799692014,0.5345054402562438,0.1588229597518415,0.2475828690144335
PDHS029,conch,bleep_conch_adapter,0,x,high,marker_hvg_overlap,8893,2400,50,199,0.1804120421721623,0.1815939597482508,-0.08113072804098,0.3656814694404602,0.2447234094142913,0.410034381849884,0.2148108434642552,0.8534186319524932,0.5337508958698705,0.1577113112499917,0.2475128378715401
PDHS029,conch,bleep_conch_adapter,1,y,high,top50_hvg,8753,2400,50,50,0.2676394078500417,0.2756982187374641,-0.1019248991054767,0.525585412979126,0.3800492286682129,0.3560250377134598,0.5427456767290191,0.6934375033228357,0.6149634012843238,0.4520566154853519,0.4164631774366303
PDHS029,conch,bleep_conch_adapter,1,y,high,top200_hvg,8753,2400,50,200,0.1530080658878875,0.1543134698647491,-0.1058110367230256,0.3450770974159241,0.2143193334341049,0.3516134343132106,0.1694952655317474,0.9051527054666388,0.5366017979773655,0.1436406993710905,0.2103598652729602
PDHS029,conch,bleep_conch_adapter,1,y,high,marker_hvg_overlap,8753,2400,50,199,0.1526016163781085,0.1538064655542431,-0.1065430980030882,0.3455208837985992,0.2148359566926956,0.351653886550568,0.1703600372946645,0.9046760858961196,0.536788541844597,0.1443735600821675,0.2104126931339886
PDHS029,conch,bleep_conch_adapter,2,x,low,top50_hvg,8631,2400,50,50,0.3041848632320761,0.2118263094072031,0.0286532283842097,0.3913149535655975,0.2581439912319183,0.2670030197170083,0.2180547569156305,0.8986512598431969,0.5583530083794137,0.2266669016983863,0.3410885843366458
PDHS029,conch,bleep_conch_adapter,2,x,low,top200_hvg,8631,2400,50,200,0.2124513025127817,0.1568019763503765,-0.0012062255307682,0.3003464937210083,0.1627180874347686,0.2568801969104661,0.0699106696275844,0.9693161515138266,0.5196134105707054,0.0755423952365196,0.2170394285690262
PDHS029,conch,bleep_conch_adapter,2,x,low,marker_hvg_overlap,8631,2400,50,199,0.2127609736199523,0.1570645878410063,0.0018067475974012,0.301026701927185,0.1632617115974426,0.2564432492158044,0.0702619795252104,0.9691619613204288,0.5197119704228196,0.0759220052628338,0.2179165112599198
PDHS029,conch,bleep_conch_adapter,3,y,low,top50_hvg,8908,2400,50,50,0.0505317488266155,0.0418312533175494,-3.500637048445642,0.5852702856063843,0.462050586938858,0.1368581115459883,0.4919897586164303,0.5507805636858921,0.5213851611511612,0.2556813873584516,0.2228154621835569
PDHS029,conch,bleep_conch_adapter,3,y,low,top200_hvg,8908,2400,50,200,0.0250475616248149,0.0203361621331257,-1.2145877661736448,0.3852337896823883,0.2493508756160736,0.1479948314351365,0.1353182058304685,0.8788093236643174,0.5070637647473929,0.0734408594049761,0.1385685503666602
PDHS029,conch,bleep_conch_adapter,3,y,low,marker_hvg_overlap,8908,2400,50,199,0.0249584319507855,0.0202551280936316,-1.1369256077131875,0.3859549760818481,0.2497166991233825,0.1478807727886027,0.1359981968145412,0.8782003252907712,0.5070992610526562,0.0738099089497247,0.1392296149248361
WMPP017,conch,bleep_conch_adapter,0,x,high,top50_hvg,8978,2400,50,50,0.4401428457722068,0.342767996619417,-0.1347905708913458,0.6668523550033569,0.4450714588165283,0.5700798820276793,0.6786116252565242,0.6235047855629215,0.6510582054097229,0.5400991051130596,0.5565547716028224
WMPP017,conch,bleep_conch_adapter,0,x,high,top200_hvg,8978,2400,50,200,0.3374596152815502,0.2353930989167003,-0.2918750965948857,0.467605859041214,0.2620946764945984,0.5287128014886254,0.4355614061812682,0.8270654854185716,0.6313134457999199,0.3292917589165674,0.3513274967246458
WMPP017,conch,bleep_conch_adapter,0,x,high,marker_hvg_overlap,8978,2400,50,145,0.3146506765873396,0.2269536548503679,-0.2986205611673007,0.4868252873420715,0.2835571467876434,0.5357776698310011,0.4257976207336322,0.8000357424990722,0.6129166816163522,0.3286812335590763,0.3461341191771477
WMPP017,conch,bleep_conch_adapter,1,y,high,top50_hvg,8846,2400,50,50,0.3776093106344342,0.2878946652650211,-0.3151312527383561,0.6267103552818298,0.4238876700401306,0.5539589986141789,0.649396407794825,0.6057823598667476,0.6275893838307862,0.4845970715203184,0.4689801801260572
WMPP017,conch,bleep_conch_adapter,1,y,high,top200_hvg,8846,2400,50,200,0.28410058720503,0.2027267534653526,-0.4032078568309225,0.4369662404060364,0.2451664358377456,0.5171513961888626,0.3671349645435316,0.8288372613220787,0.5979861129328051,0.3017206116618172,0.2903188255493211
WMPP017,conch,bleep_conch_adapter,1,y,high,marker_hvg_overlap,8846,2400,50,145,0.2747229761235287,0.2046595033167249,-0.4172364292438503,0.4662010371685028,0.273435890674591,0.5253277249095906,0.3887315343322424,0.7937645684192338,0.5912480513757383,0.3130366196829481,0.2995975022717139
WMPP017,conch,bleep_conch_adapter,2,x,low,top50_hvg,8861,2400,50,50,0.2477433073194697,0.1742241196027745,-2.1991690585017203,0.5946951508522034,0.3653334081172943,0.5190955413332268,0.422450360044366,0.7301545457676523,0.5763024529060092,0.3862687800342598,0.3714348537985714
WMPP017,conch,bleep_conch_adapter,2,x,low,top200_hvg,8861,2400,50,200,0.1744731077113101,0.1298954512317685,-4.69610914200719,0.4797817468643188,0.2497721016407013,0.4282765040042674,0.2142203597783022,0.8829435485355157,0.5485819541569089,0.2044741786114288,0.248345832527371
WMPP017,conch,bleep_conch_adapter,2,x,low,marker_hvg_overlap,8861,2400,50,142,0.1670805879320923,0.1355850782643485,-5.471498116223686,0.5223526954650879,0.2883601188659668,0.4348497913515166,0.2424870765327197,0.8488849177913682,0.545685997162044,0.2263216299050919,0.2641640970999706
WMPP017,conch,bleep_conch_adapter,3,y,low,top50_hvg,8812,2400,50,50,0.5573417197912931,0.415584372878427,0.2574608595995232,0.6176795363426208,0.3956135213375091,0.6828659692384907,0.5663006808150244,0.7946919709366235,0.6804963258758241,0.5837881581443717,0.6331467549311898
WMPP017,conch,bleep_conch_adapter,3,y,low,top200_hvg,8812,2400,50,200,0.4835441135248402,0.3275234844931646,0.0739831776183564,0.4421747028827667,0.2272983789443969,0.6448537578396217,0.3684701435039867,0.9203002445966796,0.6443851940503333,0.4132303752555372,0.4785079628258672
WMPP017,conch,bleep_conch_adapter,3,y,low,marker_hvg_overlap,8812,2400,50,147,0.4453601824495067,0.3101104438706472,-0.0057365167474209,0.4480349421501159,0.2395363003015518,0.6456401487958162,0.3478807702863483,0.9056085039196224,0.6267446371029854,0.3886059079182318,0.4534224225873759
WMPW025,conch,bleep_conch_adapter,0,x,high,top50_hvg,8934,2400,50,50,0.2030651120562106,0.1646716936435159,-0.8370559914922342,0.4759625196456909,0.2903701066970825,0.2934282561366431,0.3076936736150659,0.8606696483139475,0.5841816609645067,0.210276281289848,0.2414026170865341
WMPW025,conch,bleep_conch_adapter,0,x,high,top200_hvg,8934,2400,50,200,0.1109235444552905,0.0947668236463231,-0.3604836251412234,0.2969368398189544,0.1526047736406326,0.2626437176869481,0.0961639346660769,0.961556949106718,0.5288604418863975,0.0703003468910918,0.130761963364205
WMPW025,conch,bleep_conch_adapter,0,x,high,marker_hvg_overlap,8934,2400,50,197,0.1079322692592744,0.0919943022282566,-0.3374363075254131,0.2925133407115936,0.1511488109827041,0.2603671124050981,0.0880464660405142,0.9637178594869192,0.5258821627637168,0.0665906767651331,0.1294558225549331
WMPW025,conch,bleep_conch_adapter,1,y,high,top50_hvg,8864,2400,50,50,0.258988364264369,0.2236616754933119,-0.0378370749158784,0.4067858159542084,0.2539014220237732,0.3578654553340949,0.2817318849830325,0.9001615093586967,0.5909466971708646,0.2649287481827492,0.3144202816955398
WMPW025,conch,bleep_conch_adapter,1,y,high,top200_hvg,8864,2400,50,200,0.1572094718895096,0.1390850871035071,-0.0695409746467521,0.285062700510025,0.1592236459255218,0.2997864815078936,0.0987642924670409,0.9695248607991712,0.534144576633106,0.093176204721695,0.1752240380230576
WMPW025,conch,bleep_conch_adapter,1,y,high,marker_hvg_overlap,8864,2400,50,198,0.1542622985644912,0.1365214985068394,-0.0717989832087047,0.2841874063014984,0.1593213379383087,0.2987742148612926,0.094061846841041,0.970090633063299,0.53207623995217,0.0895076703738161,0.1731479341524859
WMPW025,conch,bleep_conch_adapter,2,x,low,top50_hvg,9015,2400,50,50,0.1964712991856504,0.1599120609158293,-0.107983524010051,0.4784294664859772,0.2989635765552521,0.3508765543067833,0.1537719386583055,0.9025937459087768,0.5281828422835413,0.1652225284853107,0.3573989036690103
WMPW025,conch,bleep_conch_adapter,2,x,low,top200_hvg,9015,2400,50,200,0.1039848905414692,0.0861879108425513,-0.0936529573111329,0.3512886464595794,0.1988301128149032,0.2846922772952487,0.0487700352707077,0.9733231675745172,0.5110466014226127,0.0547944359198126,0.213477611904987
WMPW025,conch,bleep_conch_adapter,2,x,low,marker_hvg_overlap,9015,2400,50,197,0.0983379086474226,0.081826570594509,-0.0961802263719355,0.350870132446289,0.2002636939287185,0.2830690375911447,0.0485605653927153,0.9729478734816198,0.5107542194371676,0.0540205359338354,0.2107342182698925
WMPW025,conch,bleep_conch_adapter,3,y,low,top50_hvg,8891,2400,50,50,0.2796091416105628,0.2330366412965919,-0.0326661253464408,0.3969327807426452,0.2454857975244522,0.3721712929753864,0.302992805660065,0.9046467619574544,0.6038197838087598,0.2687124493719423,0.3267053739069944
WMPW025,conch,bleep_conch_adapter,3,y,low,top200_hvg,8891,2400,50,200,0.17400234521745,0.1444042457394592,-0.0463253302093653,0.2765948474407196,0.1471351981163025,0.3199283695605218,0.1082972409457144,0.9714582153208714,0.5398777281332929,0.1015876837405953,0.1861246826441628
WMPW025,conch,bleep_conch_adapter,3,y,low,marker_hvg_overlap,8891,2400,50,197,0.1703921107301692,0.14150903215829,-0.0431447597139285,0.2763432264328003,0.1472923904657364,0.3185591720285884,0.1005281624551523,0.9725228082448,0.5365254853499762,0.0972406289901457,0.1841163761739223
XTNL005,conch,bleep_conch_adapter,0,x,high,top50_hvg,8989,2400,50,50,0.4403206610679626,0.3666759053216198,0.1115418037399649,0.6704261302947998,0.386832445859909,0.3290990248822459,0.285883526905078,0.939749059633173,0.6128162932691256,0.3704386669239177,0.5570808940212247
XTNL005,conch,bleep_conch_adapter,0,x,high,top200_hvg,8989,2400,50,200,0.265587153902743,0.2232128841132711,0.0065727897324154,0.4676247835159302,0.2266674935817718,0.3160711563429495,0.1277684965628644,0.9717062398214028,0.5497373681921337,0.1630738441471126,0.3207938495772758
XTNL005,conch,bleep_conch_adapter,0,x,high,marker_hvg_overlap,8989,2400,50,185,0.2649946064184847,0.2223124092105937,0.0046938969260859,0.4723711907863617,0.2301650643348693,0.3154152777835821,0.1302620811419142,0.9707236697080386,0.5504928754249764,0.1674825685095121,0.3237129376979107
XTNL005,conch,bleep_conch_adapter,1,y,high,top50_hvg,8935,2400,50,50,0.2018196360766887,0.1286001323964397,-0.0122965050395578,0.4958120882511139,0.3373528718948364,0.2582578609722021,0.2529320934331244,0.8108550276792842,0.5318935605562044,0.2206194507729383,0.2863217143167047
XTNL005,conch,bleep_conch_adapter,1,y,high,top200_hvg,8935,2400,50,200,0.1225055018704733,0.0866269922072198,-0.0836450641651754,0.3886306285858154,0.2302172780036926,0.2515249631208181,0.1347650099356689,0.9015953932533456,0.5181802015945073,0.1140351716848966,0.1772968457768964
XTNL005,conch,bleep_conch_adapter,1,y,high,marker_hvg_overlap,8935,2400,50,187,0.1218871323047529,0.0847631079710204,-0.0802844956116925,0.3889834880828857,0.2296832203865051,0.2532033410418323,0.130996758973043,0.9038262459561396,0.5174115024645913,0.1107528253402084,0.1759963257972019
XTNL005,conch,bleep_conch_adapter,2,x,low,top50_hvg,8879,2400,50,50,0.4397612655162811,0.3567619545785578,0.1732916018180549,0.548742949962616,0.3438578844070434,0.3357936770653303,0.4527301527901751,0.8435404446987453,0.6481352987444602,0.4611526863164955,0.5039870851647934
XTNL005,conch,bleep_conch_adapter,2,x,low,top200_hvg,8879,2400,50,200,0.2841501717595383,0.2313943520064055,0.0500193425576435,0.3969134092330932,0.2100188285112381,0.319305334582589,0.2081444508961254,0.936134741883619,0.5721395963898722,0.2203079462867842,0.2961494247167994
XTNL005,conch,bleep_conch_adapter,2,x,low,marker_hvg_overlap,8879,2400,50,186,0.2829965501973626,0.2298856848166731,0.0486018724050447,0.3987430334091186,0.2123637348413467,0.3186347185994305,0.2097278827189242,0.9344920114907964,0.5721099471048603,0.2216929750959163,0.2970514831779741
XTNL005,conch,bleep_conch_adapter,3,y,low,top50_hvg,8985,2400,50,50,0.3638983752764761,0.3261493675679472,0.0470174681767821,0.6022166609764099,0.3519350588321686,0.353308927026416,0.3629441798001113,0.8682752660859578,0.6156097229430345,0.3777450085223093,0.4672916006120304
XTNL005,conch,bleep_conch_adapter,3,y,low,top200_hvg,8985,2400,50,200,0.233080668433613,0.2042218160419219,-0.0701350392722815,0.4392007291316986,0.2420486062765121,0.288588037432604,0.1981885546597893,0.9158691809182732,0.5570288677890314,0.1879208251755575,0.2828204470017109
XTNL005,conch,bleep_conch_adapter,3,y,low,marker_hvg_overlap,8985,2400,50,183,0.2365567710354308,0.208268550932864,-0.0740798452324831,0.4478942453861236,0.2523654103279114,0.2811745367892859,0.2048775018363902,0.9111396435886596,0.5580085727125249,0.1937904589231054,0.2911042105089906
