encoder,species,organ,target,train_samples,seed,ratio,model,gene_set,n_train,n_test,n_shared_genes,n_genes,pearson_gene_macro,spearman_gene_macro,r2_gene_macro,rmse_log1p,mae_log1p,pearson_cell_macro,sensitivity_gene_macro,specificity_gene_macro,balanced_accuracy_gene_macro,f1_gene_macro,auprc_gene_macro
conch,human,ovary,FFHO026,HOCD032;HOCW023,0,0.1,image,top50_hvg,2400,12000,352,50,0.0492749770730733,0.0498408777071652,-0.605883883786737,0.8553875684738159,0.5215866565704346,0.1212823277935255,0.017924423835412,0.98964252748139,0.503783475658401,0.0274997564421722,0.4131535956212153
conch,human,ovary,FFHO026,HOCD032;HOCW023,0,0.1,image,top200_hvg,2400,12000,352,200,0.0235065404005727,0.0228639810487101,-0.3544085887961274,0.577512800693512,0.2730399668216705,0.1558760304884685,0.0045061291269203,0.9973988043831148,0.5009459310876384,0.0069144398459977,0.2271447439042314
conch,human,ovary,FFHO026,HOCD032;HOCW023,0,0.1,image,marker_hvg_overlap,2400,12000,352,186,0.0244290283934615,0.0238272547055314,-0.3420449024794711,0.5904711484909058,0.2807746231555938,0.1558599882172336,0.0048046168639427,0.9972303037260428,0.5010099746293876,0.0073563515800835,0.2322574361179433
conch,human,ovary,FFHO026,HOCD032;HOCW023,0,0.1,train_mean,top50_hvg,2400,12000,352,50,6.506354251989421e-07,,-0.4281589991277724,0.7974395155906677,0.5121889114379883,0.2238433441806307,0.0,1.0,0.5,0.0,0.393695
conch,human,ovary,FFHO026,HOCD032;HOCW023,0,0.1,train_mean,top200_hvg,2400,12000,352,200,-1.9370441819165135e-07,,-0.2506471747346127,0.5528446435928345,0.2640330195426941,0.3172550131935036,0.0,1.0,0.5,0.0,0.2193182579564489
conch,human,ovary,FFHO026,HOCD032;HOCW023,0,0.1,train_mean,marker_hvg_overlap,2400,12000,352,186,-2.320250219511877e-07,,-0.2249766531924841,0.5654593706130981,0.269583523273468,0.3461003000915709,0.0,1.0,0.5,0.0,0.2240310810810811
conch,human,ovary,FFHO026,HOCD032;HOCW023,0,0.25,image,top50_hvg,6000,12000,352,50,0.0389150982181308,0.0382894374177892,-0.6816740782186389,0.8692448735237122,0.5228106379508972,0.1573705053663108,0.0112501860985117,0.9951570407970328,0.5032036134477723,0.0161104207859189,0.4087665759223883
conch,human,ovary,FFHO026,HOCD032;HOCW023,0,0.25,image,top200_hvg,6000,12000,352,200,0.0300581116842011,0.028911677299655,-0.3494577913254911,0.5821161866188049,0.2670055031776428,0.1617646369964609,0.0028291849719202,0.9987872589985378,0.5008051748972856,0.0040528420571883,0.2290936116023086
conch,human,ovary,FFHO026,HOCD032;HOCW023,0,0.25,image,marker_hvg_overlap,6000,12000,352,186,0.0320251865475674,0.0308060164177557,-0.3274058563080994,0.5946203470230103,0.2739618122577667,0.1612184880025663,0.0030249447767716,0.9987058216803132,0.5008618854493001,0.0043240017895369,0.2345344183112213
conch,human,ovary,FFHO026,HOCD032;HOCW023,0,0.25,train_mean,top50_hvg,6000,12000,352,50,-3.958848435203777e-07,,-0.4272146526200231,0.7989460229873657,0.5122725367546082,0.2099735597410012,0.0,1.0,0.5,0.0,0.393695
conch,human,ovary,FFHO026,HOCD032;HOCW023,0,0.25,train_mean,top200_hvg,6000,12000,352,200,-5.653079271138446e-08,,-0.2489393007771601,0.5531501173973083,0.2639446556568146,0.3151230869571916,0.0,1.0,0.5,0.0,0.2193182579564489
conch,human,ovary,FFHO026,HOCD032;HOCW023,0,0.25,train_mean,marker_hvg_overlap,6000,12000,352,186,-2.9399097235928546e-08,,-0.2249619917344692,0.5657620429992676,0.2695959210395813,0.3420388285902659,0.0,1.0,0.5,0.0,0.2240310810810811
conch,human,ovary,FFHO026,HOCD032;HOCW023,0,1.0,image,top50_hvg,24000,12000,352,50,0.0519597460189834,0.0517223502292634,-0.6701142594218255,0.8666505813598633,0.518006443977356,0.1919040425340122,0.0113904575164352,0.99554591284168,0.5034681851790576,0.0158911154850136,0.4130930592773568
conch,human,ovary,FFHO026,HOCD032;HOCW023,0,1.0,image,top200_hvg,24000,12000,352,200,0.0403621016987529,0.0385384142183975,-0.3199682903564395,0.5810317397117615,0.2625725269317627,0.1879108222318478,0.0028619239991043,0.99888647821042,0.5008714033113211,0.0039927425841742,0.2325959218386001
conch,human,ovary,FFHO026,HOCD032;HOCW023,0,1.0,image,marker_hvg_overlap,24000,12000,352,186,0.0424840486451127,0.0405911663514211,-0.3146037824882974,0.5937232375144958,0.2697146832942962,0.1873121426712617,0.0030610933184081,0.9988117069200196,0.500933188516295,0.0042610594234757,0.2379946199955048
conch,human,ovary,FFHO026,HOCD032;HOCW023,0,1.0,train_mean,top50_hvg,24000,12000,352,50,6.704335561380503e-07,,-0.4282605070612771,0.7981998920440674,0.5123968124389648,0.2123783835246932,0.0,1.0,0.5,0.0,0.393695
conch,human,ovary,FFHO026,HOCD032;HOCW023,0,1.0,train_mean,top200_hvg,24000,12000,352,200,3.4374217964501336e-08,,-0.2493691294233501,0.5528396368026733,0.2641317248344421,0.3156741777813051,0.0,1.0,0.5,0.0,0.2193182579564489
conch,human,ovary,FFHO026,HOCD032;HOCW023,0,1.0,train_mean,marker_hvg_overlap,24000,12000,352,186,8.474335544406132e-08,,-0.2246279471523037,0.5654342770576477,0.2697592079639435,0.3430753994720274,0.0,1.0,0.5,0.0,0.2240310810810811
conch,human,ovary,FFHO026,HOCD032;HOCW023,1,0.1,image,top50_hvg,2400,12000,352,50,0.0699740898516029,0.0714364994072192,-0.5969413679745048,0.8527535200119019,0.5221686959266663,0.1212523728477163,0.0258818671111993,0.9845146780919322,0.5051982726015658,0.0360769164883721,0.4213800132641309
conch,human,ovary,FFHO026,HOCD032;HOCW023,1,0.1,image,top200_hvg,2400,12000,352,200,0.030234107424753,0.0297586805446245,-0.3462705544299029,0.5751094818115234,0.2743163704872131,0.1547819323124112,0.0066132037837575,0.9960816413060528,0.5013375774225587,0.0092708070378794,0.2301571108756606
conch,human,ovary,FFHO026,HOCD032;HOCW023,1,0.1,image,marker_hvg_overlap,2400,12000,352,186,0.0308670764977766,0.0305285577534227,-0.3257276866559845,0.5880166888237,0.2817282974720001,0.1548097669715975,0.0070923557054028,0.9958101697481192,0.5014399388612154,0.0099300676156522,0.2350937488939082
conch,human,ovary,FFHO026,HOCD032;HOCW023,1,0.1,train_mean,top50_hvg,2400,12000,352,50,8.730567828152403e-07,,-0.4287378606991842,0.7995094656944275,0.5120895504951477,0.2136004992428079,0.0,1.0,0.5,0.0,0.393695
conch,human,ovary,FFHO026,HOCD032;HOCW023,1,0.1,train_mean,top200_hvg,2400,12000,352,200,5.911566520766632e-07,,-0.2528566375624736,0.5535829067230225,0.2639842629432678,0.3140621586756186,0.0,1.0,0.5,0.0,0.2193182579564489
conch,human,ovary,FFHO026,HOCD032;HOCW023,1,0.1,train_mean,marker_hvg_overlap,2400,12000,352,186,5.581254468895653e-07,,-0.2294063043064041,0.5662068128585815,0.2697038948535919,0.340170176898993,0.0,1.0,0.5,0.0,0.2240310810810811
conch,human,ovary,FFHO026,HOCD032;HOCW023,1,0.25,image,top50_hvg,6000,12000,352,50,0.0394864974197116,0.0386069871205035,-0.6579738290421665,0.8663886189460754,0.5200434327125549,0.1558547190706685,0.0104588426982613,0.9954174091233848,0.5029381259108231,0.01668399094596,0.4076466161625109
conch,human,ovary,FFHO026,HOCD032;HOCW023,1,0.25,image,top200_hvg,6000,12000,352,200,0.030475921537224,0.0286054138835172,-0.3503708766455102,0.580682635307312,0.266673594713211,0.1741458784920653,0.0026278499241862,0.9988543522808462,0.500738222590659,0.0041919575241105,0.2290558116574221
conch,human,ovary,FFHO026,HOCD032;HOCW023,1,0.25,image,marker_hvg_overlap,6000,12000,352,186,0.0329401251221251,0.0310550074175084,-0.3241730303629427,0.5934540033340454,0.2737651765346527,0.1737042820411023,0.0028083735632632,0.998775272991776,0.5007885132045244,0.0044732736539375,0.2346552369957963
conch,human,ovary,FFHO026,HOCD032;HOCW023,1,0.25,train_mean,top50_hvg,6000,12000,352,50,5.407490147035787e-07,,-0.4266838510718662,0.7974759936332703,0.5128214359283447,0.211577005013637,0.0,1.0,0.5,0.0,0.393695
conch,human,ovary,FFHO026,HOCD032;HOCW023,1,0.25,train_mean,top200_hvg,6000,12000,352,200,1.6116290119077978e-07,,-0.2519674162805912,0.552503764629364,0.2644772827625274,0.3151745136588734,0.0,1.0,0.5,0.0,0.2193182579564489
conch,human,ovary,FFHO026,HOCD032;HOCW023,1,0.25,train_mean,marker_hvg_overlap,6000,12000,352,186,3.014086452232142e-07,,-0.224088487958471,0.5650761723518372,0.2700870037078857,0.3424237446400581,0.0,1.0,0.5,0.0,0.2240310810810811
conch,human,ovary,FFHO026,HOCD032;HOCW023,1,1.0,image,top50_hvg,24000,12000,352,50,0.0491623849421739,0.0482515947201118,-0.6809908641502261,0.8672769665718079,0.5193944573402405,0.1964387211866803,0.0126425192084525,0.9953757919990583,0.5040091556037555,0.0176125131576746,0.412164680752244
conch,human,ovary,FFHO026,HOCD032;HOCW023,1,1.0,image,top200_hvg,24000,12000,352,200,0.0387611017570054,0.0368030962312381,-0.3240857114230023,0.5812113285064697,0.2630301713943481,0.18822800840508,0.0031765123639327,0.9988439479997646,0.5010073255285817,0.0044252545622298,0.2320925584456793
conch,human,ovary,FFHO026,HOCD032;HOCW023,1,1.0,image,marker_hvg_overlap,24000,12000,352,186,0.0410898184910341,0.0390917191430656,-0.3169030994025839,0.5938400030136108,0.2701070010662079,0.1875829961367059,0.0033994883703046,0.9987640855927636,0.5010784466723254,0.004726088893434,0.2375669052535599
conch,human,ovary,FFHO026,HOCD032;HOCW023,1,1.0,train_mean,top50_hvg,24000,12000,352,50,6.704335561380503e-07,,-0.4282605070612771,0.7981998920440674,0.5123968124389648,0.2123783835246932,0.0,1.0,0.5,0.0,0.393695
conch,human,ovary,FFHO026,HOCD032;HOCW023,1,1.0,train_mean,top200_hvg,24000,12000,352,200,3.4374217964501336e-08,,-0.2493691294233501,0.5528396368026733,0.2641317248344421,0.3156741777813051,0.0,1.0,0.5,0.0,0.2193182579564489
conch,human,ovary,FFHO026,HOCD032;HOCW023,1,1.0,train_mean,marker_hvg_overlap,24000,12000,352,186,8.474335544406132e-08,,-0.2246279471523037,0.5654342770576477,0.2697592079639435,0.3430753994720274,0.0,1.0,0.5,0.0,0.2240310810810811
conch,human,ovary,FFHO026,HOCD032;HOCW023,2,0.1,image,top50_hvg,2400,12000,352,50,0.0515749114472691,0.0513210816272317,-0.7048211618419736,0.8714975118637085,0.5323026180267334,0.1504426812205211,0.0194365365759652,0.9906340534427542,0.5050352950093598,0.0264818293644534,0.4114320028848215
conch,human,ovary,FFHO026,HOCD032;HOCW023,2,0.1,image,top200_hvg,2400,12000,352,200,0.0233753281100031,0.0219196279001055,-0.3976210966430155,0.5838165283203125,0.2751350402832031,0.1574453379934166,0.0048886544172622,0.9976560507108776,0.5012664632442478,0.0066639154788319,0.2260837293757584
conch,human,ovary,FFHO026,HOCD032;HOCW023,2,0.1,image,marker_hvg_overlap,2400,12000,352,186,0.0237367385380108,0.0222230207966484,-0.3630046901293099,0.5969313383102417,0.2822291254997253,0.1535504649169272,0.0051705826024177,0.9975439269341784,0.501350616732985,0.0069961379674459,0.2308424955693063
conch,human,ovary,FFHO026,HOCD032;HOCW023,2,0.1,train_mean,top50_hvg,2400,12000,352,50,1.8236173445984605e-07,,-0.4265098849515197,0.7965642809867859,0.512385368347168,0.2203193041330284,0.0,1.0,0.5,0.0,0.393695
conch,human,ovary,FFHO026,HOCD032;HOCW023,2,0.1,train_mean,top200_hvg,2400,12000,352,200,-1.8121909923539566e-07,,-0.2507971646154599,0.5522595047950745,0.2640674710273742,0.3183926018969824,0.0,1.0,0.5,0.0,0.2193182579564489
conch,human,ovary,FFHO026,HOCD032;HOCW023,2,0.1,train_mean,marker_hvg_overlap,2400,12000,352,186,-1.8504429822904265e-07,,-0.2248179918644431,0.564836323261261,0.2696637809276581,0.3453212250278836,0.0,1.0,0.5,0.0,0.2240310810810811
conch,human,ovary,FFHO026,HOCD032;HOCW023,2,0.25,image,top50_hvg,6000,12000,352,50,0.0379597785056103,0.0378024514658917,-0.6624152356013656,0.8645768761634827,0.5217246413230896,0.1593212993748186,0.015179337660637,0.9931833039095816,0.5041813207851092,0.0199897326887457,0.4087960285164261
conch,human,ovary,FFHO026,HOCD032;HOCW023,2,0.25,image,top200_hvg,6000,12000,352,200,0.0239953235803881,0.0227229694201878,-0.3475340619243344,0.5803993344306946,0.2674170136451721,0.1747740523426592,0.0038665099359256,0.9982813172721724,0.5010695953057378,0.0051251992462386,0.2273276653207256
conch,human,ovary,FFHO026,HOCD032;HOCW023,2,0.25,image,marker_hvg_overlap,6000,12000,352,186,0.0253488597653985,0.0238962717958757,-0.3342685482842294,0.5928068161010742,0.2741878926753998,0.1762751896032392,0.0041407700083234,0.9981619411927064,0.5011463878740086,0.0054774577928128,0.2325220872271947
conch,human,ovary,FFHO026,HOCD032;HOCW023,2,0.25,train_mean,top50_hvg,6000,12000,352,50,-6.402494225365985e-07,,-0.4277881700458238,0.798257052898407,0.5120646357536316,0.2159687772496412,0.0,1.0,0.5,0.0,0.393695
conch,human,ovary,FFHO026,HOCD032;HOCW023,2,0.25,train_mean,top200_hvg,6000,12000,352,200,6.353665451385489e-08,,-0.2476461270633254,0.5528364181518555,0.2639691829681396,0.3174234724688555,0.0,1.0,0.5,0.0,0.2193182579564489
conch,human,ovary,FFHO026,HOCD032;HOCW023,2,0.25,train_mean,marker_hvg_overlap,6000,12000,352,186,1.286926508854365e-07,,-0.2256251655253338,0.5654405355453491,0.2696124315261841,0.3444256989720864,0.0,1.0,0.5,0.0,0.2240310810810811
conch,human,ovary,FFHO026,HOCD032;HOCW023,2,1.0,image,top50_hvg,24000,12000,352,50,0.0482071712508332,0.0481233930953328,-0.6736962093785405,0.8668615221977234,0.5183686017990112,0.1897585335137951,0.0125943302891391,0.9951952432053348,0.503894786747237,0.0171719845266747,0.411653661501665
conch,human,ovary,FFHO026,HOCD032;HOCW023,2,1.0,image,top200_hvg,24000,12000,352,200,0.0394139332090148,0.037631750468993,-0.3202890077730595,0.5809024572372437,0.262858122587204,0.1878877680477382,0.003164404595261,0.9987988108013336,0.5009785896349842,0.0043145689765514,0.2323601835035558
conch,human,ovary,FFHO026,HOCD032;HOCW023,2,1.0,image,marker_hvg_overlap,24000,12000,352,186,0.0413683318794151,0.0395106624469407,-0.3148933954877508,0.5935741662979126,0.2699956595897674,0.1874604844918756,0.0033864643380578,0.9987169684092566,0.5010482487207093,0.0046071872100391,0.2377144168789677
conch,human,ovary,FFHO026,HOCD032;HOCW023,2,1.0,train_mean,top50_hvg,24000,12000,352,50,6.704335561380503e-07,,-0.4282605070612771,0.7981998920440674,0.5123968124389648,0.2123783835246932,0.0,1.0,0.5,0.0,0.393695
conch,human,ovary,FFHO026,HOCD032;HOCW023,2,1.0,train_mean,top200_hvg,24000,12000,352,200,3.4374217964501336e-08,,-0.2493691294233501,0.5528396368026733,0.2641317248344421,0.3156741777813051,0.0,1.0,0.5,0.0,0.2193182579564489
conch,human,ovary,FFHO026,HOCD032;HOCW023,2,1.0,train_mean,marker_hvg_overlap,24000,12000,352,186,8.474335544406132e-08,,-0.2246279471523037,0.5654342770576477,0.2697592079639435,0.3430753994720274,0.0,1.0,0.5,0.0,0.2240310810810811
conch,human,ovary,HOCD032,FFHO026;HOCW023,0,0.1,image,top50_hvg,2400,12000,352,50,0.0150119983777403,0.0163023469681651,-1.133479523770511,0.4516729712486267,0.3286072015762329,0.1109026916210814,0.1808685971036362,0.8190051711775258,0.4999368841405811,0.1262825344462056,0.2053192833583512
conch,human,ovary,HOCD032,FFHO026;HOCW023,0,0.1,image,top200_hvg,2400,12000,352,200,0.019791877969983,0.0201469549126198,-0.6064169721165672,0.3140850663185119,0.1738981902599334,0.1607258388773201,0.0466502324510576,0.9535362947223064,0.500093263586682,0.0332076482746423,0.117010032399625
conch,human,ovary,HOCD032,FFHO026;HOCW023,0,0.1,image,marker_hvg_overlap,2400,12000,352,186,0.0163277474370339,0.0166216796161411,-0.6288344813460705,0.3084907829761505,0.1727145761251449,0.1617392259532909,0.0500232520829532,0.9501689671346544,0.5000961096088039,0.0354459271229226,0.111328870566682
conch,human,ovary,HOCD032,FFHO026;HOCW023,0,0.1,train_mean,top50_hvg,2400,12000,352,50,9.323490331780704e-07,,-1.9043597183263772,0.4706399440765381,0.3955723345279693,0.1042058509702911,0.3,0.7,0.5,0.113127018411349,0.2025833333333333
conch,human,ovary,HOCD032,FFHO026;HOCW023,0,0.1,train_mean,top200_hvg,2400,12000,352,200,3.646506494137114e-07,,-0.640250559446988,0.3156128227710724,0.1910614818334579,0.1863019020603626,0.075,0.925,0.5,0.0282817546028372,0.1107729166666666
conch,human,ovary,HOCD032,FFHO026;HOCW023,0,0.1,train_mean,marker_hvg_overlap,2400,12000,352,186,2.6346708236357525e-07,,-0.6749686117643461,0.310541421175003,0.1903973668813705,0.1970378686700673,0.0806451612903225,0.9193548387096774,0.5,0.0304104888202551,0.1069977598566308
conch,human,ovary,HOCD032,FFHO026;HOCW023,0,0.25,image,top50_hvg,6000,12000,352,50,0.0124735298193991,0.014614669074672,-1.0212312056869268,0.4438494443893432,0.3120115101337433,0.0827188209240743,0.1446259274709417,0.8570685046676723,0.5008472160693069,0.0989310954900684,0.2040914508715708
conch,human,ovary,HOCD032,FFHO026;HOCW023,0,0.25,image,top200_hvg,6000,12000,352,200,0.0214649784782523,0.0219489998548533,-0.4388717226404697,0.3090513050556183,0.1613968461751938,0.1489865500413013,0.0364855813773538,0.9641152624328108,0.5003004219050823,0.0253204668486749,0.1178856115187976
conch,human,ovary,HOCD032,FFHO026;HOCW023,0,0.25,image,marker_hvg_overlap,6000,12000,352,186,0.0194061116983717,0.0200576485459076,-0.4524614740143059,0.3023658692836761,0.1598668992519378,0.1509540091914449,0.0392230302280082,0.9614483361007052,0.5003356831643567,0.0272089408833328,0.1130298098261466
conch,human,ovary,HOCD032,FFHO026;HOCW023,0,0.25,train_mean,top50_hvg,6000,12000,352,50,1.2036238950230429e-06,,-1.8978623431362207,0.4662327170372009,0.3917047083377838,0.1075180323541576,0.3,0.7,0.5,0.10863787467246,0.2025833333333333
conch,human,ovary,HOCD032,FFHO026;HOCW023,0,0.25,train_mean,top200_hvg,6000,12000,352,200,2.245174425996588e-07,,-0.6362988765352384,0.3140403628349304,0.1898403316736221,0.1873500472450747,0.075,0.925,0.5,0.027159468668115,0.1107729166666666
conch,human,ovary,HOCD032,FFHO026;HOCW023,0,0.25,train_mean,marker_hvg_overlap,6000,12000,352,186,1.847897831956792e-07,,-0.6721540460012259,0.3087559640407562,0.1893166154623031,0.1985280933362299,0.0806451612903225,0.9193548387096774,0.5,0.0292037297506613,0.1069977598566308
conch,human,ovary,HOCD032,FFHO026;HOCW023,0,1.0,image,top50_hvg,24000,12000,352,50,0.0133264652034267,0.0173836841019274,-0.8411846110085025,0.4344063699245453,0.3023904263973236,0.0979395952876874,0.1290879614461335,0.8735546007722607,0.501321281109197,0.0881161633899775,0.2044875106700767
conch,human,ovary,HOCD032,FFHO026;HOCW023,0,1.0,image,top200_hvg,24000,12000,352,200,0.0260463497695309,0.0272187539753721,-0.3389538315287791,0.3042064011096954,0.153289258480072,0.1665446643967546,0.0324513652551994,0.9683348655124012,0.5003931153838004,0.0223609111876032,0.1198485540912732
conch,human,ovary,HOCD032,FFHO026;HOCW023,0,1.0,image,marker_hvg_overlap,24000,12000,352,186,0.0226356845424336,0.0237720548557097,-0.3504826505943852,0.297276884317398,0.151697501540184,0.1691112493022219,0.0348917467084655,0.9659658556925714,0.5004288012005185,0.0240396204010889,0.1141610334551348
conch,human,ovary,HOCD032,FFHO026;HOCW023,0,1.0,train_mean,top50_hvg,24000,12000,352,50,-1.9590082558806898e-07,,-1.9117358771599535,0.4675646126270294,0.3927176296710968,0.1064549768259198,0.32,0.68,0.5,0.1141501609204842,0.2025833333333333
conch,human,ovary,HOCD032,FFHO026;HOCW023,0,1.0,train_mean,top200_hvg,24000,12000,352,200,-3.104777002774521e-09,,-0.6374741312145187,0.3144621849060058,0.1899715214967727,0.1870228894276207,0.08,0.92,0.5,0.028537540230121,0.1107729166666666
conch,human,ovary,HOCD032,FFHO026;HOCW023,0,1.0,train_mean,marker_hvg_overlap,24000,12000,352,186,5.509376840625909e-08,,-0.6729650384488302,0.309241771697998,0.1894025951623916,0.1980846067938236,0.086021505376344,0.913978494623656,0.5,0.0306855271291624,0.1069977598566308
conch,human,ovary,HOCD032,FFHO026;HOCW023,1,0.1,image,top50_hvg,2400,12000,352,50,0.0170440414408221,0.0183883144432479,-1.006816402375698,0.4491970539093017,0.3090512454509735,0.0677398330087774,0.1256490398274474,0.8782554819253257,0.5019522608763866,0.0933433505935086,0.2062014680127681
conch,human,ovary,HOCD032,FFHO026;HOCW023,1,0.1,image,top200_hvg,2400,12000,352,200,0.0180809446797866,0.0179759411517911,-0.5037404705956579,0.3135809004306793,0.1645866334438324,0.1273653509671409,0.0326275418950292,0.9689982266958576,0.5008128842954435,0.0250463049555505,0.1168036928159312
conch,human,ovary,HOCD032,FFHO026;HOCW023,1,0.1,image,marker_hvg_overlap,2400,12000,352,186,0.0171006953079545,0.0170924352957545,-0.5159492171820133,0.3069805800914764,0.16253262758255,0.1282494991777532,0.0350605639167,0.9667180014187108,0.5008892826677054,0.0268864305601054,0.1125334599709366
conch,human,ovary,HOCD032,FFHO026;HOCW023,1,0.1,train_mean,top50_hvg,2400,12000,352,50,9.68200368376415e-07,,-1.9046066068281289,0.4664415717124939,0.3913840055465698,0.1031056825105601,0.32,0.68,0.5,0.1141501609204842,0.2025833333333333
conch,human,ovary,HOCD032,FFHO026;HOCW023,1,0.1,train_mean,top200_hvg,2400,12000,352,200,-2.5706435038408416e-08,,-0.6255087553468457,0.3141572177410126,0.1892926841974258,0.1847885786066349,0.08,0.92,0.5,0.028537540230121,0.1107729166666666
conch,human,ovary,HOCD032,FFHO026;HOCW023,1,0.1,train_mean,marker_hvg_overlap,2400,12000,352,186,1.8570820642323226e-08,,-0.6595181790560243,0.3088420033454895,0.188683196902275,0.196125858072425,0.086021505376344,0.913978494623656,0.5,0.0306855271291624,0.1069977598566308
conch,human,ovary,HOCD032,FFHO026;HOCW023,1,0.25,image,top50_hvg,6000,12000,352,50,0.0377205125876935,0.0403504001315316,-1.0177611724566669,0.4352962374687195,0.3121408820152282,0.1092857943878462,0.160894946769082,0.8496842306816077,0.5052895887253449,0.1089076118369812,0.2132104991538188
conch,human,ovary,HOCD032,FFHO026;HOCW023,1,0.25,image,top200_hvg,6000,12000,352,200,0.0337550241229473,0.0340021335773523,-0.4437170701730065,0.3051728308200836,0.1624612957239151,0.1688374199413831,0.0406937269193017,0.9622251003963456,0.5014594136578236,0.0280025262213769,0.1221923889168912
conch,human,ovary,HOCD032,FFHO026;HOCW023,1,0.25,image,marker_hvg_overlap,6000,12000,352,186,0.0302944900527451,0.0305302701926136,-0.4622644910924336,0.2987554371356964,0.1611905395984649,0.1713661948568241,0.0437555983990736,0.9593900922260682,0.501572845312571,0.0301080532919345,0.1166387813247348
conch,human,ovary,HOCD032,FFHO026;HOCW023,1,0.25,train_mean,top50_hvg,6000,12000,352,50,-1.1482403973772648e-06,,-1.8694892990222436,0.464765340089798,0.38996022939682,0.1059826476479712,0.32,0.68,0.5,0.1141501609204842,0.2025833333333333
conch,human,ovary,HOCD032,FFHO026;HOCW023,1,0.25,train_mean,top200_hvg,6000,12000,352,200,-3.815901381776926e-07,,-0.625927674706436,0.3134563267230987,0.1889306753873825,0.1868091433110239,0.08,0.92,0.5,0.028537540230121,0.1107729166666666
conch,human,ovary,HOCD032,FFHO026;HOCW023,1,0.25,train_mean,marker_hvg_overlap,6000,12000,352,186,-4.49899255442921e-07,,-0.6607886586994761,0.308094173669815,0.1883537918329239,0.1980282260316467,0.086021505376344,0.913978494623656,0.5,0.0306855271291624,0.1069977598566308
conch,human,ovary,HOCD032,FFHO026;HOCW023,1,1.0,image,top50_hvg,24000,12000,352,50,0.0177881270973011,0.0223484183467549,-0.8719013038370759,0.4345466792583465,0.3047730922698974,0.1039652912427116,0.1353663455377163,0.8665680809265706,0.5009672132321434,0.0914179528502333,0.2054706241402119
conch,human,ovary,HOCD032,FFHO026;HOCW023,1,1.0,image,top200_hvg,24000,12000,352,200,0.0290989429106412,0.0304659188203453,-0.3483178357663564,0.3040239810943603,0.154372438788414,0.1722749579854232,0.0340590465911436,0.9665715045326518,0.5003152755618978,0.0232468833316185,0.1206087408181117
conch,human,ovary,HOCD032,FFHO026;HOCW023,1,1.0,image,marker_hvg_overlap,24000,12000,352,186,0.0256169125716569,0.0269236628523558,-0.3608482595137571,0.2972011268138885,0.1528323888778686,0.1749984670309683,0.0366204363170076,0.9640773409331862,0.5003488886250969,0.0249922874830098,0.1149504041140795
conch,human,ovary,HOCD032,FFHO026;HOCW023,1,1.0,train_mean,top50_hvg,24000,12000,352,50,-1.9590082558806898e-07,,-1.9117358771599535,0.4675646126270294,0.3927176296710968,0.1064549768259198,0.32,0.68,0.5,0.1141501609204842,0.2025833333333333
conch,human,ovary,HOCD032,FFHO026;HOCW023,1,1.0,train_mean,top200_hvg,24000,12000,352,200,-3.104777002774521e-09,,-0.6374741312145187,0.3144621849060058,0.1899715214967727,0.1870228894276207,0.08,0.92,0.5,0.028537540230121,0.1107729166666666
conch,human,ovary,HOCD032,FFHO026;HOCW023,1,1.0,train_mean,marker_hvg_overlap,24000,12000,352,186,5.509376840625909e-08,,-0.6729650384488302,0.309241771697998,0.1894025951623916,0.1980846067938236,0.086021505376344,0.913978494623656,0.5,0.0306855271291624,0.1069977598566308
conch,human,ovary,HOCD032,FFHO026;HOCW023,2,0.1,image,top50_hvg,2400,12000,352,50,0.033783417167142,0.0331099881560209,-1.28846003562212,0.442188411951065,0.3233811855316162,0.0909151759672818,0.1686066051406472,0.838597696229558,0.5036021506851027,0.1194872247876072,0.2136479386483022
conch,human,ovary,HOCD032,FFHO026;HOCW023,2,0.1,image,top200_hvg,2400,12000,352,200,0.0244724621855129,0.0239096989588396,-0.6188767125643789,0.3110951483249664,0.1719671040773391,0.149519132405687,0.0432893193151553,0.9590454515181652,0.5011673854166604,0.0315814663605771,0.1198885016846791
conch,human,ovary,HOCD032,FFHO026;HOCW023,2,0.1,image,marker_hvg_overlap,2400,12000,352,186,0.0227631931041394,0.0222309593778543,-0.6402889126611333,0.3050218224525451,0.1705779582262039,0.1510916938400573,0.0464084604563163,0.9561447558804032,0.5012766081683598,0.0336987520099003,0.1150404574227972
conch,human,ovary,HOCD032,FFHO026;HOCW023,2,0.1,train_mean,top50_hvg,2400,12000,352,50,6.911207734106028e-07,,-2.001171732355506,0.4702536463737488,0.3955551087856293,0.1020804745121239,0.3,0.7,0.5,0.10863787467246,0.2025833333333333
conch,human,ovary,HOCD032,FFHO026;HOCW023,2,0.1,train_mean,top200_hvg,2400,12000,352,200,1.8675277940194413e-07,,-0.6599011967332808,0.3154707849025726,0.1913964599370956,0.1854707110636275,0.075,0.925,0.5,0.027159468668115,0.1107729166666666
conch,human,ovary,HOCD032,FFHO026;HOCW023,2,0.1,train_mean,marker_hvg_overlap,2400,12000,352,186,2.1302761901082472e-07,,-0.6965204221648873,0.3104041814804077,0.1907905638217926,0.1962297142141894,0.0806451612903225,0.9193548387096774,0.5,0.0292037297506613,0.1069977598566308
conch,human,ovary,HOCD032,FFHO026;HOCW023,2,0.25,image,top50_hvg,6000,12000,352,50,0.0221271254820749,0.0260526387540726,-1.0548109424114227,0.4404247403144836,0.3133503198623657,0.1007217229564315,0.1479756411687958,0.8515714391507359,0.4997735401597659,0.1017564151475849,0.2082332008310046
conch,human,ovary,HOCD032,FFHO026;HOCW023,2,0.25,image,top200_hvg,6000,12000,352,200,0.0223083037223113,0.0235649652980962,-0.4556733760447241,0.3083113729953766,0.1628632992506027,0.1613651298073001,0.0378832032094895,0.9624120725064644,0.500147637857977,0.0267951911833886,0.1185424398093948
conch,human,ovary,HOCD032,FFHO026;HOCW023,2,0.25,image,marker_hvg_overlap,6000,12000,352,186,0.0192742342951924,0.0205428079289917,-0.4706686881185579,0.3013828098773956,0.1613552123308181,0.1677587703175297,0.0407181689107962,0.9596267930934268,0.5001724810021116,0.0287796003267086,0.1132477338242503
conch,human,ovary,HOCD032,FFHO026;HOCW023,2,0.25,train_mean,top50_hvg,6000,12000,352,50,-7.726060903223697e-07,,-1.9400191549271404,0.4688066244125366,0.393560916185379,0.1036162930463319,0.3,0.7,0.5,0.10863787467246,0.2025833333333333
conch,human,ovary,HOCD032,FFHO026;HOCW023,2,0.25,train_mean,top200_hvg,6000,12000,352,200,-3.521988881949323e-07,,-0.6424269191198618,0.3149433135986328,0.1901905983686447,0.1857622724689167,0.075,0.925,0.5,0.027159468668115,0.1107729166666666
conch,human,ovary,HOCD032,FFHO026;HOCW023,2,0.25,train_mean,marker_hvg_overlap,6000,12000,352,186,-4.342901056302522e-07,,-0.6783110145890572,0.30977863073349,0.1896425932645797,0.1966558046404677,0.0806451612903225,0.9193548387096774,0.5,0.0292037297506613,0.1069977598566308
conch,human,ovary,HOCD032,FFHO026;HOCW023,2,1.0,image,top50_hvg,24000,12000,352,50,0.0170940387831069,0.0211569219003242,-0.8188729662168771,0.4330953359603882,0.3003622591495514,0.0985626242770868,0.1267180888179033,0.876773688131307,0.5017458884746051,0.0869855571254495,0.2059333481659096
conch,human,ovary,HOCD032,FFHO026;HOCW023,2,1.0,image,top200_hvg,24000,12000,352,200,0.0284393385126168,0.0297711433495428,-0.3328042059869039,0.3036470711231231,0.1526262462139129,0.1671881182752726,0.0319646115282924,0.9691188208598036,0.5005417161940481,0.0222569021240924,0.1207740671307288
conch,human,ovary,HOCD032,FFHO026;HOCW023,2,1.0,image,marker_hvg_overlap,24000,12000,352,186,0.0249425218549653,0.0262536195068667,-0.3441110982482011,0.296704888343811,0.151029884815216,0.1695249864028614,0.0343694528173431,0.9668080612001524,0.5005887570087477,0.0239299668715799,0.1150759654295847
conch,human,ovary,HOCD032,FFHO026;HOCW023,2,1.0,train_mean,top50_hvg,24000,12000,352,50,-1.9590082558806898e-07,,-1.9117358771599535,0.4675646126270294,0.3927176296710968,0.1064549768259198,0.32,0.68,0.5,0.1141501609204842,0.2025833333333333
conch,human,ovary,HOCD032,FFHO026;HOCW023,2,1.0,train_mean,top200_hvg,24000,12000,352,200,-3.104777002774521e-09,,-0.6374741312145187,0.3144621849060058,0.1899715214967727,0.1870228894276207,0.08,0.92,0.5,0.028537540230121,0.1107729166666666
conch,human,ovary,HOCD032,FFHO026;HOCW023,2,1.0,train_mean,marker_hvg_overlap,24000,12000,352,186,5.509376840625909e-08,,-0.6729650384488302,0.309241771697998,0.1894025951623916,0.1980846067938236,0.086021505376344,0.913978494623656,0.5,0.0306855271291624,0.1069977598566308
conch,human,ovary,HOCW023,FFHO026;HOCD032,0,0.1,image,top50_hvg,2400,12000,352,50,0.1406690285616787,0.137489600398299,-4.463180255517363,0.4297730922698974,0.3217816352844238,0.1166420663290507,0.4788946854455265,0.7261013970174156,0.6024980412314711,0.1786883215923936,0.1454360008015343
conch,human,ovary,HOCW023,FFHO026;HOCD032,0,0.1,image,top200_hvg,2400,12000,352,200,0.0726647883727855,0.0710953508398861,-2.6338516957312823,0.258027583360672,0.1610441356897354,0.1358594606042663,0.1445602074514188,0.9225758870220228,0.5335680472367208,0.0652029180655607,0.0673566004821044
conch,human,ovary,HOCW023,FFHO026;HOCD032,0,0.1,image,marker_hvg_overlap,2400,12000,352,187,0.0696622013905954,0.0683671191982741,-2.6211847198360108,0.2569306492805481,0.1603578776121139,0.1380122186461037,0.1392419772705498,0.92420855350829,0.5317252653894199,0.06348988268351,0.0666389470586856
conch,human,ovary,HOCW023,FFHO026;HOCD032,0,0.1,train_mean,top50_hvg,2400,12000,352,50,-5.77820693195008e-07,,-5.242174783945083,0.491349846124649,0.4371936023235321,0.1369062463003083,0.44,0.56,0.5,0.0772770399119365,0.0779933333333333
conch,human,ovary,HOCW023,FFHO026;HOCD032,0,0.1,train_mean,top200_hvg,2400,12000,352,200,2.542487588641507e-07,,-2.113253232021525,0.2775256931781769,0.1869884878396988,0.1618741216632779,0.11,0.89,0.5,0.0193192599779841,0.0373916666666666
conch,human,ovary,HOCW023,FFHO026;HOCD032,0,0.1,train_mean,marker_hvg_overlap,2400,12000,352,187,1.632002972643596e-07,,-2.158013944045633,0.2809713780879974,0.1880031824111938,0.1626038371759686,0.1122994652406417,0.8877005347593583,0.5,0.0197493063544371,0.0376782531194295
conch,human,ovary,HOCW023,FFHO026;HOCD032,0,0.25,image,top50_hvg,6000,12000,352,50,0.1473094488680362,0.1435044495464202,-3.797080030292273,0.4069932997226715,0.3051618039608001,0.119906583302342,0.4689910142200798,0.747142994125315,0.6080670041726974,0.1795426557188721,0.1466056792707415
conch,human,ovary,HOCW023,FFHO026;HOCD032,0,0.25,image,top200_hvg,6000,12000,352,200,0.0820948134071659,0.0805519568333924,-2.061878950595856,0.2433624118566513,0.1488361060619354,0.146711344645527,0.1315740780443811,0.9317771445708848,0.5316756113076331,0.0581145904151266,0.0699410892996216
conch,human,ovary,HOCW023,FFHO026;HOCD032,0,0.25,image,marker_hvg_overlap,6000,12000,352,187,0.0793048275452864,0.078177625713944,-2.044255286933266,0.2420684993267059,0.1481371521949768,0.1495951510917268,0.1247140202668559,0.9338375149349052,0.5292757676008806,0.0555651065324876,0.0692900556434019
conch,human,ovary,HOCW023,FFHO026;HOCD032,0,0.25,train_mean,top50_hvg,6000,12000,352,50,-7.234090696783823e-07,,-4.967902549952268,0.4823020398616791,0.4287730157375335,0.1367831551360862,0.44,0.56,0.5,0.0772770399119365,0.0779933333333333
conch,human,ovary,HOCW023,FFHO026;HOCD032,0,0.25,train_mean,top200_hvg,6000,12000,352,200,2.0782313184586345e-07,,-2.0186181451298038,0.2733017802238464,0.1845604628324508,0.161807432443806,0.11,0.89,0.5,0.0193192599779841,0.0373916666666666
conch,human,ovary,HOCW023,FFHO026;HOCD032,0,0.25,train_mean,marker_hvg_overlap,6000,12000,352,187,2.6170956703012165e-07,,-2.067154389881964,0.2768072783946991,0.1858233958482742,0.1624467243911976,0.1122994652406417,0.8877005347593583,0.5,0.0197493063544371,0.0376782531194295
conch,human,ovary,HOCW023,FFHO026;HOCD032,0,1.0,image,top50_hvg,24000,12000,352,50,0.1563974816538393,0.1513621664006752,-3.2574772670306267,0.3869863450527191,0.2859721481800079,0.1330932898475374,0.4468006196237485,0.7741238622195565,0.6104622409216526,0.1808330105796472,0.1513938979619451
conch,human,ovary,HOCW023,FFHO026;HOCD032,0,1.0,image,top200_hvg,24000,12000,352,200,0.0918833229933807,0.0889909532358301,-1.6285071033705023,0.2311845123767852,0.1380686908960342,0.1541492450549443,0.121855866167357,0.9403159036489712,0.5310858849081641,0.0553365327637244,0.073990734837988
conch,human,ovary,HOCW023,FFHO026;HOCD032,0,1.0,image,marker_hvg_overlap,24000,12000,352,187,0.089262862787999,0.086762807590983,-1.6153907333326372,0.2297411262989044,0.1375454366207122,0.1571956819742697,0.1156697532001957,0.9426626648332896,0.5291662090167425,0.053640936399312,0.0734682476315599
conch,human,ovary,HOCW023,FFHO026;HOCD032,0,1.0,train_mean,top50_hvg,24000,12000,352,50,-1.4588284690830731e-06,,-5.0179038053751,0.4827712774276733,0.4291797578334808,0.1352574262751789,0.44,0.56,0.5,0.0772770399119365,0.0779933333333333
conch,human,ovary,HOCW023,FFHO026;HOCD032,0,1.0,train_mean,top200_hvg,24000,12000,352,200,6.59785708834182e-08,,-2.027975399537536,0.2733403742313385,0.1841748058795929,0.161118398878668,0.11,0.89,0.5,0.0193192599779841,0.0373916666666666
conch,human,ovary,HOCW023,FFHO026;HOCD032,0,1.0,train_mean,marker_hvg_overlap,24000,12000,352,187,3.974205920859858e-08,,-2.075310218109647,0.2768664956092834,0.1853719502687454,0.1617710555460277,0.1122994652406417,0.8877005347593583,0.5,0.0197493063544371,0.0376782531194295
conch,human,ovary,HOCW023,FFHO026;HOCD032,1,0.1,image,top50_hvg,2400,12000,352,50,0.1431591559946537,0.1403259773685223,-4.497655337303877,0.4305048882961273,0.3268673419952392,0.1176208433713068,0.5005038557934303,0.7114719582774712,0.6059879070354508,0.180973003914088,0.1461210479848516
conch,human,ovary,HOCW023,FFHO026;HOCD032,1,0.1,image,top200_hvg,2400,12000,352,200,0.0721577739456188,0.0710710924673774,-2.63375400823541,0.2601228356361389,0.1646748632192611,0.1408533332150799,0.1524833328423038,0.916138079660894,0.5343107062515989,0.0635070671964339,0.066463715320609
conch,human,ovary,HOCW023,FFHO026;HOCD032,1,0.1,image,marker_hvg_overlap,2400,12000,352,187,0.0697381592309834,0.0688432033936857,-2.6274972725061967,0.2589914202690124,0.1642572581768036,0.1435572730142571,0.1464097867823185,0.9177782909773982,0.5320940388798584,0.0614336090534528,0.0659348148314825
conch,human,ovary,HOCW023,FFHO026;HOCD032,1,0.1,train_mean,top50_hvg,2400,12000,352,50,2.802693811361223e-06,,-4.957790328264236,0.4802215695381164,0.4266906678676605,0.1324686260364932,0.46,0.54,0.5,0.0799896943048519,0.0779933333333333
conch,human,ovary,HOCW023,FFHO026;HOCD032,1,0.1,train_mean,top200_hvg,2400,12000,352,200,9.563013717084345e-07,,-1.989915435843286,0.272020548582077,0.1830885261297226,0.1604814530030521,0.115,0.885,0.5,0.0199974235762129,0.0373916666666666
conch,human,ovary,HOCW023,FFHO026;HOCD032,1,0.1,train_mean,marker_hvg_overlap,2400,12000,352,187,8.859670943598165e-07,,-2.033207625517358,0.275521457195282,0.1842165142297744,0.1611795305057365,0.1176470588235294,0.8823529411764706,0.5,0.0204746150156445,0.0376782531194295
conch,human,ovary,HOCW023,FFHO026;HOCD032,1,0.25,image,top50_hvg,6000,12000,352,50,0.1467561850079801,0.1434234601285564,-3.3258245652914047,0.3875412344932556,0.2877177298069,0.1225111773198684,0.4277785273202644,0.7763036185245121,0.6020410729223883,0.1796646822010051,0.147224568007884
conch,human,ovary,HOCW023,FFHO026;HOCD032,1,0.25,image,top200_hvg,6000,12000,352,200,0.0793162258384109,0.077863941244705,-1.9008850544458256,0.2342903167009353,0.1436422616243362,0.1420132926469674,0.1163318223087924,0.940529740994169,0.5284307816514807,0.0543310256755048,0.0689261001415708
conch,human,ovary,HOCW023,FFHO026;HOCD032,1,0.25,image,marker_hvg_overlap,6000,12000,352,187,0.0766617186987874,0.0754829104847498,-1.8979402467917232,0.2331481724977493,0.1432138681411743,0.1448231718049086,0.1103835977954571,0.9425206363317328,0.526452117063595,0.0522512862748294,0.0682869887138738
conch,human,ovary,HOCW023,FFHO026;HOCD032,1,0.25,train_mean,top50_hvg,6000,12000,352,50,-5.174737427182663e-07,,-4.94488798931241,0.4798974692821502,0.4271573424339294,0.135473495228078,0.44,0.56,0.5,0.0772770399119365,0.0779933333333333
conch,human,ovary,HOCW023,FFHO026;HOCD032,1,0.25,train_mean,top200_hvg,6000,12000,352,200,1.2671614214032622e-07,,-1.9928998259835495,0.2719286978244781,0.1832413077354431,0.1613356474743922,0.11,0.89,0.5,0.0193192599779841,0.0373916666666666
conch,human,ovary,HOCW023,FFHO026;HOCD032,1,0.25,train_mean,marker_hvg_overlap,6000,12000,352,187,6.063750959817506e-08,,-2.038645856043453,0.2753471136093139,0.1843881458044052,0.1620127350031971,0.1122994652406417,0.8877005347593583,0.5,0.0197493063544371,0.0376782531194295
conch,human,ovary,HOCW023,FFHO026;HOCD032,1,1.0,image,top50_hvg,24000,12000,352,50,0.1553415729478001,0.1507305139081139,-3.071411081813276,0.3798668086528778,0.2788362801074981,0.1321398096873486,0.4312712169226478,0.7862975601654497,0.6087843885440488,0.1790439149574874,0.151151773031871
conch,human,ovary,HOCW023,FFHO026;HOCD032,1,1.0,image,top200_hvg,24000,12000,352,200,0.0911793257531826,0.0885114736870077,-1.546862723552622,0.2277454435825348,0.1351894736289978,0.1518372756526146,0.1167962099099549,0.9437684290840848,0.53028231949702,0.0542036860597137,0.0737695530401851
conch,human,ovary,HOCW023,FFHO026;HOCD032,1,1.0,image,marker_hvg_overlap,24000,12000,352,187,0.0885873947191092,0.086311072286225,-1.5324206258454185,0.2262876629829406,0.134664386510849,0.1550074420862258,0.1104133687030776,0.946222012793101,0.5283176907480893,0.0523938991848842,0.0732525054197317
conch,human,ovary,HOCW023,FFHO026;HOCD032,1,1.0,train_mean,top50_hvg,24000,12000,352,50,-1.4588284690830731e-06,,-5.0179038053751,0.4827712774276733,0.4291797578334808,0.1352574262751789,0.44,0.56,0.5,0.0772770399119365,0.0779933333333333
conch,human,ovary,HOCW023,FFHO026;HOCD032,1,1.0,train_mean,top200_hvg,24000,12000,352,200,6.59785708834182e-08,,-2.027975399537536,0.2733403742313385,0.1841748058795929,0.161118398878668,0.11,0.89,0.5,0.0193192599779841,0.0373916666666666
conch,human,ovary,HOCW023,FFHO026;HOCD032,1,1.0,train_mean,marker_hvg_overlap,24000,12000,352,187,3.974205920859858e-08,,-2.075310218109647,0.2768664956092834,0.1853719502687454,0.1617710555460277,0.1122994652406417,0.8877005347593583,0.5,0.0197493063544371,0.0376782531194295
conch,human,ovary,HOCW023,FFHO026;HOCD032,2,0.1,image,top50_hvg,2400,12000,352,50,0.1331050578528083,0.1300789664357599,-3.953970063999295,0.4118236899375915,0.3112753033638,0.1223994020454607,0.4455203717979947,0.7383490865890987,0.5919347291935467,0.17858203909412,0.1417740372562797
conch,human,ovary,HOCW023,FFHO026;HOCD032,2,0.1,image,top200_hvg,2400,12000,352,200,0.0665774920526746,0.065639925814106,-2.4846010788530117,0.251076191663742,0.1601864397525787,0.1393406563393247,0.1322713316508162,0.9258768123526953,0.5290740720017558,0.0619814983042414,0.0650981506989505
conch,human,ovary,HOCW023,FFHO026;HOCD032,2,0.1,image,marker_hvg_overlap,2400,12000,352,187,0.063869745220555,0.0630955030642307,-2.482552639223675,0.2505089044570923,0.1600685864686966,0.1419307646519684,0.1270434438881128,0.9275034809116616,0.5272734623998873,0.0609817042224575,0.064566908795681
conch,human,ovary,HOCW023,FFHO026;HOCD032,2,0.1,train_mean,top50_hvg,2400,12000,352,50,8.808997685605391e-07,,-5.154807367026806,0.4839092493057251,0.4315763413906097,0.1331393473305329,0.44,0.56,0.5,0.0772770399119365,0.0779933333333333
conch,human,ovary,HOCW023,FFHO026;HOCD032,2,0.1,train_mean,top200_hvg,2400,12000,352,200,5.601026553347932e-07,,-2.10978145349538,0.2740615606307983,0.1853597313165664,0.1598787490016264,0.11,0.89,0.5,0.0193192599779841,0.0373916666666666
conch,human,ovary,HOCW023,FFHO026;HOCD032,2,0.1,train_mean,marker_hvg_overlap,2400,12000,352,187,4.592453432096915e-07,,-2.1574249405807318,0.2775707244873047,0.1864734888076782,0.1605410424045444,0.1122994652406417,0.8877005347593583,0.5,0.0197493063544371,0.0376782531194295
conch,human,ovary,HOCW023,FFHO026;HOCD032,2,0.25,image,top50_hvg,6000,12000,352,50,0.1490951841138303,0.14561675684913,-3.64262503258884,0.4008696973323822,0.3003479838371277,0.1265566157073953,0.4659237883163608,0.75100132571223,0.6084625570142954,0.1822528355885448,0.1451047928366716
conch,human,ovary,HOCW023,FFHO026;HOCD032,2,0.25,image,top200_hvg,6000,12000,352,200,0.0807903686804456,0.0797044293799586,-1.9189583491161464,0.2400673627853393,0.1460855901241302,0.1469184296217201,0.1283048572499913,0.9334824077686732,0.5308936325093323,0.0569673937920665,0.0676583906341995
conch,human,ovary,HOCW023,FFHO026;HOCD032,2,0.25,image,marker_hvg_overlap,6000,12000,352,187,0.0780550472991891,0.0772477488014475,-1.8985388739940956,0.2387227863073349,0.1454155594110489,0.1496616866762839,0.122510911136751,0.935591990130048,0.5290514506333995,0.0554549054284382,0.0670791575268938
conch,human,ovary,HOCW023,FFHO026;HOCD032,2,0.25,train_mean,top50_hvg,6000,12000,352,50,-4.699671607966138e-07,,-5.0623429697752,0.4847724437713623,0.4311493337154388,0.1351852073487687,0.44,0.56,0.5,0.0772770399119365,0.0779933333333333
conch,human,ovary,HOCW023,FFHO026;HOCD032,2,0.25,train_mean,top200_hvg,6000,12000,352,200,-2.7372746718157263e-08,,-2.040629538844223,0.2743493020534515,0.1850155442953109,0.1613156930800215,0.11,0.89,0.5,0.0193192599779841,0.0373916666666666
conch,human,ovary,HOCW023,FFHO026;HOCD032,2,0.25,train_mean,marker_hvg_overlap,6000,12000,352,187,-4.327753406502711e-08,,-2.0873865868347163,0.2778778076171875,0.1862214058637619,0.1619667095429928,0.1122994652406417,0.8877005347593583,0.5,0.0197493063544371,0.0376782531194295
conch,human,ovary,HOCW023,FFHO026;HOCD032,2,1.0,image,top50_hvg,24000,12000,352,50,0.1548168895114213,0.1500059799788951,-3.072201201990247,0.3798057436943054,0.2787051796913147,0.1342475159252404,0.4329157504614085,0.7858477321230738,0.6093817412922412,0.1803985254501248,0.1504467808104061
conch,human,ovary,HOCW023,FFHO026;HOCD032,2,1.0,image,top200_hvg,24000,12000,352,200,0.0906550414435332,0.0879308632040141,-1.5385088415211066,0.2277477234601974,0.1350210756063461,0.1531185674757502,0.118008300456249,0.9433450970581384,0.5306766987571937,0.0551788863179713,0.073382361682567
conch,human,ovary,HOCW023,FFHO026;HOCD032,2,1.0,image,marker_hvg_overlap,24000,12000,352,187,0.0880393418576817,0.085704189684357,-1.5235080809586428,0.2262648195028305,0.1344667077064514,0.1563934763598372,0.1117056477509598,0.9457596829421078,0.5287326653465337,0.0534347687664118,0.0728830971613514
conch,human,ovary,HOCW023,FFHO026;HOCD032,2,1.0,train_mean,top50_hvg,24000,12000,352,50,-1.4588284690830731e-06,,-5.0179038053751,0.4827712774276733,0.4291797578334808,0.1352574262751789,0.44,0.56,0.5,0.0772770399119365,0.0779933333333333
conch,human,ovary,HOCW023,FFHO026;HOCD032,2,1.0,train_mean,top200_hvg,24000,12000,352,200,6.59785708834182e-08,,-2.027975399537536,0.2733403742313385,0.1841748058795929,0.161118398878668,0.11,0.89,0.5,0.0193192599779841,0.0373916666666666
conch,human,ovary,HOCW023,FFHO026;HOCD032,2,1.0,train_mean,marker_hvg_overlap,24000,12000,352,187,3.974205920859858e-08,,-2.075310218109647,0.2768664956092834,0.1853719502687454,0.1617710555460277,0.1122994652406417,0.8877005347593583,0.5,0.0197493063544371,0.0376782531194295
conch,human,breast,HBCA041,HBCH024;HBES040,0,0.1,image,top50_hvg,2400,12000,192,50,0.2778549129515886,0.2799544001938354,-0.0889684528007637,0.6049250364303589,0.4101021587848663,0.4005912579606005,0.3307396938196449,0.8159848203654374,0.5733622570925412,0.3460036117308804,0.4642456021996742
conch,human,breast,HBCA041,HBCH024;HBES040,0,0.1,image,top200_hvg,2400,12000,192,190,0.1299740917921312,0.1294345528608786,-0.0610023138282938,0.3677858412265777,0.168933093547821,0.4756177712432403,0.0880643375188638,0.9512283288478632,0.5195173075983051,0.0925001917848715,0.1874326436143134
conch,human,breast,HBCA041,HBCH024;HBES040,0,0.1,image,marker_hvg_overlap,2400,12000,192,155,0.1330206347256711,0.132851604208525,-0.0639982622914812,0.3809424638748169,0.1851636916399002,0.4656535855143472,0.0913704540643731,0.949019291888634,0.5201948729765036,0.0965908050777078,0.2032775482331137
conch,human,breast,HBCA041,HBCH024;HBES040,0,0.1,train_mean,top50_hvg,2400,12000,192,50,3.066066067702877e-08,,-0.1377799832499295,0.6552682518959045,0.4359790980815887,0.3029450901606275,0.12,0.88,0.5,0.0861540371285394,0.3275116666666667
conch,human,breast,HBCA041,HBCH024;HBES040,0,0.1,train_mean,top200_hvg,2400,12000,192,190,1.3428432685211465e-07,,-0.0560268092061354,0.3910748660564422,0.168283462524414,0.4321780536779002,0.0317460317460317,0.968421052631579,0.5,0.0227920733144284,0.1313183421516754
conch,human,breast,HBCA041,HBCH024;HBES040,0,0.1,train_mean,marker_hvg_overlap,2400,12000,192,155,1.247288064860415e-07,,-0.0592893282091198,0.4041806757450104,0.1835203319787979,0.4187115850146893,0.032258064516129,0.967741935483871,0.5,0.0235020344585365,0.1423774193548387
conch,human,breast,HBCA041,HBCH024;HBES040,0,0.25,image,top50_hvg,6000,12000,192,50,0.2970584517531097,0.2959217753670249,-0.0626726457383483,0.6043487191200256,0.4058240354061126,0.4128885876078,0.3123829301754896,0.8378444282139212,0.5751136791947054,0.3369407914269459,0.4791169588973275
conch,human,breast,HBCA041,HBCH024;HBES040,0,0.25,image,top200_hvg,6000,12000,192,190,0.1466926893575633,0.1418220960035722,-0.0357652671046375,0.3668034672737121,0.1647989600896835,0.4894774022010709,0.0827237188809407,0.95731429134015,0.5199060799553605,0.0893024328483042,0.1986879666528409
conch,human,breast,HBCA041,HBCH024;HBES040,0,0.25,image,marker_hvg_overlap,6000,12000,192,155,0.1543534266326816,0.1496049152380395,-0.0360476727749506,0.3794619143009186,0.1805655807256698,0.4812468388293526,0.0868610391172625,0.954592830608177,0.5207269348627198,0.0938327652089136,0.2158200972552873
conch,human,breast,HBCA041,HBCH024;HBES040,0,0.25,train_mean,top50_hvg,6000,12000,192,50,-3.492157624407355e-07,,-0.1384670948078565,0.6554698348045349,0.4371120929718017,0.2969104389016633,0.1,0.9,0.5,0.0728563068214633,0.3275116666666667
conch,human,breast,HBCA041,HBCH024;HBES040,0,0.25,train_mean,top200_hvg,6000,12000,192,190,-9.469610834123255e-08,,-0.0558893210098251,0.3911612629890442,0.1690826117992401,0.4286784882709771,0.0264550264550264,0.9736842105263158,0.5,0.0192741552437733,0.1313183421516754
conch,human,breast,HBCA041,HBCH024;HBES040,0,0.25,train_mean,marker_hvg_overlap,6000,12000,192,155,-1.1262060180700265e-07,,-0.0589917196330002,0.404149055480957,0.1843590289354324,0.4153885253334222,0.032258064516129,0.967741935483871,0.5,0.0235020344585365,0.1423774193548387
conch,human,breast,HBCA041,HBCH024;HBES040,0,1.0,image,top50_hvg,24000,12000,192,50,0.3138761138450354,0.3138637412909096,-0.0519603384775109,0.6017875671386719,0.4032261073589325,0.4240870545071285,0.3094012228580538,0.8461938093105285,0.577797516084291,0.3369756138656352,0.4873926813752494
conch,human,breast,HBCA041,HBCH024;HBES040,0,1.0,image,top200_hvg,24000,12000,192,190,0.1585956545339228,0.1538677877987111,-0.0249479635818937,0.3651823997497558,0.1630715727806091,0.50050285469785,0.0818720573246392,0.9595178800738268,0.5205878731438728,0.0891866494228932,0.206474853555663
conch,human,breast,HBCA041,HBCH024;HBES040,0,1.0,image,marker_hvg_overlap,24000,12000,192,155,0.1738226325273694,0.1689760135962029,-0.0258736412188344,0.3777350485324859,0.1787753254175186,0.4924894469810386,0.0860251607257748,0.9569652690785916,0.5214952149021833,0.0939074650353332,0.2245608847899752
conch,human,breast,HBCA041,HBCH024;HBES040,0,1.0,train_mean,top50_hvg,24000,12000,192,50,5.731491327765071e-08,,-0.1388979696371825,0.6558208465576172,0.4368521273136139,0.2979292704011786,0.12,0.88,0.5,0.0857115915582161,0.3275116666666667
conch,human,breast,HBCA041,HBCH024;HBES040,0,1.0,train_mean,top200_hvg,24000,12000,192,190,6.344944250660891e-08,,-0.0557603518391092,0.3912580609321594,0.1689428389072418,0.4299746667563663,0.0317460317460317,0.968421052631579,0.5,0.0226750242217503,0.1313183421516754
conch,human,breast,HBCA041,HBCH024;HBES040,0,1.0,train_mean,marker_hvg_overlap,24000,12000,192,155,7.511422589299944e-08,,-0.0588589780955361,0.4042311310768127,0.1842433810234069,0.4171046070847434,0.0387096774193548,0.9612903225806452,0.5,0.0276489005026503,0.1423774193548387
conch,human,breast,HBCA041,HBCH024;HBES040,1,0.1,image,top50_hvg,2400,12000,192,50,0.2764719666633755,0.2772368815577311,-0.0836533817462623,0.6097167134284973,0.4061313271522522,0.3974951840546352,0.2906703453496289,0.849746122886559,0.5702082341180941,0.3184745643531862,0.4654461557347437
conch,human,breast,HBCA041,HBCH024;HBES040,1,0.1,image,top200_hvg,2400,12000,192,190,0.1253995350411611,0.1228083320741479,-0.0559675125131092,0.3696421086788177,0.166801631450653,0.4751439361751954,0.07744489471466,0.9603672331834966,0.5188012153596167,0.085293953951554,0.1864471718588098
conch,human,breast,HBCA041,HBCH024;HBES040,1,0.1,image,marker_hvg_overlap,2400,12000,192,155,0.1284113530257356,0.1259218883593433,-0.0561722192969623,0.3825130462646484,0.1826136857271194,0.4645411430790956,0.0808246403054553,0.9580690646253488,0.5194468524654021,0.0892017319054794,0.2020979587528651
conch,human,breast,HBCA041,HBCH024;HBES040,1,0.1,train_mean,top50_hvg,2400,12000,192,50,1.858141681765346e-07,,-0.1410998603382904,0.6567937731742859,0.4342908859252929,0.3003442301525889,0.1,0.9,0.5,0.0728563068214633,0.3275116666666667
conch,human,breast,HBCA041,HBCH024;HBES040,1,0.1,train_mean,top200_hvg,2400,12000,192,190,5.2007947146759256e-08,,-0.057078440663255,0.3917492926120758,0.1677682995796203,0.4306761092526355,0.0264550264550264,0.9736842105263158,0.5,0.0192741552437733,0.1313183421516754
conch,human,breast,HBCA041,HBCH024;HBES040,1,0.1,train_mean,marker_hvg_overlap,2400,12000,192,155,2.1428334770389584e-08,,-0.0603816408697316,0.4046380221843719,0.182863250374794,0.4182460107970061,0.032258064516129,0.967741935483871,0.5,0.0235020344585365,0.1423774193548387
conch,human,breast,HBCA041,HBCH024;HBES040,1,0.25,image,top50_hvg,6000,12000,192,50,0.3036954252421855,0.3039414722541438,-0.0657422630209475,0.6009809374809265,0.4046820104122162,0.4197779947282266,0.327816388695118,0.8284027466738852,0.5781095676845016,0.3478134806830746,0.4810882168915775
conch,human,breast,HBCA041,HBCH024;HBES040,1,0.25,image,top200_hvg,6000,12000,192,190,0.1472481554310585,0.1443395886161986,-0.0362009729502249,0.3652227818965912,0.1655591875314712,0.4942374716047216,0.0870016748884504,0.9546706290732476,0.5207162330101435,0.0925062641229292,0.1979028908353434
conch,human,breast,HBCA041,HBCH024;HBES040,1,0.25,image,marker_hvg_overlap,6000,12000,192,155,0.1546372860880388,0.1519776802634801,-0.037462441962693,0.3778885006904602,0.1815776824951172,0.4858849445329395,0.0916342723696385,0.9516024759219897,0.5216183741458141,0.097587842935188,0.2151910254556455
conch,human,breast,HBCA041,HBCH024;HBES040,1,0.25,train_mean,top50_hvg,6000,12000,192,50,1.134617438225405e-07,,-0.139916323174627,0.6560623645782471,0.4361713826656341,0.3010455891584708,0.1,0.9,0.5,0.0728563068214633,0.3275116666666667
conch,human,breast,HBCA041,HBCH024;HBES040,1,0.25,train_mean,top200_hvg,6000,12000,192,190,1.1373337341281587e-07,,-0.0559813137910445,0.3913835287094116,0.1686713248491287,0.4313807170494007,0.0264550264550264,0.9736842105263158,0.5,0.0192741552437733,0.1313183421516754
conch,human,breast,HBCA041,HBCH024;HBES040,1,0.25,train_mean,marker_hvg_overlap,6000,12000,192,155,1.4418667172050493e-07,,-0.0591288702906671,0.4044046700000763,0.1839701235294342,0.4180235559817692,0.032258064516129,0.967741935483871,0.5,0.0235020344585365,0.1423774193548387
conch,human,breast,HBCA041,HBCH024;HBES040,1,1.0,image,top50_hvg,24000,12000,192,50,0.3108477378636599,0.3102441408495428,-0.0540806342987343,0.6018354296684265,0.404297262430191,0.4217299570588133,0.3124545857160081,0.8424296610237327,0.5774421233698704,0.3382351944946786,0.4855726936686276
conch,human,breast,HBCA041,HBCH024;HBES040,1,1.0,image,top200_hvg,24000,12000,192,190,0.1572171628947587,0.1522242333079746,-0.0256798504122237,0.3651884794235229,0.1635600626468658,0.4991777436578898,0.0826830375606281,0.9585231053628672,0.520493344227258,0.0895261670638757,0.2057493745559048
conch,human,breast,HBCA041,HBCH024;HBES040,1,1.0,image,marker_hvg_overlap,24000,12000,192,155,0.1723849176098743,0.1672620712128611,-0.0267114400683391,0.3777455389499664,0.1793342977762222,0.4910728457933044,0.0869272221954168,0.955828705272066,0.5213779637337415,0.0943081228738359,0.2237988276951421
conch,human,breast,HBCA041,HBCH024;HBES040,1,1.0,train_mean,top50_hvg,24000,12000,192,50,5.731491327765071e-08,,-0.1388979696371825,0.6558208465576172,0.4368521273136139,0.2979292704011786,0.12,0.88,0.5,0.0857115915582161,0.3275116666666667
conch,human,breast,HBCA041,HBCH024;HBES040,1,1.0,train_mean,top200_hvg,24000,12000,192,190,6.344944250660891e-08,,-0.0557603518391092,0.3912580609321594,0.1689428389072418,0.4299746667563663,0.0317460317460317,0.968421052631579,0.5,0.0226750242217503,0.1313183421516754
conch,human,breast,HBCA041,HBCH024;HBES040,1,1.0,train_mean,marker_hvg_overlap,24000,12000,192,155,7.511422589299944e-08,,-0.0588589780955361,0.4042311310768127,0.1842433810234069,0.4171046070847434,0.0387096774193548,0.9612903225806452,0.5,0.0276489005026503,0.1423774193548387
conch,human,breast,HBCA041,HBCH024;HBES040,2,0.1,image,top50_hvg,2400,12000,192,50,0.281198893059045,0.280251232467373,-0.0815053994004847,0.6065006256103516,0.4062179625034332,0.4078161747800345,0.308501840991805,0.8388606197721401,0.5736812303819727,0.3357901091591279,0.4684104320222272
conch,human,breast,HBCA041,HBCH024;HBES040,2,0.1,image,top200_hvg,2400,12000,192,190,0.1267616611438912,0.1249235130446727,-0.0618274263504346,0.3684806227684021,0.1674081087112426,0.4778279785757875,0.0824435132865711,0.9572176315568136,0.5197173915527951,0.090275023164476,0.1867826426245421
conch,human,breast,HBCA041,HBCH024;HBES040,2,0.1,image,marker_hvg_overlap,2400,12000,192,155,0.1284636275369614,0.1270203540226812,-0.0612754103996145,0.3816661834716797,0.1835644394159317,0.4674893221637525,0.0865313677632799,0.9541140753162476,0.5203227215397638,0.0948379317009057,0.2018712474604964
conch,human,breast,HBCA041,HBCH024;HBES040,2,0.1,train_mean,top50_hvg,2400,12000,192,50,1.0869034374749733e-07,,-0.1384979601937812,0.6553435325622559,0.4360305070877075,0.3000019954978185,0.12,0.88,0.5,0.0857115915582161,0.3275116666666667
conch,human,breast,HBCA041,HBCH024;HBES040,2,0.1,train_mean,top200_hvg,2400,12000,192,190,2.349175807427984e-08,,-0.0562230344319725,0.3910867571830749,0.1685640960931778,0.4306006739982613,0.0317460317460317,0.968421052631579,0.5,0.0226750242217503,0.1313183421516754
conch,human,breast,HBCA041,HBCH024;HBES040,2,0.1,train_mean,marker_hvg_overlap,2400,12000,192,155,-1.9939127961624453e-08,,-0.0596173570975342,0.4041415452957153,0.1836699694395065,0.4172373245459592,0.0387096774193548,0.9612903225806452,0.5,0.0276489005026503,0.1423774193548387
conch,human,breast,HBCA041,HBCH024;HBES040,2,0.25,image,top50_hvg,6000,12000,192,50,0.3066355181112885,0.3068092858318654,-0.0634006989188492,0.6026440262794495,0.403591513633728,0.4184420412219681,0.3221384285777482,0.8379557150224163,0.5800470718000823,0.3478989465156729,0.4835294511052327
conch,human,breast,HBCA041,HBCH024;HBES040,2,0.25,image,top200_hvg,6000,12000,192,190,0.14959743390283,0.1466255219099485,-0.034671013724672,0.3659234941005707,0.1645763963460922,0.4930243930418163,0.0853494300929738,0.95731602598626,0.521219807473443,0.0922843243201927,0.1996338630810503
conch,human,breast,HBCA041,HBCH024;HBES040,2,0.25,image,marker_hvg_overlap,6000,12000,192,155,0.1570658684584252,0.1541057940426675,-0.0359105914182427,0.3786321878433227,0.1803183704614639,0.4849335453049587,0.0897397543569196,0.9545969601424672,0.5221683572496933,0.0972420387978619,0.216917299814283
conch,human,breast,HBCA041,HBCH024;HBES040,2,0.25,train_mean,top50_hvg,6000,12000,192,50,-2.862846859130741e-08,,-0.1392912311774853,0.6560274362564087,0.4364888668060303,0.2992183835876822,0.1,0.9,0.5,0.0728563068214633,0.3275116666666667
conch,human,breast,HBCA041,HBCH024;HBES040,2,0.25,train_mean,top200_hvg,6000,12000,192,190,-4.6658452944118896e-08,,-0.0561580457004638,0.3913924396038055,0.1686596423387527,0.4305882030577908,0.0264550264550264,0.9736842105263158,0.5,0.0192741552437733,0.1313183421516754
conch,human,breast,HBCA041,HBCH024;HBES040,2,0.25,train_mean,marker_hvg_overlap,6000,12000,192,155,-4.655015592490027e-08,,-0.0593657426698384,0.4043805599212646,0.1839504688978195,0.4177230359434816,0.032258064516129,0.967741935483871,0.5,0.0235020344585365,0.1423774193548387
conch,human,breast,HBCA041,HBCH024;HBES040,2,1.0,image,top50_hvg,24000,12000,192,50,0.3132326694950461,0.313266084018837,-0.0521052507501735,0.6008111238479614,0.4037787318229675,0.4252787449992019,0.3146259143088642,0.8423246035428571,0.5784752589258607,0.3402579463883491,0.4869834686440438
conch,human,breast,HBCA041,HBCH024;HBES040,2,1.0,image,top200_hvg,24000,12000,192,190,0.1579345895181331,0.153226723094764,-0.024988615260068,0.3647409081459045,0.16348697245121,0.5013712792161427,0.083267056958883,0.9584948844207666,0.5207711687967581,0.0900802251178497,0.2061717206792804
conch,human,breast,HBCA041,HBCH024;HBES040,2,1.0,image,marker_hvg_overlap,24000,12000,192,155,0.1731387940656033,0.1683373889775128,-0.0259686167270692,0.3772914409637451,0.1792743653059005,0.4932552363822001,0.0875307783426857,0.9558820477178386,0.5217064130302622,0.0948946099719191,0.2242270602220967
conch,human,breast,HBCA041,HBCH024;HBES040,2,1.0,train_mean,top50_hvg,24000,12000,192,50,5.731491327765071e-08,,-0.1388979696371825,0.6558208465576172,0.4368521273136139,0.2979292704011786,0.12,0.88,0.5,0.0857115915582161,0.3275116666666667
conch,human,breast,HBCA041,HBCH024;HBES040,2,1.0,train_mean,top200_hvg,24000,12000,192,190,6.344944250660891e-08,,-0.0557603518391092,0.3912580609321594,0.1689428389072418,0.4299746667563663,0.0317460317460317,0.968421052631579,0.5,0.0226750242217503,0.1313183421516754
conch,human,breast,HBCA041,HBCH024;HBES040,2,1.0,train_mean,marker_hvg_overlap,24000,12000,192,155,7.511422589299944e-08,,-0.0588589780955361,0.4042311310768127,0.1842433810234069,0.4171046070847434,0.0387096774193548,0.9612903225806452,0.5,0.0276489005026503,0.1423774193548387
conch,human,breast,HBCH024,HBCA041;HBES040,0,0.1,image,top50_hvg,2400,12000,192,50,0.1154014254419598,0.1106319048545427,-26.631605944633485,0.5450005531311035,0.4144437909126282,0.1384403934127372,0.562494513977829,0.608222520359557,0.585358517168693,0.090452184010229,0.0932282849642728
conch,human,breast,HBCH024,HBCA041;HBES040,0,0.1,image,top200_hvg,2400,12000,192,192,0.0515564124533973,0.0493186772599019,-10.370155149867225,0.3004626035690307,0.166079893708229,0.1388111485364444,0.1748832708081896,0.8917006631922894,0.5290330043167902,0.0317412722983843,0.0383470001127363
conch,human,breast,HBCH024,HBCA041;HBES040,0,0.1,image,marker_hvg_overlap,2400,12000,192,155,0.0525053891550464,0.050000681376477,-7.4858390281036975,0.3087297081947326,0.1827831715345382,0.1392804141284887,0.1775498099523512,0.8822515348127288,0.5299006723825399,0.0324939758730152,0.0397327406856894
conch,human,breast,HBCH024,HBCA041;HBES040,0,0.1,train_mean,top50_hvg,2400,12000,192,50,-1.3399118668644405e-06,,-15.154587342739106,0.4802095293998718,0.4141311943531036,0.0933403396646061,0.4,0.6,0.5,0.0383486670615243,0.0340966666666666
conch,human,breast,HBCH024,HBCA041;HBES040,0,0.1,train_mean,top200_hvg,2400,12000,192,192,-3.744334298921055e-07,,-5.050130104847923,0.2581529021263122,0.1449951976537704,0.1161476956421671,0.1123595505617977,0.8958333333333334,0.5,0.0107720974891922,0.0166605805243445
conch,human,breast,HBCH024,HBCA041;HBES040,0,0.1,train_mean,marker_hvg_overlap,2400,12000,192,155,-3.8372352378590244e-07,,-3.495578763862185,0.2674275636672973,0.1594211012125015,0.1121838739773261,0.1096774193548387,0.8903225806451613,0.5,0.0105712239410717,0.0174123655913978
conch,human,breast,HBCH024,HBCA041;HBES040,0,0.25,image,top50_hvg,6000,12000,192,50,0.1327916532882954,0.1228138777879629,-25.00417647838593,0.5604189038276672,0.4328136742115021,0.1484265818691841,0.6029580437999832,0.5806290493119992,0.5917935465559913,0.0912139959366668,0.1038892182847733
conch,human,breast,HBCH024,HBCA041;HBES040,0,0.25,image,top200_hvg,6000,12000,192,192,0.0625828810658607,0.0576093481241034,-9.146363413244512,0.3051909506320953,0.1667252480983734,0.1485803196178146,0.1842608662597029,0.8868306571933912,0.5310952819532534,0.0329782532543079,0.0434334722278771
conch,human,breast,HBCH024,HBCA041;HBES040,0,0.25,image,marker_hvg_overlap,6000,12000,192,155,0.0639571066619077,0.0587719079985343,-6.451105942192577,0.3160604238510132,0.1848875433206558,0.149905929929793,0.1889061525035741,0.8762223024662111,0.5325642274848926,0.0340604517607845,0.0449532261070872
conch,human,breast,HBCH024,HBCA041;HBES040,0,0.25,train_mean,top50_hvg,6000,12000,192,50,-8.167662736013881e-07,,-14.293527662158011,0.4752590358257293,0.4094670116901397,0.0951874257707878,0.4,0.6,0.5,0.0382822399769666,0.0340966666666666
conch,human,breast,HBCH024,HBCA041;HBES040,0,0.25,train_mean,top200_hvg,6000,12000,192,192,-9.768649493353949e-08,,-4.8158154937809945,0.2557404339313507,0.143863558769226,0.1167201857812441,0.1123595505617977,0.8958333333333334,0.5,0.0107534381957771,0.0166605805243445
conch,human,breast,HBCH024,HBCA041;HBES040,0,0.25,train_mean,marker_hvg_overlap,6000,12000,192,155,6.35965328170172e-08,,-3.395512933484227,0.2659672200679779,0.1585108041763305,0.1125553163671347,0.1096774193548387,0.8903225806451613,0.5,0.0105497958492789,0.0174123655913978
conch,human,breast,HBCH024,HBCA041;HBES040,0,1.0,image,top50_hvg,24000,12000,192,50,0.1421051561855711,0.1303206286065954,-21.434239044189454,0.5209929347038269,0.4018846154212951,0.1517542175974458,0.5727680657053279,0.6262184626395877,0.5994932641724577,0.0958946391980835,0.109747583892558
conch,human,breast,HBCH024,HBCA041;HBES040,0,1.0,image,top200_hvg,24000,12000,192,192,0.0685005002865028,0.0624858128809961,-7.633243154365506,0.2834345996379852,0.1529948413372039,0.1514247608576298,0.1724147492280843,0.9007723174003648,0.5326913210771603,0.0322448697571121,0.0458717569583288
conch,human,breast,HBCH024,HBCA041;HBES040,0,1.0,image,marker_hvg_overlap,24000,12000,192,155,0.0713213998963305,0.0648956904432848,-5.29580985309496,0.2922056913375854,0.1690834611654281,0.1518451692175497,0.1754134747200139,0.8930809449445835,0.5342472098322987,0.0330217929376706,0.0475642962426505
conch,human,breast,HBCH024,HBCA041;HBES040,0,1.0,train_mean,top50_hvg,24000,12000,192,50,8.773744328038901e-07,,-14.427915271520614,0.4759404361248016,0.4100118577480316,0.0951493807914043,0.38,0.62,0.5,0.037281265001341,0.0340966666666666
conch,human,breast,HBCH024,HBCA041;HBES040,0,1.0,train_mean,top200_hvg,24000,12000,192,192,1.8809139321718116e-07,,-4.83006644570993,0.2559996545314789,0.143745869398117,0.1167072226667999,0.1067415730337078,0.9010416666666666,0.5,0.0104722654498148,0.0166605805243445
conch,human,breast,HBCH024,HBCA041;HBES040,0,1.0,train_mean,marker_hvg_overlap,24000,12000,192,155,9.200107978672129e-08,,-3.3842177195548797,0.2658305168151855,0.1582526862621307,0.1125975753671384,0.1032258064516129,0.896774193548387,0.5,0.0102269006958512,0.0174123655913978
conch,human,breast,HBCH024,HBCA041;HBES040,1,0.1,image,top50_hvg,2400,12000,192,50,0.1247990437131375,0.1177903861048703,-20.687080368995662,0.5149207711219788,0.3921044170856476,0.1467961070117812,0.5660350563863245,0.6348393071042876,0.6004371817453061,0.0947642564104535,0.1008342423347102
conch,human,breast,HBCH024,HBCA041;HBES040,1,0.1,image,top200_hvg,2400,12000,192,192,0.0544341681029593,0.0516627324571543,-8.318579635740237,0.2848362624645233,0.1584104001522064,0.1445909196531052,0.1699648571497312,0.9007043920653622,0.5314297411494431,0.0342660888835891,0.0398147265444446
conch,human,breast,HBCH024,HBCA041;HBES040,1,0.1,image,marker_hvg_overlap,2400,12000,192,155,0.0554458849041463,0.05249175287827,-6.298831004240821,0.296510100364685,0.1763402372598648,0.1449017499877805,0.1747597186463424,0.8902926550474553,0.5325261868468988,0.0355306143761658,0.0411070277691194
conch,human,breast,HBCH024,HBCA041;HBES040,1,0.1,train_mean,top50_hvg,2400,12000,192,50,-5.676810525301334e-07,,-13.791634276509283,0.4699802100658417,0.403262585401535,0.0965473866762467,0.38,0.62,0.5,0.037281265001341,0.0340966666666666
conch,human,breast,HBCH024,HBCA041;HBES040,1,0.1,train_mean,top200_hvg,2400,12000,192,192,-1.4406237193597473e-08,,-4.667707265319907,0.2528966665267944,0.1413644850254058,0.1170178233162601,0.1067415730337078,0.9010416666666666,0.5,0.0104722654498148,0.0166605805243445
conch,human,breast,HBCH024,HBCA041;HBES040,1,0.1,train_mean,marker_hvg_overlap,2400,12000,192,155,8.14037611175342e-08,,-3.252029854296697,0.2630961835384369,0.1556710302829742,0.1128369511362504,0.1032258064516129,0.896774193548387,0.5,0.0102269006958512,0.0174123655913978
conch,human,breast,HBCH024,HBCA041;HBES040,1,0.25,image,top50_hvg,6000,12000,192,50,0.1349554061004892,0.1260090345982541,-21.207914481163023,0.5074692964553833,0.3827235996723175,0.1347402112161068,0.5461376948739026,0.6533421496230889,0.5997399222484957,0.0956362958056435,0.1056485538705905
conch,human,breast,HBCH024,HBCA041;HBES040,1,0.25,image,top200_hvg,6000,12000,192,192,0.0629907959065903,0.0588542968237463,-7.853212990399636,0.2775746583938598,0.1487674266099929,0.1408131443539569,0.1651446941761892,0.9071616913101344,0.5325022480194032,0.0320817350499173,0.0429638997582393
conch,human,breast,HBCH024,HBCA041;HBES040,1,0.25,image,marker_hvg_overlap,6000,12000,192,155,0.063913517210993,0.0596021096512091,-5.41513817819256,0.2859775424003601,0.1642753332853317,0.1404694180261927,0.1678082763217248,0.8991526796649161,0.5334804779933204,0.0325016590564877,0.0445220080480476
conch,human,breast,HBCH024,HBCA041;HBES040,1,0.25,train_mean,top50_hvg,6000,12000,192,50,-2.191163525822049e-07,,-14.544493512511254,0.4749509692192077,0.4089921712875366,0.0948373237551934,0.38,0.62,0.5,0.037281265001341,0.0340966666666666
conch,human,breast,HBCH024,HBCA041;HBES040,1,0.25,train_mean,top200_hvg,6000,12000,192,192,-1.3528873616277857e-07,,-4.862569346430769,0.2554691135883331,0.1433458626270294,0.116601494702668,0.1067415730337078,0.9010416666666666,0.5,0.0104722654498148,0.0166605805243445
conch,human,breast,HBCH024,HBCA041;HBES040,1,0.25,train_mean,marker_hvg_overlap,6000,12000,192,155,-2.438444223028202e-07,,-3.36157043756689,0.265018492937088,0.1577461510896682,0.1127209897712159,0.1032258064516129,0.896774193548387,0.5,0.0102269006958512,0.0174123655913978
conch,human,breast,HBCH024,HBCA041;HBES040,1,1.0,image,top50_hvg,24000,12000,192,50,0.1392027216753922,0.1278603416682182,-21.73782560825348,0.5219639539718628,0.401439219713211,0.1515627763218255,0.5670767391902407,0.6289235972605393,0.5980001682253899,0.0957651445893346,0.1069802783971334
conch,human,breast,HBCH024,HBCA041;HBES040,1,1.0,image,top200_hvg,24000,12000,192,192,0.0674572675609882,0.0615063172168039,-7.68940141715575,0.2837523221969604,0.1524141579866409,0.1511192990338731,0.1706156342922598,0.9014028886523792,0.532131846981121,0.0320075551364111,0.0449952160949679
conch,human,breast,HBCH024,HBCA041;HBES040,1,1.0,image,marker_hvg_overlap,24000,12000,192,155,0.0702514021616098,0.0638705680357919,-5.2964345821314645,0.2924268543720245,0.1683782935142517,0.1516679471734532,0.1735979193520368,0.8937782620249284,0.5336880906884827,0.0327505575862289,0.046734377905535
conch,human,breast,HBCH024,HBCA041;HBES040,1,1.0,train_mean,top50_hvg,24000,12000,192,50,8.773744328038901e-07,,-14.427915271520614,0.4759404361248016,0.4100118577480316,0.0951493807914043,0.38,0.62,0.5,0.037281265001341,0.0340966666666666
conch,human,breast,HBCH024,HBCA041;HBES040,1,1.0,train_mean,top200_hvg,24000,12000,192,192,1.8809139321718116e-07,,-4.83006644570993,0.2559996545314789,0.143745869398117,0.1167072226667999,0.1067415730337078,0.9010416666666666,0.5,0.0104722654498148,0.0166605805243445
conch,human,breast,HBCH024,HBCA041;HBES040,1,1.0,train_mean,marker_hvg_overlap,24000,12000,192,155,9.200107978672129e-08,,-3.3842177195548797,0.2658305168151855,0.1582526862621307,0.1125975753671384,0.1032258064516129,0.896774193548387,0.5,0.0102269006958512,0.0174123655913978
conch,human,breast,HBCH024,HBCA041;HBES040,2,0.1,image,top50_hvg,2400,12000,192,50,0.1091508991457522,0.1055858859446885,-21.010435795784,0.5448855757713318,0.4158523380756378,0.1425493599130535,0.5628924255968353,0.6050048308487733,0.5839486282228044,0.0883664304074011,0.0866677903634241
conch,human,breast,HBCH024,HBCA041;HBES040,2,0.1,image,top200_hvg,2400,12000,192,192,0.0507582510806802,0.0479093156428054,-8.575491380254391,0.2991165220737457,0.1647476851940155,0.1423417688259274,0.1725042445194451,0.8921778947405651,0.5281008744793532,0.0334186165910918,0.0364634764375923
conch,human,breast,HBCH024,HBCA041;HBES040,2,0.1,image,marker_hvg_overlap,2400,12000,192,155,0.0524999101323285,0.0493560994744155,-6.198783019016827,0.3086769580841064,0.1811632663011551,0.1424720447977756,0.1750517746676984,0.8845186494183417,0.5297852120430201,0.034870381708222,0.0382955723156685
conch,human,breast,HBCH024,HBCA041;HBES040,2,0.1,train_mean,top50_hvg,2400,12000,192,50,3.9761035628416165e-07,,-13.941670243442058,0.4722880125045776,0.4052758514881134,0.0951300358203515,0.38,0.62,0.5,0.037281265001341,0.0340966666666666
conch,human,breast,HBCH024,HBCA041;HBES040,2,0.1,train_mean,top200_hvg,2400,12000,192,192,2.859082147227091e-07,,-4.738490592422831,0.2542710602283478,0.1423791795969009,0.1165516417212339,0.1067415730337078,0.9010416666666666,0.5,0.0104722654498148,0.0166605805243445
conch,human,breast,HBCH024,HBCA041;HBES040,2,0.1,train_mean,marker_hvg_overlap,2400,12000,192,155,2.1775381108293533e-07,,-3.268052074465818,0.2641760408878326,0.1565875560045242,0.1124989053893983,0.1032258064516129,0.896774193548387,0.5,0.0102269006958512,0.0174123655913978
conch,human,breast,HBCH024,HBCA041;HBES040,2,0.25,image,top50_hvg,6000,12000,192,50,0.1308460230656783,0.1207319778821786,-22.505257165431978,0.5360523462295532,0.4170991778373718,0.154068070161579,0.5990348213033412,0.5986678474587069,0.598851334381024,0.0940560696854046,0.1027336742130835
conch,human,breast,HBCH024,HBCA041;HBES040,2,0.25,image,top200_hvg,6000,12000,192,192,0.0607059252586335,0.0565264498155936,-8.35634422401849,0.2932101786136627,0.162149965763092,0.1526011235258426,0.1809907025970092,0.8921763473426946,0.5323432689664747,0.0321725776955115,0.04170331677635
conch,human,breast,HBCH024,HBCA041;HBES040,2,0.25,image,marker_hvg_overlap,6000,12000,192,155,0.0621151859176367,0.0575689576285649,-5.991905791660951,0.3036675155162811,0.1802858561277389,0.1531294473942225,0.1847075538609299,0.8825595799122243,0.5336335668865771,0.032713224549652,0.043016312707936
conch,human,breast,HBCH024,HBCA041;HBES040,2,0.25,train_mean,top50_hvg,6000,12000,192,50,-8.079123470405847e-07,,-14.308439301848413,0.475930780172348,0.4096901416778564,0.0954365647496507,0.4,0.6,0.5,0.0382822399769666,0.0340966666666666
conch,human,breast,HBCH024,HBCA041;HBES040,2,0.25,train_mean,top200_hvg,6000,12000,192,192,-1.971898622542526e-08,,-4.774887611880555,0.2559042572975158,0.1435279101133346,0.1169180806693949,0.1123595505617977,0.8958333333333334,0.5,0.0107534381957771,0.0166605805243445
conch,human,breast,HBCH024,HBCA041;HBES040,2,0.25,train_mean,marker_hvg_overlap,6000,12000,192,155,-7.48253608177705e-10,,-3.3549914964130654,0.2657738029956817,0.1580472737550735,0.1127735651147578,0.1096774193548387,0.8903225806451613,0.5,0.0105497958492789,0.0174123655913978
conch,human,breast,HBCH024,HBCA041;HBES040,2,1.0,image,top50_hvg,24000,12000,192,50,0.1414853984306683,0.1299409585673308,-21.196972901821137,0.5189473628997803,0.4001146256923675,0.1546123117763682,0.5709595133353662,0.628632182008587,0.5997958476719766,0.0966018906957459,0.1089967930555067
conch,human,breast,HBCH024,HBCA041;HBES040,2,1.0,image,top200_hvg,24000,12000,192,192,0.0684842893257727,0.062570854807498,-7.553174357848854,0.2823158204555511,0.1520993858575821,0.152714284943099,0.1718005083464386,0.9012919164531054,0.5326644338333211,0.0323333716648059,0.0457905528183834
conch,human,breast,HBCH024,HBCA041;HBES040,2,1.0,image,marker_hvg_overlap,24000,12000,192,155,0.0713499567306679,0.0650046840264141,-5.269704748492598,0.2912759482860565,0.1681651324033737,0.1531093802193455,0.1747838921515071,0.8935864508342096,0.5341851714928583,0.0330840663348307,0.0475217373945488
conch,human,breast,HBCH024,HBCA041;HBES040,2,1.0,train_mean,top50_hvg,24000,12000,192,50,8.773744328038901e-07,,-14.427915271520614,0.4759404361248016,0.4100118577480316,0.0951493807914043,0.38,0.62,0.5,0.037281265001341,0.0340966666666666
conch,human,breast,HBCH024,HBCA041;HBES040,2,1.0,train_mean,top200_hvg,24000,12000,192,192,1.8809139321718116e-07,,-4.83006644570993,0.2559996545314789,0.143745869398117,0.1167072226667999,0.1067415730337078,0.9010416666666666,0.5,0.0104722654498148,0.0166605805243445
conch,human,breast,HBCH024,HBCA041;HBES040,2,1.0,train_mean,marker_hvg_overlap,24000,12000,192,155,9.200107978672129e-08,,-3.3842177195548797,0.2658305168151855,0.1582526862621307,0.1125975753671384,0.1032258064516129,0.896774193548387,0.5,0.0102269006958512,0.0174123655913978
conch,human,breast,HBES040,HBCA041;HBCH024,0,0.1,image,top50_hvg,2400,12000,192,50,0.2366677795560099,0.2390281682123052,-7.572518554287963,0.6386269330978394,0.4884614646434784,0.3754420081650032,0.5404278219075299,0.5789640694523296,0.5596959456799298,0.4055757184662629,0.4500360833537186
conch,human,breast,HBES040,HBCA041;HBCH024,0,0.1,image,top200_hvg,2400,12000,192,192,0.1030684546943256,0.1034980218818742,-2.107313010888633,0.3747232854366302,0.1961670070886612,0.480924499525732,0.1502604795644057,0.885860164923265,0.5174595862697473,0.1135552181924533,0.1768146041601252
conch,human,breast,HBES040,HBCA041;HBCH024,0,0.1,image,marker_hvg_overlap,2400,12000,192,155,0.1068968611318738,0.107308076521602,-2.545482961510143,0.3915804326534271,0.2170552313327789,0.4725529550290909,0.1582593919630233,0.8789963481492445,0.518627870056134,0.1205917174592655,0.1937198232186074
conch,human,breast,HBES040,HBCA041;HBCH024,0,0.1,train_mean,top50_hvg,2400,12000,192,50,-1.1367092126235435e-07,,-1.734562519873034,0.6375108361244202,0.4396214485168457,0.2257365390369794,0.14,0.86,0.5,0.0779043031226343,0.3407016666666667
conch,human,breast,HBES040,HBCA041;HBCH024,0,0.1,train_mean,top200_hvg,2400,12000,192,192,-5.7092435537945327e-08,,-0.4832467582090813,0.3748541176319122,0.1671216040849685,0.4054460925946682,0.0368421052631578,0.9635416666666666,0.5,0.0205011324006932,0.1346982456140351
conch,human,breast,HBES040,HBCA041;HBCH024,0,0.1,train_mean,marker_hvg_overlap,2400,12000,192,155,-7.337330246464318e-08,,-0.5834260384119672,0.3944824934005737,0.1855675429105758,0.3919990299534771,0.0387096774193548,0.9612903225806452,0.5,0.0214801352559048,0.1485145161290322
conch,human,breast,HBES040,HBCA041;HBCH024,0,0.25,image,top50_hvg,6000,12000,192,50,0.2604746330110356,0.2617379368261786,-6.665621837936341,0.6142797470092773,0.4632169902324676,0.3800628320034344,0.4819693748733668,0.6356624403814594,0.5588159076274131,0.3647179119856937,0.4634560860207239
conch,human,breast,HBES040,HBCA041;HBCH024,0,0.25,image,top200_hvg,6000,12000,192,192,0.1156994515232351,0.1151780569772422,-1.8192241088800456,0.3628504574298858,0.1848467290401458,0.4843537882354754,0.1297465707762739,0.9035521856267404,0.5161417581258585,0.0996174199165744,0.1835777414584516
conch,human,breast,HBES040,HBCA041;HBCH024,0,0.25,image,marker_hvg_overlap,6000,12000,192,155,0.1226074515543352,0.1219307582645179,-2.208941353009563,0.3797093629837036,0.2047124803066253,0.4778209333136574,0.135877929784111,0.898143678288451,0.517010804036281,0.1050286007426206,0.2014834685385545
conch,human,breast,HBES040,HBCA041;HBCH024,0,0.25,train_mean,top50_hvg,6000,12000,192,50,1.9873593082309076e-08,,-1.629199632939417,0.6382118463516235,0.4377504587173462,0.2330724244581543,0.16,0.84,0.5,0.0940106299681717,0.3407016666666667
conch,human,breast,HBES040,HBCA041;HBCH024,0,0.25,train_mean,top200_hvg,6000,12000,192,192,4.1236258107845964e-09,,-0.4559122469798048,0.3752631545066833,0.1664537042379379,0.4093283080527515,0.0421052631578947,0.9583333333333334,0.5,0.0247396394653083,0.1346982456140351
conch,human,breast,HBES040,HBCA041;HBCH024,0,0.25,train_mean,marker_hvg_overlap,6000,12000,192,155,-1.011381680913264e-08,,-0.5497891628512955,0.3946979343891144,0.1848173290491104,0.3966774469142724,0.0451612903225806,0.9548387096774194,0.5,0.0266757245609168,0.1485145161290322
conch,human,breast,HBES040,HBCA041;HBCH024,0,1.0,image,top50_hvg,24000,12000,192,50,0.2621003917674534,0.2622643798140484,-7.013550132457167,0.6174466013908386,0.4673225581645965,0.3810356967292056,0.4941375566198814,0.6211383338166293,0.5576379452182554,0.370722675717659,0.4634369351912586
conch,human,breast,HBES040,HBCA041;HBCH024,0,1.0,image,top200_hvg,24000,12000,192,192,0.1199076677715454,0.118540516471819,-1.896779287314147,0.3638972043991089,0.1854190081357956,0.4864751456597587,0.1336846552751662,0.8992974400040761,0.5159610341659584,0.1017120924736201,0.1867646477041222
conch,human,breast,HBES040,HBCA041;HBCH024,0,1.0,image,marker_hvg_overlap,24000,12000,192,155,0.1308057083579291,0.1290759118876488,-2.308335594872246,0.380539208650589,0.2053009122610092,0.4798641674595756,0.1393440831659508,0.8942369615505824,0.5167905223582665,0.1068948050274916,0.2052254629362837
conch,human,breast,HBES040,HBCA041;HBCH024,0,1.0,train_mean,top50_hvg,24000,12000,192,50,-4.518381893747758e-08,,-1.7175031695922371,0.6379984617233276,0.4380761384963989,0.2303882850104658,0.16,0.84,0.5,0.0940106299681717,0.3407016666666667
conch,human,breast,HBES040,HBCA041;HBCH024,0,1.0,train_mean,top200_hvg,24000,12000,192,192,6.889232883523558e-08,,-0.478317010056138,0.375156968832016,0.1662993282079696,0.407365292827195,0.0421052631578947,0.9583333333333334,0.5,0.0247396394653083,0.1346982456140351
conch,human,breast,HBES040,HBCA041;HBCH024,0,1.0,train_mean,marker_hvg_overlap,24000,12000,192,155,5.980577178935882e-08,,-0.5776819416432596,0.3947315514087677,0.1846483498811721,0.394047531149321,0.0451612903225806,0.9548387096774194,0.5,0.0266757245609168,0.1485145161290322
conch,human,breast,HBES040,HBCA041;HBCH024,1,0.1,image,top50_hvg,2400,12000,192,50,0.2506970557523891,0.2528435377624821,-7.991204598294571,0.6254230737686157,0.4693994224071502,0.3684243388137301,0.4982097214755784,0.6312190990135937,0.5647144102445861,0.3850673723546994,0.4585146301875496
conch,human,breast,HBES040,HBCA041;HBCH024,1,0.1,image,top200_hvg,2400,12000,192,192,0.1115460611923481,0.1114492697927726,-2.203697662795572,0.3683547973632812,0.1887786835432052,0.4758055564441067,0.1327149504767139,0.9030546061063996,0.5173745393763273,0.1036498655317032,0.1807571002109179
conch,human,breast,HBES040,HBCA041;HBCH024,1,0.1,image,marker_hvg_overlap,2400,12000,192,155,0.1146817352183373,0.1145885742358822,-2.669105353390407,0.3860172629356384,0.2092314064502716,0.4682818924202829,0.1400379426176402,0.8963990227773289,0.5182184826974846,0.1102781827074186,0.1980330697237846
conch,human,breast,HBES040,HBCA041;HBCH024,1,0.1,train_mean,top50_hvg,2400,12000,192,50,5.6811953719204665e-08,,-1.7807738014444476,0.6385667324066162,0.4384921491146087,0.2272921991999441,0.14,0.86,0.5,0.0779043031226343,0.3407016666666667
conch,human,breast,HBES040,HBCA041;HBCH024,1,0.1,train_mean,top200_hvg,2400,12000,192,192,-3.2825470238269834e-08,,-0.4957901412034349,0.3754817843437195,0.1665488332509994,0.4053937153526379,0.0368421052631578,0.9635416666666666,0.5,0.0205011324006932,0.1346982456140351
conch,human,breast,HBES040,HBCA041;HBCH024,1,0.1,train_mean,marker_hvg_overlap,2400,12000,192,155,-1.6523214595836986e-08,,-0.5986108290455289,0.3950178623199463,0.1848359405994415,0.3919566153274956,0.0387096774193548,0.9612903225806452,0.5,0.0214801352559048,0.1485145161290322
conch,human,breast,HBES040,HBCA041;HBCH024,1,0.25,image,top50_hvg,6000,12000,192,50,0.2597825364116579,0.2607465992625994,-7.563612267402932,0.6193797588348389,0.4676965177059173,0.3763167300887578,0.4993278603684137,0.6236170685743311,0.5614724644713724,0.3791607013854588,0.4641387988682679
conch,human,breast,HBES040,HBCA041;HBCH024,1,0.25,image,top200_hvg,6000,12000,192,192,0.1164378867258091,0.1159650506956582,-2.060441185899809,0.3651838302612304,0.1876366585493087,0.4823077408692023,0.1353614678283244,0.8998275544109227,0.5170672877217862,0.1039730190656832,0.184006424950448
conch,human,breast,HBES040,HBCA041;HBCH024,1,0.25,image,marker_hvg_overlap,6000,12000,192,155,0.1234423578468962,0.1228669250634402,-2.503366941009623,0.3819802105426788,0.2080947011709213,0.4752364835295237,0.1422929714521655,0.8939504806241719,0.5181217260381688,0.1099335994624549,0.2021483349179685
conch,human,breast,HBES040,HBCA041;HBCH024,1,0.25,train_mean,top50_hvg,6000,12000,192,50,-1.26079951558365e-07,,-1.8483151319692843,0.6393789052963257,0.4391514956951141,0.2192243960911336,0.14,0.86,0.5,0.0779043031226343,0.3407016666666667
conch,human,breast,HBES040,HBCA041;HBCH024,1,0.25,train_mean,top200_hvg,6000,12000,192,192,-2.2616454672820592e-08,,-0.5126220673390599,0.3757832646369934,0.1666482388973236,0.4010393939324009,0.0368421052631578,0.9635416666666666,0.5,0.0205011324006932,0.1346982456140351
conch,human,breast,HBES040,HBCA041;HBCH024,1,0.25,train_mean,marker_hvg_overlap,6000,12000,192,155,-7.210101174113018e-10,,-0.6195020255933209,0.3954851329326629,0.1850524842739105,0.3870547202498716,0.0387096774193548,0.9612903225806452,0.5,0.0214801352559048,0.1485145161290322
conch,human,breast,HBES040,HBCA041;HBCH024,1,1.0,image,top50_hvg,24000,12000,192,50,0.2629924511164427,0.2630790244060803,-7.047679596198723,0.6172182559967041,0.466838538646698,0.3806452141720919,0.4934955381177086,0.6231395042681527,0.5583175211929307,0.3704207969911695,0.464040210742934
conch,human,breast,HBES040,HBCA041;HBCH024,1,1.0,image,top200_hvg,24000,12000,192,192,0.1208407058699154,0.119376046901875,-1.9065713513824063,0.3637953698635101,0.1853775233030319,0.4862377483479482,0.1332871842752928,0.8999159590854977,0.5160748135703189,0.1014224021580271,0.1872594618946245
conch,human,breast,HBES040,HBCA041;HBCH024,1,1.0,image,marker_hvg_overlap,24000,12000,192,155,0.1318162021031903,0.1299602036378157,-2.3205762401975187,0.380493551492691,0.2053293138742447,0.4795148657763405,0.1391950946864157,0.8947477637394895,0.5169714292129527,0.1067452250834711,0.2057681901328032
conch,human,breast,HBES040,HBCA041;HBCH024,1,1.0,train_mean,top50_hvg,24000,12000,192,50,-4.518381893747758e-08,,-1.7175031695922371,0.6379984617233276,0.4380761384963989,0.2303882850104658,0.16,0.84,0.5,0.0940106299681717,0.3407016666666667
conch,human,breast,HBES040,HBCA041;HBCH024,1,1.0,train_mean,top200_hvg,24000,12000,192,192,6.889232883523558e-08,,-0.478317010056138,0.375156968832016,0.1662993282079696,0.407365292827195,0.0421052631578947,0.9583333333333334,0.5,0.0247396394653083,0.1346982456140351
conch,human,breast,HBES040,HBCA041;HBCH024,1,1.0,train_mean,marker_hvg_overlap,24000,12000,192,155,5.980577178935882e-08,,-0.5776819416432596,0.3947315514087677,0.1846483498811721,0.394047531149321,0.0451612903225806,0.9548387096774194,0.5,0.0266757245609168,0.1485145161290322
conch,human,breast,HBES040,HBCA041;HBCH024,2,0.1,image,top50_hvg,2400,12000,192,50,0.2417553862463682,0.241120184683456,-7.01078196154107,0.6256935000419617,0.470400720834732,0.3737803187531165,0.4993576170436399,0.62042840658242,0.55989301181303,0.3814375130277619,0.4531627952701857
conch,human,breast,HBES040,HBCA041;HBCH024,2,0.1,image,top200_hvg,2400,12000,192,192,0.1099257022578967,0.1092636252840043,-1.9231451741865095,0.3682294487953186,0.1884579807519912,0.4802630864802107,0.135596298101951,0.8990254089304347,0.5167794083000373,0.1046997404628122,0.178358184836963
conch,human,breast,HBES040,HBCA041;HBCH024,2,0.1,image,marker_hvg_overlap,2400,12000,192,155,0.1114269500297884,0.110793959681728,-2.332381658973369,0.3845637440681457,0.2087152004241943,0.474157417016803,0.1426553257943468,0.8930667650274702,0.5178610454109085,0.1109695441053066,0.1958744334115081
conch,human,breast,HBES040,HBCA041;HBCH024,2,0.1,train_mean,top50_hvg,2400,12000,192,50,-1.3448857211884046e-07,,-1.7005735768412706,0.6390237808227539,0.4370846748352051,0.2324162294532886,0.16,0.84,0.5,0.0940106299681717,0.3407016666666667
conch,human,breast,HBES040,HBCA041;HBCH024,2,0.1,train_mean,top200_hvg,2400,12000,192,192,-1.1726715860986432e-08,,-0.4754260433129897,0.3756385147571563,0.1659337878227234,0.4083420616738375,0.0421052631578947,0.9583333333333334,0.5,0.0247396394653083,0.1346982456140351
conch,human,breast,HBES040,HBCA041;HBCH024,2,0.1,train_mean,marker_hvg_overlap,2400,12000,192,155,-1.7900898495415072e-08,,-0.5736137182586273,0.3951075375080108,0.1842026710510254,0.3956567980833809,0.0451612903225806,0.9548387096774194,0.5,0.0266757245609168,0.1485145161290322
conch,human,breast,HBES040,HBCA041;HBCH024,2,0.25,image,top50_hvg,6000,12000,192,50,0.2566389488661661,0.2578854323757066,-6.973199419882149,0.6184939742088318,0.4659924507141113,0.3828730827720051,0.4925285615380007,0.6233924086852288,0.5579604851116148,0.3702005697278214,0.4591545942578291
conch,human,breast,HBES040,HBCA041;HBCH024,2,0.25,image,top200_hvg,6000,12000,192,192,0.1150416096481491,0.1144501847686102,-1.9043529586002572,0.3648024499416351,0.1856906861066818,0.4854523728205925,0.1326704442091899,0.9000943775457704,0.5158565918119316,0.100921582748918,0.1819782079166245
conch,human,breast,HBES040,HBCA041;HBCH024,2,0.25,image,marker_hvg_overlap,6000,12000,192,155,0.121251146777133,0.1202857464869542,-2.314167672200992,0.3819714188575744,0.2058316022157669,0.4779688177038214,0.139069336970577,0.8942849012830298,0.5166771191268035,0.1065970510275595,0.1998309300623142
conch,human,breast,HBES040,HBCA041;HBCH024,2,0.25,train_mean,top50_hvg,6000,12000,192,50,-8.250267644172028e-08,,-1.699101485205465,0.6366848349571228,0.4379368126392364,0.2375472019439204,0.16,0.84,0.5,0.0940106299681717,0.3407016666666667
conch,human,breast,HBES040,HBCA041;HBCH024,2,0.25,train_mean,top200_hvg,6000,12000,192,192,-8.966387436412391e-09,,-0.4733721935811449,0.3745615184307098,0.1663258671760559,0.4115981194861909,0.0421052631578947,0.9583333333333334,0.5,0.0247396394653083,0.1346982456140351
conch,human,breast,HBES040,HBCA041;HBCH024,2,0.25,train_mean,marker_hvg_overlap,6000,12000,192,155,7.221929448729358e-09,,-0.5715366650005019,0.3940393328666687,0.1846942901611328,0.3987941077517598,0.0451612903225806,0.9548387096774194,0.5,0.0266757245609168,0.1485145161290322
conch,human,breast,HBES040,HBCA041;HBCH024,2,1.0,image,top50_hvg,24000,12000,192,50,0.260622851785738,0.260855987433427,-7.2033880354068245,0.6204716563224792,0.4695518612861633,0.3778691763420124,0.4960608607313096,0.6178398855170957,0.5569503731242026,0.3703006763877582,0.4623633292614724
conch,human,breast,HBES040,HBCA041;HBCH024,2,1.0,image,top200_hvg,24000,12000,192,192,0.1198214567709855,0.1185244151000575,-1.9484644922871093,0.3652854859828949,0.1860203146934509,0.4844047098751247,0.1342404005888771,0.8983970628801522,0.5157839794338839,0.1016033240897422,0.1866141342270786
conch,human,breast,HBES040,HBCA041;HBCH024,2,1.0,image,marker_hvg_overlap,24000,12000,192,155,0.1307572419640153,0.1290642274073749,-2.370869697887153,0.3818186819553375,0.2058988362550735,0.4779311849837802,0.1401279479733999,0.8931744977192739,0.5166512228463369,0.1068602913174552,0.2050803328801534
conch,human,breast,HBES040,HBCA041;HBCH024,2,1.0,train_mean,top50_hvg,24000,12000,192,50,-4.518381893747758e-08,,-1.7175031695922371,0.6379984617233276,0.4380761384963989,0.2303882850104658,0.16,0.84,0.5,0.0940106299681717,0.3407016666666667
conch,human,breast,HBES040,HBCA041;HBCH024,2,1.0,train_mean,top200_hvg,24000,12000,192,192,6.889232883523558e-08,,-0.478317010056138,0.375156968832016,0.1662993282079696,0.407365292827195,0.0421052631578947,0.9583333333333334,0.5,0.0247396394653083,0.1346982456140351
conch,human,breast,HBES040,HBCA041;HBCH024,2,1.0,train_mean,marker_hvg_overlap,24000,12000,192,155,5.980577178935882e-08,,-0.5776819416432596,0.3947315514087677,0.1846483498811721,0.394047531149321,0.0451612903225806,0.9548387096774194,0.5,0.0266757245609168,0.1485145161290322
conch,human,lung,HLCD033,HLCX022;XTNL005,0,0.1,image,top50_hvg,2400,12000,162,50,0.1641963486373424,0.1464764853941756,-0.1807962393690832,0.419362336397171,0.2564159333705902,0.2173039051249444,0.1187491149499364,0.9430754136529914,0.530912264301464,0.1269906995649002,0.2360119264269821
conch,human,lung,HLCD033,HLCX022;XTNL005,0,0.1,image,top200_hvg,2400,12000,162,147,0.1015553610133273,0.0915823427838585,-0.1153589671225058,0.278388500213623,0.1198854818940162,0.2851767828847886,0.0428317595222244,0.9806144501072916,0.5111652472638888,0.0459071102658151,0.1154816465936922
conch,human,lung,HLCD033,HLCX022;XTNL005,0,0.1,image,marker_hvg_overlap,2400,12000,162,99,0.11483108253698,0.1035420457081892,-0.141522330642358,0.3371738195419311,0.1754273772239685,0.2451962141497745,0.0601375209453455,0.9712153956138572,0.5156764582796013,0.0644554376459424,0.1606223855195655
conch,human,lung,HLCD033,HLCX022;XTNL005,0,0.1,train_mean,top50_hvg,2400,12000,162,50,-3.3994694575767426e-07,,-0.0873820867419999,0.4270748794078827,0.2544049024581909,0.1577015636950926,0.04,0.96,0.5,0.0191918802664705,0.15555
conch,human,lung,HLCD033,HLCX022;XTNL005,0,0.1,train_mean,top200_hvg,2400,12000,162,147,-3.586259908407907e-07,,-0.0388790713244057,0.2818638980388641,0.1142079979181289,0.2644826676197871,0.014388489208633,0.9863945578231292,0.5,0.0069035540526872,0.0775299760191846
conch,human,lung,HLCD033,HLCX022;XTNL005,0,0.1,train_mean,marker_hvg_overlap,2400,12000,162,99,-3.873021724727714e-07,,-0.0539525452101651,0.3414166569709778,0.1677853465080261,0.2144895023591995,0.0202020202020202,0.9797979797979798,0.5,0.0096928688214497,0.1074158249158249
conch,human,lung,HLCD033,HLCX022;XTNL005,0,0.25,image,top50_hvg,6000,12000,162,50,0.1871301676705479,0.1657875928452195,-0.1673581532668322,0.4196847379207611,0.2610314190387726,0.2056283543324497,0.1314712194078073,0.9369235994394404,0.5341974094236239,0.1320289576406954,0.2478953411836524
conch,human,lung,HLCD033,HLCX022;XTNL005,0,0.25,image,top200_hvg,6000,12000,162,147,0.1156841366131537,0.101823349582804,-0.0885998236804069,0.2778587937355041,0.120126374065876,0.2854786726073317,0.047503508883056,0.9785123150873812,0.5123895613402512,0.0478877475702398,0.1249110252383159
conch,human,lung,HLCD033,HLCX022;XTNL005,0,0.25,image,marker_hvg_overlap,6000,12000,162,99,0.1377780807188081,0.1214169184193552,-0.1149755923351304,0.3365292847156524,0.1760259568691253,0.242652109516081,0.0666968458055029,0.9680940436145964,0.5173954447100496,0.0672363324471044,0.1738593517284283
conch,human,lung,HLCD033,HLCX022;XTNL005,0,0.25,train_mean,top50_hvg,6000,12000,162,50,3.210605263603839e-07,,-0.0857602168139419,0.4273267388343811,0.254969835281372,0.1542511460791394,0.04,0.96,0.5,0.0191918802664705,0.15555
conch,human,lung,HLCD033,HLCX022;XTNL005,0,0.25,train_mean,top200_hvg,6000,12000,162,147,1.926505544470245e-07,,-0.0382594845209398,0.2820279896259308,0.1142476499080658,0.2623892471164876,0.014388489208633,0.9863945578231292,0.5,0.0069035540526872,0.0775299760191846
conch,human,lung,HLCD033,HLCX022;XTNL005,0,0.25,train_mean,marker_hvg_overlap,6000,12000,162,99,2.893204753304543e-07,,-0.0530247889530643,0.3415982723236084,0.1679165065288543,0.2122346863094865,0.0202020202020202,0.9797979797979798,0.5,0.0096928688214497,0.1074158249158249
conch,human,lung,HLCD033,HLCX022;XTNL005,0,1.0,image,top50_hvg,24000,12000,162,50,0.207886850349605,0.1861336783541001,-0.1216825827211141,0.4139868915081024,0.2538447678089142,0.2285750408697638,0.1168483657897534,0.94790144502609,0.5323749054079218,0.1191129481913731,0.2598039299625457
conch,human,lung,HLCD033,HLCX022;XTNL005,0,1.0,image,top200_hvg,24000,12000,162,147,0.1115864540220794,0.0989963654318238,-0.0587268400988198,0.2746197879314422,0.1163288056850433,0.3054856279609164,0.0421630680911521,0.9822627180799108,0.5117024677065362,0.04309318508556,0.132117934175477
conch,human,lung,HLCD033,HLCX022;XTNL005,0,1.0,image,marker_hvg_overlap,24000,12000,162,99,0.1558602160934095,0.1382735548205167,-0.0798352610208435,0.3325698971748352,0.1705247610807418,0.2633024469394139,0.0591986511582843,0.9736628238156252,0.5164307374869548,0.0605045729989175,0.1837985087510104
conch,human,lung,HLCD033,HLCX022;XTNL005,0,1.0,train_mean,top50_hvg,24000,12000,162,50,3.3548265548688505e-07,,-0.0836126098100794,0.4273766279220581,0.253788948059082,0.154220105730424,0.04,0.96,0.5,0.0191918802664705,0.15555
conch,human,lung,HLCD033,HLCX022;XTNL005,0,1.0,train_mean,top200_hvg,24000,12000,162,147,1.0366040646801935e-07,,-0.0376277322412413,0.2820767164230346,0.1138124987483024,0.261805872509707,0.014388489208633,0.9863945578231292,0.5,0.0069035540526872,0.0775299760191846
conch,human,lung,HLCD033,HLCX022;XTNL005,0,1.0,train_mean,marker_hvg_overlap,24000,12000,162,99,1.548025935137801e-07,,-0.0521635417841999,0.3416576385498047,0.1672372967004776,0.2117313966906216,0.0202020202020202,0.9797979797979798,0.5,0.0096928688214497,0.1074158249158249
conch,human,lung,HLCD033,HLCX022;XTNL005,1,0.1,image,top50_hvg,2400,12000,162,50,0.1651378704514354,0.1509870719121211,-0.2491423451818991,0.4268009662628174,0.2731180489063263,0.1871276663168019,0.1562045663460573,0.916897124755472,0.5365508455507648,0.1466658172482915,0.2342424405317261
conch,human,lung,HLCD033,HLCX022;XTNL005,1,0.1,image,top200_hvg,2400,12000,162,147,0.1042899574592,0.095552894748307,-0.1413773603615599,0.2821661829948425,0.1266448050737381,0.2692993026657398,0.0565045377200926,0.971688520253505,0.5132818101451732,0.053358798613578,0.116716446387138
conch,human,lung,HLCD033,HLCX022;XTNL005,1,0.1,image,marker_hvg_overlap,2400,12000,162,99,0.1180227846612758,0.1080281139344095,-0.1752547644028167,0.3418181538581848,0.1854045987129211,0.2254514386329911,0.0793346539706351,0.9579617421945986,0.5186481980826169,0.0749179091645186,0.161914919422703
conch,human,lung,HLCD033,HLCX022;XTNL005,1,0.1,train_mean,top50_hvg,2400,12000,162,50,-1.9379513219064398e-07,,-0.0864509730043391,0.4274494647979736,0.2538765370845794,0.1534910680937101,0.04,0.96,0.5,0.0191918802664705,0.15555
conch,human,lung,HLCD033,HLCX022;XTNL005,1,0.1,train_mean,top200_hvg,2400,12000,162,147,2.593643259651638e-07,,-0.0392421628980072,0.2821373045444488,0.1136017590761184,0.26136379214169,0.014388489208633,0.9863945578231292,0.5,0.0069035540526872,0.0775299760191846
conch,human,lung,HLCD033,HLCX022;XTNL005,1,0.1,train_mean,marker_hvg_overlap,2400,12000,162,99,2.979848290183924e-07,,-0.0542787427373218,0.3417282104492187,0.1669130623340606,0.2114433478657071,0.0202020202020202,0.9797979797979798,0.5,0.0096928688214497,0.1074158249158249
conch,human,lung,HLCD033,HLCX022;XTNL005,1,0.25,image,top50_hvg,6000,12000,162,50,0.191063433997333,0.1712958117926989,-0.1551394923962652,0.4184081256389618,0.2591708898544311,0.2135415005557668,0.1358640401897727,0.9361571914985168,0.5360106158441448,0.1343669384008596,0.2498637589604909
conch,human,lung,HLCD033,HLCX022;XTNL005,1,0.25,image,top200_hvg,6000,12000,162,147,0.1189749944482543,0.1059455129806721,-0.0846291276633721,0.277234822511673,0.1198929473757743,0.2927413399284417,0.0491326537132175,0.9782580283806211,0.5130696727988797,0.0488311159119306,0.1267122969805549
conch,human,lung,HLCD033,HLCX022;XTNL005,1,0.25,image,marker_hvg_overlap,6000,12000,162,99,0.1410291317351764,0.125550040442939,-0.1081813484232759,0.3357565402984619,0.1756369620561599,0.2497283762530619,0.0689842309710832,0.9677164663833469,0.518350348677215,0.0685608597147309,0.1763374923704191
conch,human,lung,HLCD033,HLCX022;XTNL005,1,0.25,train_mean,top50_hvg,6000,12000,162,50,3.2984199317432254e-08,,-0.0837044901515764,0.4271171987056732,0.2535978257656097,0.1552500455228313,0.04,0.96,0.5,0.0191918802664705,0.15555
conch,human,lung,HLCD033,HLCX022;XTNL005,1,0.25,train_mean,top200_hvg,6000,12000,162,147,2.3640575145341597e-07,,-0.0374817001804826,0.2819451093673706,0.1137384176254272,0.2628333356686305,0.014388489208633,0.9863945578231292,0.5,0.0069035540526872,0.0775299760191846
conch,human,lung,HLCD033,HLCX022;XTNL005,1,0.25,train_mean,marker_hvg_overlap,6000,12000,162,99,2.419192213085121e-07,,-0.0518501156165707,0.3414996564388275,0.1670934110879898,0.212722639237417,0.0202020202020202,0.9797979797979798,0.5,0.0096928688214497,0.1074158249158249
conch,human,lung,HLCD033,HLCX022;XTNL005,1,1.0,image,top50_hvg,24000,12000,162,50,0.2073112580552697,0.1851372911168262,-0.1225269301654771,0.4142083823680877,0.2536379098892212,0.2274543809444743,0.1167207967070088,0.9479176435379916,0.5323192201225002,0.1194666621113537,0.2594441965605583
conch,human,lung,HLCD033,HLCX022;XTNL005,1,1.0,image,top200_hvg,24000,12000,162,147,0.1114982275983022,0.0986328835249556,-0.0592431969781114,0.2747341692447662,0.1162284389138221,0.3045719078886385,0.0421298235955195,0.9822688207069096,0.5116890723873845,0.0432463806825987,0.1319829017824607
conch,human,lung,HLCD033,HLCX022;XTNL005,1,1.0,image,marker_hvg_overlap,24000,12000,162,99,0.1555226502911836,0.1376352121224365,-0.0806112735240597,0.3327156007289886,0.170378178358078,0.2623279142209157,0.0591519745432041,0.9736718852920776,0.516411929917641,0.0607196658068811,0.1835481440742337
conch,human,lung,HLCD033,HLCX022;XTNL005,1,1.0,train_mean,top50_hvg,24000,12000,162,50,3.3548265548688505e-07,,-0.0836126098100794,0.4273766279220581,0.253788948059082,0.154220105730424,0.04,0.96,0.5,0.0191918802664705,0.15555
conch,human,lung,HLCD033,HLCX022;XTNL005,1,1.0,train_mean,top200_hvg,24000,12000,162,147,1.0366040646801935e-07,,-0.0376277322412413,0.2820767164230346,0.1138124987483024,0.261805872509707,0.014388489208633,0.9863945578231292,0.5,0.0069035540526872,0.0775299760191846
conch,human,lung,HLCD033,HLCX022;XTNL005,1,1.0,train_mean,marker_hvg_overlap,24000,12000,162,99,1.548025935137801e-07,,-0.0521635417841999,0.3416576385498047,0.1672372967004776,0.2117313966906216,0.0202020202020202,0.9797979797979798,0.5,0.0096928688214497,0.1074158249158249
conch,human,lung,HLCD033,HLCX022;XTNL005,2,0.1,image,top50_hvg,2400,12000,162,50,0.1625171875208616,0.14856783428,-0.2059105059225112,0.4235752820968628,0.2606529295444488,0.1956634461274141,0.1275702577889214,0.9353663458857984,0.5314683018373598,0.1240737543025711,0.2317936124712148
conch,human,lung,HLCD033,HLCX022;XTNL005,2,0.1,image,top200_hvg,2400,12000,162,147,0.1038361537352315,0.0949929803567049,-0.1281343810644508,0.2809432744979858,0.1221115887165069,0.2700926063734609,0.0460694811402857,0.9779927486230828,0.5113978126837874,0.0449838506974518,0.1143999413463293
conch,human,lung,HLCD033,HLCX022;XTNL005,2,0.1,image,marker_hvg_overlap,2400,12000,162,99,0.1155369973224364,0.1057605192314576,-0.1600805579289568,0.3402940332889557,0.1788667142391204,0.227669507771125,0.0646834129141385,0.9673225661373048,0.5160029895257217,0.0631591439085435,0.1589691770983112
conch,human,lung,HLCD033,HLCX022;XTNL005,2,0.1,train_mean,top50_hvg,2400,12000,162,50,2.2739634236046414e-07,,-0.0872498381370678,0.4276416599750519,0.2535557746887207,0.1550189038749882,0.04,0.96,0.5,0.0191918802664705,0.15555
conch,human,lung,HLCD033,HLCX022;XTNL005,2,0.1,train_mean,top200_hvg,2400,12000,162,147,-1.6646453386497057e-07,,-0.0396696274635275,0.2822705507278442,0.1136558875441551,0.2609782076435121,0.014388489208633,0.9863945578231292,0.5,0.0069035540526872,0.0775299760191846
conch,human,lung,HLCD033,HLCX022;XTNL005,2,0.1,train_mean,marker_hvg_overlap,2400,12000,162,99,-2.0378250812055657e-07,,-0.0549770213255021,0.3419126272201538,0.1669544577598571,0.2111249425194759,0.0202020202020202,0.9797979797979798,0.5,0.0096928688214497,0.1074158249158249
conch,human,lung,HLCD033,HLCX022;XTNL005,2,0.25,image,top50_hvg,6000,12000,162,50,0.1926097569614648,0.1710276142518702,-0.1781854794803075,0.4174990057945251,0.2605979442596435,0.216411122714546,0.1395327348364245,0.9326815275569252,0.5361071311966749,0.1360988735259121,0.2496227843630193
conch,human,lung,HLCD033,HLCX022;XTNL005,2,0.25,image,top200_hvg,6000,12000,162,147,0.119312380391295,0.1059909218724421,-0.0894429646115712,0.2768785655498504,0.1197784841060638,0.2948865278536928,0.0503667684908536,0.9770765654488158,0.5130619997885056,0.0492887083585891,0.1245844421785885
conch,human,lung,HLCD033,HLCX022;XTNL005,2,0.25,image,marker_hvg_overlap,6000,12000,162,99,0.138461062915134,0.1232453223858452,-0.1196543537221397,0.3353576362133026,0.1755159944295883,0.2520006198967713,0.0707169779821076,0.9659621729391508,0.5183395754606291,0.0692033379984232,0.1728614639045949
conch,human,lung,HLCD033,HLCX022;XTNL005,2,0.25,train_mean,top50_hvg,6000,12000,162,50,2.110777586850077e-07,,-0.087300582507014,0.427594780921936,0.2544740736484527,0.153083555294741,0.04,0.96,0.5,0.0191918802664705,0.15555
conch,human,lung,HLCD033,HLCX022;XTNL005,2,0.25,train_mean,top200_hvg,6000,12000,162,147,3.6188120654879036e-07,,-0.0392306638151311,0.2822110652923584,0.11415746062994,0.2605791779762477,0.014388489208633,0.9863945578231292,0.5,0.0069035540526872,0.0775299760191846
conch,human,lung,HLCD033,HLCX022;XTNL005,2,0.25,train_mean,marker_hvg_overlap,6000,12000,162,99,4.2300442297737323e-07,,-0.0543872251958354,0.3418222069740295,0.1677780896425247,0.2103969182779778,0.0202020202020202,0.9797979797979798,0.5,0.0096928688214497,0.1074158249158249
conch,human,lung,HLCD033,HLCX022;XTNL005,2,1.0,image,top50_hvg,24000,12000,162,50,0.2094373217597603,0.1865472314036486,-0.1228534491360187,0.4136080741882324,0.2541086971759796,0.2306697365659029,0.1188358565487231,0.9470986151439352,0.5329672358463292,0.1209822975235841,0.2612742671393438
conch,human,lung,HLCD033,HLCX022;XTNL005,2,1.0,image,top200_hvg,24000,12000,162,147,0.1122076444396089,0.0991829834938621,-0.05910794266402,0.2743947207927704,0.1164892613887786,0.3070161900171616,0.0428779928245945,0.9819920227728368,0.511916792626711,0.0437673179173688,0.1326838743686399
conch,human,lung,HLCD033,HLCX022;XTNL005,2,1.0,image,marker_hvg_overlap,24000,12000,162,99,0.1566954375940817,0.138494426933305,-0.0803947927472311,0.3322957456111908,0.1707734018564224,0.2649596180362022,0.0602024343698852,0.9732608822990608,0.516731658334473,0.0614510827324673,0.1845637493399918
conch,human,lung,HLCD033,HLCX022;XTNL005,2,1.0,train_mean,top50_hvg,24000,12000,162,50,3.3548265548688505e-07,,-0.0836126098100794,0.4273766279220581,0.253788948059082,0.154220105730424,0.04,0.96,0.5,0.0191918802664705,0.15555
conch,human,lung,HLCD033,HLCX022;XTNL005,2,1.0,train_mean,top200_hvg,24000,12000,162,147,1.0366040646801935e-07,,-0.0376277322412413,0.2820767164230346,0.1138124987483024,0.261805872509707,0.014388489208633,0.9863945578231292,0.5,0.0069035540526872,0.0775299760191846
conch,human,lung,HLCD033,HLCX022;XTNL005,2,1.0,train_mean,marker_hvg_overlap,24000,12000,162,99,1.548025935137801e-07,,-0.0521635417841999,0.3416576385498047,0.1672372967004776,0.2117313966906216,0.0202020202020202,0.9797979797979798,0.5,0.0096928688214497,0.1074158249158249
conch,human,lung,HLCX022,HLCD033;XTNL005,0,0.1,image,top50_hvg,2400,12000,162,50,0.1358170598652213,0.1315272931653764,-2.780949942637235,0.3724940419197082,0.2471952587366104,0.3290118766777607,0.2123012220662043,0.8861439229307823,0.5492225724984934,0.1616178369197679,0.1803516085696416
conch,human,lung,HLCX022,HLCD033;XTNL005,0,0.1,image,top200_hvg,2400,12000,162,154,0.0891352015092376,0.0843224196718206,-1.23557467131849,0.2357846945524215,0.1103478893637657,0.3554981879220291,0.0844219260263282,0.9627412952032924,0.5196210396324831,0.0651745547320353,0.0955744998978689
conch,human,lung,HLCX022,HLCD033;XTNL005,0,0.1,image,marker_hvg_overlap,2400,12000,162,99,0.0979899960085561,0.0930111561615497,-1.5567416774554457,0.2933761477470398,0.1696109771728515,0.3286806956086522,0.1082988343974109,0.9420454826209812,0.5251721585091961,0.0836077621309948,0.1217856537125163
conch,human,lung,HLCX022,HLCD033;XTNL005,0,0.1,train_mean,top50_hvg,2400,12000,162,50,-6.937950191243658e-07,,-0.5642666865629145,0.3549155294895172,0.2407214045524597,0.2622184097447379,0.04,0.96,0.5,0.0185360269229679,0.1187166666666666
conch,human,lung,HLCX022,HLCD033;XTNL005,0,0.1,train_mean,top200_hvg,2400,12000,162,154,-2.209691189459694e-07,,-0.2362632410238473,0.2238959223031997,0.1012711226940155,0.3153277159282863,0.0157480314960629,0.987012987012987,0.5,0.0072976483948692,0.0629698162729658
conch,human,lung,HLCX022,HLCD033;XTNL005,0,0.1,train_mean,marker_hvg_overlap,2400,12000,162,99,-3.043284190936208e-07,,-0.3019658567331263,0.2786467671394348,0.1562995314598083,0.2786722935072608,0.0202020202020202,0.9797979797979798,0.5,0.0093616297590747,0.080330808080808
conch,human,lung,HLCX022,HLCD033;XTNL005,0,0.25,image,top50_hvg,6000,12000,162,50,0.1580249477456891,0.1497809079720822,-2.753109587803483,0.3757736384868622,0.2461226880550384,0.3379889784013627,0.2216881839768572,0.8817007028023702,0.5516944433896137,0.154781690728756,0.1911911075202544
conch,human,lung,HLCX022,HLCD033;XTNL005,0,0.25,image,top200_hvg,6000,12000,162,154,0.0991876251298875,0.0918270448785104,-1.172862743532643,0.2364349216222763,0.1086811870336532,0.3683968943931021,0.0901253804303957,0.9612797797431104,0.5215866511618082,0.0646890998327642,0.1038270005105682
conch,human,lung,HLCX022,HLCD033;XTNL005,0,0.25,image,marker_hvg_overlap,6000,12000,162,99,0.1183596540388063,0.1096603575309739,-1.485946234071044,0.294162392616272,0.1669258326292038,0.3412691575567171,0.1156153870167703,0.939772014127365,0.5276937005720677,0.0829850068561723,0.132453058039657
conch,human,lung,HLCX022,HLCD033;XTNL005,0,0.25,train_mean,top50_hvg,6000,12000,162,50,-6.434815520961478e-07,,-0.5277717504389875,0.3542293608188629,0.2393878400325775,0.2639491106541754,0.04,0.96,0.5,0.0185360269229679,0.1187166666666666
conch,human,lung,HLCX022,HLCD033;XTNL005,0,0.25,train_mean,top200_hvg,6000,12000,162,154,-1.9337094144410045e-07,,-0.2217955069217469,0.2235591262578964,0.1006650701165199,0.3158487889565568,0.0157480314960629,0.987012987012987,0.5,0.0072976483948692,0.0629698162729658
conch,human,lung,HLCX022,HLCD033;XTNL005,0,0.25,train_mean,marker_hvg_overlap,6000,12000,162,99,-1.4957032240357476e-07,,-0.2833166366142151,0.2782205939292907,0.1553079038858413,0.2793350267199058,0.0202020202020202,0.9797979797979798,0.5,0.0093616297590747,0.080330808080808
conch,human,lung,HLCX022,HLCD033;XTNL005,0,1.0,image,top50_hvg,24000,12000,162,50,0.1671046035457402,0.1567642019473296,-2.543308643223718,0.3601100742816925,0.2304490357637405,0.3512208139833087,0.1990742214430269,0.9033168882566828,0.5511955548498549,0.150071819088622,0.1973210195978629
conch,human,lung,HLCX022,HLCD033;XTNL005,0,1.0,image,top200_hvg,24000,12000,162,154,0.1018455088712407,0.0928491065806174,-1.051834883164673,0.2274907231330871,0.1010012328624725,0.38021559342917,0.0806917304162127,0.968436114143504,0.5212087060667663,0.0621552477956796,0.1079958253565611
conch,human,lung,HLCX022,HLCD033;XTNL005,0,1.0,image,marker_hvg_overlap,24000,12000,162,99,0.1288719480584441,0.1173767236747814,-1.340265016384291,0.283006489276886,0.155287280678749,0.3537990448477602,0.1035136339682728,0.9509023559311583,0.5272079949497156,0.0797345097984981,0.1377510378814237
conch,human,lung,HLCX022,HLCD033;XTNL005,0,1.0,train_mean,top50_hvg,24000,12000,162,50,3.1948279513471786e-07,,-0.5269915065757231,0.3534055054187774,0.2375654876232147,0.2685606393581181,0.04,0.96,0.5,0.0185360269229679,0.1187166666666666
conch,human,lung,HLCX022,HLCD033;XTNL005,0,1.0,train_mean,top200_hvg,24000,12000,162,154,4.6161930763261466e-07,,-0.2215266402956145,0.2231266498565673,0.1001156345009803,0.3183855471092716,0.0157480314960629,0.987012987012987,0.5,0.0072976483948692,0.0629698162729658
conch,human,lung,HLCX022,HLCD033;XTNL005,0,1.0,train_mean,marker_hvg_overlap,24000,12000,162,99,6.280712086831908e-07,,-0.2829256437451091,0.2776789665222168,0.1544377207756042,0.2824876696932664,0.0202020202020202,0.9797979797979798,0.5,0.0093616297590747,0.080330808080808
conch,human,lung,HLCX022,HLCD033;XTNL005,1,0.1,image,top50_hvg,2400,12000,162,50,0.137703386824578,0.1354304334894963,-2.599770775102079,0.3692085146903991,0.2438634186983108,0.3223156040334884,0.2008935085544358,0.892565768049045,0.5467296383017406,0.1525148961959327,0.1812791693849295
conch,human,lung,HLCX022,HLCD033;XTNL005,1,0.1,image,top200_hvg,2400,12000,162,154,0.0860433375579551,0.0816307629280619,-1.169834689367629,0.2337910383939743,0.1095418781042099,0.3505854991235853,0.0824197211687226,0.9647819628907812,0.51985719241578,0.0643188472478747,0.0978629100823131
conch,human,lung,HLCX022,HLCD033;XTNL005,1,0.1,image,marker_hvg_overlap,2400,12000,162,99,0.1013277662140987,0.096175964073005,-1.4328859279383763,0.2908297479152679,0.1678940802812576,0.3235962213630838,0.1057303493780583,0.9452259233348296,0.525478136356444,0.0825100363684857,0.1248323055061343
conch,human,lung,HLCX022,HLCD033;XTNL005,1,0.1,train_mean,top50_hvg,2400,12000,162,50,-5.515385905319193e-07,,-0.5863826168564265,0.3531448245048523,0.2370540350675583,0.2701680069822693,0.04,0.96,0.5,0.0185360269229679,0.1187166666666666
conch,human,lung,HLCX022,HLCD033;XTNL005,1,0.1,train_mean,top200_hvg,2400,12000,162,154,-1.8172753644656957e-07,,-0.24427741455147,0.2229485958814621,0.0995929464697837,0.3188539079715185,0.0157480314960629,0.987012987012987,0.5,0.0072976483948692,0.0629698162729658
conch,human,lung,HLCX022,HLCD033;XTNL005,1,0.1,train_mean,marker_hvg_overlap,2400,12000,162,99,-2.707933271018488e-07,,-0.3118859266106193,0.2774631977081299,0.1536372154951095,0.2830537142161283,0.0202020202020202,0.9797979797979798,0.5,0.0093616297590747,0.080330808080808
conch,human,lung,HLCX022,HLCD033;XTNL005,1,0.25,image,top50_hvg,6000,12000,162,50,0.1527081423811614,0.1451946277463192,-2.6067450080811976,0.3661551177501678,0.2385788261890411,0.3448585352521242,0.2030518223055815,0.8988447713076819,0.5509482968066317,0.1545626803800809,0.1892843464478864
conch,human,lung,HLCX022,HLCD033;XTNL005,1,0.25,image,top200_hvg,6000,12000,162,154,0.0929357730468822,0.0858362615284188,-1.112036168294962,0.231055811047554,0.1049423664808273,0.3731205533350599,0.0818792586856019,0.9670218234372502,0.5209449868598739,0.0635471154402156,0.1026953389894986
conch,human,lung,HLCX022,HLCD033;XTNL005,1,0.25,image,marker_hvg_overlap,6000,12000,162,99,0.1147957702291978,0.1060967814269717,-1.395056237457226,0.2873838245868683,0.1608923822641372,0.3468138733949527,0.105008086096551,0.9487205544324716,0.5268643202645114,0.0814658760667927,0.1310383086213232
conch,human,lung,HLCX022,HLCD033;XTNL005,1,0.25,train_mean,top50_hvg,6000,12000,162,50,-6.37187065386513e-07,,-0.5009993397026119,0.3538723289966583,0.2371290326118469,0.2623193757965434,0.04,0.96,0.5,0.0185360269229679,0.1187166666666666
conch,human,lung,HLCX022,HLCD033;XTNL005,1,0.25,train_mean,top200_hvg,6000,12000,162,154,-2.1140982711145865e-07,,-0.2117730181308744,0.2233737111091613,0.0998317301273346,0.3148134922752831,0.0157480314960629,0.987012987012987,0.5,0.0072976483948692,0.0629698162729658
conch,human,lung,HLCX022,HLCD033;XTNL005,1,0.25,train_mean,marker_hvg_overlap,6000,12000,162,99,-2.045869766392929e-07,,-0.2702729521496612,0.2779848873615265,0.1539675593376159,0.2781385156893402,0.0202020202020202,0.9797979797979798,0.5,0.0093616297590747,0.080330808080808
conch,human,lung,HLCX022,HLCD033;XTNL005,1,1.0,image,top50_hvg,24000,12000,162,50,0.1696130680013448,0.1596515478765416,-2.640118048656732,0.3601572513580322,0.2307318747043609,0.3527316920027957,0.1996816113004555,0.9023403681718544,0.551010989736155,0.149609283991833,0.1983794207467092
conch,human,lung,HLCX022,HLCD033;XTNL005,1,1.0,image,top200_hvg,24000,12000,162,154,0.1030313010713888,0.0942508888476147,-1.090359819007306,0.2275649756193161,0.1012344881892204,0.3818934975907129,0.080935135025665,0.9681090981745196,0.5211321388469901,0.0619728742548326,0.1085699863875182
conch,human,lung,HLCX022,HLCD033;XTNL005,1,1.0,image,marker_hvg_overlap,24000,12000,162,99,0.1304704837096535,0.1192996362436509,-1.3895638816078038,0.2830986678600311,0.1556393504142761,0.3552635604785332,0.103825880285449,0.9503945313889252,0.5271102058371872,0.0795005558622601,0.1384881085866542
conch,human,lung,HLCX022,HLCD033;XTNL005,1,1.0,train_mean,top50_hvg,24000,12000,162,50,3.1948279513471786e-07,,-0.5269915065757231,0.3534055054187774,0.2375654876232147,0.2685606393581181,0.04,0.96,0.5,0.0185360269229679,0.1187166666666666
conch,human,lung,HLCX022,HLCD033;XTNL005,1,1.0,train_mean,top200_hvg,24000,12000,162,154,4.6161930763261466e-07,,-0.2215266402956145,0.2231266498565673,0.1001156345009803,0.3183855471092716,0.0157480314960629,0.987012987012987,0.5,0.0072976483948692,0.0629698162729658
conch,human,lung,HLCX022,HLCD033;XTNL005,1,1.0,train_mean,marker_hvg_overlap,24000,12000,162,99,6.280712086831908e-07,,-0.2829256437451091,0.2776789665222168,0.1544377207756042,0.2824876696932664,0.0202020202020202,0.9797979797979798,0.5,0.0093616297590747,0.080330808080808
conch,human,lung,HLCX022,HLCD033;XTNL005,2,0.1,image,top50_hvg,2400,12000,162,50,0.1332642256561666,0.1285804502098452,-4.148688030987978,0.3831368386745453,0.2523024082183838,0.3130178593332337,0.2195666201138052,0.8813322914289451,0.550449455771375,0.1569764485107541,0.1807742763757863
conch,human,lung,HLCX022,HLCD033;XTNL005,2,0.1,image,top200_hvg,2400,12000,162,154,0.0867716161678679,0.0818729828812714,-1.8015191419824443,0.2415269315242767,0.1129057109355926,0.3426705737856562,0.0897059545518839,0.9609322599989752,0.5211662372753206,0.0662024391464798,0.0970460102258449
conch,human,lung,HLCX022,HLCD033;XTNL005,2,0.1,image,marker_hvg_overlap,2400,12000,162,99,0.0984624502416041,0.0929240199015687,-2.249620911919258,0.3003475069999695,0.1729845255613327,0.3164141951070351,0.1147589656913881,0.9393597386899648,0.5270593521906765,0.0844923335515448,0.1238812896145293
conch,human,lung,HLCX022,HLCD033;XTNL005,2,0.1,train_mean,top50_hvg,2400,12000,162,50,6.181602588917201e-07,,-0.5687479899660138,0.3529223501682281,0.2343922108411789,0.2684497854093672,0.04,0.96,0.5,0.0185360269229679,0.1187166666666666
conch,human,lung,HLCX022,HLCD033;XTNL005,2,0.1,train_mean,top200_hvg,2400,12000,162,154,3.925081476124767e-07,,-0.2379258769043999,0.222869873046875,0.0989997312426567,0.3193629704029145,0.0157480314960629,0.987012987012987,0.5,0.0072976483948692,0.0629698162729658
conch,human,lung,HLCX022,HLCD033;XTNL005,2,0.1,train_mean,marker_hvg_overlap,2400,12000,162,99,3.523157739690222e-07,,-0.3035847396474558,0.2773374021053314,0.1526237577199936,0.2836543108028461,0.0202020202020202,0.9797979797979798,0.5,0.0093616297590747,0.080330808080808
conch,human,lung,HLCX022,HLCD033;XTNL005,2,0.25,image,top50_hvg,6000,12000,162,50,0.1513201102800667,0.1433847654328557,-2.546954490290955,0.3722510933876037,0.2414673715829849,0.3297374083051184,0.2074314515992724,0.8903759418994457,0.548903696749359,0.1498030039303585,0.1883703262223932
conch,human,lung,HLCX022,HLCD033;XTNL005,2,0.25,image,top200_hvg,6000,12000,162,154,0.0993235077461075,0.0915277845065628,-1.0829447078010168,0.2346319407224655,0.1065887361764907,0.361633736432238,0.0841248812003534,0.9639996085610664,0.5202354316175163,0.0626719799478755,0.1027839864450317
conch,human,lung,HLCX022,HLCD033;XTNL005,2,0.25,image,marker_hvg_overlap,6000,12000,162,99,0.1145312567476672,0.1055791776366955,-1.37247668592391,0.2918906807899475,0.1638771742582321,0.334098562365148,0.1078598914486777,0.9440158634314374,0.5259378774400575,0.0802881883087816,0.1306595209632377
conch,human,lung,HLCX022,HLCD033;XTNL005,2,0.25,train_mean,top50_hvg,6000,12000,162,50,6.519017497907953e-07,,-0.5425688209780491,0.3535476922988891,0.2377888262271881,0.2680887257285012,0.04,0.96,0.5,0.0185360269229679,0.1187166666666666
conch,human,lung,HLCX022,HLCD033;XTNL005,2,0.25,train_mean,top200_hvg,6000,12000,162,154,3.887500061325035e-07,,-0.2272697692790099,0.2231830656528473,0.1001867279410362,0.3185356255633021,0.0157480314960629,0.987012987012987,0.5,0.0072976483948692,0.0629698162729658
conch,human,lung,HLCX022,HLCD033;XTNL005,2,0.25,train_mean,marker_hvg_overlap,6000,12000,162,99,5.13474785222887e-07,,-0.2903920461387609,0.2777513861656189,0.1545938998460769,0.2826059019613578,0.0202020202020202,0.9797979797979798,0.5,0.0093616297590747,0.080330808080808
conch,human,lung,HLCX022,HLCD033;XTNL005,2,1.0,image,top50_hvg,24000,12000,162,50,0.1699924042634666,0.1593611318199574,-2.5859265364985915,0.3595976829528808,0.22909015417099,0.3517842367724728,0.1973597121474049,0.9042511868626548,0.5508054495050299,0.1485410717751101,0.1989799212860504
conch,human,lung,HLCX022,HLCD033;XTNL005,2,1.0,image,top200_hvg,24000,12000,162,154,0.1034994481592512,0.0943980916062117,-1.0680424852459875,0.2272182255983352,0.1004741713404655,0.3808472074740454,0.0799886163331201,0.9687477431637588,0.5210460894548233,0.0615150027673325,0.1087877284732367
conch,human,lung,HLCX022,HLCD033;XTNL005,2,1.0,image,marker_hvg_overlap,24000,12000,162,99,0.1308181791500461,0.1192049253088266,-1.3609949975907143,0.282662957906723,0.1544494777917862,0.3544381572819087,0.1026116593364268,0.9513879791499642,0.5269998192431955,0.0789131853681943,0.1387600260957044
conch,human,lung,HLCX022,HLCD033;XTNL005,2,1.0,train_mean,top50_hvg,24000,12000,162,50,3.1948279513471786e-07,,-0.5269915065757231,0.3534055054187774,0.2375654876232147,0.2685606393581181,0.04,0.96,0.5,0.0185360269229679,0.1187166666666666
conch,human,lung,HLCX022,HLCD033;XTNL005,2,1.0,train_mean,top200_hvg,24000,12000,162,154,4.6161930763261466e-07,,-0.2215266402956145,0.2231266498565673,0.1001156345009803,0.3183855471092716,0.0157480314960629,0.987012987012987,0.5,0.0072976483948692,0.0629698162729658
conch,human,lung,HLCX022,HLCD033;XTNL005,2,1.0,train_mean,marker_hvg_overlap,24000,12000,162,99,6.280712086831908e-07,,-0.2829256437451091,0.2776789665222168,0.1544377207756042,0.2824876696932664,0.0202020202020202,0.9797979797979798,0.5,0.0093616297590747,0.080330808080808
conch,human,lung,XTNL005,HLCD033;HLCX022,0,0.1,image,top50_hvg,2400,12000,162,50,0.1700340331997722,0.1519156764289334,-0.1188884450355544,0.4563929140567779,0.2442883104085922,0.1914964560557004,0.090135913695481,0.9636510537924434,0.5268934837439623,0.0992108727089274,0.2371308199511811
conch,human,lung,XTNL005,HLCD033;HLCX022,0,0.1,image,top200_hvg,2400,12000,162,150,0.1200663423770603,0.1066808851842881,-0.1095918057890494,0.3037031292915344,0.1126910001039505,0.2310075825320015,0.0328546867065787,0.987874376770712,0.5098373307286763,0.0363321218218514,0.1215066488094897
conch,human,lung,XTNL005,HLCD033;HLCX022,0,0.1,image,marker_hvg_overlap,2400,12000,162,99,0.1291728240480138,0.1147115989750224,-0.138719350791,0.3729795813560486,0.1690010875463485,0.2063909381420196,0.045797442075837,0.9816287110782554,0.5137130765770463,0.0506447758728839,0.1684223061711123
conch,human,lung,XTNL005,HLCD033;HLCX022,0,0.1,train_mean,top50_hvg,2400,12000,162,50,-1.3608394766606582e-08,,-0.0483757195383077,0.4548160135746002,0.2595488727092743,0.1622370993278199,0.04,0.96,0.5,0.0161898586456904,0.1455383333333333
conch,human,lung,XTNL005,HLCD033;HLCX022,0,0.1,train_mean,top200_hvg,2400,12000,162,150,1.1952625041954766e-07,,-0.0301893844132304,0.3026859164237976,0.1146451234817504,0.2538442371433889,0.0144927536231884,0.9866666666666668,0.5,0.0058658908136559,0.0730694444444444
conch,human,lung,XTNL005,HLCD033;HLCX022,0,0.1,train_mean,marker_hvg_overlap,2400,12000,162,99,1.3346320843774048e-07,,-0.0412569944047951,0.3718058466911316,0.1723658740520477,0.2036992210341005,0.0202020202020202,0.9797979797979798,0.5,0.0081766962857022,0.101080808080808
conch,human,lung,XTNL005,HLCD033;HLCX022,0,0.25,image,top50_hvg,6000,12000,162,50,0.1973225538060069,0.1671181779495113,-0.0858112151268869,0.4484781920909881,0.2366527915000915,0.1946010804106389,0.0900933240324843,0.968049402006315,0.5290713630193996,0.1009003885544681,0.2531271593580765
conch,human,lung,XTNL005,HLCD033;HLCX022,0,0.25,image,top200_hvg,6000,12000,162,150,0.1243769172212826,0.105648230073487,-0.0684133107376207,0.2992088496685028,0.1084372922778129,0.2491608620456334,0.0326590529467177,0.9893485529302976,0.5105406965441728,0.0365910748435198,0.1306904282702515
conch,human,lung,XTNL005,HLCD033;HLCX022,0,0.25,image,marker_hvg_overlap,6000,12000,162,99,0.1501130729883137,0.1273080265699895,-0.0797439126759818,0.3674154579639435,0.1624499708414077,0.2196699948586088,0.0455247404711822,0.9838614438337844,0.5146930921524833,0.0510057406909671,0.181176155838972
conch,human,lung,XTNL005,HLCD033;HLCX022,0,0.25,train_mean,top50_hvg,6000,12000,162,50,4.222607880769968e-07,,-0.0514446308579499,0.4554577767848968,0.2595717012882232,0.1580073702429157,0.06,0.94,0.5,0.020409016305027,0.1455383333333333
conch,human,lung,XTNL005,HLCD033;HLCX022,0,0.25,train_mean,top200_hvg,6000,12000,162,150,1.3370759328481922e-07,,-0.0338149547998985,0.3030349016189575,0.1146907582879066,0.2504851137610903,0.0217391304347826,0.98,0.5,0.0073945711250097,0.0730694444444444
conch,human,lung,XTNL005,HLCD033;HLCX022,0,0.25,train_mean,marker_hvg_overlap,6000,12000,162,99,1.6249629770557624e-07,,-0.0460239629883473,0.372228741645813,0.1723463684320449,0.2004194129130872,0.0303030303030303,0.9696969696969696,0.5,0.0103075839924378,0.101080808080808
conch,human,lung,XTNL005,HLCD033;HLCX022,0,1.0,image,top50_hvg,24000,12000,162,50,0.2122827066108584,0.1814491926612705,-0.0592132922052405,0.4439892768859863,0.2299580425024032,0.214695423967217,0.0852429948635422,0.9714666851992546,0.5283548400313984,0.0974180026809305,0.2645623628526021
conch,human,lung,XTNL005,HLCD033;HLCX022,0,1.0,image,top200_hvg,24000,12000,162,150,0.1253065684372879,0.1072509622376103,-0.0350946806030823,0.2966218888759613,0.1040362939238548,0.2726703595593883,0.0308851430665007,0.9904876971278912,0.510272841711452,0.0352963777829458,0.1401457603040984
conch,human,lung,XTNL005,HLCD033;HLCX022,0,1.0,image,marker_hvg_overlap,24000,12000,162,99,0.1729954321718201,0.1479410908863398,-0.0428247314817836,0.3642512559890747,0.1560195982456207,0.242028304408256,0.0430520176078495,0.985587419890744,0.5143197187492968,0.0492010114550154,0.1940383595260368
conch,human,lung,XTNL005,HLCD033;HLCX022,0,1.0,train_mean,top50_hvg,24000,12000,162,50,1.919356446933307e-07,,-0.0506769140789401,0.4554004371166229,0.259046733379364,0.1568723658028875,0.06,0.94,0.5,0.020409016305027,0.1455383333333333
conch,human,lung,XTNL005,HLCD033;HLCX022,0,1.0,train_mean,top200_hvg,24000,12000,162,150,9.125569005122734e-08,,-0.0323448565874254,0.302992045879364,0.1145553588867187,0.2502851751880514,0.0217391304347826,0.98,0.5,0.0073945711250097,0.0730694444444444
conch,human,lung,XTNL005,HLCD033;HLCX022,0,1.0,train_mean,marker_hvg_overlap,24000,12000,162,99,1.4713906045984125e-07,,-0.0439829396459067,0.3721747994422912,0.1721393316984176,0.1999384473320768,0.0303030303030303,0.9696969696969696,0.5,0.0103075839924378,0.101080808080808
conch,human,lung,XTNL005,HLCD033;HLCX022,1,0.1,image,top50_hvg,2400,12000,162,50,0.1726997807249427,0.1501398191902189,-0.1267416587145999,0.4607546627521515,0.2481011003255844,0.1671356032841328,0.0835987808584001,0.9675693579720124,0.5255840694152062,0.0980590095121848,0.2384741130202865
conch,human,lung,XTNL005,HLCD033;HLCX022,1,0.1,image,top200_hvg,2400,12000,162,150,0.1124268214875601,0.0995062646007473,-0.1198062183834933,0.3062860369682312,0.1143292933702468,0.2056283702922523,0.0303307843783829,0.9891716630930774,0.5092804264789074,0.0356106283341915,0.1203782885556852
conch,human,lung,XTNL005,HLCD033;HLCX022,1,0.1,image,marker_hvg_overlap,2400,12000,162,99,0.1280477058114201,0.1133095070342426,-0.1253484428643879,0.3761418163776397,0.1710358709096908,0.1837398883037788,0.0422792751941095,0.9835942964151726,0.5129367858046411,0.049639057677964,0.1669002283744256
conch,human,lung,XTNL005,HLCD033;HLCX022,1,0.1,train_mean,top50_hvg,2400,12000,162,50,1.5649958648111806e-07,,-0.0493391230998713,0.4555115699768066,0.258095920085907,0.155658566089795,0.04,0.96,0.5,0.0161898586456904,0.1455383333333333
conch,human,lung,XTNL005,HLCD033;HLCX022,1,0.1,train_mean,top200_hvg,2400,12000,162,150,1.7903821792671316e-07,,-0.0326906771639859,0.3030402362346649,0.1139839813113212,0.2503641689053766,0.0144927536231884,0.9866666666666668,0.5,0.0058658908136559,0.0730694444444444
conch,human,lung,XTNL005,HLCD033;HLCX022,1,0.1,train_mean,marker_hvg_overlap,2400,12000,162,99,2.238006341774554e-07,,-0.0444687226232381,0.3722370862960815,0.1713118404150009,0.2000962584187345,0.0202020202020202,0.9797979797979798,0.5,0.0081766962857022,0.101080808080808
conch,human,lung,XTNL005,HLCD033;HLCX022,1,0.25,image,top50_hvg,6000,12000,162,50,0.1990358383767306,0.1717416297765318,-0.0743461179977748,0.4460766315460205,0.2333340942859649,0.2117175801652373,0.0881019396905146,0.9700565326135616,0.5290792361520382,0.0996808807320212,0.2561306726952176
conch,human,lung,XTNL005,HLCD033;HLCX022,1,0.25,image,top200_hvg,6000,12000,162,150,0.1315260633406364,0.1138146923226913,-0.0688372271259773,0.2981422841548919,0.1067223325371742,0.2597103060390044,0.0319805006029891,0.990012081242807,0.5105620335856289,0.036234078635147,0.1323175424341911
conch,human,lung,XTNL005,HLCD033;HLCX022,1,0.25,image,marker_hvg_overlap,6000,12000,162,99,0.1544148633350627,0.1332628020078864,-0.0800821191905833,0.3661009669303894,0.1598812341690063,0.230565871832549,0.0445788796284091,0.984866789761829,0.514722834695119,0.0505081096126292,0.1833512089515852
conch,human,lung,XTNL005,HLCD033;HLCX022,1,0.25,train_mean,top50_hvg,6000,12000,162,50,-2.1397268625378278e-07,,-0.051726227286681,0.4555944800376892,0.2591941654682159,0.1545080236785691,0.06,0.94,0.5,0.020409016305027,0.1455383333333333
conch,human,lung,XTNL005,HLCD033;HLCX022,1,0.25,train_mean,top200_hvg,6000,12000,162,150,3.1409449664159e-08,,-0.0346351358667212,0.3031056225299835,0.1145613640546798,0.2486509777871947,0.0217391304347826,0.98,0.5,0.0073945711250097,0.0730694444444444
conch,human,lung,XTNL005,HLCD033;HLCX022,1,0.25,train_mean,marker_hvg_overlap,6000,12000,162,99,3.487682773560583e-08,,-0.0471067727668069,0.3723147213459015,0.1721395254135131,0.1981874704884103,0.0303030303030303,0.9696969696969696,0.5,0.0103075839924378,0.101080808080808
conch,human,lung,XTNL005,HLCD033;HLCX022,1,1.0,image,top50_hvg,24000,12000,162,50,0.2133098541060462,0.182311719950294,-0.0610762418515514,0.444047212600708,0.2292696386575698,0.2185287535632715,0.085543389252603,0.9710074143450124,0.5282754017988077,0.0972316157455117,0.2648486847984222
conch,human,lung,XTNL005,HLCD033;HLCX022,1,1.0,image,top200_hvg,24000,12000,162,150,0.1255305727219978,0.1074363876882396,-0.035818028681957,0.296701580286026,0.1036025062203407,0.2746172242969655,0.0309939816132619,0.9903352307123808,0.51024439880249,0.0352288462846057,0.1400083655107734
conch,human,lung,XTNL005,HLCD033;HLCX022,1,1.0,image,marker_hvg_overlap,24000,12000,162,99,0.1733045118150649,0.1482430238620603,-0.0436967366987679,0.3643476068973541,0.1553350538015365,0.2449071487404331,0.043203731945759,0.9853564101702738,0.5142800710580163,0.0491068766391473,0.1938660491062421
conch,human,lung,XTNL005,HLCD033;HLCX022,1,1.0,train_mean,top50_hvg,24000,12000,162,50,1.919356446933307e-07,,-0.0506769140789401,0.4554004371166229,0.259046733379364,0.1568723658028875,0.06,0.94,0.5,0.020409016305027,0.1455383333333333
conch,human,lung,XTNL005,HLCD033;HLCX022,1,1.0,train_mean,top200_hvg,24000,12000,162,150,9.125569005122734e-08,,-0.0323448565874254,0.302992045879364,0.1145553588867187,0.2502851751880514,0.0217391304347826,0.98,0.5,0.0073945711250097,0.0730694444444444
conch,human,lung,XTNL005,HLCD033;HLCX022,1,1.0,train_mean,marker_hvg_overlap,24000,12000,162,99,1.4713906045984125e-07,,-0.0439829396459067,0.3721747994422912,0.1721393316984176,0.1999384473320768,0.0303030303030303,0.9696969696969696,0.5,0.0103075839924378,0.101080808080808
conch,human,lung,XTNL005,HLCD033;HLCX022,2,0.1,image,top50_hvg,2400,12000,162,50,0.1734294027928263,0.1498417840092533,-0.1243300495267612,0.4539493024349212,0.2471629381179809,0.178694172333534,0.1012384367950968,0.9604796205155546,0.5308590286553257,0.1047328728301766,0.2381276552274548
conch,human,lung,XTNL005,HLCD033;HLCX022,2,0.1,image,top200_hvg,2400,12000,162,150,0.1162588716820742,0.101138013003587,-0.1432325156287782,0.3028016984462738,0.114383228123188,0.2269950951613582,0.0368052340763951,0.9868086906758312,0.5112334271881058,0.0381904817929191,0.12116378334319
conch,human,lung,XTNL005,HLCD033;HLCX022,2,0.1,image,marker_hvg_overlap,2400,12000,162,99,0.1296984709945103,0.1127449722615639,-0.1715216583915106,0.3717887997627258,0.1711426973342895,0.2004633301298313,0.0513042656822477,0.9800131676906534,0.5156587166864506,0.0532352170446751,0.1678015886101501
conch,human,lung,XTNL005,HLCD033;HLCX022,2,0.1,train_mean,top50_hvg,2400,12000,162,50,-5.283973772307604e-08,,-0.0524680364202504,0.4558406770229339,0.2576357424259186,0.1556964148957975,0.04,0.96,0.5,0.0161898586456904,0.1455383333333333
conch,human,lung,XTNL005,HLCD033;HLCX022,2,0.1,train_mean,top200_hvg,2400,12000,162,150,-8.00041068749002e-08,,-0.0327920583543649,0.3032863140106201,0.1139697581529617,0.2484978051240993,0.0144927536231884,0.9866666666666668,0.5,0.0058658908136559,0.0730694444444444
conch,human,lung,XTNL005,HLCD033;HLCX022,2,0.1,train_mean,marker_hvg_overlap,2400,12000,162,99,-9.121301052284377e-08,,-0.0440966754475525,0.3725267052650451,0.1711949110031128,0.1985861405253292,0.0202020202020202,0.9797979797979798,0.5,0.0081766962857022,0.101080808080808
conch,human,lung,XTNL005,HLCD033;HLCX022,2,0.25,image,top50_hvg,6000,12000,162,50,0.1842256634030491,0.1596008190348536,-0.0872939044598024,0.4493518769741058,0.2372236251831054,0.2016810570183567,0.0811732023551281,0.9699724679638884,0.5255728351595081,0.0926779457865542,0.2452507066314911
conch,human,lung,XTNL005,HLCD033;HLCX022,2,0.25,image,top200_hvg,6000,12000,162,150,0.121423109260917,0.1061177160017161,-0.0615870165748292,0.2997140884399414,0.1082163006067276,0.2522006388688094,0.02943263954918,0.989987129239154,0.5092745421871738,0.0336227837138944,0.1265045059508205
conch,human,lung,XTNL005,HLCD033;HLCX022,2,0.25,image,marker_hvg_overlap,6000,12000,162,99,0.1427665845646212,0.1248199754949727,-0.0738676942472176,0.3680266737937927,0.1621468663215637,0.2233725770368929,0.0410273157352206,0.9848307186682236,0.5129290172017221,0.0468681227527013,0.1752930494502552
conch,human,lung,XTNL005,HLCD033;HLCX022,2,0.25,train_mean,top50_hvg,6000,12000,162,50,5.570734557114321e-07,,-0.0523818091132852,0.4557048678398132,0.2586365640163421,0.1562523853364689,0.06,0.94,0.5,0.020409016305027,0.1455383333333333
conch,human,lung,XTNL005,HLCD033;HLCX022,2,0.25,train_mean,top200_hvg,6000,12000,162,150,1.900122513462886e-07,,-0.0336861345933597,0.3031652867794037,0.1144002228975296,0.2490940377635572,0.0217391304347826,0.98,0.5,0.0073945711250097,0.0730694444444444
conch,human,lung,XTNL005,HLCD033;HLCX022,2,0.25,train_mean,marker_hvg_overlap,6000,12000,162,99,1.9726840478525095e-07,,-0.0458046539923713,0.3723873794078827,0.1718880385160446,0.198890305291023,0.0303030303030303,0.9696969696969696,0.5,0.0103075839924378,0.101080808080808
conch,human,lung,XTNL005,HLCD033;HLCX022,2,1.0,image,top50_hvg,24000,12000,162,50,0.2117382559366524,0.1806898023987767,-0.0599572944384999,0.4441900551319122,0.2299453616142273,0.2167215672282588,0.0837731485724198,0.9718446154047324,0.5278088819885761,0.0966540621577627,0.2639555824128605
conch,human,lung,XTNL005,HLCD033;HLCX022,2,1.0,image,top200_hvg,24000,12000,162,150,0.12494014484896,0.1068691933657284,-0.0357072408786853,0.2967633605003357,0.1039271056652069,0.2731856400201695,0.0303525900624709,0.9906142977322872,0.5100753698857394,0.0350195877383198,0.1398058104222509
conch,human,lung,XTNL005,HLCD033;HLCX022,2,1.0,image,marker_hvg_overlap,24000,12000,162,99,0.1725516410196444,0.1474265433281146,-0.043654872594293,0.3644269704818725,0.1558479517698288,0.2432711210264662,0.0423096709961716,0.985779238988314,0.5140444549922428,0.0488151829079609,0.1936074073294591
conch,human,lung,XTNL005,HLCD033;HLCX022,2,1.0,train_mean,top50_hvg,24000,12000,162,50,1.919356446933307e-07,,-0.0506769140789401,0.4554004371166229,0.259046733379364,0.1568723658028875,0.06,0.94,0.5,0.020409016305027,0.1455383333333333
conch,human,lung,XTNL005,HLCD033;HLCX022,2,1.0,train_mean,top200_hvg,24000,12000,162,150,9.125569005122734e-08,,-0.0323448565874254,0.302992045879364,0.1145553588867187,0.2502851751880514,0.0217391304347826,0.98,0.5,0.0073945711250097,0.0730694444444444
conch,human,lung,XTNL005,HLCD033;HLCX022,2,1.0,train_mean,marker_hvg_overlap,24000,12000,162,99,1.4713906045984125e-07,,-0.0439829396459067,0.3721747994422912,0.1721393316984176,0.1999384473320768,0.0303030303030303,0.9696969696969696,0.5,0.0103075839924378,0.101080808080808
conch,human,pancreas,HPDA034,HPXM007;PCHM006,0,0.1,image,top50_hvg,2400,12000,159,50,0.1059133690968155,0.095307669355068,-0.3852150759473443,0.2880805134773254,0.1463594138622284,0.2658370590270892,0.0504077665233535,0.9758498505419708,0.5131288085326622,0.0500800311949314,0.1208836843294998
conch,human,pancreas,HPDA034,HPXM007;PCHM006,0,0.1,image,top200_hvg,2400,12000,159,147,0.058923480323023,0.0509656154891942,-0.2180929694973278,0.1774386912584304,0.0611205697059631,0.2938004563160437,0.0213592231031159,0.99178566344965,0.5055630544629924,0.0212203522012421,0.0614845277281226
conch,human,pancreas,HPDA034,HPXM007;PCHM006,0,0.1,image,marker_hvg_overlap,2400,12000,159,97,0.0625127819252738,0.0541279102167402,-0.2549886282091749,0.2182546854019165,0.0919333174824714,0.2758419843204083,0.0259833848058523,0.9875514693515314,0.5067674270786918,0.0258144490695523,0.0745988392024185
conch,human,pancreas,HPDA034,HPXM007;PCHM006,0,0.1,train_mean,top50_hvg,2400,12000,159,50,-1.0294352533435355e-06,,-0.2951142965827603,0.2942419350147247,0.1427758485078811,0.2320247133345155,0.02,0.98,0.5,0.0079572763684913,0.0735733333333333
conch,human,pancreas,HPDA034,HPXM007;PCHM006,0,0.1,train_mean,top200_hvg,2400,12000,159,147,-5.100248358965062e-07,,-0.1283816961951003,0.1802601516246795,0.0558214411139488,0.2778135002363032,0.0084745762711864,0.9931972789115646,0.5,0.0033717272747844,0.0374427966101695
conch,human,pancreas,HPDA034,HPXM007;PCHM006,0,0.1,train_mean,marker_hvg_overlap,2400,12000,159,97,-5.585384897772693e-07,,-0.1561052179173746,0.2217485904693603,0.084394559264183,0.2548367456045887,0.0103092783505154,0.9896907216494846,0.5,0.0041016888497377,0.0454209621993127
conch,human,pancreas,HPDA034,HPXM007;PCHM006,0,0.25,image,top50_hvg,6000,12000,159,50,0.1265067641250789,0.1113509045197687,-0.2946956824697554,0.2796697318553924,0.1352568417787552,0.2984561454608018,0.0501251065116373,0.9792861083331832,0.5147056074224102,0.0505966840727461,0.1333102789948203
conch,human,pancreas,HPDA034,HPXM007;PCHM006,0,0.25,image,top200_hvg,6000,12000,159,147,0.0715849623117753,0.0619026009297818,-0.1482412866391345,0.1724204868078231,0.0553476884961128,0.3241269449549624,0.0212394519117107,0.9929544586167288,0.5062311895857671,0.0214392729121805,0.0675248575179076
conch,human,pancreas,HPDA034,HPXM007;PCHM006,0,0.25,image,marker_hvg_overlap,6000,12000,159,97,0.0799507733972109,0.0693464627833872,-0.1752836420068747,0.212081179022789,0.0833047777414321,0.3065920487841649,0.0258376837688852,0.989322736254218,0.5075802100115517,0.0260807649859516,0.0819113690784376
conch,human,pancreas,HPDA034,HPXM007;PCHM006,0,0.25,train_mean,top50_hvg,6000,12000,159,50,2.7718043561719695e-07,,-0.3037162136001279,0.2944074273109436,0.1431965231895446,0.2286114346800954,0.0,1.0,0.5,0.0,0.0735733333333333
conch,human,pancreas,HPDA034,HPXM007;PCHM006,0,0.25,train_mean,top200_hvg,6000,12000,159,147,3.1114917029726636e-08,,-0.1317801473273643,0.1803523451089859,0.0560279637575149,0.2753632070388307,0.0,1.0,0.5,0.0,0.0374427966101695
conch,human,pancreas,HPDA034,HPXM007;PCHM006,0,0.25,train_mean,marker_hvg_overlap,6000,12000,159,97,3.770788045612461e-08,,-0.1602792103469464,0.2218620181083679,0.0846834480762481,0.2521274198437419,0.0,1.0,0.5,0.0,0.0454209621993127
conch,human,pancreas,HPDA034,HPXM007;PCHM006,0,1.0,image,top50_hvg,24000,12000,159,50,0.1437006850540638,0.1241994671833329,-0.2306530613667564,0.2766053974628448,0.131440058350563,0.3147640092913886,0.0486080427730388,0.980152554751513,0.5143802987622759,0.0491490202677763,0.1418918475714796
conch,human,pancreas,HPDA034,HPXM007;PCHM006,0,1.0,image,top200_hvg,24000,12000,159,147,0.0781277323988171,0.0663065051605666,-0.108428087134074,0.170558214187622,0.0530558228492736,0.3403172986792974,0.0205966282936605,0.9932491682828274,0.5060933469331677,0.0208258560456679,0.0729703357985258
conch,human,pancreas,HPDA034,HPXM007;PCHM006,0,1.0,image,marker_hvg_overlap,24000,12000,159,97,0.0950320249785832,0.0806358564154393,-0.1298406880625557,0.2097932696342468,0.0799441784620285,0.322357399153778,0.0250556921510509,0.9897693581193364,0.5074125251351936,0.0253345465297816,0.088514373337706
conch,human,pancreas,HPDA034,HPXM007;PCHM006,0,1.0,train_mean,top50_hvg,24000,12000,159,50,-2.5905901281930713e-08,,-0.2917520101668197,0.2941136956214905,0.1422571539878845,0.2300231224649453,0.0,1.0,0.5,0.0,0.0735733333333333
conch,human,pancreas,HPDA034,HPXM007;PCHM006,0,1.0,train_mean,top200_hvg,24000,12000,159,147,-1.929683962149954e-08,,-0.1268008584794011,0.1801890581846237,0.0556762367486953,0.2764004749439589,0.0,1.0,0.5,0.0,0.0374427966101695
conch,human,pancreas,HPDA034,HPXM007;PCHM006,0,1.0,train_mean,marker_hvg_overlap,24000,12000,159,97,-3.798712137059391e-08,,-0.1542559190271351,0.2216609716415405,0.0841594561934471,0.2532817886994765,0.0,1.0,0.5,0.0,0.0454209621993127
conch,human,pancreas,HPDA034,HPXM007;PCHM006,1,0.1,image,top50_hvg,2400,12000,159,50,0.107560818651691,0.0962025086388751,-0.419201714489609,0.2846123278141022,0.1468168199062347,0.2899321821914331,0.0554577502475623,0.9739502690289764,0.5147040096382695,0.0538380870126265,0.1229561615077832
conch,human,pancreas,HPDA034,HPXM007;PCHM006,1,0.1,image,top200_hvg,2400,12000,159,147,0.0617042351613885,0.055500663604603,-0.2523532894308535,0.1756148785352707,0.0617849864065647,0.3147284290754376,0.0234990467150687,0.9911395472887676,0.5062305125585888,0.0228127487341638,0.0620118660297944
conch,human,pancreas,HPDA034,HPXM007;PCHM006,1,0.1,image,marker_hvg_overlap,2400,12000,159,97,0.0672279858275211,0.0604130747668342,-0.2786764137869336,0.2159971296787262,0.0928182303905487,0.296822746194172,0.0285864691997744,0.9865723036231838,0.5075793864114791,0.0277515912436219,0.075312808377714
conch,human,pancreas,HPDA034,HPXM007;PCHM006,1,0.1,train_mean,top50_hvg,2400,12000,159,50,3.2101608184120777e-07,,-0.2953720697233802,0.2940860390663147,0.1420632004737854,0.2291668275764502,0.0,1.0,0.5,0.0,0.0735733333333333
conch,human,pancreas,HPDA034,HPXM007;PCHM006,1,0.1,train_mean,top200_hvg,2400,12000,159,147,3.599551772161985e-07,,-0.128853517026597,0.1801769882440567,0.0557414107024669,0.2758715426923478,0.0,1.0,0.5,0.0,0.0374427966101695
conch,human,pancreas,HPDA034,HPXM007;PCHM006,1,0.1,train_mean,marker_hvg_overlap,2400,12000,159,97,3.7172671004109643e-07,,-0.1566632322208852,0.2216459810733795,0.0842389240860939,0.252672918085897,0.0,1.0,0.5,0.0,0.0454209621993127
conch,human,pancreas,HPDA034,HPXM007;PCHM006,1,0.25,image,top50_hvg,6000,12000,159,50,0.1297165384422987,0.1139335343065794,-0.293525431137532,0.2784981429576874,0.137871578335762,0.3061134883841332,0.0534041737680971,0.9783462891676936,0.5158752314678954,0.0545567377478905,0.1353658679619019
conch,human,pancreas,HPDA034,HPXM007;PCHM006,1,0.25,image,top200_hvg,6000,12000,159,147,0.0747548944820848,0.0641436077626533,-0.1491598377413815,0.171770304441452,0.0563527233898639,0.33186852876458,0.0226288871898716,0.9926347922339094,0.5067267929948709,0.0231172617575807,0.0696105708728387
conch,human,pancreas,HPDA034,HPXM007;PCHM006,1,0.25,image,marker_hvg_overlap,6000,12000,159,97,0.0845364398549829,0.0725497451296779,-0.1744806409054964,0.2112788558006286,0.0847743675112724,0.3139871396344879,0.0275279246227304,0.9888382933854092,0.5081831090040698,0.0281220297669539,0.0845560838127449
conch,human,pancreas,HPDA034,HPXM007;PCHM006,1,0.25,train_mean,top50_hvg,6000,12000,159,50,-8.594699039576881e-08,,-0.2791366590192774,0.2940582633018493,0.1426397413015365,0.2317130317189158,0.0,1.0,0.5,0.0,0.0735733333333333
conch,human,pancreas,HPDA034,HPXM007;PCHM006,1,0.25,train_mean,top200_hvg,6000,12000,159,147,1.339049476000562e-07,,-0.1214841202246978,0.1801597028970718,0.0557781904935836,0.2775662464234206,0.0,1.0,0.5,0.0,0.0374427966101695
conch,human,pancreas,HPDA034,HPXM007;PCHM006,1,0.25,train_mean,marker_hvg_overlap,6000,12000,159,97,1.6202043347850606e-07,,-0.1477593546800769,0.2216248512268066,0.0843152776360511,0.2545584321720269,0.0,1.0,0.5,0.0,0.0454209621993127
conch,human,pancreas,HPDA034,HPXM007;PCHM006,1,1.0,image,top50_hvg,24000,12000,159,50,0.1428985530138015,0.1237353862471789,-0.2292571832041721,0.2764963507652282,0.1314330548048019,0.315753099317676,0.0479473679405745,0.980162258141834,0.5140548130412042,0.0485620754403008,0.1412437665094017
conch,human,pancreas,HPDA034,HPXM007;PCHM006,1,1.0,image,top200_hvg,24000,12000,159,147,0.0775443896272301,0.065817777167261,-0.1077425418425572,0.1704955399036407,0.0530280247330665,0.3412439951602661,0.0203166813307519,0.9932524687557256,0.5059554292547476,0.0205771506102969,0.0728407721499283
conch,human,pancreas,HPDA034,HPXM007;PCHM006,1,1.0,image,marker_hvg_overlap,24000,12000,159,97,0.094528197873739,0.0803184498162876,-0.1289601017884218,0.2097157686948776,0.0799002423882484,0.3233130309378251,0.0247151381136982,0.9897743598669246,0.5072447489903115,0.0250319976496396,0.0883634526602669
conch,human,pancreas,HPDA034,HPXM007;PCHM006,1,1.0,train_mean,top50_hvg,24000,12000,159,50,-2.5905901281930713e-08,,-0.2917520101668197,0.2941136956214905,0.1422571539878845,0.2300231224649453,0.0,1.0,0.5,0.0,0.0735733333333333
conch,human,pancreas,HPDA034,HPXM007;PCHM006,1,1.0,train_mean,top200_hvg,24000,12000,159,147,-1.929683962149954e-08,,-0.1268008584794011,0.1801890581846237,0.0556762367486953,0.2764004749439589,0.0,1.0,0.5,0.0,0.0374427966101695
conch,human,pancreas,HPDA034,HPXM007;PCHM006,1,1.0,train_mean,marker_hvg_overlap,24000,12000,159,97,-3.798712137059391e-08,,-0.1542559190271351,0.2216609716415405,0.0841594561934471,0.2532817886994765,0.0,1.0,0.5,0.0,0.0454209621993127
conch,human,pancreas,HPDA034,HPXM007;PCHM006,2,0.1,image,top50_hvg,2400,12000,159,50,0.1064690944296307,0.0955832244733795,-0.4585041262209415,0.2875131368637085,0.1478259712457656,0.264513935985264,0.0540405638755824,0.9740223461406848,0.5140314550081336,0.0531736876325878,0.1204479141394083
conch,human,pancreas,HPDA034,HPXM007;PCHM006,2,0.1,image,top200_hvg,2400,12000,159,147,0.0618402801735512,0.0551667462074695,-0.2615003676030521,0.1771893799304962,0.0619211010634899,0.2918114272880042,0.0228985440150773,0.991164063313158,0.5059455317831075,0.0225312235731304,0.0613139873281791
conch,human,pancreas,HPDA034,HPXM007;PCHM006,2,0.1,image,marker_hvg_overlap,2400,12000,159,97,0.0684812944473378,0.0611039025213534,-0.2917616341224651,0.2179480344057083,0.0930231586098671,0.2739084550698659,0.0278559607606095,0.9866094567735488,0.5072327087670792,0.0274091173363855,0.0743868471271783
conch,human,pancreas,HPDA034,HPXM007;PCHM006,2,0.1,train_mean,top50_hvg,2400,12000,159,50,-1.1359001615574015e-06,,-0.2980789596523391,0.2947604060173034,0.1448462158441543,0.221942281164256,0.0,1.0,0.5,0.0,0.0735733333333333
conch,human,pancreas,HPDA034,HPXM007;PCHM006,2,0.1,train_mean,top200_hvg,2400,12000,159,147,-3.874509383516646e-07,,-0.1291874704059456,0.1805442869663238,0.0565282441675663,0.2707536329027957,0.0,1.0,0.5,0.0,0.0374427966101695
conch,human,pancreas,HPDA034,HPXM007;PCHM006,2,0.1,train_mean,marker_hvg_overlap,2400,12000,159,97,-4.4893333931798445e-07,,-0.1570331020029135,0.2220986187458038,0.0854429006576538,0.247060199340857,0.0,1.0,0.5,0.0,0.0454209621993127
conch,human,pancreas,HPDA034,HPXM007;PCHM006,2,0.25,image,top50_hvg,6000,12000,159,50,0.1247783879935741,0.1110681518553906,-0.2803953910706332,0.2785229980945587,0.1382179260253906,0.3100056039776975,0.0514553461090802,0.9761946168958476,0.513824981502464,0.0520678196067011,0.1329174529537752
conch,human,pancreas,HPDA034,HPXM007;PCHM006,2,0.25,image,top200_hvg,6000,12000,159,147,0.0693813748361748,0.060013123535438,-0.1476253570861876,0.1718196719884872,0.0566956214606761,0.3347167357570969,0.0218031127580848,0.9919029309169552,0.5058580430095186,0.0220626354265682,0.0678796851205408
conch,human,pancreas,HPDA034,HPXM007;PCHM006,2,0.25,image,marker_hvg_overlap,6000,12000,159,97,0.0793174084158345,0.0686401631161015,-0.1703040719691774,0.2113426774740219,0.0853107720613479,0.3170730373302754,0.026523374283031,0.987729183966932,0.5071262791249814,0.0268390822714954,0.0823708556969171
conch,human,pancreas,HPDA034,HPXM007;PCHM006,2,0.25,train_mean,top50_hvg,6000,12000,159,50,-4.7612675786012914e-07,,-0.3037796620687004,0.293892502784729,0.1423703581094741,0.2330855339553489,0.0,1.0,0.5,0.0,0.0735733333333333
conch,human,pancreas,HPDA034,HPXM007;PCHM006,2,0.25,train_mean,top200_hvg,6000,12000,159,147,-3.95818236589476e-07,,-0.1320767090075694,0.1800709515810012,0.0556454099714756,0.278517070854778,0.0,1.0,0.5,0.0,0.0374427966101695
conch,human,pancreas,HPDA034,HPXM007;PCHM006,2,0.25,train_mean,marker_hvg_overlap,6000,12000,159,97,-4.481195811124525e-07,,-0.1606254738514517,0.2215154618024826,0.0841155275702476,0.2556328401479742,0.0,1.0,0.5,0.0,0.0454209621993127
conch,human,pancreas,HPDA034,HPXM007;PCHM006,2,1.0,image,top50_hvg,24000,12000,159,50,0.14315289943479,0.123802093390626,-0.2376789235066098,0.2765190303325653,0.1321901082992553,0.3174330790436327,0.0490452931171856,0.9796479702081576,0.5143466316626716,0.0498288584929175,0.1420295285176322
conch,human,pancreas,HPDA034,HPXM007;PCHM006,2,1.0,image,top200_hvg,24000,12000,159,147,0.0780878802650446,0.0662752789585734,-0.1114060458192213,0.1705065220594406,0.0533211901783943,0.3427655298174207,0.0207819038632142,0.9930775408871284,0.5060790812129964,0.0211139230902192,0.0732191210954865
conch,human,pancreas,HPDA034,HPXM007;PCHM006,2,1.0,image,marker_hvg_overlap,24000,12000,159,97,0.0950745425100639,0.0807748716147017,-0.1334686357875717,0.2097295224666595,0.0803461223840713,0.3248825723359665,0.0252810789263843,0.9895092629938956,0.50739517096014,0.0256849786045966,0.0888123147792707
conch,human,pancreas,HPDA034,HPXM007;PCHM006,2,1.0,train_mean,top50_hvg,24000,12000,159,50,-2.5905901281930713e-08,,-0.2917520101668197,0.2941136956214905,0.1422571539878845,0.2300231224649453,0.0,1.0,0.5,0.0,0.0735733333333333
conch,human,pancreas,HPDA034,HPXM007;PCHM006,2,1.0,train_mean,top200_hvg,24000,12000,159,147,-1.929683962149954e-08,,-0.1268008584794011,0.1801890581846237,0.0556762367486953,0.2764004749439589,0.0,1.0,0.5,0.0,0.0374427966101695
conch,human,pancreas,HPDA034,HPXM007;PCHM006,2,1.0,train_mean,marker_hvg_overlap,24000,12000,159,97,-3.798712137059391e-08,,-0.1542559190271351,0.2216609716415405,0.0841594561934471,0.2532817886994765,0.0,1.0,0.5,0.0,0.0454209621993127
conch,human,pancreas,HPXM007,HPDA034;PCHM006,0,0.1,image,top50_hvg,2400,12000,159,50,0.0794816105591599,0.074512385939949,-0.2647016380541027,0.2904368340969085,0.1491269171237945,0.2820419985856063,0.0876186623796287,0.9481492562890418,0.5178839593343352,0.0574971503944477,0.1119486576872885
conch,human,pancreas,HPXM007,HPDA034;PCHM006,0,0.1,image,top200_hvg,2400,12000,159,150,0.0430187713046463,0.0406384461859553,-0.183759774102442,0.1760569810867309,0.0604139640927314,0.3030521438385468,0.036814564025054,0.982716418763014,0.507514268627872,0.0241584665522889,0.0539998668140401
conch,human,pancreas,HPXM007,HPDA034;PCHM006,0,0.1,image,marker_hvg_overlap,2400,12000,159,97,0.0464555805300892,0.0438967060310886,-0.1989840915157776,0.2187384516000747,0.0927736535668373,0.2893312937676667,0.0451642589585715,0.9732728125201248,0.509218535739348,0.0296377063888905,0.0659974290993136
conch,human,pancreas,HPXM007,HPDA034;PCHM006,0,0.1,train_mean,top50_hvg,2400,12000,159,50,1.4612036949301909e-08,,-0.0377720629098257,0.25753054022789,0.1368834823369979,0.2906427611409986,0.02,0.98,0.5,0.009892742896569,0.0749216666666666
conch,human,pancreas,HPXM007,HPDA034;PCHM006,0,0.1,train_mean,top200_hvg,2400,12000,159,150,1.3190179603365478e-07,,-0.0188651891991271,0.1573188304901123,0.0527768582105636,0.3283169100405051,0.0084033613445378,0.9933333333333332,0.5,0.0041566146624239,0.0370210084033613
conch,human,pancreas,HPXM007,HPDA034;PCHM006,0,0.1,train_mean,marker_hvg_overlap,2400,12000,159,97,1.1196945239488317e-07,,-0.0230460745564386,0.1954257935285568,0.0814062729477882,0.3086747908872152,0.0103092783505154,0.9896907216494846,0.5,0.0050993520085407,0.0452835051546391
conch,human,pancreas,HPXM007,HPDA034;PCHM006,0,0.25,image,top50_hvg,6000,12000,159,50,0.0872695359482895,0.0821728337576297,-0.1712119272490963,0.2774574160575866,0.1365077197551727,0.2873839753305163,0.0799251322216619,0.9571413249542792,0.5185332285879705,0.0571709256869236,0.1171174411979929
conch,human,pancreas,HPXM007,HPDA034;PCHM006,0,0.25,image,top200_hvg,6000,12000,159,150,0.0428143435708255,0.0407926824906479,-0.1078612634363318,0.1685769855976104,0.0547796301543712,0.3083132990642021,0.0335819883284293,0.9857137749847598,0.5077870708352817,0.0240213973474469,0.0559855461607193
conch,human,pancreas,HPXM007,HPDA034;PCHM006,0,0.25,image,marker_hvg_overlap,6000,12000,159,97,0.0500973467181014,0.0476043818066834,-0.118387900472897,0.2094320058822631,0.0840321406722068,0.2937786902137076,0.0411985217637432,0.9779078994609688,0.5095532106123559,0.0294695493231565,0.0684930841815799
conch,human,pancreas,HPXM007,HPDA034;PCHM006,0,0.25,train_mean,top50_hvg,6000,12000,159,50,-7.212873498474438e-08,,-0.0370192857284837,0.2577427625656128,0.1362291574478149,0.2852424836044157,0.02,0.98,0.5,0.009892742896569,0.0749216666666666
conch,human,pancreas,HPXM007,HPDA034;PCHM006,0,0.25,train_mean,top200_hvg,6000,12000,159,150,-6.82653962675822e-08,,-0.0177294997619673,0.1574302166700363,0.0525259114801883,0.324327607919594,0.0084033613445378,0.9933333333333332,0.5,0.0041566146624239,0.0370210084033613
conch,human,pancreas,HPXM007,HPDA034;PCHM006,0,0.25,train_mean,marker_hvg_overlap,6000,12000,159,97,-6.698316652316338e-08,,-0.0216741330961395,0.1955645531415939,0.0809937715530395,0.3043298967758211,0.0103092783505154,0.9896907216494846,0.5,0.0050993520085407,0.0452835051546391
conch,human,pancreas,HPXM007,HPDA034;PCHM006,0,1.0,image,top50_hvg,24000,12000,159,50,0.1009580064751207,0.0920293458580866,-0.1380765251576667,0.2741084992885589,0.1295533925294876,0.2931901324129617,0.0797227358974917,0.958944508319368,0.51933362210843,0.0579206367610587,0.1251996448573253
conch,human,pancreas,HPXM007,HPDA034;PCHM006,0,1.0,image,top200_hvg,24000,12000,159,150,0.0491125000053292,0.0452188255803758,-0.0726692893338377,0.1665198802947998,0.0508382469415664,0.3145381329580828,0.0334969478560889,0.986314836106456,0.5081233706337941,0.0243364020004448,0.0600802706495307
conch,human,pancreas,HPXM007,HPDA034;PCHM006,0,1.0,image,marker_hvg_overlap,24000,12000,159,97,0.0604225576938653,0.0555141023031094,-0.0860826898166386,0.2068772166967392,0.0781654417514801,0.3001370237233667,0.0410941937615936,0.9788373754223548,0.5099657845919743,0.0298559983304426,0.0734756071298562
conch,human,pancreas,HPXM007,HPDA034;PCHM006,0,1.0,train_mean,top50_hvg,24000,12000,159,50,2.453546130709583e-07,,-0.0355244813533136,0.2575571835041046,0.1358790397644043,0.2867465940757415,0.02,0.98,0.5,0.009892742896569,0.0749216666666666
conch,human,pancreas,HPXM007,HPDA034;PCHM006,0,1.0,train_mean,top200_hvg,24000,12000,159,150,1.3381907272301156e-08,,-0.0169242689419951,0.1573272049427032,0.0523427426815032,0.3254932890128587,0.0084033613445378,0.9933333333333332,0.5,0.0041566146624239,0.0370210084033613
conch,human,pancreas,HPXM007,HPDA034;PCHM006,0,1.0,train_mean,marker_hvg_overlap,24000,12000,159,97,3.3348856926821654e-08,,-0.0207235770026319,0.1954362690448761,0.0807218998670578,0.3055930040140234,0.0103092783505154,0.9896907216494846,0.5,0.0050993520085407,0.0452835051546391
conch,human,pancreas,HPXM007,HPDA034;PCHM006,1,0.1,image,top50_hvg,2400,12000,159,50,0.0851940527046099,0.0778892569423198,-0.240592598542571,0.2837837934494018,0.1432792991399765,0.2887401714954691,0.0853164001461287,0.9537863410935048,0.5195513706198168,0.0590900191461395,0.1182362472965705
conch,human,pancreas,HPXM007,HPDA034;PCHM006,1,0.1,image,top200_hvg,2400,12000,159,150,0.0483788602488437,0.0445897831571909,-0.1805279377663015,0.1724168509244918,0.0584930293262004,0.305483711116119,0.0358472269521549,0.9845954470311684,0.508214861604965,0.0248277391370334,0.0573790930802588
conch,human,pancreas,HPXM007,HPDA034;PCHM006,1,0.1,image,marker_hvg_overlap,2400,12000,159,97,0.0514918390191016,0.0474311085830704,-0.1878107334919197,0.2142055183649063,0.0898909494280815,0.2929536152589927,0.0439775258485199,0.9761785263368584,0.510078026092689,0.030458772755742,0.0701937777753731
conch,human,pancreas,HPXM007,HPDA034;PCHM006,1,0.1,train_mean,top50_hvg,2400,12000,159,50,-7.600833440690735e-07,,-0.0354961143374021,0.2577237784862518,0.135832205414772,0.285593989746358,0.02,0.98,0.5,0.009892742896569,0.0749216666666666
conch,human,pancreas,HPXM007,HPDA034;PCHM006,1,0.1,train_mean,top200_hvg,2400,12000,159,150,-2.587922972500187e-07,,-0.0178529374155257,0.1574245393276214,0.052497748285532,0.3247115171915725,0.0084033613445378,0.9933333333333332,0.5,0.0041566146624239,0.0370210084033613
conch,human,pancreas,HPXM007,HPDA034;PCHM006,1,0.1,train_mean,marker_hvg_overlap,2400,12000,159,97,-3.067409774337955e-07,,-0.0215692998215616,0.1955573111772537,0.0809427127242088,0.3047301984211586,0.0103092783505154,0.9896907216494846,0.5,0.0050993520085407,0.0452835051546391
conch,human,pancreas,HPXM007,HPDA034;PCHM006,1,0.25,image,top50_hvg,6000,12000,159,50,0.090145239830017,0.0842121054464678,-0.1756263220775872,0.2747672796249389,0.1343831717967987,0.2998079221252485,0.0826718940850534,0.9570460100691776,0.5198589520771155,0.060483236118111,0.1181812356199984
conch,human,pancreas,HPXM007,HPDA034;PCHM006,1,0.25,image,top200_hvg,6000,12000,159,150,0.0470599926303367,0.0446625365229809,-0.1069990469680481,0.1670922935009002,0.0541109852492809,0.3185204986463681,0.0347360899517031,0.9856820033563926,0.5083440975113931,0.0254131244193743,0.0566402891659264
conch,human,pancreas,HPXM007,HPDA034;PCHM006,1,0.25,image,marker_hvg_overlap,6000,12000,159,97,0.0538285730368236,0.0509577329397757,-0.1197569352651456,0.2075838893651962,0.0829718336462974,0.3042661473318264,0.0426143783943574,0.9778587680768956,0.5102365732356267,0.0311769258340778,0.0693025551774984
conch,human,pancreas,HPXM007,HPDA034;PCHM006,1,0.25,train_mean,top50_hvg,6000,12000,159,50,5.756638427634187e-07,,-0.035717759495601,0.2574511766433716,0.135723128914833,0.2862992576889318,0.02,0.98,0.5,0.009892742896569,0.0749216666666666
conch,human,pancreas,HPXM007,HPDA034;PCHM006,1,0.25,train_mean,top200_hvg,6000,12000,159,150,3.638436348683914e-07,,-0.0171920999822694,0.1572712361812591,0.0523529723286628,0.3250026732864682,0.0084033613445378,0.9933333333333332,0.5,0.0041566146624239,0.0370210084033613
conch,human,pancreas,HPXM007,HPDA034;PCHM006,1,0.25,train_mean,marker_hvg_overlap,6000,12000,159,97,4.141289610710445e-07,,-0.0210597325146699,0.1953666359186172,0.0807239785790443,0.305091098328131,0.0103092783505154,0.9896907216494846,0.5,0.0050993520085407,0.0452835051546391
conch,human,pancreas,HPXM007,HPDA034;PCHM006,1,1.0,image,top50_hvg,24000,12000,159,50,0.1009739142935723,0.0918004576606559,-0.1340643342165276,0.2730425596237182,0.1293147802352905,0.293299414499426,0.0801573959743692,0.959003639728502,0.5195805178514357,0.0582037887561929,0.1255326942242492
conch,human,pancreas,HPXM007,HPDA034;PCHM006,1,1.0,image,top200_hvg,24000,12000,159,150,0.0495825155157333,0.0455393167078709,-0.0704000481637194,0.16592538356781,0.0506797730922699,0.3153747747558572,0.0336795781404912,0.9863345465761671,0.5082271083409393,0.0244553734269718,0.060411589182489
conch,human,pancreas,HPXM007,HPDA034;PCHM006,1,1.0,image,marker_hvg_overlap,24000,12000,159,97,0.0610918789254693,0.0559688889608731,-0.0833011884266299,0.2061371803283691,0.0779236629605293,0.300818397104756,0.041318245347613,0.9788678555301558,0.5100930504388844,0.0300019529671097,0.0738606510335724
conch,human,pancreas,HPXM007,HPDA034;PCHM006,1,1.0,train_mean,top50_hvg,24000,12000,159,50,2.453546130709583e-07,,-0.0355244813533136,0.2575571835041046,0.1358790397644043,0.2867465940757415,0.02,0.98,0.5,0.009892742896569,0.0749216666666666
conch,human,pancreas,HPXM007,HPDA034;PCHM006,1,1.0,train_mean,top200_hvg,24000,12000,159,150,1.3381907272301156e-08,,-0.0169242689419951,0.1573272049427032,0.0523427426815032,0.3254932890128587,0.0084033613445378,0.9933333333333332,0.5,0.0041566146624239,0.0370210084033613
conch,human,pancreas,HPXM007,HPDA034;PCHM006,1,1.0,train_mean,marker_hvg_overlap,24000,12000,159,97,3.3348856926821654e-08,,-0.0207235770026319,0.1954362690448761,0.0807218998670578,0.3055930040140234,0.0103092783505154,0.9896907216494846,0.5,0.0050993520085407,0.0452835051546391
conch,human,pancreas,HPXM007,HPDA034;PCHM006,2,0.1,image,top50_hvg,2400,12000,159,50,0.0842541970754973,0.077596143670895,-0.2399419361259788,0.2794090509414673,0.1461296379566192,0.2787991788829501,0.0787701959025095,0.957719146330828,0.5182446711166687,0.0588249430243671,0.1176539377437945
conch,human,pancreas,HPXM007,HPDA034;PCHM006,2,0.1,image,top200_hvg,2400,12000,159,150,0.0440312971765663,0.0405933308568529,-0.1909087790378531,0.1700730323791504,0.0599965043365955,0.2998673863776241,0.0330967209674409,0.985906382110276,0.5076658282002809,0.0247163626152803,0.0561447283985081
conch,human,pancreas,HPXM007,HPDA034;PCHM006,2,0.1,image,marker_hvg_overlap,2400,12000,159,97,0.0480979579883704,0.0443570390983723,-0.1890671981037138,0.211280882358551,0.0919046700000763,0.2849180304264544,0.0406031937641801,0.9782057455313544,0.5094044696477674,0.0303221355795706,0.0687407350119039
conch,human,pancreas,HPXM007,HPDA034;PCHM006,2,0.1,train_mean,top50_hvg,2400,12000,159,50,-7.661887678267477e-07,,-0.0377693891598573,0.2576256096363067,0.1374372988939285,0.2874451671421921,0.02,0.98,0.5,0.009892742896569,0.0749216666666666
conch,human,pancreas,HPXM007,HPDA034;PCHM006,2,0.1,train_mean,top200_hvg,2400,12000,159,150,-4.630044455685341e-07,,-0.0184501453635706,0.1573706865310669,0.0528349094092845,0.3255824032422601,0.0084033613445378,0.9933333333333332,0.5,0.0041566146624239,0.0370210084033613
conch,human,pancreas,HPXM007,HPDA034;PCHM006,2,0.1,train_mean,marker_hvg_overlap,2400,12000,159,97,-5.089955164703849e-07,,-0.0222388568515561,0.1954903304576873,0.0814722254872322,0.305741183296177,0.0103092783505154,0.9896907216494846,0.5,0.0050993520085407,0.0452835051546391
conch,human,pancreas,HPXM007,HPDA034;PCHM006,2,0.25,image,top50_hvg,6000,12000,159,50,0.0842541638971306,0.0782329574495896,-0.1728404616005718,0.2753241062164306,0.1351864486932754,0.2884318233893289,0.0776930348970824,0.9593406517120008,0.5185168433045416,0.0565005957392753,0.1181293896403512
conch,human,pancreas,HPXM007,HPDA034;PCHM006,2,0.25,image,top200_hvg,6000,12000,159,150,0.0433935813658701,0.0403355032203511,-0.1023161236143317,0.1673508286476135,0.0537702590227127,0.310468822982434,0.0326441323096985,0.9864468839040004,0.5077801862624124,0.0237397461089392,0.0568984058718399
conch,human,pancreas,HPXM007,HPDA034;PCHM006,2,0.25,image,marker_hvg_overlap,6000,12000,159,97,0.049529455275726,0.0461059120093724,-0.115484483972115,0.2079062163829803,0.082572191953659,0.2960561859929758,0.0400479561325167,0.9790415730474232,0.5095447645899699,0.0291240184223068,0.0696522878306681
conch,human,pancreas,HPXM007,HPDA034;PCHM006,2,0.25,train_mean,top50_hvg,6000,12000,159,50,-3.63748029755874e-07,,-0.0343214769563201,0.2577706277370453,0.1354300826787948,0.2849316766341231,0.02,0.98,0.5,0.009892742896569,0.0749216666666666
conch,human,pancreas,HPXM007,HPDA034;PCHM006,2,0.25,train_mean,top200_hvg,6000,12000,159,150,-3.097678371588586e-07,,-0.0162086679571274,0.1574424356222152,0.0520325489342212,0.3242994624238765,0.0084033613445378,0.9933333333333332,0.5,0.0041566146624239,0.0370210084033613
conch,human,pancreas,HPXM007,HPDA034;PCHM006,2,0.25,train_mean,marker_hvg_overlap,6000,12000,159,97,-3.410192897605284e-07,,-0.01982745587087,0.1955796629190445,0.0802530869841575,0.3042592517454991,0.0103092783505154,0.9896907216494846,0.5,0.0050993520085407,0.0452835051546391
conch,human,pancreas,HPXM007,HPDA034;PCHM006,2,1.0,image,top50_hvg,24000,12000,159,50,0.0998116932122502,0.0909586830233328,-0.1341884122509509,0.2730563282966614,0.1292571276426315,0.293058777169563,0.0783421809633257,0.9594288499657102,0.5188855154645179,0.0569724327408058,0.1248234244929876
conch,human,pancreas,HPXM007,HPDA034;PCHM006,2,1.0,image,top200_hvg,24000,12000,159,150,0.0488642485771998,0.0450236234850233,-0.0709005724227822,0.1659382879734039,0.0507403649389743,0.3146443570825427,0.0329168827576998,0.9864762833219034,0.50793509053131,0.0239379969499184,0.0600542428381499
conch,human,pancreas,HPXM007,HPDA034;PCHM006,2,1.0,image,marker_hvg_overlap,24000,12000,159,97,0.0602013427679622,0.0553140440937391,-0.0839521154982143,0.2061534374952316,0.0780140832066536,0.3001373560319594,0.0403825675068689,0.9790870360647992,0.509734801785834,0.0293672333715493,0.0734043640946396
conch,human,pancreas,HPXM007,HPDA034;PCHM006,2,1.0,train_mean,top50_hvg,24000,12000,159,50,2.453546130709583e-07,,-0.0355244813533136,0.2575571835041046,0.1358790397644043,0.2867465940757415,0.02,0.98,0.5,0.009892742896569,0.0749216666666666
conch,human,pancreas,HPXM007,HPDA034;PCHM006,2,1.0,train_mean,top200_hvg,24000,12000,159,150,1.3381907272301156e-08,,-0.0169242689419951,0.1573272049427032,0.0523427426815032,0.3254932890128587,0.0084033613445378,0.9933333333333332,0.5,0.0041566146624239,0.0370210084033613
conch,human,pancreas,HPXM007,HPDA034;PCHM006,2,1.0,train_mean,marker_hvg_overlap,24000,12000,159,97,3.3348856926821654e-08,,-0.0207235770026319,0.1954362690448761,0.0807218998670578,0.3055930040140234,0.0103092783505154,0.9896907216494846,0.5,0.0050993520085407,0.0452835051546391
conch,human,pancreas,PCHM006,HPDA034;HPXM007,0,0.1,image,top50_hvg,2400,12000,159,50,0.0784851787763182,0.075885279296652,-0.4251202482543885,0.3680598139762878,0.1933335810899734,0.1344131574899202,0.0851835675035693,0.9354798495256174,0.5103317085145933,0.050187112613699,0.1506424826952347
conch,human,pancreas,PCHM006,HPDA034;HPXM007,0,0.1,image,top200_hvg,2400,12000,159,130,0.0440864642044359,0.0425548322359307,-0.2325968394363313,0.2381765246391296,0.0881613418459892,0.1918919480605291,0.0343482127030521,0.9751845575098528,0.5041660114978199,0.0202367389571367,0.0695941409980534
conch,human,pancreas,PCHM006,HPDA034;HPXM007,0,0.1,image,marker_hvg_overlap,2400,12000,159,97,0.0473137413476805,0.0456479408492394,-0.2783148643877549,0.2755429446697235,0.1175889149308204,0.1752485328309136,0.0439090554142109,0.9667421904771224,0.5053256229456666,0.0258696456771644,0.0887245873584325
conch,human,pancreas,PCHM006,HPDA034;HPXM007,0,0.1,train_mean,top50_hvg,2400,12000,159,50,-1.8820108415695814e-07,,-0.0583163672958835,0.3238122761249542,0.1547542065382003,0.1775460465596999,0.02,0.98,0.5,0.0095276790248857,0.1167266666666666
conch,human,pancreas,PCHM006,HPDA034;HPXM007,0,0.1,train_mean,top200_hvg,2400,12000,159,130,-1.1503810192364369e-07,,-0.0254140628308637,0.2111729681491851,0.068558819591999,0.2538698417552348,0.0080645161290322,0.9923076923076924,0.5,0.0038418060584216,0.0543299731182795
conch,human,pancreas,PCHM006,HPDA034;HPXM007,0,0.1,train_mean,marker_hvg_overlap,2400,12000,159,97,-1.1095226830191427e-07,,-0.0324052040117767,0.244267389178276,0.0916509330272674,0.230705153365388,0.0103092783505154,0.9896907216494846,0.5,0.0049111747550957,0.0692809278350515
conch,human,pancreas,PCHM006,HPDA034;HPXM007,0,0.25,image,top50_hvg,6000,12000,159,50,0.0868519616010598,0.0829265072425201,-0.3479960073344409,0.3704939484596252,0.1847355961799621,0.1458628613028685,0.0824430490713787,0.9348780415327974,0.5086605453020882,0.0468170417959819,0.1533213183303509
conch,human,pancreas,PCHM006,HPDA034;HPXM007,0,0.25,image,top200_hvg,6000,12000,159,130,0.0466343721177066,0.0442024084516348,-0.1680206121563969,0.2392149269580841,0.0818349048495292,0.2049051343065991,0.0332431649481365,0.9749530928972298,0.5034921553637451,0.0188778394338636,0.0708724365970649
conch,human,pancreas,PCHM006,HPDA034;HPXM007,0,0.25,image,marker_hvg_overlap,6000,12000,159,97,0.0544022414197223,0.0515547473523008,-0.2048403260144453,0.276749849319458,0.1090992465615272,0.1882551302916083,0.0424964170471024,0.9664319801715452,0.5044641986093237,0.0241324957711247,0.0903626949843079
conch,human,pancreas,PCHM006,HPDA034;HPXM007,0,0.25,train_mean,top50_hvg,6000,12000,159,50,1.3252185572909526e-07,,-0.0549353177662601,0.3231251239776611,0.1523560434579849,0.1829572788180571,0.02,0.98,0.5,0.0095276790248857,0.1167266666666666
conch,human,pancreas,PCHM006,HPDA034;HPXM007,0,0.25,train_mean,top200_hvg,6000,12000,159,130,-1.9795363743471363e-08,,-0.0239624711892351,0.2107809484004974,0.0674685686826706,0.2586630891755422,0.0080645161290322,0.9923076923076924,0.5,0.0038418060584216,0.0543299731182795
conch,human,pancreas,PCHM006,HPDA034;HPXM007,0,0.25,train_mean,marker_hvg_overlap,6000,12000,159,97,-3.8125810668898536e-08,,-0.0305889661956078,0.2438132166862487,0.0901900082826614,0.2356255163874875,0.0103092783505154,0.9896907216494846,0.5,0.0049111747550957,0.0692809278350515
conch,human,pancreas,PCHM006,HPDA034;HPXM007,0,1.0,image,top50_hvg,24000,12000,159,50,0.1059244984551332,0.0965049185974768,-0.3513586187944748,0.3690678775310516,0.1853430718183517,0.1401280199228886,0.086049396208255,0.9333118446280728,0.5096806204181639,0.0484385086391549,0.1625437500775927
conch,human,pancreas,PCHM006,HPDA034;HPXM007,0,1.0,image,top200_hvg,24000,12000,159,130,0.0530418637846753,0.0480792600743305,-0.1542511892702379,0.2381954789161682,0.080645278096199,0.2038938232971307,0.0346973371807479,0.9743507094723356,0.5039034759750661,0.0195316567093366,0.0758227063861229
conch,human,pancreas,PCHM006,HPDA034;HPXM007,0,1.0,image,marker_hvg_overlap,24000,12000,159,97,0.0678268383081493,0.0615767372859448,-0.1947547124079776,0.2755712270736694,0.1077131628990173,0.1858920116747886,0.0443553588702345,0.9656246621794188,0.5049900105248267,0.0249683034222448,0.0965585822742996
conch,human,pancreas,PCHM006,HPDA034;HPXM007,0,1.0,train_mean,top50_hvg,24000,12000,159,50,-1.5022988527846337e-07,,-0.0557953828571044,0.3231901228427887,0.1536430269479751,0.1818204199287317,0.02,0.98,0.5,0.0095276790248857,0.1167266666666666
conch,human,pancreas,PCHM006,HPDA034;HPXM007,0,1.0,train_mean,top200_hvg,24000,12000,159,130,-3.7907360719936116e-08,,-0.0241736435283483,0.2108144611120224,0.06797906011343,0.258232277646385,0.0080645161290322,0.9923076923076924,0.5,0.0038418060584216,0.0543299731182795
conch,human,pancreas,PCHM006,HPDA034;HPXM007,0,1.0,train_mean,marker_hvg_overlap,24000,12000,159,97,-2.8825115343888874e-08,,-0.0308847127874184,0.2438520640134811,0.0908811464905738,0.2351110297202255,0.0103092783505154,0.9896907216494846,0.5,0.0049111747550957,0.0692809278350515
conch,human,pancreas,PCHM006,HPDA034;HPXM007,1,0.1,image,top50_hvg,2400,12000,159,50,0.0616206811752636,0.0563091874392441,-0.4168062176462263,0.3744503855705261,0.1956370323896408,0.138120063826282,0.0916614577549857,0.9239849311202534,0.5078231944376195,0.0475478917353667,0.1419405341165083
conch,human,pancreas,PCHM006,HPDA034;HPXM007,1,0.1,image,top200_hvg,2400,12000,159,130,0.0327498390378449,0.0300870126309781,-0.2065879830663635,0.2417675256729126,0.0879622772336006,0.1944316007289133,0.0369602652237845,0.9707634350462512,0.5031545138861369,0.0191725369900672,0.0653987307341165
conch,human,pancreas,PCHM006,HPDA034;HPXM007,1,0.1,image,marker_hvg_overlap,2400,12000,159,97,0.0346439633190364,0.0317473222687031,-0.2565110255484037,0.2797009348869324,0.1173396408557891,0.1780331684326168,0.0472481741005081,0.9608169748042544,0.5040325744523811,0.0245092225440034,0.0833979330510765
conch,human,pancreas,PCHM006,HPDA034;HPXM007,1,0.1,train_mean,top50_hvg,2400,12000,159,50,1.61244688001716e-07,,-0.0608096635929541,0.3239910006523132,0.1541469842195511,0.1758079405430578,0.02,0.98,0.5,0.0095276790248857,0.1167266666666666
conch,human,pancreas,PCHM006,HPDA034;HPXM007,1,0.1,train_mean,top200_hvg,2400,12000,159,130,1.3613721917624622e-07,,-0.0266266581154175,0.2112988233566284,0.0681272745132446,0.2523932385707311,0.0080645161290322,0.9923076923076924,0.5,0.0038418060584216,0.0543299731182795
conch,human,pancreas,PCHM006,HPDA034;HPXM007,1,0.1,train_mean,marker_hvg_overlap,2400,12000,159,97,1.3534476835494958e-07,,-0.0339888013859589,0.2444133460521698,0.0910787284374237,0.2292885730128593,0.0103092783505154,0.9896907216494846,0.5,0.0049111747550957,0.0692809278350515
conch,human,pancreas,PCHM006,HPDA034;HPXM007,1,0.25,image,top50_hvg,6000,12000,159,50,0.0901369190531113,0.083101591323491,-0.3669606532901525,0.3684608340263366,0.1891601681709289,0.1462575723602611,0.0822510103380668,0.9342826027316934,0.5082668065348801,0.046657513334887,0.1544593289489614
conch,human,pancreas,PCHM006,HPDA034;HPXM007,1,0.25,image,top200_hvg,6000,12000,159,130,0.048989586491139,0.0450298215237446,-0.1713889689811279,0.237993374466896,0.0836978629231453,0.2089200119112127,0.0331657299750269,0.9747240779737284,0.5033333897318065,0.0188135134414867,0.0716657463763223
conch,human,pancreas,PCHM006,HPDA034;HPXM007,1,0.25,image,marker_hvg_overlap,6000,12000,159,97,0.0559498370702263,0.0514928729921293,-0.2141065115718766,0.2753355503082275,0.1117041036486625,0.1911860121014867,0.0423974280093128,0.9661250529544811,0.504261240481897,0.0240502646056118,0.0913843194751456
conch,human,pancreas,PCHM006,HPDA034;HPXM007,1,0.25,train_mean,top50_hvg,6000,12000,159,50,-3.209965608874654e-08,,-0.0546397908496146,0.3228111267089844,0.1533787846565246,0.1849719964503681,0.02,0.98,0.5,0.0095276790248857,0.1167266666666666
conch,human,pancreas,PCHM006,HPDA034;HPXM007,1,0.25,train_mean,top200_hvg,6000,12000,159,130,-3.0307861789450034e-08,,-0.0237256875190793,0.210589200258255,0.0679290145635604,0.2612026133035005,0.0080645161290322,0.9923076923076924,0.5,0.0038418060584216,0.0543299731182795
conch,human,pancreas,PCHM006,HPDA034;HPXM007,1,0.25,train_mean,marker_hvg_overlap,6000,12000,159,97,-1.6137397179706912e-08,,-0.0302924269470557,0.2435910999774933,0.0908189415931701,0.2380606242958596,0.0103092783505154,0.9896907216494846,0.5,0.0049111747550957,0.0692809278350515
conch,human,pancreas,PCHM006,HPDA034;HPXM007,1,1.0,image,top50_hvg,24000,12000,159,50,0.1053310770448297,0.0959701708542512,-0.3421287203909014,0.3676267266273498,0.1846142262220382,0.1416076998850677,0.0847432551847864,0.9344236792106586,0.5095834671977225,0.0480030998193538,0.1622563945183603
conch,human,pancreas,PCHM006,HPDA034;HPXM007,1,1.0,image,top200_hvg,24000,12000,159,130,0.0531946119467207,0.0481489116366348,-0.1508735212012271,0.2373473048210144,0.0803440064191818,0.2050965824259555,0.0341706674132203,0.9747783381579456,0.5038643012894043,0.0193560886368362,0.0759201124068058
conch,human,pancreas,PCHM006,HPDA034;HPXM007,1,1.0,image,marker_hvg_overlap,24000,12000,159,97,0.0680650111081405,0.0617675727919486,-0.1903274385650107,0.2745884656906128,0.1073034107685089,0.1872110864363664,0.0436820903014363,0.9661977727889992,0.5049399315452179,0.0247438658862648,0.0965799506609144
conch,human,pancreas,PCHM006,HPDA034;HPXM007,1,1.0,train_mean,top50_hvg,24000,12000,159,50,-1.5022988527846337e-07,,-0.0557953828571044,0.3231901228427887,0.1536430269479751,0.1818204199287317,0.02,0.98,0.5,0.0095276790248857,0.1167266666666666
conch,human,pancreas,PCHM006,HPDA034;HPXM007,1,1.0,train_mean,top200_hvg,24000,12000,159,130,-3.7907360719936116e-08,,-0.0241736435283483,0.2108144611120224,0.06797906011343,0.258232277646385,0.0080645161290322,0.9923076923076924,0.5,0.0038418060584216,0.0543299731182795
conch,human,pancreas,PCHM006,HPDA034;HPXM007,1,1.0,train_mean,marker_hvg_overlap,24000,12000,159,97,-2.8825115343888874e-08,,-0.0308847127874184,0.2438520640134811,0.0908811464905738,0.2351110297202255,0.0103092783505154,0.9896907216494846,0.5,0.0049111747550957,0.0692809278350515
conch,human,pancreas,PCHM006,HPDA034;HPXM007,2,0.1,image,top50_hvg,2400,12000,159,50,0.0748132779089792,0.0690315580827068,-0.4506035622395575,0.3798579275608063,0.1985565274953842,0.1456674167969341,0.0941914381479155,0.9230361129529162,0.5086137755504159,0.0462449138677242,0.1464668293105263
conch,human,pancreas,PCHM006,HPDA034;HPXM007,2,0.1,image,top200_hvg,2400,12000,159,130,0.0414550873184401,0.0380009148277664,-0.2506022280513501,0.2451638132333755,0.0900709331035614,0.1992500371948131,0.0379804186080304,0.9703985049818908,0.5034732965929096,0.0186471426885984,0.0758475249440979
conch,human,pancreas,PCHM006,HPDA034;HPXM007,2,0.1,image,marker_hvg_overlap,2400,12000,159,97,0.0444057101616185,0.0408664601916306,-0.2883238473753493,0.2836361825466156,0.1201190426945686,0.1831694945106118,0.0485522877051111,0.960327893274699,0.5044400904899051,0.023837584467899,0.0864186678668147
conch,human,pancreas,PCHM006,HPDA034;HPXM007,2,0.1,train_mean,top50_hvg,2400,12000,159,50,-8.566273989471801e-08,,-0.0565095790567284,0.3234389126300812,0.1534701287746429,0.1794450935153544,0.02,0.98,0.5,0.0095276790248857,0.1167266666666666
conch,human,pancreas,PCHM006,HPDA034;HPXM007,2,0.1,train_mean,top200_hvg,2400,12000,159,130,-3.20247991215608e-08,,-0.0248823560683347,0.2109714448451995,0.0678535774350166,0.2557236579834169,0.0080645161290322,0.9923076923076924,0.5,0.0038418060584216,0.0543299731182795
conch,human,pancreas,PCHM006,HPDA034;HPXM007,2,0.1,train_mean,marker_hvg_overlap,2400,12000,159,97,-2.16616256274819e-08,,-0.0316410755491496,0.2440339028835296,0.0907086208462715,0.2326257913076471,0.0103092783505154,0.9896907216494846,0.5,0.0049111747550957,0.0692809278350515
conch,human,pancreas,PCHM006,HPDA034;HPXM007,2,0.25,image,top50_hvg,6000,12000,159,50,0.0825464723288314,0.0783734018893183,-0.3307922596670687,0.3691873550415039,0.1852536350488662,0.1360205851426166,0.0835115779067128,0.9354354837421636,0.5094735308244381,0.0457504111552324,0.1517293881658022
conch,human,pancreas,PCHM006,HPDA034;HPXM007,2,0.25,image,top200_hvg,6000,12000,159,130,0.0432748793221523,0.0406776740668172,-0.1586465177208611,0.2384236752986908,0.0821855440735817,0.1940820482268578,0.0336740233494809,0.975167493746986,0.5038199721066283,0.0184477464335614,0.0701410872046064
conch,human,pancreas,PCHM006,HPDA034;HPXM007,2,0.25,image,marker_hvg_overlap,6000,12000,159,97,0.0500799542879229,0.0470954355193988,-0.196640485417597,0.2758326530456543,0.1096806302666664,0.177446879093901,0.0430472051065529,0.9667193215165792,0.5048832633115661,0.0235826861624909,0.0893736461590007
conch,human,pancreas,PCHM006,HPDA034;HPXM007,2,0.25,train_mean,top50_hvg,6000,12000,159,50,3.4784938094389874e-08,,-0.0564083342842059,0.3233270645141601,0.1534613221883773,0.1808284932940254,0.02,0.98,0.5,0.0095276790248857,0.1167266666666666
conch,human,pancreas,PCHM006,HPDA034;HPXM007,2,0.25,train_mean,top200_hvg,6000,12000,159,130,7.211178137218926e-08,,-0.0245297736099646,0.2108979076147079,0.0678574293851852,0.2572069415033792,0.0080645161290322,0.9923076923076924,0.5,0.0038418060584216,0.0543299731182795
conch,human,pancreas,PCHM006,HPDA034;HPXM007,2,0.25,train_mean,marker_hvg_overlap,6000,12000,159,97,9.296654014310053e-08,,-0.0313271026596939,0.2439486980438232,0.0907255411148071,0.2341151696285756,0.0103092783505154,0.9896907216494846,0.5,0.0049111747550957,0.0692809278350515
conch,human,pancreas,PCHM006,HPDA034;HPXM007,2,1.0,image,top50_hvg,24000,12000,159,50,0.1050159608584363,0.0957307414006902,-0.3553079742577392,0.3691909313201904,0.1853350847959518,0.1405524129959803,0.0867870894625692,0.933126446896728,0.5099567681796485,0.0485607685302782,0.1618018385048185
conch,human,pancreas,PCHM006,HPDA034;HPXM007,2,1.0,image,top200_hvg,24000,12000,159,130,0.0528511348121326,0.047858891739871,-0.1555241828163777,0.2382636666297912,0.080605462193489,0.2047136670315475,0.0349947941381327,0.9742794026525876,0.5040148258788906,0.0195809550525315,0.075703894697374
conch,human,pancreas,PCHM006,HPDA034;HPXM007,2,1.0,image,marker_hvg_overlap,24000,12000,159,97,0.0677189963438293,0.0615320735098708,-0.1963775618135036,0.275650292634964,0.1076596453785896,0.1865886830975159,0.0447356131250356,0.9655290963385196,0.5051323547317776,0.0250313239846795,0.096366630439538
conch,human,pancreas,PCHM006,HPDA034;HPXM007,2,1.0,train_mean,top50_hvg,24000,12000,159,50,-1.5022988527846337e-07,,-0.0557953828571044,0.3231901228427887,0.1536430269479751,0.1818204199287317,0.02,0.98,0.5,0.0095276790248857,0.1167266666666666
conch,human,pancreas,PCHM006,HPDA034;HPXM007,2,1.0,train_mean,top200_hvg,24000,12000,159,130,-3.7907360719936116e-08,,-0.0241736435283483,0.2108144611120224,0.06797906011343,0.258232277646385,0.0080645161290322,0.9923076923076924,0.5,0.0038418060584216,0.0543299731182795
conch,human,pancreas,PCHM006,HPDA034;HPXM007,2,1.0,train_mean,marker_hvg_overlap,24000,12000,159,97,-2.8825115343888874e-08,,-0.0308847127874184,0.2438520640134811,0.0908811464905738,0.2351110297202255,0.0103092783505154,0.9896907216494846,0.5,0.0049111747550957,0.0692809278350515
conch,human,skin,HSDX009,HSDX009_2;HSPD012;PDHS029,0,0.1,image,top50_hvg,3600,12000,92,50,0.0970057416777126,0.0859047801971834,-0.8824280661754892,0.2367913872003555,0.1142083704471588,0.2495271864303987,0.0408423957175753,0.9892767313490456,0.5150595635333104,0.0448455223789084,0.1029459489338475
conch,human,skin,HSDX009,HSDX009_2;HSPD012;PDHS029,0,0.1,image,top200_hvg,3600,12000,92,90,0.0703164916718378,0.0630007895692137,-0.6032069449806507,0.1817014813423156,0.0709002837538719,0.2616425796855217,0.0249038998277898,0.9940426285272476,0.5091826606910429,0.0273448307188465,0.0667150791976089
conch,human,skin,HSDX009,HSDX009_2;HSPD012;PDHS029,0,0.1,image,marker_hvg_overlap,3600,12000,92,70,0.0748637068027164,0.0670198122181891,-0.6803411158094864,0.204696923494339,0.088836096227169,0.2541073456528424,0.0291356444851822,0.992372489736304,0.510754067110743,0.0319624879737301,0.0774097375236661
conch,human,skin,HSDX009,HSDX009_2;HSPD012;PDHS029,0,0.1,train_mean,top50_hvg,3600,12000,92,50,-5.394955395487955e-07,,-1.6620569354914188,0.2498547583818435,0.1355992257595062,0.1359058173887557,0.0,1.0,0.5,0.0,0.0540566666666666
conch,human,skin,HSDX009,HSDX009_2;HSPD012;PDHS029,0,0.1,train_mean,top200_hvg,3600,12000,92,90,-2.782457024371373e-07,,-1.0274077024198671,0.1907885819673538,0.0813468396663665,0.1915525053767995,0.0,1.0,0.5,0.0,0.0359044715447154
conch,human,skin,HSDX009,HSDX009_2;HSPD012;PDHS029,0,0.1,train_mean,marker_hvg_overlap,3600,12000,92,70,-2.224491004605105e-07,,-1.1909936027772865,0.2150405943393707,0.1017370074987411,0.1699139839246681,0.0,1.0,0.5,0.0,0.0414392857142857
conch,human,skin,HSDX009,HSDX009_2;HSPD012;PDHS029,0,0.25,image,top50_hvg,9000,12000,92,50,0.1118986914819106,0.0976109868414638,-0.7768853895086795,0.2318702936172485,0.1072084158658981,0.276523092034036,0.0432903138589732,0.9894880622028474,0.5163891880309104,0.0464200803208427,0.1101954185693437
conch,human,skin,HSDX009,HSDX009_2;HSPD012;PDHS029,0,0.25,image,top200_hvg,9000,12000,92,90,0.081863855766929,0.0722334675659002,-0.5030424173182393,0.1778673082590103,0.0655879825353622,0.2896478251335595,0.0263965328408373,0.9941600345571372,0.5099934073359209,0.0283049270249041,0.0717960795577323
conch,human,skin,HSDX009,HSDX009_2;HSPD012;PDHS029,0,0.25,image,marker_hvg_overlap,9000,12000,92,70,0.0885443825457644,0.0778669925778127,-0.5738182182955954,0.2002877295017242,0.0820315927267074,0.2826515190240921,0.0308091668171518,0.9925750799020622,0.511692123359607,0.0329675668536993,0.083391427835937
conch,human,skin,HSDX009,HSDX009_2;HSPD012;PDHS029,0,0.25,train_mean,top50_hvg,9000,12000,92,50,-1.1875933267901929e-07,,-1.5995116966424394,0.2494362145662307,0.1374420523643493,0.1441210608041137,0.0,1.0,0.5,0.0,0.0540566666666666
conch,human,skin,HSDX009,HSDX009_2;HSPD012;PDHS029,0,0.25,train_mean,top200_hvg,9000,12000,92,90,2.7821658427366234e-09,,-0.9883319485964908,0.1904747486114502,0.0822470560669899,0.198701933455718,0.0,1.0,0.5,0.0,0.0359044715447154
conch,human,skin,HSDX009,HSDX009_2;HSPD012;PDHS029,0,0.25,train_mean,marker_hvg_overlap,9000,12000,92,70,1.138344391701399e-07,,-1.1434593216415254,0.2146148532629013,0.1027618423104286,0.1778990669402015,0.0,1.0,0.5,0.0,0.0414392857142857
conch,human,skin,HSDX009,HSDX009_2;HSPD012;PDHS029,0,1.0,image,top50_hvg,36000,12000,92,50,0.1165490315796341,0.101559913366497,-0.6578283329494298,0.2296180576086044,0.1028027161955833,0.2892254811573633,0.0407941073239875,0.9909784548346732,0.5158862810793304,0.0458692490873648,0.1133557750831139
conch,human,skin,HSDX009,HSDX009_2;HSPD012;PDHS029,0,1.0,image,top200_hvg,36000,12000,92,90,0.0809386934717356,0.0711700215484781,-0.4182235844172083,0.1761239171028137,0.0623161457479,0.302310764134321,0.0248744556853582,0.9949880304637077,0.5096867567556893,0.0279690543215639,0.0747188585229392
conch,human,skin,HSDX009,HSDX009_2;HSPD012;PDHS029,0,1.0,image,marker_hvg_overlap,36000,12000,92,70,0.0945100489762678,0.0828869212039748,-0.4779826058557124,0.1983717679977417,0.0780559703707695,0.2949332309622242,0.0290636574623908,0.9936261214220592,0.511344889442225,0.0326338792182475,0.0867221667227448
conch,human,skin,HSDX009,HSDX009_2;HSPD012;PDHS029,0,1.0,train_mean,top50_hvg,36000,12000,92,50,7.753411262001464e-07,,-1.5543097875075182,0.2488637864589691,0.1360179185867309,0.1461905506632217,0.0,1.0,0.5,0.0,0.0540566666666666
conch,human,skin,HSDX009,HSDX009_2;HSPD012;PDHS029,0,1.0,train_mean,top200_hvg,36000,12000,92,90,4.221377431677427e-07,,-0.9604590004857152,0.1900537312030792,0.0814282968640327,0.2001044045742161,0.0,1.0,0.5,0.0,0.0359044715447154
conch,human,skin,HSDX009,HSDX009_2;HSPD012;PDHS029,0,1.0,train_mean,marker_hvg_overlap,36000,12000,92,70,4.659479940422833e-07,,-1.1113537681448828,0.2141506671905517,0.1017528772354126,0.1794947434651182,0.0,1.0,0.5,0.0,0.0414392857142857
conch,human,skin,HSDX009,HSDX009_2;HSPD012;PDHS029,1,0.1,image,top50_hvg,3600,12000,92,50,0.1002286598779028,0.0866217546429202,-0.8526421375200153,0.2363515496253967,0.1140976026654243,0.2494978865328485,0.0414198528607332,0.9886660086814202,0.5150429307710768,0.045257322978757,0.1052307374787951
conch,human,skin,HSDX009,HSDX009_2;HSPD012;PDHS029,1,0.1,image,top200_hvg,3600,12000,92,90,0.0732326300097377,0.0636627143208568,-0.5745487782829825,0.1813450455665588,0.0706998258829116,0.2606616870482923,0.0252560078419105,0.9937033381563446,0.5091725187628516,0.0275959286455835,0.0684879985101185
conch,human,skin,HSDX009,HSDX009_2;HSPD012;PDHS029,1,0.1,image,marker_hvg_overlap,3600,12000,92,70,0.0770427317491599,0.0668006608368669,-0.6554273744778973,0.2042818367481231,0.0885703340172767,0.2537063110878362,0.0295106185600663,0.9919264231535428,0.5107185208568047,0.0321841583799101,0.0795620259152442
conch,human,skin,HSDX009,HSDX009_2;HSPD012;PDHS029,1,0.1,train_mean,top50_hvg,3600,12000,92,50,-8.410205830422513e-07,,-1.550118460038684,0.2491187304258346,0.1370124965906143,0.1491649595566581,0.0,1.0,0.5,0.0,0.0540566666666666
conch,human,skin,HSDX009,HSDX009_2;HSPD012;PDHS029,1,0.1,train_mean,top200_hvg,3600,12000,92,90,-5.696422957719378e-07,,-0.9570085428918768,0.1902292966842651,0.0818848758935928,0.2025075304251369,0.0,1.0,0.5,0.0,0.0359044715447154
conch,human,skin,HSDX009,HSDX009_2;HSPD012;PDHS029,1,0.1,train_mean,marker_hvg_overlap,3600,12000,92,70,-6.918251003058223e-07,,-1.1077760882525451,0.2143644988536834,0.1023890450596809,0.1819994688370586,0.0,1.0,0.5,0.0,0.0414392857142857
conch,human,skin,HSDX009,HSDX009_2;HSPD012;PDHS029,1,0.25,image,top50_hvg,9000,12000,92,50,0.1073217125725932,0.0935093907418387,-0.74355683516711,0.2318773716688156,0.1076482385396957,0.2810464910795281,0.0437566027021843,0.9896665096100082,0.5167115561560963,0.0484227253678436,0.1078554522189325
conch,human,skin,HSDX009,HSDX009_2;HSPD012;PDHS029,1,0.25,image,top200_hvg,9000,12000,92,90,0.0771623814271388,0.0679793733257657,-0.4836929585061869,0.1778727322816848,0.0658593401312828,0.2930596693722668,0.0266808553062099,0.99425917200556,0.5101899732659123,0.0295260520535632,0.0702256654746413
conch,human,skin,HSDX009,HSDX009_2;HSPD012;PDHS029,1,0.25,image,marker_hvg_overlap,9000,12000,92,70,0.0838018057493692,0.0736108303834792,-0.552374932229785,0.2003393471240997,0.0825641080737114,0.2857092447538126,0.0312172209027601,0.9926976242828056,0.5119574225927828,0.0345235994779921,0.0813650220259482
conch,human,skin,HSDX009,HSDX009_2;HSPD012;PDHS029,1,0.25,train_mean,top50_hvg,9000,12000,92,50,-3.022389756779376e-07,,-1.5211063019849826,0.2486332952976226,0.1351696252822876,0.1463713178810844,0.0,1.0,0.5,0.0,0.0540566666666666
conch,human,skin,HSDX009,HSDX009_2;HSPD012;PDHS029,1,0.25,train_mean,top200_hvg,9000,12000,92,90,-2.8001589978334305e-07,,-0.9396481743950216,0.1898820996284485,0.0808486714959144,0.2001505782377081,0.0,1.0,0.5,0.0,0.0359044715447154
conch,human,skin,HSDX009,HSDX009_2;HSPD012;PDHS029,1,0.25,train_mean,marker_hvg_overlap,9000,12000,92,70,-3.615991232663873e-07,,-1.0872894476188646,0.2139657437801361,0.1010372415184974,0.1796012782449138,0.0,1.0,0.5,0.0,0.0414392857142857
conch,human,skin,HSDX009,HSDX009_2;HSPD012;PDHS029,1,1.0,image,top50_hvg,36000,12000,92,50,0.1166824540053494,0.1016770326215647,-0.691763036379125,0.2299327403306961,0.10334362834692,0.2896996770030233,0.0426096233737233,0.9904740237399116,0.5165418235568174,0.0466794828482174,0.1135439301976844
conch,human,skin,HSDX009,HSDX009_2;HSPD012;PDHS029,1,1.0,image,top200_hvg,36000,12000,92,90,0.0811436885950814,0.0713445582773698,-0.4388880013465518,0.1763506084680557,0.0626167729496955,0.3028344197368485,0.0259814776669044,0.9947077909666177,0.5100864777785472,0.0284630992976935,0.0748242078928349
conch,human,skin,HSDX009,HSDX009_2;HSPD012;PDHS029,1,1.0,image,marker_hvg_overlap,36000,12000,92,70,0.0948382272667783,0.0831376096385974,-0.5015364065466981,0.1985972374677658,0.0784222483634948,0.2954521183363046,0.0303604546407735,0.9933113054869508,0.511835880063862,0.0332226914025152,0.0868586135677784
conch,human,skin,HSDX009,HSDX009_2;HSPD012;PDHS029,1,1.0,train_mean,top50_hvg,36000,12000,92,50,7.753411262001464e-07,,-1.5543097875075182,0.2488637864589691,0.1360179185867309,0.1461905506632217,0.0,1.0,0.5,0.0,0.0540566666666666
conch,human,skin,HSDX009,HSDX009_2;HSPD012;PDHS029,1,1.0,train_mean,top200_hvg,36000,12000,92,90,4.221377431677427e-07,,-0.9604590004857152,0.1900537312030792,0.0814282968640327,0.2001044045742161,0.0,1.0,0.5,0.0,0.0359044715447154
conch,human,skin,HSDX009,HSDX009_2;HSPD012;PDHS029,1,1.0,train_mean,marker_hvg_overlap,36000,12000,92,70,4.659479940422833e-07,,-1.1113537681448828,0.2141506671905517,0.1017528772354126,0.1794947434651182,0.0,1.0,0.5,0.0,0.0414392857142857
conch,human,skin,HSDX009,HSDX009_2;HSPD012;PDHS029,2,0.1,image,top50_hvg,3600,12000,92,50,0.1005774190986994,0.0888702083857057,-0.9508023094890814,0.2361887544393539,0.114155925810337,0.2599711560522255,0.0466850974504295,0.9876719353313612,0.5171785163908954,0.0502656892430804,0.1057976735111763
conch,human,skin,HSDX009,HSDX009_2;HSPD012;PDHS029,2,0.1,image,top200_hvg,3600,12000,92,90,0.0739967209279226,0.0656753884677661,-0.6348903347400376,0.1812106519937515,0.0706465244293212,0.2701533253031323,0.0284665228356278,0.9931510751840896,0.5104747051163998,0.0306498105140734,0.0690543014643233
conch,human,skin,HSDX009,HSDX009_2;HSPD012;PDHS029,2,0.1,image,marker_hvg_overlap,3600,12000,92,70,0.0790496466007815,0.069920610946399,-0.7190315175230872,0.2040558010339737,0.0884879380464553,0.2639650752160864,0.0332340122396206,0.9913466991636288,0.5122903557016247,0.0357353348361711,0.0802536570816217
conch,human,skin,HSDX009,HSDX009_2;HSPD012;PDHS029,2,0.1,train_mean,top50_hvg,3600,12000,92,50,-4.734428258501566e-07,,-1.4371410927851684,0.2476370483636856,0.134806603193283,0.1527443746726199,0.0,1.0,0.5,0.0,0.0540566666666666
conch,human,skin,HSDX009,HSDX009_2;HSPD012;PDHS029,2,0.1,train_mean,top200_hvg,3600,12000,92,90,-2.989188191785767e-07,,-0.8881915598451486,0.189155176281929,0.080651007592678,0.2054100282909124,0.0,1.0,0.5,0.0,0.0359044715447154
conch,human,skin,HSDX009,HSDX009_2;HSPD012;PDHS029,2,0.1,train_mean,marker_hvg_overlap,3600,12000,92,70,-2.9098873746136176e-07,,-1.026529877145575,0.2131244242191314,0.1007439568638801,0.185434161036492,0.0,1.0,0.5,0.0,0.0414392857142857
conch,human,skin,HSDX009,HSDX009_2;HSPD012;PDHS029,2,0.25,image,top50_hvg,9000,12000,92,50,0.1083516571847212,0.0949521904206629,-0.7199426853346813,0.2315623164176941,0.1071455106139183,0.2814939663237578,0.0422904186736535,0.989597039256704,0.5159437289651787,0.0465557869730452,0.1086125033573391
conch,human,skin,HSDX009,HSDX009_2;HSPD012;PDHS029,2,0.25,image,top200_hvg,9000,12000,92,90,0.0760420456904112,0.0672388780861696,-0.4696152578529486,0.1776413470506668,0.0655100867152214,0.2935808082565751,0.0257868406546668,0.9942205773648356,0.5097217859543773,0.0283876749835641,0.0708150367588645
conch,human,skin,HSDX009,HSDX009_2;HSPD012;PDHS029,2,0.25,image,marker_hvg_overlap,9000,12000,92,70,0.0851713596761328,0.0751940455437497,-0.5354159773638197,0.2001008689403534,0.0820135697722435,0.2866869022051111,0.0301324512835808,0.9926061991518598,0.5113693252177204,0.0331157731232578,0.0821143846863853
conch,human,skin,HSDX009,HSDX009_2;HSPD012;PDHS029,2,0.25,train_mean,top50_hvg,9000,12000,92,50,4.316840495732777e-07,,-1.5305078253353712,0.248650312423706,0.1350862830877304,0.1449751834827042,0.0,1.0,0.5,0.0,0.0540566666666666
conch,human,skin,HSDX009,HSDX009_2;HSPD012;PDHS029,2,0.25,train_mean,top200_hvg,9000,12000,92,90,3.14500884676766e-07,,-0.9456643816093984,0.1898939609527588,0.080858439207077,0.1991073057664044,0.0,1.0,0.5,0.0,0.0359044715447154
conch,human,skin,HSDX009,HSDX009_2;HSPD012;PDHS029,2,0.25,train_mean,marker_hvg_overlap,9000,12000,92,70,2.919345385115386e-07,,-1.0942397211823844,0.2139751762151718,0.1010342538356781,0.1784654002181251,0.0,1.0,0.5,0.0,0.0414392857142857
conch,human,skin,HSDX009,HSDX009_2;HSPD012;PDHS029,2,1.0,image,top50_hvg,36000,12000,92,50,0.116482057548128,0.1016353797971038,-0.6465431618038565,0.2297920286655426,0.1030248627066612,0.2892514780718332,0.0407231158607899,0.9909821902905772,0.5158526530756836,0.0458812656963405,0.1128022905011791
conch,human,skin,HSDX009,HSDX009_2;HSPD012;PDHS029,2,1.0,image,top200_hvg,36000,12000,92,90,0.0808603628751503,0.0711747966629053,-0.4117123059425844,0.1762513071298599,0.062457125633955,0.302146252469674,0.0248311682077987,0.9949901057169874,0.5096662518754168,0.0279763815221588,0.0742657673505122
conch,human,skin,HSDX009,HSDX009_2;HSPD012;PDHS029,2,1.0,image,marker_hvg_overlap,36000,12000,92,70,0.0945819262381909,0.0830673582234043,-0.470491255656816,0.1985239684581756,0.0782410129904747,0.2948181652211721,0.0290129492743925,0.993620183012198,0.5113165661432952,0.032640362993262,0.0862414878398914
conch,human,skin,HSDX009,HSDX009_2;HSPD012;PDHS029,2,1.0,train_mean,top50_hvg,36000,12000,92,50,7.753411262001464e-07,,-1.5543097875075182,0.2488637864589691,0.1360179185867309,0.1461905506632217,0.0,1.0,0.5,0.0,0.0540566666666666
conch,human,skin,HSDX009,HSDX009_2;HSPD012;PDHS029,2,1.0,train_mean,top200_hvg,36000,12000,92,90,4.221377431677427e-07,,-0.9604590004857152,0.1900537312030792,0.0814282968640327,0.2001044045742161,0.0,1.0,0.5,0.0,0.0359044715447154
conch,human,skin,HSDX009,HSDX009_2;HSPD012;PDHS029,2,1.0,train_mean,marker_hvg_overlap,36000,12000,92,70,4.659479940422833e-07,,-1.1113537681448828,0.2141506671905517,0.1017528772354126,0.1794947434651182,0.0,1.0,0.5,0.0,0.0414392857142857
conch,human,skin,HSDX009_2,HSDX009;HSPD012;PDHS029,0,0.1,image,top50_hvg,3600,12000,92,50,0.1106944928341545,0.0997737008893878,-1.1647174783141236,0.1971755474805832,0.109063059091568,0.3529938900267845,0.0930289296382802,0.9743141063237636,0.533671517981022,0.0766585564459534,0.0932391693577679
conch,human,skin,HSDX009_2,HSDX009;HSPD012;PDHS029,0,0.1,image,top200_hvg,3600,12000,92,90,0.0839433236761639,0.0764740296987454,-0.7635137062925645,0.1525828242301941,0.0677118897438049,0.3511455730250817,0.0567249570965123,0.9857300590687575,0.5205314134030621,0.0467430222231423,0.06172701450966
conch,human,skin,HSDX009_2,HSDX009;HSPD012;PDHS029,0,0.1,image,marker_hvg_overlap,3600,12000,92,70,0.0898510568010221,0.081837822412354,-0.8642121269565125,0.1719283163547516,0.0850746855139732,0.3453871453437777,0.0664492354559144,0.9816565876584424,0.5240529115571784,0.0547561117471096,0.0718859515269607
conch,human,skin,HSDX009_2,HSDX009;HSPD012;PDHS029,0,0.1,train_mean,top50_hvg,3600,12000,92,50,1.990690766877272e-08,,-2.4480825485638342,0.2107533663511276,0.1257710009813308,0.1970372224650151,0.0,1.0,0.5,0.0,0.0384366666666666
conch,human,skin,HSDX009_2,HSDX009;HSPD012;PDHS029,0,0.1,train_mean,top200_hvg,3600,12000,92,90,2.4583463697146693e-08,,-1.513460534514906,0.1622070372104644,0.0758123099803924,0.2176582197787035,0.0,1.0,0.5,0.0,0.0261199186991869
conch,human,skin,HSDX009_2,HSDX009;HSPD012;PDHS029,0,0.1,train_mean,marker_hvg_overlap,3600,12000,92,70,-5.971442213489604e-09,,-1.748100698610506,0.1826434135437011,0.0946833342313766,0.2040502712741553,0.0,1.0,0.5,0.0,0.0301988095238095
conch,human,skin,HSDX009_2,HSDX009;HSPD012;PDHS029,0,0.25,image,top50_hvg,9000,12000,92,50,0.1201891695102676,0.1082667160955582,-0.9949737517908216,0.1948419362306594,0.1056269481778144,0.3630694782510708,0.0977526484315101,0.9725089861737266,0.5351308173026184,0.0787455842833969,0.0968812221493149
conch,human,skin,HSDX009_2,HSDX009;HSPD012;PDHS029,0,0.25,image,top200_hvg,9000,12000,92,90,0.0902229532532926,0.0814626191392262,-0.6347285149663882,0.1507089883089065,0.0649011507630348,0.3625834692984481,0.0596052734338476,0.9847272145409592,0.5214212300625722,0.0480156001728029,0.0646984124636391
conch,human,skin,HSDX009_2,HSDX009;HSPD012;PDHS029,0,0.25,image,marker_hvg_overlap,9000,12000,92,70,0.0992206029311221,0.0897054678119972,-0.7243423497337582,0.1697968393564224,0.0816700235009193,0.3568036698910352,0.0697709916844643,0.980378179832821,0.5250745857586427,0.0561469458168119,0.0751757140624373
conch,human,skin,HSDX009_2,HSDX009;HSPD012;PDHS029,0,0.25,train_mean,top50_hvg,9000,12000,92,50,-6.852389969225214e-08,,-2.361886063856655,0.2109991908073425,0.1280349493026733,0.1996298721092332,0.0,1.0,0.5,0.0,0.0384366666666666
conch,human,skin,HSDX009_2,HSDX009;HSPD012;PDHS029,0,0.25,train_mean,top200_hvg,9000,12000,92,90,-2.018681978864169e-08,,-1.4589793679244905,0.1623618751764297,0.0770337730646133,0.2196380476216458,0.0,1.0,0.5,0.0,0.0261199186991869
conch,human,skin,HSDX009_2,HSDX009;HSPD012;PDHS029,0,0.25,train_mean,marker_hvg_overlap,9000,12000,92,70,-6.205153675966e-08,,-1.6812031904898634,0.1827568113803863,0.0961508825421333,0.2064841051421641,0.0,1.0,0.5,0.0,0.0301988095238095
conch,human,skin,HSDX009_2,HSDX009;HSPD012;PDHS029,0,1.0,image,top50_hvg,36000,12000,92,50,0.1244344288104912,0.1123942159184935,-0.7980392157286406,0.1912296861410141,0.0996770113706588,0.3731501843915329,0.0930107707795805,0.9751735558839814,0.5340921633317809,0.0755689380776668,0.0981059174755623
conch,human,skin,HSDX009_2,HSDX009;HSPD012;PDHS029,0,1.0,image,top200_hvg,36000,12000,92,90,0.0895640873254373,0.0812999460042071,-0.5022478389252749,0.147987499833107,0.0609473176300525,0.372350354010883,0.0567138846216954,0.9862075310466564,0.5207879044705981,0.0460786207790651,0.0661998501334526
conch,human,skin,HSDX009_2,HSDX009;HSPD012;PDHS029,0,1.0,image,marker_hvg_overlap,36000,12000,92,70,0.1050044628080546,0.0952194240754394,-0.5744274221626776,0.1667454838752746,0.076715163886547,0.3667733894364218,0.0664362648425575,0.9822790075315482,0.5243576361870528,0.0539778129126192,0.0769646796354329
conch,human,skin,HSDX009_2,HSDX009;HSPD012;PDHS029,0,1.0,train_mean,top50_hvg,36000,12000,92,50,1.7782191406467972e-07,,-2.3032935406593604,0.2101574391126632,0.1264658272266388,0.2002725642404407,0.0,1.0,0.5,0.0,0.0384366666666666
conch,human,skin,HSDX009_2,HSDX009;HSPD012;PDHS029,0,1.0,train_mean,top200_hvg,36000,12000,92,90,1.517853653280515e-07,,-1.4228331658926343,0.1617504507303238,0.0761305391788482,0.2200813270192774,0.0,1.0,0.5,0.0,0.0261199186991869
conch,human,skin,HSDX009_2,HSDX009;HSPD012;PDHS029,0,1.0,train_mean,marker_hvg_overlap,36000,12000,92,70,1.246214925540049e-07,,-1.6397938546219455,0.18206188082695,0.0950097814202308,0.2070690190192467,0.0,1.0,0.5,0.0,0.0301988095238095
conch,human,skin,HSDX009_2,HSDX009;HSPD012;PDHS029,1,0.1,image,top50_hvg,3600,12000,92,50,0.1119205750757828,0.1018022691054765,-1.0938518723472952,0.1975578814744949,0.1086995974183082,0.3517735043974683,0.0984350759861931,0.9721081458857708,0.535271610935982,0.078673664280549,0.0933276283821036
conch,human,skin,HSDX009_2,HSDX009;HSPD012;PDHS029,1,0.1,image,top200_hvg,3600,12000,92,90,0.0863466530267819,0.078791508264277,-0.7127487363390307,0.1528296917676925,0.0675555542111396,0.3522409107483302,0.0600213877964592,0.9845025301412624,0.5215059848294101,0.0479717465125299,0.0619510575645111
conch,human,skin,HSDX009_2,HSDX009;HSPD012;PDHS029,1,0.1,image,marker_hvg_overlap,3600,12000,92,70,0.0897509860616992,0.08190892757967,-0.8116240573780877,0.1721464991569519,0.0848589912056922,0.3464645687584882,0.0703107685615665,0.9800868635103273,0.5251988160359469,0.0561954744861064,0.0715449804692205
conch,human,skin,HSDX009_2,HSDX009;HSPD012;PDHS029,1,0.1,train_mean,top50_hvg,3600,12000,92,50,-6.019991170411017e-08,,-2.30495470973372,0.210755318403244,0.1272730082273483,0.1987438638433203,0.0,1.0,0.5,0.0,0.0384366666666666
conch,human,skin,HSDX009_2,HSDX009;HSPD012;PDHS029,1,0.1,train_mean,top200_hvg,3600,12000,92,90,1.992374618407199e-08,,-1.422368766172074,0.1621657460927963,0.0765729248523712,0.2192246577361819,0.0,1.0,0.5,0.0,0.0261199186991869
conch,human,skin,HSDX009_2,HSDX009;HSPD012;PDHS029,1,0.1,train_mean,marker_hvg_overlap,3600,12000,92,70,3.0596855986029535e-08,,-1.6396310469925603,0.1825283169746399,0.0955875292420387,0.2060998690036971,0.0,1.0,0.5,0.0,0.0301988095238095
conch,human,skin,HSDX009_2,HSDX009;HSPD012;PDHS029,1,0.25,image,top50_hvg,9000,12000,92,50,0.1167291852179914,0.1062172138487931,-0.8963729291409254,0.1933630406856537,0.1028338298201561,0.3635754548657302,0.0920330980963937,0.9756159902171866,0.5338245441567903,0.0757116039430663,0.0947389782523645
conch,human,skin,HSDX009_2,HSDX009;HSPD012;PDHS029,1,0.25,image,top200_hvg,9000,12000,92,90,0.0868112913849945,0.0795253705615246,-0.576020891444453,0.1496368497610092,0.0632798075675964,0.362929817627955,0.0561177427417035,0.9864533278984372,0.5206247220468233,0.0461656121604062,0.0633203733095423
conch,human,skin,HSDX009_2,HSDX009;HSPD012;PDHS029,1,0.25,image,marker_hvg_overlap,9000,12000,92,70,0.0953030047821812,0.0873670432301336,-0.6569343845193674,0.1686020791530609,0.0796035900712013,0.3570412257782933,0.0657379272117098,0.9826011230053324,0.5241695251085212,0.0540797171021902,0.0736084753536597
conch,human,skin,HSDX009_2,HSDX009;HSPD012;PDHS029,1,0.25,train_mean,top50_hvg,9000,12000,92,50,3.85770630995097e-08,,-2.262840837209369,0.2098490446805954,0.1257844865322113,0.2007602839635744,0.0,1.0,0.5,0.0,0.0384366666666666
conch,human,skin,HSDX009_2,HSDX009;HSPD012;PDHS029,1,0.25,train_mean,top200_hvg,9000,12000,92,90,6.03169399621489e-08,,-1.3979556833682036,0.1615315973758697,0.0756709650158882,0.220297936618876,0.0,1.0,0.5,0.0,0.0261199186991869
conch,human,skin,HSDX009_2,HSDX009;HSPD012;PDHS029,1,0.25,train_mean,marker_hvg_overlap,9000,12000,92,70,3.7494851458573316e-08,,-1.610890090701358,0.1818154454231262,0.0944317355751991,0.2073302325641259,0.0,1.0,0.5,0.0,0.0301988095238095
conch,human,skin,HSDX009_2,HSDX009;HSPD012;PDHS029,1,1.0,image,top50_hvg,36000,12000,92,50,0.1233597398192796,0.1116145221639141,-0.7910838471353054,0.1913450360298156,0.0996282696723938,0.3727197135429603,0.0929381891260085,0.9748944335121996,0.5339163113191041,0.0752799054195227,0.09760441966206
conch,human,skin,HSDX009_2,HSDX009;HSPD012;PDHS029,1,1.0,image,top200_hvg,36000,12000,92,90,0.0891199745749806,0.0810685225721198,-0.4979724463149224,0.1480729877948761,0.0609259121119976,0.3717120160101854,0.0566696275158588,0.9860524630623332,0.5206806776336,0.0459023813533675,0.0659304376423346
conch,human,skin,HSDX009_2,HSDX009;HSPD012;PDHS029,1,1.0,image,marker_hvg_overlap,36000,12000,92,70,0.1044357856248097,0.0948861252846768,-0.5697000438413982,0.1668484807014465,0.0766929388046264,0.3660797308311264,0.0663844208042918,0.9820784162188336,0.5242314185115627,0.0537713610139447,0.0766539346004021
conch,human,skin,HSDX009_2,HSDX009;HSPD012;PDHS029,1,1.0,train_mean,top50_hvg,36000,12000,92,50,1.7782191406467972e-07,,-2.3032935406593604,0.2101574391126632,0.1264658272266388,0.2002725642404407,0.0,1.0,0.5,0.0,0.0384366666666666
conch,human,skin,HSDX009_2,HSDX009;HSPD012;PDHS029,1,1.0,train_mean,top200_hvg,36000,12000,92,90,1.517853653280515e-07,,-1.4228331658926343,0.1617504507303238,0.0761305391788482,0.2200813270192774,0.0,1.0,0.5,0.0,0.0261199186991869
conch,human,skin,HSDX009_2,HSDX009;HSPD012;PDHS029,1,1.0,train_mean,marker_hvg_overlap,36000,12000,92,70,1.246214925540049e-07,,-1.6397938546219455,0.18206188082695,0.0950097814202308,0.2070690190192467,0.0,1.0,0.5,0.0,0.0301988095238095
conch,human,skin,HSDX009_2,HSDX009;HSPD012;PDHS029,2,0.1,image,top50_hvg,3600,12000,92,50,0.10602924013976,0.0968482760322598,-1.0789965099841357,0.1999728679656982,0.1106261610984802,0.3567617095911698,0.1013978271396726,0.96967331428027,0.5355355707099713,0.0788166883668787,0.0917176481720951
conch,human,skin,HSDX009_2,HSDX009;HSPD012;PDHS029,2,0.1,image,top200_hvg,3600,12000,92,90,0.0825257672538125,0.0759598245069516,-0.7055717731247303,0.1545891910791397,0.0686571672558784,0.3564024346989004,0.0618279433778491,0.9831518412668168,0.5216680309207142,0.0480589563212675,0.0609296474962771
conch,human,skin,HSDX009_2,HSDX009;HSPD012;PDHS029,2,0.1,image,marker_hvg_overlap,3600,12000,92,70,0.0872571339065741,0.080343637047965,-0.8030206792854837,0.174182504415512,0.0864284262061119,0.3506092260159888,0.0724270193854804,0.9783490453388838,0.525388032362182,0.0562976345477705,0.0709491608694698
conch,human,skin,HSDX009_2,HSDX009;HSPD012;PDHS029,2,0.1,train_mean,top50_hvg,3600,12000,92,50,5.194991814505556e-10,,-2.1267668394169594,0.2086204439401626,0.1249849200248718,0.2077253184080547,0.0,1.0,0.5,0.0,0.0384366666666666
conch,human,skin,HSDX009_2,HSDX009;HSPD012;PDHS029,2,0.1,train_mean,top200_hvg,3600,12000,92,90,1.7164201123472673e-08,,-1.313426858022356,0.1606290787458419,0.0751677006483078,0.2254652645151668,0.0,1.0,0.5,0.0,0.0261199186991869
conch,human,skin,HSDX009_2,HSDX009;HSPD012;PDHS029,2,0.1,train_mean,marker_hvg_overlap,3600,12000,92,70,-1.292238360761644e-08,,-1.5114970789834583,0.1807915270328521,0.0937814638018608,0.213170106957962,0.0,1.0,0.5,0.0,0.0301988095238095
conch,human,skin,HSDX009_2,HSDX009;HSPD012;PDHS029,2,0.25,image,top50_hvg,9000,12000,92,50,0.118286299968604,0.106645188300305,-0.9315355302765964,0.1933796405792236,0.1031040549278259,0.364121580161042,0.0902473590141158,0.9752625870775824,0.5327549730458492,0.0738431105471655,0.0958105932975113
conch,human,skin,HSDX009_2,HSDX009;HSPD012;PDHS029,2,0.25,image,top200_hvg,9000,12000,92,90,0.0855537254910008,0.0778048397403947,-0.5986932114404825,0.1496659517288208,0.06356892734766,0.3627217419785887,0.0550288774476315,0.9862569928208792,0.519972544540152,0.0450262869190034,0.0638677075692449
conch,human,skin,HSDX009_2,HSDX009;HSPD012;PDHS029,2,0.25,image,marker_hvg_overlap,9000,12000,92,70,0.0964947221093877,0.087554796602032,-0.6837665057275444,0.1686295419931411,0.079941414296627,0.3570328967724214,0.064462399295797,0.9823438194312764,0.5234031093635367,0.0527450789622611,0.0742840708917927
conch,human,skin,HSDX009_2,HSDX009;HSPD012;PDHS029,2,0.25,train_mean,top50_hvg,9000,12000,92,50,2.0020551641408707e-07,,-2.264637233229987,0.2097217887639999,0.1256882101297378,0.2024136802183165,0.0,1.0,0.5,0.0,0.0384366666666666
conch,human,skin,HSDX009_2,HSDX009;HSPD012;PDHS029,2,0.25,train_mean,top200_hvg,9000,12000,92,90,1.5062754638520738e-07,,-1.3993666918512555,0.1614366024732589,0.0756800919771194,0.2216778080205149,0.0,1.0,0.5,0.0,0.0261199186991869
conch,human,skin,HSDX009_2,HSDX009;HSPD012;PDHS029,2,0.25,train_mean,marker_hvg_overlap,9000,12000,92,70,1.087195321071631e-07,,-1.6129456952764356,0.1817176342010498,0.094454176723957,0.2088092392225799,0.0,1.0,0.5,0.0,0.0301988095238095
conch,human,skin,HSDX009_2,HSDX009;HSPD012;PDHS029,2,1.0,image,top50_hvg,36000,12000,92,50,0.1254301587585359,0.1131912957336348,-0.813456531688571,0.1911371201276779,0.0999710634350776,0.3732852712377796,0.0926517460721782,0.9752992673577634,0.5339755067149707,0.0757167624845119,0.0986450182991066
conch,human,skin,HSDX009_2,HSDX009;HSPD012;PDHS029,2,1.0,image,top200_hvg,36000,12000,92,90,0.0905972979948628,0.082209215498927,-0.5114588221036772,0.1479224562644958,0.0611183531582355,0.3723160321030566,0.0564949671171818,0.9862773707543128,0.5207167723871773,0.0461687576125072,0.0665726681907512
conch,human,skin,HSDX009_2,HSDX009;HSPD012;PDHS029,2,1.0,image,marker_hvg_overlap,36000,12000,92,70,0.1061641648212181,0.096262491929463,-0.5855451139787744,0.1666751056909561,0.0769444182515144,0.3667636914737159,0.0661798186229844,0.9823675832513792,0.5242737009371818,0.0540834017746513,0.0773894046234769
conch,human,skin,HSDX009_2,HSDX009;HSPD012;PDHS029,2,1.0,train_mean,top50_hvg,36000,12000,92,50,1.7782191406467972e-07,,-2.3032935406593604,0.2101574391126632,0.1264658272266388,0.2002725642404407,0.0,1.0,0.5,0.0,0.0384366666666666
conch,human,skin,HSDX009_2,HSDX009;HSPD012;PDHS029,2,1.0,train_mean,top200_hvg,36000,12000,92,90,1.517853653280515e-07,,-1.4228331658926343,0.1617504507303238,0.0761305391788482,0.2200813270192774,0.0,1.0,0.5,0.0,0.0261199186991869
conch,human,skin,HSDX009_2,HSDX009;HSPD012;PDHS029,2,1.0,train_mean,marker_hvg_overlap,36000,12000,92,70,1.246214925540049e-07,,-1.6397938546219455,0.18206188082695,0.0950097814202308,0.2070690190192467,0.0,1.0,0.5,0.0,0.0301988095238095
conch,human,skin,HSPD012,HSDX009;HSDX009_2;PDHS029,0,0.1,image,top50_hvg,3600,12000,92,50,0.1522930341819301,0.1456592286041975,-0.0684799067804124,0.4246723651885986,0.2106091082096099,0.2649464468322944,0.0559748700466559,0.975141375782142,0.515558122914399,0.0643773094143281,0.2494518440469242
conch,human,skin,HSPD012,HSDX009;HSDX009_2;PDHS029,0,0.1,image,top200_hvg,3600,12000,92,87,0.1178112619676585,0.1132268489215812,-0.0736958268831326,0.3434278666973114,0.140635535120964,0.3020704182219192,0.0333183750277713,0.985713434357553,0.509260787449047,0.0383198270323381,0.1765401308858867
conch,human,skin,HSPD012,HSDX009;HSDX009_2;PDHS029,0,0.1,image,marker_hvg_overlap,3600,12000,92,70,0.1240333775241327,0.1186692032460723,-0.0601171639124264,0.3744131624698639,0.1679301559925079,0.2813596548310228,0.0399820500333256,0.9822438398443872,0.5111129449388564,0.0459837924388058,0.2007056594420954
conch,human,skin,HSPD012,HSDX009;HSDX009_2;PDHS029,0,0.1,train_mean,top50_hvg,3600,12000,92,50,2.694310012429924e-07,,-0.0972264626726973,0.440883457660675,0.2003044635057449,0.2099982317807608,0.0,1.0,0.5,0.0,0.1640966666666667
conch,human,skin,HSPD012,HSDX009;HSDX009_2;PDHS029,0,0.1,train_mean,top200_hvg,3600,12000,92,87,6.004292228531488e-08,,-0.0734174707358761,0.3555252254009247,0.1319461613893509,0.2687700386698999,0.0,1.0,0.5,0.0,0.1165873015873015
conch,human,skin,HSPD012,HSDX009;HSDX009_2;PDHS029,0,0.1,train_mean,marker_hvg_overlap,3600,12000,92,70,-3.084915281955805e-08,,-0.0829806959173376,0.3872976005077362,0.1575726866722107,0.2445261791000502,0.0,1.0,0.5,0.0,0.1342059523809523
conch,human,skin,HSPD012,HSDX009;HSDX009_2;PDHS029,0,0.25,image,top50_hvg,9000,12000,92,50,0.1617229730589315,0.1546986290518004,-0.0565395936183631,0.4218495786190033,0.2135086059570312,0.2689974311234842,0.0505170473302289,0.9797077973938528,0.5151124223620409,0.0605074759600431,0.253722444672456
conch,human,skin,HSPD012,HSDX009;HSDX009_2;PDHS029,0,0.25,image,top200_hvg,9000,12000,92,87,0.1247173471085261,0.1207932103188229,-0.0570839067545637,0.3414859473705292,0.1416919529438018,0.3110089250101796,0.0300696710298981,0.9883378145941684,0.5089954895012148,0.0360163547381209,0.1796640824824001
conch,human,skin,HSPD012,HSDX009;HSDX009_2;PDHS029,0,0.25,image,marker_hvg_overlap,9000,12000,92,70,0.1338354667316058,0.1292361414899505,-0.0503797921576603,0.3720493912696838,0.169629693031311,0.2878561190690945,0.0360836052358778,0.9855055695670376,0.5107945874014578,0.0432196256857451,0.204125346223787
conch,human,skin,HSPD012,HSDX009;HSDX009_2;PDHS029,0,0.25,train_mean,top50_hvg,9000,12000,92,50,4.11185267523706e-07,,-0.0961030645744176,0.4404354095458984,0.2012736648321151,0.2092990406126715,0.0,1.0,0.5,0.0,0.1640966666666667
conch,human,skin,HSPD012,HSDX009;HSDX009_2;PDHS029,0,0.25,train_mean,top200_hvg,9000,12000,92,87,5.316050269543738e-07,,-0.0724914825141294,0.3551817536354065,0.1325799375772476,0.268766036845299,0.0,1.0,0.5,0.0,0.1165873015873015
conch,human,skin,HSPD012,HSDX009;HSDX009_2;PDHS029,0,0.25,train_mean,marker_hvg_overlap,9000,12000,92,70,4.521694287821074e-07,,-0.0820390132260009,0.3869606256484985,0.1583501994609832,0.2436822057346087,0.0,1.0,0.5,0.0,0.1342059523809523
conch,human,skin,HSPD012,HSDX009;HSDX009_2;PDHS029,0,1.0,image,top50_hvg,36000,12000,92,50,0.1689155240217223,0.1611089245956755,-0.0476720793368258,0.422830194234848,0.2090152353048324,0.2748013717443585,0.0463222263707834,0.9842428994189532,0.5152825628948683,0.0564572788619914,0.2608635299491391
conch,human,skin,HSPD012,HSDX009;HSDX009_2;PDHS029,0,1.0,image,top200_hvg,36000,12000,92,87,0.131807638703668,0.1272160543027614,-0.0402819039444195,0.3421644568443298,0.1383326798677444,0.3172691269744194,0.027572753792133,0.990944195068364,0.5090967636278977,0.0336055231321377,0.1873061792508209
conch,human,skin,HSPD012,HSDX009;HSDX009_2;PDHS029,0,1.0,image,marker_hvg_overlap,36000,12000,92,70,0.148188494295547,0.1426880888154116,-0.0437602516203826,0.3729555606842041,0.1655550003051757,0.2931428781225289,0.0330873045505596,0.9887449281563953,0.5109161163534773,0.0403266277585653,0.2128564157378194
conch,human,skin,HSPD012,HSDX009;HSDX009_2;PDHS029,0,1.0,train_mean,top50_hvg,36000,12000,92,50,-1.2907221826452545e-07,,-0.0969245799846248,0.4408941864967346,0.2006943374872207,0.2085270496172305,0.0,1.0,0.5,0.0,0.1640966666666667
conch,human,skin,HSPD012,HSDX009;HSDX009_2;PDHS029,0,1.0,train_mean,top200_hvg,36000,12000,92,87,8.491792147764734e-08,,-0.0729813762479672,0.355516254901886,0.1322482377290725,0.2681105304216569,0.0,1.0,0.5,0.0,0.1165873015873015
conch,human,skin,HSPD012,HSDX009;HSDX009_2;PDHS029,0,1.0,train_mean,marker_hvg_overlap,36000,12000,92,70,4.802436637569535e-08,,-0.0826417563882257,0.38733571767807,0.157939150929451,0.242882516848309,0.0,1.0,0.5,0.0,0.1342059523809523
conch,human,skin,HSPD012,HSDX009;HSDX009_2;PDHS029,1,0.1,image,top50_hvg,3600,12000,92,50,0.1261895963130518,0.1210398840935072,-0.0609534614440053,0.4215264618396759,0.2156849354505539,0.2494131325356961,0.0655845191440401,0.9710463414419024,0.5183154302929713,0.0701412067584692,0.235659957019016
conch,human,skin,HSPD012,HSDX009;HSDX009_2;PDHS029,1,0.1,image,top200_hvg,3600,12000,92,87,0.105892919509493,0.1032718501010964,-0.0506278702545213,0.3413031697273254,0.1433250308036804,0.2949741235175704,0.0390384042524048,0.9833599663459208,0.5109020418410544,0.0417507183086126,0.1654966715031661
conch,human,skin,HSPD012,HSDX009;HSDX009_2;PDHS029,1,0.1,image,marker_hvg_overlap,3600,12000,92,70,0.1026793036959134,0.0998350281296471,-0.0558132555452175,0.3722532093524933,0.1715682595968246,0.2703945902218872,0.0468460851028858,0.9793188153156446,0.5130824502092652,0.0501008619703351,0.1879727919954653
conch,human,skin,HSPD012,HSDX009;HSDX009_2;PDHS029,1,0.1,train_mean,top50_hvg,3600,12000,92,50,1.1891179582335101e-07,,-0.0965517729634302,0.4406923651695251,0.2008887827396392,0.2088212469169281,0.0,1.0,0.5,0.0,0.1640966666666667
conch,human,skin,HSPD012,HSDX009;HSDX009_2;PDHS029,1,0.1,train_mean,top200_hvg,3600,12000,92,87,-2.4453753903999733e-07,,-0.0728366201433562,0.3553703129291534,0.1323603689670562,0.2679764671745358,0.0,1.0,0.5,0.0,0.1165873015873015
conch,human,skin,HSPD012,HSDX009;HSDX009_2;PDHS029,1,0.1,train_mean,marker_hvg_overlap,3600,12000,92,70,-2.2855867932238185e-07,,-0.0824054486781408,0.3871919512748718,0.1580759137868881,0.2426054394329684,0.0,1.0,0.5,0.0,0.1342059523809523
conch,human,skin,HSPD012,HSDX009;HSDX009_2;PDHS029,1,0.25,image,top50_hvg,9000,12000,92,50,0.1509551115566864,0.1426753524302099,-0.0544321730136289,0.4218729138374328,0.2120145857334137,0.2630988408136083,0.0525684431310573,0.9791272062280614,0.5158478246795594,0.0602195022856329,0.2500495594930265
conch,human,skin,HSPD012,HSDX009;HSDX009_2;PDHS029,1,0.25,image,top200_hvg,9000,12000,92,87,0.1256062903762008,0.1204783882138995,-0.0502381646226803,0.3414030969142914,0.1407370716333389,0.307905247099863,0.0312907399589627,0.98800414151038,0.5094332289759281,0.0358449418366862,0.1784402716763892
conch,human,skin,HSPD012,HSDX009;HSDX009_2;PDHS029,1,0.25,image,marker_hvg_overlap,9000,12000,92,70,0.1279489964812195,0.1224868382006379,-0.0488108093565512,0.372399628162384,0.168507382273674,0.2826062591381265,0.0375488879507552,0.9850908615914724,0.5113198747711138,0.0430139302040235,0.201913200689466
conch,human,skin,HSPD012,HSDX009;HSDX009_2;PDHS029,1,0.25,train_mean,top50_hvg,9000,12000,92,50,-3.714072295757376e-07,,-0.0968060647661695,0.4408571720123291,0.2005545198917389,0.2101319102777244,0.0,1.0,0.5,0.0,0.1640966666666667
conch,human,skin,HSPD012,HSDX009;HSDX009_2;PDHS029,1,0.25,train_mean,top200_hvg,9000,12000,92,87,1.4610781429746345e-07,,-0.0728203386186421,0.3554795980453491,0.132202923297882,0.2694945008156627,0.0,1.0,0.5,0.0,0.1165873015873015
conch,human,skin,HSPD012,HSDX009;HSDX009_2;PDHS029,1,0.25,train_mean,marker_hvg_overlap,9000,12000,92,70,1.7548762398789108e-07,,-0.082427682747766,0.3872890770435333,0.1578844934701919,0.2443829590151774,0.0,1.0,0.5,0.0,0.1342059523809523
conch,human,skin,HSPD012,HSDX009;HSDX009_2;PDHS029,1,1.0,image,top50_hvg,36000,12000,92,50,0.1689628118090331,0.160373164326866,-0.0455933326735976,0.4214017987251282,0.2095174044370651,0.2764049295955918,0.0491630907935746,0.9821763680164692,0.515669729405022,0.0596098184357675,0.2596978441901199
conch,human,skin,HSPD012,HSDX009;HSDX009_2;PDHS029,1,1.0,image,top200_hvg,36000,12000,92,87,0.1316014541703875,0.1266111421853081,-0.0389385660270082,0.3411521315574646,0.1386362761259079,0.3194225896716892,0.0292637445199849,0.9897565333427988,0.5093272198839417,0.0354820347831949,0.1865763951794509
conch,human,skin,HSPD012,HSDX009;HSDX009_2;PDHS029,1,1.0,image,marker_hvg_overlap,36000,12000,92,70,0.1478020616540951,0.1418775462637973,-0.0424001659131525,0.3718664348125458,0.1659554690122604,0.2952668221291503,0.0351164934239818,0.987268834297478,0.51119266386073,0.0425784417398339,0.2117513700749463
conch,human,skin,HSPD012,HSDX009;HSDX009_2;PDHS029,1,1.0,train_mean,top50_hvg,36000,12000,92,50,-1.2907221826452545e-07,,-0.0969245799846248,0.4408941864967346,0.2006943374872207,0.2085270496172305,0.0,1.0,0.5,0.0,0.1640966666666667
conch,human,skin,HSPD012,HSDX009;HSDX009_2;PDHS029,1,1.0,train_mean,top200_hvg,36000,12000,92,87,8.491792147764734e-08,,-0.0729813762479672,0.355516254901886,0.1322482377290725,0.2681105304216569,0.0,1.0,0.5,0.0,0.1165873015873015
conch,human,skin,HSPD012,HSDX009;HSDX009_2;PDHS029,1,1.0,train_mean,marker_hvg_overlap,36000,12000,92,70,4.802436637569535e-08,,-0.0826417563882257,0.38733571767807,0.157939150929451,0.242882516848309,0.0,1.0,0.5,0.0,0.1342059523809523
conch,human,skin,HSPD012,HSDX009;HSDX009_2;PDHS029,2,0.1,image,top50_hvg,3600,12000,92,50,0.1341804930567741,0.1261609064994232,-0.0720036904560402,0.4268933832645416,0.2130418717861175,0.2391970518823468,0.055013312132804,0.978438873751124,0.5167260929419639,0.0657690530355059,0.2401128741319403
conch,human,skin,HSPD012,HSDX009;HSDX009_2;PDHS029,2,0.1,image,top200_hvg,3600,12000,92,87,0.1072257912034789,0.1019235285725999,-0.0765448191580487,0.3452732264995575,0.1418403834104538,0.2820297196481581,0.032746019126669,0.9876085481328298,0.50995600770355,0.0391482458544678,0.1682638403643542
conch,human,skin,HSPD012,HSDX009;HSDX009_2;PDHS029,2,0.1,image,marker_hvg_overlap,3600,12000,92,70,0.1081666693956192,0.1023881218458905,-0.0638580585197944,0.3761714994907379,0.1697054803371429,0.261084558324097,0.0392952229520028,0.9845991955365172,0.51194720924426,0.0469778950253614,0.1920179832867767
conch,human,skin,HSPD012,HSDX009;HSDX009_2;PDHS029,2,0.1,train_mean,top50_hvg,3600,12000,92,50,3.384534459627275e-07,,-0.0985758226766574,0.4414984285831451,0.2003561705350875,0.2048444029992276,0.0,1.0,0.5,0.0,0.1640966666666667
conch,human,skin,HSPD012,HSDX009;HSDX009_2;PDHS029,2,0.1,train_mean,top200_hvg,3600,12000,92,87,2.3129985583144242e-07,,-0.0741194638074083,0.3559550940990448,0.1319813877344131,0.2652677482092018,0.0,1.0,0.5,0.0,0.1165873015873015
conch,human,skin,HSPD012,HSDX009;HSDX009_2;PDHS029,2,0.1,train_mean,marker_hvg_overlap,3600,12000,92,70,1.4078465514647372e-07,,-0.0838586700610449,0.3877926468849182,0.1576455533504486,0.2400877089465759,0.0,1.0,0.5,0.0,0.1342059523809523
conch,human,skin,HSPD012,HSDX009;HSDX009_2;PDHS029,2,0.25,image,top50_hvg,9000,12000,92,50,0.1538318739086389,0.1461335193014808,-0.0615822225960437,0.4259460270404815,0.209313154220581,0.2568789559843079,0.0467273889409836,0.9825126440215672,0.5146200164812755,0.0543227417656015,0.2530545259364104
conch,human,skin,HSPD012,HSDX009;HSDX009_2;PDHS029,2,0.25,image,top200_hvg,9000,12000,92,87,0.1201510266063125,0.1158165519498141,-0.0495064688284834,0.3443772196769714,0.1389889568090438,0.3002275699672406,0.0278139219886807,0.989949795414694,0.508702390762664,0.0323349653366675,0.1797992082862139
conch,human,skin,HSPD012,HSDX009;HSDX009_2;PDHS029,2,0.25,image,marker_hvg_overlap,9000,12000,92,70,0.1308411937905475,0.125918172963776,-0.0543588678394111,0.3755005300045013,0.1662811338901519,0.2757701048659196,0.0333767063864169,0.9875090314439766,0.5104428689151969,0.038801958404001,0.2047862623522614
conch,human,skin,HSPD012,HSDX009;HSDX009_2;PDHS029,2,0.25,train_mean,top50_hvg,9000,12000,92,50,7.581947950541235e-07,,-0.0979010842359275,0.4411948919296264,0.2003893554210662,0.2066265929514106,0.0,1.0,0.5,0.0,0.1640966666666667
conch,human,skin,HSPD012,HSDX009;HSDX009_2;PDHS029,2,0.25,train_mean,top200_hvg,9000,12000,92,87,5.801511162173012e-07,,-0.0735254369825064,0.3557194471359253,0.1320722103118896,0.2666299741489042,0.0,1.0,0.5,0.0,0.1165873015873015
conch,human,skin,HSPD012,HSDX009;HSDX009_2;PDHS029,2,0.25,train_mean,marker_hvg_overlap,9000,12000,92,70,3.680398450001121e-07,,-0.0832694371328606,0.38756063580513,0.1577316224575042,0.2413672561722315,0.0,1.0,0.5,0.0,0.1342059523809523
conch,human,skin,HSPD012,HSDX009;HSDX009_2;PDHS029,2,1.0,image,top50_hvg,36000,12000,92,50,0.1643216435564682,0.1558069526095757,-0.0473458407982252,0.4216652512550354,0.2093626856803894,0.2747099487322644,0.0491809044271711,0.9815729671426776,0.5153769357849245,0.0598276324889691,0.2579507250725139
conch,human,skin,HSPD012,HSDX009;HSDX009_2;PDHS029,2,1.0,image,top200_hvg,36000,12000,92,87,0.1294258109029172,0.1244768591228974,-0.040302458784676,0.3413524329662323,0.1384558230638504,0.3182006340229611,0.0292743478733161,0.989409751231424,0.509152937967217,0.0356116860053387,0.1858530204644138
conch,human,skin,HSPD012,HSDX009;HSDX009_2;PDHS029,2,1.0,image,marker_hvg_overlap,36000,12000,92,70,0.1455433521918686,0.1396564855496359,-0.0437431229228552,0.3720641136169433,0.1656950563192367,0.2942108054989221,0.0351292174479794,0.9868378336733412,0.5109835255606604,0.0427340232064065,0.2110925666060344
conch,human,skin,HSPD012,HSDX009;HSDX009_2;PDHS029,2,1.0,train_mean,top50_hvg,36000,12000,92,50,-1.2907221826452545e-07,,-0.0969245799846248,0.4408941864967346,0.2006943374872207,0.2085270496172305,0.0,1.0,0.5,0.0,0.1640966666666667
conch,human,skin,HSPD012,HSDX009;HSDX009_2;PDHS029,2,1.0,train_mean,top200_hvg,36000,12000,92,87,8.491792147764734e-08,,-0.0729813762479672,0.355516254901886,0.1322482377290725,0.2681105304216569,0.0,1.0,0.5,0.0,0.1165873015873015
conch,human,skin,HSPD012,HSDX009;HSDX009_2;PDHS029,2,1.0,train_mean,marker_hvg_overlap,36000,12000,92,70,4.802436637569535e-08,,-0.0826417563882257,0.38733571767807,0.157939150929451,0.242882516848309,0.0,1.0,0.5,0.0,0.1342059523809523
conch,human,skin,PDHS029,HSDX009;HSDX009_2;HSPD012,0,0.1,image,top50_hvg,3600,12000,92,50,0.0984000446088612,0.0944117014569995,-0.3085397116839886,0.2952984571456909,0.1476708054542541,0.1947641148167991,0.0495298581533927,0.9803540685084636,0.5149419633309281,0.0464353044295153,0.1143473331358007
conch,human,skin,PDHS029,HSDX009;HSDX009_2;HSPD012,0,0.1,image,top200_hvg,3600,12000,92,89,0.0755532075899342,0.0721269698478058,-0.3234164487646783,0.2283051759004593,0.0928460955619812,0.2244409341584811,0.031348011489489,0.9889629598362156,0.5094569388170431,0.0293894331832375,0.0784037498661845
conch,human,skin,PDHS029,HSDX009;HSDX009_2;HSPD012,0,0.1,image,marker_hvg_overlap,3600,12000,92,70,0.0778029624040105,0.0741469783365254,-0.3397969560431582,0.2547378242015838,0.1138772070407867,0.2111744306216107,0.0344026389510504,0.9863502367330392,0.5103764378420449,0.0316633943370652,0.0853573990768124
conch,human,skin,PDHS029,HSDX009;HSDX009_2;HSPD012,0,0.1,train_mean,top50_hvg,3600,12000,92,50,-2.2288808476211841e-07,,-0.1353672676737187,0.2920261025428772,0.146240085363388,0.1709466932899822,0.02,0.98,0.5,0.0016490891658676,0.0720866666666666
conch,human,skin,PDHS029,HSDX009;HSDX009_2;HSPD012,0,0.1,train_mean,top200_hvg,3600,12000,92,89,-1.5948447013395633e-08,,-0.1028872565172916,0.225538894534111,0.0887655615806579,0.2229259070307592,0.0126582278481012,0.9887640449438202,0.5,0.0010437273201694,0.0496898734177215
conch,human,skin,PDHS029,HSDX009;HSDX009_2;HSPD012,0,0.1,train_mean,marker_hvg_overlap,3600,12000,92,70,-3.787589164845023e-08,,-0.1154702337134429,0.251848965883255,0.1094788983464241,0.2020950962384785,0.0142857142857142,0.9857142857142858,0.5,0.0011779208327626,0.054247619047619
conch,human,skin,PDHS029,HSDX009;HSDX009_2;HSPD012,0,0.25,image,top50_hvg,9000,12000,92,50,0.1157316080108284,0.1105454091632824,-0.2942834715172648,0.2947870790958404,0.1454855054616928,0.1996021870189175,0.0526056295527619,0.974207475652122,0.513406552602442,0.0461640147920256,0.125055458411061
conch,human,skin,PDHS029,HSDX009;HSDX009_2;HSPD012,0,0.25,image,top200_hvg,9000,12000,92,89,0.0852359828013026,0.0809626946432446,-0.2537997182397116,0.2277490198612213,0.0901226326823234,0.2331679464845255,0.0332947022485835,0.985509817782091,0.5084851598749632,0.0292177308810289,0.0858689796076225
conch,human,skin,PDHS029,HSDX009;HSDX009_2;HSPD012,0,0.25,image,marker_hvg_overlap,9000,12000,92,70,0.088443508097719,0.0836699689809801,-0.2788912282724465,0.2539741694927215,0.110377512872219,0.2188060596632673,0.0352833811454257,0.9824798499726975,0.5088816155590616,0.030277367041033,0.0933411150767676
conch,human,skin,PDHS029,HSDX009;HSDX009_2;HSPD012,0,0.25,train_mean,top50_hvg,9000,12000,92,50,3.507264594304616e-07,,-0.1421890434677698,0.2921549081802368,0.1472760289907455,0.1712991045083245,0.02,0.98,0.5,0.0016490891658676,0.0720866666666666
conch,human,skin,PDHS029,HSDX009;HSDX009_2;HSPD012,0,0.25,train_mean,top200_hvg,9000,12000,92,89,2.29963643168898e-07,,-0.1061476982292183,0.2256390750408172,0.0893447771668434,0.2230965026666327,0.0126582278481012,0.9887640449438202,0.5,0.0010437273201694,0.0496898734177215
conch,human,skin,PDHS029,HSDX009;HSDX009_2;HSPD012,0,0.25,train_mean,marker_hvg_overlap,9000,12000,92,70,2.198893556380556e-07,,-0.1192377687418099,0.2519588470458984,0.1102061867713928,0.2023225608753997,0.0142857142857142,0.9857142857142858,0.5,0.0011779208327626,0.054247619047619
conch,human,skin,PDHS029,HSDX009;HSDX009_2;HSPD012,0,1.0,image,top50_hvg,36000,12000,92,50,0.1219175814092159,0.1163322925725846,-0.2531259291572496,0.2918238341808319,0.1408038437366485,0.2107490194395841,0.050937387914582,0.9767770975173656,0.5138572427159739,0.0436513034332534,0.1274931780112028
conch,human,skin,PDHS029,HSDX009;HSDX009_2;HSPD012,0,1.0,image,top200_hvg,36000,12000,92,89,0.0903019073501795,0.0854422519550131,-0.211696249257502,0.2254737466573715,0.086587555706501,0.2435558544566394,0.0322388531104949,0.986953425571554,0.508770406782262,0.0276274072362363,0.0884617545961437
conch,human,skin,PDHS029,HSDX009;HSDX009_2;HSPD012,0,1.0,image,marker_hvg_overlap,36000,12000,92,70,0.0973064239120243,0.0917823925047213,-0.2351052239620392,0.2514713406562805,0.1061199009418487,0.2296563182408376,0.0342052487146595,0.9841969226351648,0.5092010856749121,0.028491744350553,0.0961768859547526
conch,human,skin,PDHS029,HSDX009;HSDX009_2;HSPD012,0,1.0,train_mean,top50_hvg,36000,12000,92,50,-9.361046387823537e-08,,-0.1378326572672449,0.2920686602592468,0.1463973224163055,0.1709768786642796,0.02,0.98,0.5,0.0016490891658676,0.0720866666666666
conch,human,skin,PDHS029,HSDX009;HSDX009_2;HSPD012,0,1.0,train_mean,top200_hvg,36000,12000,92,89,5.1447689000707235e-08,,-0.1038020685399818,0.2255754023790359,0.0888280272483825,0.2227995886197901,0.0126582278481012,0.9887640449438202,0.5,0.0010437273201694,0.0496898734177215
conch,human,skin,PDHS029,HSDX009;HSDX009_2;HSPD012,0,1.0,train_mean,marker_hvg_overlap,36000,12000,92,70,2.5320672948834856e-08,,-0.1166353616247891,0.2518892586231231,0.1095708310604095,0.2020061009929389,0.0142857142857142,0.9857142857142858,0.5,0.0011779208327626,0.054247619047619
conch,human,skin,PDHS029,HSDX009;HSDX009_2;HSPD012,1,0.1,image,top50_hvg,3600,12000,92,50,0.0947414168692193,0.0915668398112813,-0.3675579496566206,0.2985522150993347,0.1530565768480301,0.1908095357043781,0.0503006461085064,0.9729302305633764,0.5116154383359414,0.0451834313548274,0.1143946175650189
conch,human,skin,PDHS029,HSDX009;HSDX009_2;HSPD012,1,0.1,image,top200_hvg,3600,12000,92,89,0.0737779264626523,0.0712367390189657,-0.42872616405086,0.2307739853858947,0.0959054380655288,0.2211630594352429,0.0318358519674091,0.9847922643614474,0.507351543250596,0.0285971084524224,0.0782250546765499
conch,human,skin,PDHS029,HSDX009;HSDX009_2;HSPD012,1,0.1,image,marker_hvg_overlap,3600,12000,92,70,0.0721725826794032,0.0694187124606217,-0.480775697372571,0.2575581967830658,0.118031807243824,0.2066787306465536,0.0349872423979403,0.981080745772622,0.5080339940852812,0.0308409921848249,0.0851548099060024
conch,human,skin,PDHS029,HSDX009;HSDX009_2;HSPD012,1,0.1,train_mean,top50_hvg,3600,12000,92,50,3.474205183806589e-07,,-0.1394262703000277,0.2919996976852417,0.145997479557991,0.1726908145605208,0.02,0.98,0.5,0.0016490891658676,0.0720866666666666
conch,human,skin,PDHS029,HSDX009;HSDX009_2;HSPD012,1,0.1,train_mean,top200_hvg,3600,12000,92,89,3.009008971247933e-07,,-0.1071819496261658,0.2255284488201141,0.0886291489005088,0.2238929283674236,0.0126582278481012,0.9887640449438202,0.5,0.0010437273201694,0.0496898734177215
conch,human,skin,PDHS029,HSDX009;HSDX009_2;HSPD012,1,0.1,train_mean,marker_hvg_overlap,3600,12000,92,70,3.035946816736563e-07,,-0.1204844283148954,0.2518390417098999,0.1093578562140464,0.2033087019404309,0.0142857142857142,0.9857142857142858,0.5,0.0011779208327626,0.054247619047619
conch,human,skin,PDHS029,HSDX009;HSDX009_2;HSPD012,1,0.25,image,top50_hvg,9000,12000,92,50,0.1123170993558596,0.106963335754164,-0.2812208735453896,0.2932820618152618,0.1427922695875167,0.1969454464284451,0.0513817395687136,0.9777865642130362,0.5145841518908749,0.0434959237311725,0.1222603404935318
conch,human,skin,PDHS029,HSDX009;HSDX009_2;HSPD012,1,0.25,image,top200_hvg,9000,12000,92,89,0.0841553859729748,0.0800724514908409,-0.2552069184789213,0.2266352623701095,0.0884198322892189,0.231137892942111,0.0325200883346289,0.9875205416927167,0.5092304758803007,0.0275290656526408,0.084453468992318
conch,human,skin,PDHS029,HSDX009;HSDX009_2;HSPD012,1,0.25,image,marker_hvg_overlap,9000,12000,92,70,0.0876222149028243,0.0828990125078536,-0.2827746396934214,0.2529366314411163,0.1086316332221031,0.215686963260601,0.0355779020293943,0.9845522155566934,0.510065058793044,0.029377798822582,0.0917944796424082
conch,human,skin,PDHS029,HSDX009;HSDX009_2;HSPD012,1,0.25,train_mean,top50_hvg,9000,12000,92,50,1.2381736321565028e-06,,-0.1393061293912615,0.2921051979064941,0.1460164338350296,0.1706684156304257,0.02,0.98,0.5,0.0016490891658676,0.0720866666666666
conch,human,skin,PDHS029,HSDX009;HSDX009_2;HSPD012,1,0.25,train_mean,top200_hvg,9000,12000,92,89,8.136274349812567e-07,,-0.1038117854064993,0.22559854388237,0.0885599926114082,0.2225367308309956,0.0126582278481012,0.9887640449438202,0.5,0.0010437273201694,0.0496898734177215
conch,human,skin,PDHS029,HSDX009;HSDX009_2;HSPD012,1,0.25,train_mean,marker_hvg_overlap,9000,12000,92,70,8.591467826057908e-07,,-0.1166270525947246,0.2519160211086273,0.1092334985733032,0.2017895815246842,0.0142857142857142,0.9857142857142858,0.5,0.0011779208327626,0.054247619047619
conch,human,skin,PDHS029,HSDX009;HSDX009_2;HSPD012,1,1.0,image,top50_hvg,36000,12000,92,50,0.1226258808467537,0.1174128958359872,-0.2601623773016036,0.2921555638313293,0.1417810618877411,0.2110634252969372,0.0561074038699918,0.97445511019978,0.515281257034886,0.0463014424505679,0.1278199466692816
conch,human,skin,PDHS029,HSDX009;HSDX009_2;HSPD012,1,1.0,image,top200_hvg,36000,12000,92,89,0.090637948189028,0.0859862843739907,-0.2146592565813644,0.2257123440504074,0.087079681456089,0.2451695849100439,0.0355110151075897,0.9856489383144832,0.5096716816676493,0.0293047104117518,0.0885589051558412
conch,human,skin,PDHS029,HSDX009;HSDX009_2;HSPD012,1,1.0,image,marker_hvg_overlap,36000,12000,92,70,0.0975395376827301,0.0922629072615468,-0.2384108459884633,0.2517389357089996,0.1067508831620216,0.2306485036613897,0.0377846485148755,0.9825676206429196,0.5101761345788974,0.0302883640686469,0.0962471634876437
conch,human,skin,PDHS029,HSDX009;HSDX009_2;HSPD012,1,1.0,train_mean,top50_hvg,36000,12000,92,50,-9.361046387823537e-08,,-0.1378326572672449,0.2920686602592468,0.1463973224163055,0.1709768786642796,0.02,0.98,0.5,0.0016490891658676,0.0720866666666666
conch,human,skin,PDHS029,HSDX009;HSDX009_2;HSPD012,1,1.0,train_mean,top200_hvg,36000,12000,92,89,5.1447689000707235e-08,,-0.1038020685399818,0.2255754023790359,0.0888280272483825,0.2227995886197901,0.0126582278481012,0.9887640449438202,0.5,0.0010437273201694,0.0496898734177215
conch,human,skin,PDHS029,HSDX009;HSDX009_2;HSPD012,1,1.0,train_mean,marker_hvg_overlap,36000,12000,92,70,2.5320672948834856e-08,,-0.1166353616247891,0.2518892586231231,0.1095708310604095,0.2020061009929389,0.0142857142857142,0.9857142857142858,0.5,0.0011779208327626,0.054247619047619
conch,human,skin,PDHS029,HSDX009;HSDX009_2;HSPD012,2,0.1,image,top50_hvg,3600,12000,92,50,0.1001546057499945,0.0969445376726333,-0.4175450259074569,0.2977324426174164,0.1500821411609649,0.193869992179321,0.0555629098508113,0.9697782873340536,0.5126705985924324,0.0446483145040217,0.1169006370423647
conch,human,skin,PDHS029,HSDX009;HSDX009_2;HSPD012,2,0.1,image,top200_hvg,3600,12000,92,89,0.076278053392417,0.0734987113479921,-0.40065189508008,0.2300879508256912,0.094003215432167,0.2230321712296793,0.035166398639754,0.983021509738232,0.508019366197742,0.0282584269012796,0.0803453247088781
conch,human,skin,PDHS029,HSDX009;HSDX009_2;HSPD012,2,0.1,image,marker_hvg_overlap,3600,12000,92,70,0.07680365548835,0.0738156402130102,-0.4423973301500414,0.2566196322441101,0.1155390888452529,0.2091292880579054,0.0369985836276929,0.979479736141558,0.5082391598846255,0.0289449915237604,0.0872203569648125
conch,human,skin,PDHS029,HSDX009;HSDX009_2;HSPD012,2,0.1,train_mean,top50_hvg,3600,12000,92,50,-3.307383054718116e-07,,-0.1402028454214451,0.2918854057788849,0.145935520529747,0.1705557682865493,0.0,1.0,0.5,0.0,0.0720866666666666
conch,human,skin,PDHS029,HSDX009;HSDX009_2;HSPD012,2,0.1,train_mean,top200_hvg,3600,12000,92,89,-1.4178876400911129e-07,,-0.1068321931420138,0.225444033741951,0.0885859876871109,0.2226816637645875,0.0,1.0,0.5,0.0,0.0496898734177215
conch,human,skin,PDHS029,HSDX009;HSDX009_2;HSPD012,2,0.1,train_mean,marker_hvg_overlap,3600,12000,92,70,-1.883238175689631e-07,,-0.1201160431621247,0.2517526745796203,0.1093324050307273,0.2016699746045667,0.0,1.0,0.5,0.0,0.054247619047619
conch,human,skin,PDHS029,HSDX009;HSDX009_2;HSPD012,2,0.25,image,top50_hvg,9000,12000,92,50,0.1147218751534819,0.1102040871300557,-0.3177849572116974,0.2952359318733215,0.1469989567995071,0.2016875837219378,0.0583143523751423,0.9718076291145424,0.5150609907448424,0.048980338792373,0.124027238186025
conch,human,skin,PDHS029,HSDX009;HSDX009_2;HSPD012,2,0.25,image,top200_hvg,9000,12000,92,89,0.0852484366143088,0.0817248213369498,-0.2528826483456076,0.2280423790216446,0.0906016752123832,0.2360446909006923,0.0369078179589508,0.9841615893901924,0.509532272623318,0.0310002144255525,0.0847372278217327
conch,human,skin,PDHS029,HSDX009;HSDX009_2;HSPD012,2,0.25,image,marker_hvg_overlap,9000,12000,92,70,0.0881790648224913,0.0842734172703647,-0.2792790022188066,0.2543298006057739,0.1110318154096603,0.221332145881713,0.0393610403042688,0.980720453291081,0.510040746797675,0.0322454868731304,0.0920218396067232
conch,human,skin,PDHS029,HSDX009;HSDX009_2;HSPD012,2,0.25,train_mean,top50_hvg,9000,12000,92,50,-2.818894434852837e-07,,-0.1387203981964194,0.2920325100421905,0.1463953405618667,0.1713431116510386,0.02,0.98,0.5,0.0016490891658676,0.0720866666666666
conch,human,skin,PDHS029,HSDX009;HSDX009_2;HSPD012,2,0.25,train_mean,top200_hvg,9000,12000,92,89,-1.5998585978811781e-07,,-0.1041827998647195,0.2255500555038452,0.0888822376728057,0.2230293456667712,0.0126582278481012,0.9887640449438202,0.5,0.0010437273201694,0.0496898734177215
conch,human,skin,PDHS029,HSDX009;HSDX009_2;HSPD012,2,0.25,train_mean,marker_hvg_overlap,9000,12000,92,70,-1.791813393278322e-07,,-0.1170220143955573,0.2518549859523773,0.1096205562353134,0.2022981814513298,0.0142857142857142,0.9857142857142858,0.5,0.0011779208327626,0.054247619047619
conch,human,skin,PDHS029,HSDX009;HSDX009_2;HSPD012,2,1.0,image,top50_hvg,36000,12000,92,50,0.1229353737644851,0.1169819752939361,-0.2590051198680885,0.2924017310142517,0.1415540277957916,0.2107396968058282,0.0564451671847094,0.9737585190375708,0.51510184311114,0.0457499310012438,0.1282458432207398
conch,human,skin,PDHS029,HSDX009;HSDX009_2;HSPD012,2,1.0,image,top200_hvg,36000,12000,92,89,0.0910235388691484,0.0859052751115099,-0.2123256354128253,0.22588711977005,0.0869368389248848,0.2444270048830104,0.035724789357411,0.9852575949649272,0.5095581285513544,0.0289556525324327,0.0890316250860997
conch,human,skin,PDHS029,HSDX009;HSDX009_2;HSPD012,2,1.0,image,marker_hvg_overlap,36000,12000,92,70,0.0981398349627852,0.0923432914858933,-0.2354634910966264,0.2518902122974396,0.1065044626593589,0.2303149591351446,0.0379464799078345,0.9821245862305018,0.5100355330691683,0.0298631385645713,0.0968167213395991
conch,human,skin,PDHS029,HSDX009;HSDX009_2;HSPD012,2,1.0,train_mean,top50_hvg,36000,12000,92,50,-9.361046387823537e-08,,-0.1378326572672449,0.2920686602592468,0.1463973224163055,0.1709768786642796,0.02,0.98,0.5,0.0016490891658676,0.0720866666666666
conch,human,skin,PDHS029,HSDX009;HSDX009_2;HSPD012,2,1.0,train_mean,top200_hvg,36000,12000,92,89,5.1447689000707235e-08,,-0.1038020685399818,0.2255754023790359,0.0888280272483825,0.2227995886197901,0.0126582278481012,0.9887640449438202,0.5,0.0010437273201694,0.0496898734177215
conch,human,skin,PDHS029,HSDX009;HSDX009_2;HSPD012,2,1.0,train_mean,marker_hvg_overlap,36000,12000,92,70,2.5320672948834856e-08,,-0.1166353616247891,0.2518892586231231,0.1095708310604095,0.2020061009929389,0.0142857142857142,0.9857142857142858,0.5,0.0011779208327626,0.054247619047619
conch,mouse,whole_pup,WMPP017,WMPW025,0,0.1,image,top50_hvg,1200,12000,165,50,0.3034117744863033,0.2286687209667384,-0.0307163319922983,0.5960790514945984,0.3058560788631439,0.3868669126443334,0.1289337634206228,0.9750716097518876,0.5520026865862551,0.168390880730462,0.4039247387142586
conch,mouse,whole_pup,WMPP017,WMPW025,0,0.1,image,top200_hvg,1200,12000,165,153,0.1678974422159315,0.1286867079741294,-0.034919059596409,0.3870841860771179,0.1384501606225967,0.4001109931897291,0.0421758127526494,0.991851118982272,0.5170134658674607,0.0551103902976173,0.1942411931524252
conch,mouse,whole_pup,WMPP017,WMPW025,0,0.1,image,marker_hvg_overlap,1200,12000,165,121,0.1651529016427526,0.1250636635914582,-0.0366185313419723,0.4140776991844177,0.1568235903978347,0.4062150156654193,0.0453920346972928,0.9900250720184356,0.5177085533578641,0.0598184369272914,0.2063458237185849
conch,mouse,whole_pup,WMPP017,WMPW025,0,0.1,train_mean,top50_hvg,1200,12000,165,50,-8.960534416679879e-08,,-0.1196570995835645,0.6247784495353699,0.2958744168281555,0.3379268351389687,0.02,0.98,0.5,0.0176161163961947,0.2018666666666666
conch,mouse,whole_pup,WMPP017,WMPW025,0,0.1,train_mean,top200_hvg,1200,12000,165,153,-2.902202875845148e-09,,-0.0556344899469324,0.402310848236084,0.1272862553596496,0.3961433264154403,0.0065359477124183,0.9934640522875816,0.5,0.0057569007830701,0.0919253812636165
conch,mouse,whole_pup,WMPP017,WMPW025,0,0.1,train_mean,marker_hvg_overlap,1200,12000,165,121,1.3609908992639277e-08,,-0.0645109766660463,0.4289288818836212,0.1447096168994903,0.4030721489082532,0.0082644628099173,0.9917355371900828,0.5,0.0072793869405763,0.1054283746556473
conch,mouse,whole_pup,WMPP017,WMPW025,0,0.25,image,top50_hvg,3000,12000,165,50,0.333329212218523,0.2514053497074579,-0.0230726930033415,0.5960621237754822,0.2978151440620422,0.4207903320107136,0.1180197251979376,0.9788325986703088,0.5484261619341232,0.1588668487276242,0.4255170944216691
conch,mouse,whole_pup,WMPP017,WMPW025,0,0.25,image,top200_hvg,3000,12000,165,153,0.1975509104526576,0.1489548783760514,-0.0216992635063422,0.3866852521896362,0.132659450173378,0.4340589985761943,0.0385685376463848,0.9930814301819688,0.5158249839141769,0.051917270826021,0.2196378881719071
conch,mouse,whole_pup,WMPP017,WMPW025,0,0.25,image,marker_hvg_overlap,3000,12000,165,121,0.1983724374440498,0.1493209693980278,-0.0252600515695204,0.4132058620452881,0.1507274061441421,0.4383725958116434,0.042873353650557,0.9914453314659614,0.5171593425582591,0.0581713133173137,0.2310394341108605
conch,mouse,whole_pup,WMPP017,WMPW025,0,0.25,train_mean,top50_hvg,3000,12000,165,50,-8.547706116246445e-08,,-0.1136226340511348,0.6227779388427734,0.2980673611164093,0.3378859799339747,0.02,0.98,0.5,0.0176161163961947,0.2018666666666666
conch,mouse,whole_pup,WMPP017,WMPW025,0,0.25,train_mean,top200_hvg,3000,12000,165,153,-5.8543152481927474e-08,,-0.0534273589370011,0.4012724459171295,0.1280515342950821,0.3961197578792647,0.0065359477124183,0.9934640522875816,0.5,0.0057569007830701,0.0919253812636165
conch,mouse,whole_pup,WMPP017,WMPW025,0,0.25,train_mean,marker_hvg_overlap,3000,12000,165,121,-9.663775179339733e-08,,-0.0621451472580018,0.4277612566947937,0.1454544812440872,0.4031410690505677,0.0082644628099173,0.9917355371900828,0.5,0.0072793869405763,0.1054283746556473
conch,mouse,whole_pup,WMPP017,WMPW025,0,1.0,image,top50_hvg,12000,12000,165,50,0.3712690009176731,0.2758525765109036,-0.0104044693196192,0.5911750793457031,0.2890730500221252,0.4604242138718515,0.1091878453424371,0.9810091854189068,0.545098515380672,0.1441039810821189,0.451442577029128
conch,mouse,whole_pup,WMPP017,WMPW025,0,1.0,image,top200_hvg,12000,12000,165,153,0.2325281347714979,0.1686680179674233,-0.0087107373747725,0.3839951157569885,0.1272269338369369,0.4730525528525812,0.0356823023994892,0.9937938514440872,0.5147380769217883,0.0470928042752022,0.2495317686754311
conch,mouse,whole_pup,WMPP017,WMPW025,0,1.0,image,marker_hvg_overlap,12000,12000,165,121,0.2425048254836304,0.1742560356599743,-0.0136217985822711,0.4102527499198913,0.1447852700948715,0.4785148865496506,0.0392449482874076,0.9923257595422276,0.5157853539148177,0.052215499803954,0.2650008616051295
conch,mouse,whole_pup,WMPP017,WMPW025,0,1.0,train_mean,top50_hvg,12000,12000,165,50,-1.1101888601317e-07,,-0.1160342354659224,0.6235303282737732,0.2968819141387939,0.3394007769822917,0.02,0.98,0.5,0.0176161163961947,0.2018666666666666
conch,mouse,whole_pup,WMPP017,WMPW025,0,1.0,train_mean,top200_hvg,12000,12000,165,153,1.0566074795060649e-08,,-0.054295992265205,0.4016528725624084,0.1275513619184494,0.3974138077814304,0.0065359477124183,0.9934640522875816,0.5,0.0057569007830701,0.0919253812636165
conch,mouse,whole_pup,WMPP017,WMPW025,0,1.0,train_mean,marker_hvg_overlap,12000,12000,165,121,4.9691074645296846e-08,,-0.0631128739757311,0.4281779825687408,0.1449715793132782,0.4042094438435299,0.0082644628099173,0.9917355371900828,0.5,0.0072793869405763,0.1054283746556473
conch,mouse,whole_pup,WMPP017,WMPW025,1,0.1,image,top50_hvg,1200,12000,165,50,0.3036447709053755,0.2270372402567989,-0.0443258099071681,0.60004061460495,0.306464284658432,0.3932836819145626,0.1242319308711618,0.9750711391648372,0.5496515350179995,0.1623038214612048,0.407494885349256
conch,mouse,whole_pup,WMPP017,WMPW025,1,0.1,image,top200_hvg,1200,12000,165,153,0.1754310106031918,0.1321803441478785,-0.0483727723849785,0.3889127075672149,0.1384388506412506,0.4005757293679034,0.0406614780281398,0.9918516109394816,0.5162565444838108,0.053164510611545,0.1985952412076922
conch,mouse,whole_pup,WMPP017,WMPW025,1,0.1,image,marker_hvg_overlap,1200,12000,165,121,0.1746674876428894,0.1295006480513289,-0.0394462874531553,0.4158225655555725,0.1568468064069748,0.4058466360628874,0.0451236348053752,0.9899458394714034,0.5175347371383893,0.0593010360612473,0.2122066206369157
conch,mouse,whole_pup,WMPP017,WMPW025,1,0.1,train_mean,top50_hvg,1200,12000,165,50,-1.5378296254198176e-08,,-0.1187451836242689,0.6243593692779541,0.2965298295021057,0.3384356448443231,0.02,0.98,0.5,0.0176161163961947,0.2018666666666666
conch,mouse,whole_pup,WMPP017,WMPW025,1,0.1,train_mean,top200_hvg,1200,12000,165,153,9.245917277496975e-08,,-0.0553651431892991,0.4020688235759735,0.1274257004261016,0.3965879207035294,0.0065359477124183,0.9934640522875816,0.5,0.0057569007830701,0.0919253812636165
conch,mouse,whole_pup,WMPP017,WMPW025,1,0.1,train_mean,marker_hvg_overlap,1200,12000,165,121,1.1431143246411429e-07,,-0.0642545923068955,0.4286453425884247,0.1449057906866073,0.4031082755156619,0.0082644628099173,0.9917355371900828,0.5,0.0072793869405763,0.1054283746556473
conch,mouse,whole_pup,WMPP017,WMPW025,1,0.25,image,top50_hvg,3000,12000,165,50,0.337806537002325,0.2566800926139221,-0.0273454819107428,0.5989938378334045,0.2990469336509704,0.4313151007626905,0.1082790731764422,0.979614006738979,0.5439465399577107,0.1439587272009063,0.4272716568805797
conch,mouse,whole_pup,WMPP017,WMPW025,1,0.25,image,top200_hvg,3000,12000,165,153,0.2022732887118173,0.149478421785228,-0.0231162960430606,0.3880940973758697,0.1331954300403595,0.4394414767932215,0.035385318031517,0.9933379106990126,0.514361614365265,0.0470453356865706,0.2243355778631496
conch,mouse,whole_pup,WMPP017,WMPW025,1,0.25,image,marker_hvg_overlap,3000,12000,165,121,0.2064012395664273,0.1524196788550645,-0.0243897535683046,0.4143915772438049,0.1508332192897796,0.4448631715267972,0.0399913661721566,0.9916877629705018,0.5158395645713292,0.0528825038444201,0.2376443554599759
conch,mouse,whole_pup,WMPP017,WMPW025,1,0.25,train_mean,top50_hvg,3000,12000,165,50,-5.20022874361814e-08,,-0.1166762920143082,0.6236553192138672,0.2970367670059204,0.3359158054687005,0.02,0.98,0.5,0.0176161163961947,0.2018666666666666
conch,mouse,whole_pup,WMPP017,WMPW025,1,0.25,train_mean,top200_hvg,3000,12000,165,153,-9.347357219028021e-08,,-0.0544004797782072,0.4016928076744079,0.1276995241641998,0.3950594943797727,0.0065359477124183,0.9934640522875816,0.5,0.0057569007830701,0.0919253812636165
conch,mouse,whole_pup,WMPP017,WMPW025,1,0.25,train_mean,marker_hvg_overlap,3000,12000,165,121,-3.741184099922042e-08,,-0.0632543087383604,0.4282599091529846,0.1450689285993576,0.4023041011169123,0.0082644628099173,0.9917355371900828,0.5,0.0072793869405763,0.1054283746556473
conch,mouse,whole_pup,WMPP017,WMPW025,1,1.0,image,top50_hvg,12000,12000,165,50,0.3727556608617305,0.2760703067066493,-0.0091140666697174,0.5907239317893982,0.2888915240764618,0.4639303096387233,0.1103547833366556,0.9810341987945392,0.5456944910655974,0.1460415982468987,0.4523357543825812
conch,mouse,whole_pup,WMPP017,WMPW025,1,1.0,image,top200_hvg,12000,12000,165,153,0.2334001101795021,0.1687289316077521,-0.0081454754258837,0.3837578892707824,0.1271516382694244,0.476242771203321,0.0360636546851815,0.9938020257498492,0.5149328402175155,0.0477260124989865,0.2501938674856386
conch,mouse,whole_pup,WMPP017,WMPW025,1,1.0,image,marker_hvg_overlap,12000,12000,165,121,0.2431702708697027,0.1741760512915448,-0.0129122131211636,0.409929484128952,0.1446817070245742,0.4818533910890837,0.0398027315598254,0.992324460103032,0.5160635958314286,0.0530994585325975,0.2653108903723594
conch,mouse,whole_pup,WMPP017,WMPW025,1,1.0,train_mean,top50_hvg,12000,12000,165,50,-1.1101888601317e-07,,-0.1160342354659224,0.6235303282737732,0.2968819141387939,0.3394007769822917,0.02,0.98,0.5,0.0176161163961947,0.2018666666666666
conch,mouse,whole_pup,WMPP017,WMPW025,1,1.0,train_mean,top200_hvg,12000,12000,165,153,1.0566074795060649e-08,,-0.054295992265205,0.4016528725624084,0.1275513619184494,0.3974138077814304,0.0065359477124183,0.9934640522875816,0.5,0.0057569007830701,0.0919253812636165
conch,mouse,whole_pup,WMPP017,WMPW025,1,1.0,train_mean,marker_hvg_overlap,12000,12000,165,121,4.9691074645296846e-08,,-0.0631128739757311,0.4281779825687408,0.1449715793132782,0.4042094438435299,0.0082644628099173,0.9917355371900828,0.5,0.0072793869405763,0.1054283746556473
conch,mouse,whole_pup,WMPP017,WMPW025,2,0.1,image,top50_hvg,1200,12000,165,50,0.3082510805502534,0.2310865224701338,-0.0242400140129029,0.5943174958229065,0.3088480234146118,0.4117318553533674,0.1474549003122112,0.9708188848106692,0.5591368925614403,0.1941156998172466,0.4080277013536277
conch,mouse,whole_pup,WMPP017,WMPW025,2,0.1,image,top200_hvg,1200,12000,165,153,0.1819074895252591,0.1364623548434743,-0.0312974850876463,0.3860218524932861,0.1396327465772628,0.418330558033888,0.0482362106053387,0.99046252944201,0.5193493700236743,0.0635326190378075,0.2015471425024562
conch,mouse,whole_pup,WMPP017,WMPW025,2,0.1,image,marker_hvg_overlap,1200,12000,165,121,0.1814043085763872,0.1346327848075985,-0.0349063808088814,0.4120907485485077,0.1581349372863769,0.4246902261731592,0.0549812440255447,0.98817646088575,0.5215788524556474,0.0725694270975318,0.217460482829986
conch,mouse,whole_pup,WMPP017,WMPW025,2,0.1,train_mean,top50_hvg,1200,12000,165,50,-4.5138857238669065e-08,,-0.1130787003482692,0.6227362751960754,0.2992695868015289,0.3342972862189795,0.02,0.98,0.5,0.0176161163961947,0.2018666666666666
conch,mouse,whole_pup,WMPP017,WMPW025,2,0.1,train_mean,top200_hvg,1200,12000,165,153,-4.5018864298390256e-08,,-0.0532448756229569,0.4012236297130584,0.1285868883132934,0.3940127130030672,0.0065359477124183,0.9934640522875816,0.5,0.0057569007830701,0.0919253812636165
conch,mouse,whole_pup,WMPP017,WMPW025,2,0.1,train_mean,marker_hvg_overlap,1200,12000,165,121,4.4641763227225375e-09,,-0.0620863503161461,0.4277783930301666,0.1459693908691406,0.4015146118952717,0.0082644628099173,0.9917355371900828,0.5,0.0072793869405763,0.1054283746556473
conch,mouse,whole_pup,WMPP017,WMPW025,2,0.25,image,top50_hvg,3000,12000,165,50,0.3388772048801183,0.2554474046087049,-0.0263068553141783,0.5961993336677551,0.2957924604415893,0.4425918710565031,0.1050391479875811,0.9805932682752873,0.5428162081314342,0.1392758328563726,0.4283322725502796
conch,mouse,whole_pup,WMPP017,WMPW025,2,0.25,image,top200_hvg,3000,12000,165,153,0.2048308407068125,0.1534981987753035,-0.0226136216573459,0.3866472542285919,0.1316884458065033,0.4483910931087742,0.0343535829158728,0.9936579308089172,0.5140057568623951,0.0455688827810394,0.2229403609172937
conch,mouse,whole_pup,WMPP017,WMPW025,2,0.25,image,marker_hvg_overlap,3000,12000,165,121,0.2045132962802502,0.1513963739344906,-0.0248755684288647,0.413212776184082,0.1493598371744156,0.4548891510952634,0.0376597462833817,0.9921557821124064,0.5149077641978942,0.0499727892040136,0.2356184736433071
conch,mouse,whole_pup,WMPP017,WMPW025,2,0.25,train_mean,top50_hvg,3000,12000,165,50,-4.659977086873823e-08,,-0.1151319048285949,0.6232548952102661,0.2976616024971008,0.3370965920506825,0.02,0.98,0.5,0.0176161163961947,0.2018666666666666
conch,mouse,whole_pup,WMPP017,WMPW025,2,0.25,train_mean,top200_hvg,3000,12000,165,153,8.790483940909185e-08,,-0.0539049258454397,0.401487648487091,0.1278526335954666,0.3962259578813428,0.0065359477124183,0.9934640522875816,0.5,0.0057569007830701,0.0919253812636165
conch,mouse,whole_pup,WMPP017,WMPW025,2,0.25,train_mean,marker_hvg_overlap,3000,12000,165,121,6.892256855054829e-08,,-0.0627895976261145,0.4280505180358886,0.1451850086450576,0.4038398393394023,0.0082644628099173,0.9917355371900828,0.5,0.0072793869405763,0.1054283746556473
conch,mouse,whole_pup,WMPP017,WMPW025,2,1.0,image,top50_hvg,12000,12000,165,50,0.3708345577120781,0.2746040262897267,-0.0108767078723758,0.5911698937416077,0.2888832688331604,0.4619858583877144,0.110294482788984,0.9805653425340134,0.5454299126614987,0.1457832329773671,0.4511595826220522
conch,mouse,whole_pup,WMPP017,WMPW025,2,1.0,image,top200_hvg,12000,12000,165,153,0.2326725114047911,0.1681421729438078,-0.0089046758688222,0.3840073943138122,0.1271132826805114,0.4738246851835874,0.036043948623851,0.9936488047496774,0.5148463766867643,0.0476415794043683,0.2498877499327413
conch,mouse,whole_pup,WMPP017,WMPW025,2,1.0,image,marker_hvg_overlap,12000,12000,165,121,0.2426510356897719,0.1736231332240268,-0.0136735737116907,0.4101952612400055,0.1446478366851806,0.4792979375118746,0.0397947433539164,0.99212907847879,0.5159619109163532,0.0529770197633236,0.2652329895681942
conch,mouse,whole_pup,WMPP017,WMPW025,2,1.0,train_mean,top50_hvg,12000,12000,165,50,-1.1101888601317e-07,,-0.1160342354659224,0.6235303282737732,0.2968819141387939,0.3394007769822917,0.02,0.98,0.5,0.0176161163961947,0.2018666666666666
conch,mouse,whole_pup,WMPP017,WMPW025,2,1.0,train_mean,top200_hvg,12000,12000,165,153,1.0566074795060649e-08,,-0.054295992265205,0.4016528725624084,0.1275513619184494,0.3974138077814304,0.0065359477124183,0.9934640522875816,0.5,0.0057569007830701,0.0919253812636165
conch,mouse,whole_pup,WMPP017,WMPW025,2,1.0,train_mean,marker_hvg_overlap,12000,12000,165,121,4.9691074645296846e-08,,-0.0631128739757311,0.4281779825687408,0.1449715793132782,0.4042094438435299,0.0082644628099173,0.9917355371900828,0.5,0.0072793869405763,0.1054283746556473
conch,mouse,whole_pup,WMPW025,WMPP017,0,0.1,image,top50_hvg,1200,12000,165,50,0.236540530025959,0.185250954545154,-4.687935509085655,0.5160699486732483,0.3522720038890838,0.3851658380002477,0.6180236494811742,0.7290533122349244,0.6735384808580495,0.2383571988082586,0.2222953891529297
conch,mouse,whole_pup,WMPW025,WMPP017,0,0.1,image,top200_hvg,1200,12000,165,162,0.1337628968893138,0.1008812532444065,-3.326010823841309,0.3085216283798218,0.1606058031320572,0.3798240701072178,0.2665368724535024,0.9079021710425672,0.5845107620728162,0.1143544448685347,0.1065738090698169
conch,mouse,whole_pup,WMPW025,WMPP017,0,0.1,image,marker_hvg_overlap,1200,12000,165,121,0.135511063880187,0.101629246109126,-3.489799300747469,0.3392207622528076,0.1896452754735946,0.3853532237993837,0.2818254295707845,0.887276409417167,0.5845509194939759,0.1232239742578903,0.1176452644435041
conch,mouse,whole_pup,WMPW025,WMPP017,0,0.1,train_mean,top50_hvg,1200,12000,165,50,-1.1453217992141162e-06,,-0.9278663410514127,0.4017630219459533,0.2902220785617828,0.2685104625880679,0.16,0.84,0.5,0.0530385118575289,0.075905
conch,mouse,whole_pup,WMPW025,WMPP017,0,0.1,train_mean,top200_hvg,1200,12000,165,162,-2.9215667319406885e-07,,-0.5196434893145826,0.237114742398262,0.1186410933732986,0.2970656091369993,0.0522875816993464,0.9506172839506172,0.5,0.0173328470122643,0.0317712418300653
conch,mouse,whole_pup,WMPW025,WMPP017,0,0.1,train_mean,marker_hvg_overlap,1200,12000,165,121,-1.2286713172685748e-07,,-0.5793113251766796,0.2642575800418854,0.1427034735679626,0.2996201172943382,0.0661157024793388,0.9338842975206612,0.5,0.0219167404369954,0.036646694214876
conch,mouse,whole_pup,WMPW025,WMPP017,0,0.25,image,top50_hvg,3000,12000,165,50,0.2598719322681427,0.1987973727207534,-4.559554127007723,0.5065738558769226,0.3402594625949859,0.4020400992135896,0.6183767140655829,0.7464899477935723,0.6824333309295776,0.2522443831398581,0.2373101528961758
conch,mouse,whole_pup,WMPW025,WMPP017,0,0.25,image,top200_hvg,3000,12000,165,162,0.1517031324188218,0.1108800010728847,-2.711074403413197,0.2997202575206756,0.1493800580501556,0.3965638358723252,0.2590792508605904,0.9163936490152832,0.5852774396148569,0.1180485773949998,0.1166285485488284
conch,mouse,whole_pup,WMPW025,WMPP017,0,0.25,image,marker_hvg_overlap,3000,12000,165,121,0.1565620910976667,0.1137957875881988,-2.868158432601158,0.3293428719043731,0.1763648837804794,0.4026532585884863,0.2695271705792371,0.8984454929019172,0.5839863317405771,0.1266347942407615,0.1285195505919676
conch,mouse,whole_pup,WMPW025,WMPP017,0,0.25,train_mean,top50_hvg,3000,12000,165,50,-1.348978996418282e-07,,-0.8746546344133094,0.3958894312381744,0.2843676209449768,0.2710589059524504,0.16,0.84,0.5,0.0530385118575289,0.075905
conch,mouse,whole_pup,WMPW025,WMPP017,0,0.25,train_mean,top200_hvg,3000,12000,165,162,1.1141418642105815e-07,,-0.459120034839989,0.2338126003742218,0.1157135665416717,0.2992386788425451,0.0522875816993464,0.9506172839506172,0.5,0.0173328470122643,0.0317712418300653
conch,mouse,whole_pup,WMPW025,WMPP017,0,0.25,train_mean,marker_hvg_overlap,3000,12000,165,121,1.1447074821369085e-07,,-0.5102742582711328,0.2602949440479278,0.1388690620660781,0.3020282669695166,0.0661157024793388,0.9338842975206612,0.5,0.0219167404369954,0.036646694214876
conch,mouse,whole_pup,WMPW025,WMPP017,0,1.0,image,top50_hvg,12000,12000,165,50,0.2753318257629871,0.2078095635367835,-4.130057427762076,0.5030195116996765,0.3326824605464935,0.4135909840216171,0.6243112916428425,0.7523071593903664,0.6883092255166043,0.2637428458177021,0.2466329866985573
conch,mouse,whole_pup,WMPW025,WMPP017,0,1.0,image,top200_hvg,12000,12000,165,162,0.1617374033035613,0.1159183913942856,-2.286170167258021,0.2966140210628509,0.143210306763649,0.4083841741842244,0.2604048494078428,0.9184693805123896,0.5870391555634217,0.1226039203360657,0.1244564797639813
conch,mouse,whole_pup,WMPW025,WMPP017,0,1.0,image,marker_hvg_overlap,12000,12000,165,121,0.1720941558822774,0.1225416778273195,-2.411651377392979,0.3252811729907989,0.16909921169281,0.4150106764303427,0.2705427322010271,0.9013692210214596,0.5859559766112433,0.1321134878986341,0.1377144434508516
conch,mouse,whole_pup,WMPW025,WMPP017,0,1.0,train_mean,top50_hvg,12000,12000,165,50,-8.376719964076074e-07,,-0.8864127629804716,0.398876816034317,0.2873497307300567,0.2699520323348652,0.16,0.84,0.5,0.0530385118575289,0.075905
conch,mouse,whole_pup,WMPW025,WMPP017,0,1.0,train_mean,top200_hvg,12000,12000,165,162,-2.949548052365022e-07,,-0.4615834033647962,0.2354298084974289,0.1168256998062133,0.2984961171299584,0.0522875816993464,0.9506172839506172,0.5,0.0173328470122643,0.0317712418300653
conch,mouse,whole_pup,WMPW025,WMPP017,0,1.0,train_mean,marker_hvg_overlap,12000,12000,165,121,-3.222428215615554e-07,,-0.5138811389283058,0.2621711194515228,0.1402905732393264,0.3012408477288223,0.0661157024793388,0.9338842975206612,0.5,0.0219167404369954,0.036646694214876
conch,mouse,whole_pup,WMPW025,WMPP017,1,0.1,image,top50_hvg,1200,12000,165,50,0.2497280919551849,0.1933692637742091,-5.193004783391952,0.5319145321846008,0.3554033041000366,0.3946990184320689,0.6240453565348126,0.7309359389829859,0.6774906477588993,0.242767367692822,0.2315026585560993
conch,mouse,whole_pup,WMPW025,WMPP017,1,0.1,image,top200_hvg,1200,12000,165,162,0.1400287064175647,0.1040514462743847,-3.290436600305363,0.3165728747844696,0.1599360257387161,0.3884199781094075,0.2688189521402004,0.9085948355257144,0.5860185066425372,0.1162882766159034,0.1115066705895186
conch,mouse,whole_pup,WMPW025,WMPP017,1,0.1,image,marker_hvg_overlap,1200,12000,165,121,0.1428907439709171,0.1055765004774055,-3.489746290312941,0.3449322879314422,0.1871873438358307,0.395677173122232,0.2786174522945219,0.8901559138661428,0.5843866830803324,0.1252933275678923,0.1232870493888192
conch,mouse,whole_pup,WMPW025,WMPP017,1,0.1,train_mean,top50_hvg,1200,12000,165,50,3.135946278121083e-07,,-0.9354420177805878,0.3991952538490295,0.288700133562088,0.2703616849904168,0.16,0.84,0.5,0.0530385118575289,0.075905
conch,mouse,whole_pup,WMPW025,WMPP017,1,0.1,train_mean,top200_hvg,1200,12000,165,162,2.511776539141205e-07,,-0.4786139420826491,0.2356746792793274,0.1170969828963279,0.2986587299272424,0.0522875816993464,0.9506172839506172,0.5,0.0173328470122643,0.0317712418300653
conch,mouse,whole_pup,WMPW025,WMPP017,1,0.1,train_mean,marker_hvg_overlap,1200,12000,165,121,1.9784257256152756e-07,,-0.5417291949288934,0.2622429728507995,0.1403661370277404,0.3016672698541483,0.0661157024793388,0.9338842975206612,0.5,0.0219167404369954,0.036646694214876
conch,mouse,whole_pup,WMPW025,WMPP017,1,0.25,image,top50_hvg,3000,12000,165,50,0.2620499221980572,0.1992395551990349,-4.272072912454605,0.5195010304450989,0.3451911509037018,0.4059385691233449,0.6221234726616182,0.7395700448019096,0.6808467587317639,0.2516427452747956,0.2389643509404697
conch,mouse,whole_pup,WMPW025,WMPP017,1,0.25,image,top200_hvg,3000,12000,165,162,0.1514886945014157,0.109948597057561,-2.5992940951896677,0.3077237010002136,0.1519507765769958,0.3997682094558147,0.2682611562060881,0.9128391268854944,0.5879865864541883,0.1197214913861782,0.1171529278052837
conch,mouse,whole_pup,WMPW025,WMPP017,1,0.25,image,marker_hvg_overlap,3000,12000,165,121,0.1568618263868414,0.1129831217175078,-2.666138455525718,0.3369968831539154,0.1782053858041763,0.406815564456103,0.2761791298273844,0.8953188860773343,0.5857490079523593,0.1285707881085175,0.1297560552685515
conch,mouse,whole_pup,WMPW025,WMPP017,1,0.25,train_mean,top50_hvg,3000,12000,165,50,3.146706652046305e-07,,-0.8766154722950887,0.3983245491981506,0.2868539988994598,0.27051053766704,0.16,0.84,0.5,0.0530385118575289,0.075905
conch,mouse,whole_pup,WMPW025,WMPP017,1,0.25,train_mean,top200_hvg,3000,12000,165,162,2.176406782162657e-08,,-0.4625134807468866,0.2351796925067901,0.1169312819838523,0.2987986310808145,0.0522875816993464,0.9506172839506172,0.5,0.0173328470122643,0.0317712418300653
conch,mouse,whole_pup,WMPW025,WMPP017,1,0.25,train_mean,marker_hvg_overlap,3000,12000,165,121,1.090333148286011e-07,,-0.5086516847028434,0.2618074417114258,0.1401578783988952,0.3017239493289285,0.0661157024793388,0.9338842975206612,0.5,0.0219167404369954,0.036646694214876
conch,mouse,whole_pup,WMPW025,WMPP017,1,1.0,image,top50_hvg,12000,12000,165,50,0.2757221966981887,0.208337564152999,-4.216897764634341,0.5050775408744812,0.3339256942272186,0.4140107141059737,0.6236441116109929,0.7511304293010074,0.687387270456,0.2624942207276279,0.2467862376816368
conch,mouse,whole_pup,WMPW025,WMPP017,1,1.0,image,top200_hvg,12000,12000,165,162,0.1617392566773334,0.1159360612355885,-2.3190491881108923,0.2977395355701446,0.1436540484428405,0.4087328031923636,0.2602891211869874,0.9180974538652285,0.5867843891103794,0.1221934726442006,0.1240788568567031
conch,mouse,whole_pup,WMPW025,WMPP017,1,1.0,image,marker_hvg_overlap,12000,12000,165,121,0.1721854336282685,0.1226738330769064,-2.4431461535648187,0.3261705040931701,0.1694056540727615,0.415494259645253,0.2702239816469219,0.9010631865802023,0.5856435841135622,0.1316582247424088,0.1373323682712042
conch,mouse,whole_pup,WMPW025,WMPP017,1,1.0,train_mean,top50_hvg,12000,12000,165,50,-8.376719964076074e-07,,-0.8864127629804716,0.398876816034317,0.2873497307300567,0.2699520323348652,0.16,0.84,0.5,0.0530385118575289,0.075905
conch,mouse,whole_pup,WMPW025,WMPP017,1,1.0,train_mean,top200_hvg,12000,12000,165,162,-2.949548052365022e-07,,-0.4615834033647962,0.2354298084974289,0.1168256998062133,0.2984961171299584,0.0522875816993464,0.9506172839506172,0.5,0.0173328470122643,0.0317712418300653
conch,mouse,whole_pup,WMPW025,WMPP017,1,1.0,train_mean,marker_hvg_overlap,12000,12000,165,121,-3.222428215615554e-07,,-0.5138811389283058,0.2621711194515228,0.1402905732393264,0.3012408477288223,0.0661157024793388,0.9338842975206612,0.5,0.0219167404369954,0.036646694214876
conch,mouse,whole_pup,WMPW025,WMPP017,2,0.1,image,top50_hvg,1200,12000,165,50,0.2441728584468364,0.1901438586822305,-5.09889264434576,0.520993709564209,0.3516624271869659,0.3891908924350406,0.6255881703802694,0.7283997137342746,0.676993942057272,0.2374174466091322,0.2285315941554543
conch,mouse,whole_pup,WMPW025,WMPP017,2,0.1,image,top200_hvg,1200,12000,165,162,0.1374982786659824,0.1035892761001264,-3.366989125348173,0.3094827532768249,0.1582677215337753,0.3840434542480908,0.2625753021812436,0.9094544175397592,0.5833517544940238,0.112578001517836,0.1099224615318664
conch,mouse,whole_pup,WMPW025,WMPP017,2,0.1,image,marker_hvg_overlap,1200,12000,165,121,0.1406649217367449,0.1050532399112064,-3.5533345864750427,0.3396708071231842,0.1861620545387268,0.3907582698299522,0.2745747719017822,0.890298935349931,0.5824368536258566,0.1218665892071575,0.1213929274713193
conch,mouse,whole_pup,WMPW025,WMPP017,2,0.1,train_mean,top50_hvg,1200,12000,165,50,-3.848817954121841e-08,,-0.8661946303397418,0.3935208320617676,0.2834078669548034,0.2718501437980433,0.16,0.84,0.5,0.0530385118575289,0.075905
conch,mouse,whole_pup,WMPW025,WMPP017,2,0.1,train_mean,top200_hvg,1200,12000,165,162,-1.9746231884444745e-07,,-0.4546443805298931,0.2324795871973037,0.1149009466171264,0.2996290976628738,0.0522875816993464,0.9506172839506172,0.5,0.0173328470122643,0.0317712418300653
conch,mouse,whole_pup,WMPW025,WMPP017,2,0.1,train_mean,marker_hvg_overlap,1200,12000,165,121,-3.433723343199273e-07,,-0.509688808874483,0.2587093114852905,0.1379153281450271,0.302494822768772,0.0661157024793388,0.9338842975206612,0.5,0.0219167404369954,0.036646694214876
conch,mouse,whole_pup,WMPW025,WMPP017,2,0.25,image,top50_hvg,3000,12000,165,50,0.2634614550322294,0.1995165559274128,-3.927911102026701,0.4976865947246551,0.3323506414890289,0.4035989502250179,0.6142426569290368,0.7517491797440862,0.6829959183365615,0.2586277550633378,0.2396206613362168
conch,mouse,whole_pup,WMPW025,WMPP017,2,0.25,image,top200_hvg,3000,12000,165,162,0.1527769744479028,0.1112618802498839,-2.4556441833932325,0.2946720421314239,0.146148070693016,0.3984643325206018,0.2590579592821804,0.9180082663641832,0.5861215912456578,0.1217135499112816,0.1167722516563953
conch,mouse,whole_pup,WMPW025,WMPP017,2,0.25,image,marker_hvg_overlap,3000,12000,165,121,0.1583649331457481,0.1141676976715206,-2.585300191297881,0.3242332935333252,0.1728156507015228,0.4043694115201921,0.2720182727593317,0.8999639544607079,0.5859911136100198,0.1314377127721685,0.1296424307482998
conch,mouse,whole_pup,WMPW025,WMPP017,2,0.25,train_mean,top50_hvg,3000,12000,165,50,-6.222586450826848e-07,,-0.872516537742631,0.3991201221942901,0.2860576510429382,0.2701412176197774,0.16,0.84,0.5,0.0530385118575289,0.075905
conch,mouse,whole_pup,WMPW025,WMPP017,2,0.25,train_mean,top200_hvg,3000,12000,165,162,-1.929846685818667e-07,,-0.4531232686551055,0.2354828417301178,0.1159987300634384,0.2987139145515727,0.0522875816993464,0.9506172839506172,0.5,0.0173328470122643,0.0317712418300653
conch,mouse,whole_pup,WMPW025,WMPP017,2,0.25,train_mean,marker_hvg_overlap,3000,12000,165,121,-2.1463799241653686e-07,,-0.5102993596989138,0.2624736130237579,0.1397991478443145,0.3011445847305535,0.0661157024793388,0.9338842975206612,0.5,0.0219167404369954,0.036646694214876
conch,mouse,whole_pup,WMPW025,WMPP017,2,1.0,image,top50_hvg,12000,12000,165,50,0.2756332752108574,0.2081907074961793,-4.195673669558018,0.5044609308242798,0.3331691026687622,0.4134173324297938,0.6226071682977576,0.752556205389437,0.6875816868435973,0.2629053141558418,0.246678373548688
conch,mouse,whole_pup,WMPW025,WMPP017,2,1.0,image,top200_hvg,12000,12000,165,162,0.1618260909394997,0.1159474515637437,-2.3074178620465284,0.2974117994308471,0.143403559923172,0.4083326083510541,0.2607352418338106,0.9185144062833954,0.5872281889492912,0.1227907154844649,0.1242668108847139
conch,mouse,whole_pup,WMPW025,WMPP017,2,1.0,image,marker_hvg_overlap,12000,12000,165,121,0.1722669133958349,0.1226476585285719,-2.4374668986473065,0.3259676098823547,0.1692621409893036,0.4149367672869329,0.2713199229763815,0.9014142178108392,0.5863670703936104,0.1324603747115856,0.1375379830107219
conch,mouse,whole_pup,WMPW025,WMPP017,2,1.0,train_mean,top50_hvg,12000,12000,165,50,-8.376719964076074e-07,,-0.8864127629804716,0.398876816034317,0.2873497307300567,0.2699520323348652,0.16,0.84,0.5,0.0530385118575289,0.075905
conch,mouse,whole_pup,WMPW025,WMPP017,2,1.0,train_mean,top200_hvg,12000,12000,165,162,-2.949548052365022e-07,,-0.4615834033647962,0.2354298084974289,0.1168256998062133,0.2984961171299584,0.0522875816993464,0.9506172839506172,0.5,0.0173328470122643,0.0317712418300653
conch,mouse,whole_pup,WMPW025,WMPP017,2,1.0,train_mean,marker_hvg_overlap,12000,12000,165,121,-3.222428215615554e-07,,-0.5138811389283058,0.2621711194515228,0.1402905732393264,0.3012408477288223,0.0661157024793388,0.9338842975206612,0.5,0.0219167404369954,0.036646694214876
