cell_type,n_cells,model,pseudobulk_pearson,pseudobulk_rmse_log1p,encoder,species,organ,target,seed,ratio,n_genes
B cell.,31,image,0.2245637625455856,0.3067571222782135,conch,human,ovary,FFHO026,0,1.0,200
B cell.,31,train_mean,0.2918513715267181,0.2794940769672394,conch,human,ovary,FFHO026,0,1.0,200
"CD8-positive, alpha-beta T cell.",50,image,0.1765338331460952,0.2564878761768341,conch,human,ovary,FFHO026,0,1.0,200
"CD8-positive, alpha-beta T cell.",50,train_mean,0.2463480681180954,0.234389916062355,conch,human,ovary,FFHO026,0,1.0,200
T cell.,182,image,0.2195022702217102,0.3298867344856262,conch,human,ovary,FFHO026,0,1.0,200
T cell.,182,train_mean,0.2733349800109863,0.3037838935852051,conch,human,ovary,FFHO026,0,1.0,200
cultured cell.,1145,image,0.2297271788120269,0.5184476375579834,conch,human,ovary,FFHO026,0,1.0,200
cultured cell.,1145,train_mean,0.594676673412323,0.4638654589653015,conch,human,ovary,FFHO026,0,1.0,200
dendritic cell.,26,image,0.1732777953147888,0.3609864413738251,conch,human,ovary,FFHO026,0,1.0,200
dendritic cell.,26,train_mean,0.2576139867305755,0.3284868597984314,conch,human,ovary,FFHO026,0,1.0,200
endothelial cell of lymphatic vessel.,39,image,0.2139780521392822,0.5101521015167236,conch,human,ovary,FFHO026,0,1.0,200
endothelial cell of lymphatic vessel.,39,train_mean,0.477140337228775,0.4656206667423248,conch,human,ovary,FFHO026,0,1.0,200
endothelial cell of vascular tree.,1100,image,0.3127114772796631,0.2902421951293945,conch,human,ovary,FFHO026,0,1.0,200
endothelial cell of vascular tree.,1100,train_mean,0.5290144681930542,0.2484476119279861,conch,human,ovary,FFHO026,0,1.0,200
endothelial cell.,1687,image,0.3453890979290008,0.2939218878746032,conch,human,ovary,FFHO026,0,1.0,200
endothelial cell.,1687,train_mean,0.4459410905838012,0.2589356303215027,conch,human,ovary,FFHO026,0,1.0,200
enterocyte.,20,image,0.3454334735870361,0.453337013721466,conch,human,ovary,FFHO026,0,1.0,200
enterocyte.,20,train_mean,0.5265756845474243,0.4143311381340027,conch,human,ovary,FFHO026,0,1.0,200
epithelial cell of lower respiratory tract.,2593,image,0.27109095454216,0.5060874819755554,conch,human,ovary,FFHO026,0,1.0,200
epithelial cell of lower respiratory tract.,2593,train_mean,0.5843539237976074,0.4561684131622314,conch,human,ovary,FFHO026,0,1.0,200
epithelial cell of lung.,24,image,0.3263061046600342,0.6374343037605286,conch,human,ovary,FFHO026,0,1.0,200
epithelial cell of lung.,24,train_mean,0.4172349870204925,0.6051287651062012,conch,human,ovary,FFHO026,0,1.0,200
epithelial cell of proximal tubule.,146,image,0.2473992705345153,0.5589104294776917,conch,human,ovary,FFHO026,0,1.0,200
epithelial cell of proximal tubule.,146,train_mean,0.5441111922264099,0.5113058090209961,conch,human,ovary,FFHO026,0,1.0,200
epithelial cell.,1104,image,0.2604338228702545,0.5276563763618469,conch,human,ovary,FFHO026,0,1.0,200
epithelial cell.,1104,train_mean,0.5303772687911987,0.4804826378822326,conch,human,ovary,FFHO026,0,1.0,200
erythroblast.,21,image,-0.019592335447669,0.0840286836028099,conch,human,ovary,FFHO026,0,1.0,200
erythroblast.,21,train_mean,0.3050737082958221,0.0895016342401504,conch,human,ovary,FFHO026,0,1.0,200
fibroblast of cardiac tissue.,26,image,0.5493336319923401,0.2899790704250335,conch,human,ovary,FFHO026,0,1.0,200
fibroblast of cardiac tissue.,26,train_mean,0.3948126435279846,0.2725164592266083,conch,human,ovary,FFHO026,0,1.0,200
fibroblast.,898,image,0.666044294834137,0.3845621347427368,conch,human,ovary,FFHO026,0,1.0,200
fibroblast.,898,train_mean,0.3560508191585541,0.3747862875461578,conch,human,ovary,FFHO026,0,1.0,200
goblet cell.,65,image,0.2263594418764114,0.5544261336326599,conch,human,ovary,FFHO026,0,1.0,200
goblet cell.,65,train_mean,0.5262917876243591,0.5055181980133057,conch,human,ovary,FFHO026,0,1.0,200
innate lymphoid cell.,28,image,0.1686539351940155,0.2108525484800338,conch,human,ovary,FFHO026,0,1.0,200
innate lymphoid cell.,28,train_mean,0.2849028408527374,0.1888118684291839,conch,human,ovary,FFHO026,0,1.0,200
intestinal epithelial cell.,218,image,0.2268930524587631,0.5553064942359924,conch,human,ovary,FFHO026,0,1.0,200
intestinal epithelial cell.,218,train_mean,0.5810418725013733,0.5035700798034668,conch,human,ovary,FFHO026,0,1.0,200
macrophage.,1248,image,0.1963267177343368,0.4115642607212066,conch,human,ovary,FFHO026,0,1.0,200
macrophage.,1248,train_mean,0.200240358710289,0.3857024013996124,conch,human,ovary,FFHO026,0,1.0,200
malignant cell.,34,image,0.2031600326299667,0.5234510898590088,conch,human,ovary,FFHO026,0,1.0,200
malignant cell.,34,train_mean,0.4932961165904999,0.4742591381072998,conch,human,ovary,FFHO026,0,1.0,200
monocyte.,88,image,0.1421610862016677,0.3982287943363189,conch,human,ovary,FFHO026,0,1.0,200
monocyte.,88,train_mean,0.2153414785861969,0.369545429944992,conch,human,ovary,FFHO026,0,1.0,200
myeloid cell.,21,image,0.2179340869188308,0.1047869548201561,conch,human,ovary,FFHO026,0,1.0,200
myeloid cell.,21,train_mean,0.3397085666656494,0.0969313830137252,conch,human,ovary,FFHO026,0,1.0,200
natural killer cell.,31,image,0.2214417308568954,0.2619381248950958,conch,human,ovary,FFHO026,0,1.0,200
natural killer cell.,31,train_mean,0.2365805953741073,0.2422927767038345,conch,human,ovary,FFHO026,0,1.0,200
neutrophil.,161,image,0.2115786224603653,0.3542611598968506,conch,human,ovary,FFHO026,0,1.0,200
neutrophil.,161,train_mean,0.2989883720874786,0.3212241232395172,conch,human,ovary,FFHO026,0,1.0,200
plasma cell.,108,image,0.2259366363286972,0.3527414798736572,conch,human,ovary,FFHO026,0,1.0,200
plasma cell.,108,train_mean,0.326759397983551,0.3249940872192383,conch,human,ovary,FFHO026,0,1.0,200
smooth muscle cell.,203,image,0.5991027355194092,0.3680698573589325,conch,human,ovary,FFHO026,0,1.0,200
smooth muscle cell.,203,train_mean,0.4128001034259796,0.3492093682289123,conch,human,ovary,FFHO026,0,1.0,200
stromal cell.,591,image,0.5444076061248779,0.1866535246372223,conch,human,ovary,FFHO026,0,1.0,200
stromal cell.,591,train_mean,0.4169771373271942,0.1739473640918731,conch,human,ovary,FFHO026,0,1.0,200
B cell.,31,image,0.2279458194971084,0.3068948984146118,conch,human,ovary,FFHO026,1,1.0,200
B cell.,31,train_mean,0.2918513715267181,0.2794940769672394,conch,human,ovary,FFHO026,1,1.0,200
"CD8-positive, alpha-beta T cell.",50,image,0.1812602579593658,0.2567633092403412,conch,human,ovary,FFHO026,1,1.0,200
"CD8-positive, alpha-beta T cell.",50,train_mean,0.2463480681180954,0.234389916062355,conch,human,ovary,FFHO026,1,1.0,200
T cell.,182,image,0.2236245572566986,0.3301401138305664,conch,human,ovary,FFHO026,1,1.0,200
T cell.,182,train_mean,0.2733349800109863,0.3037838935852051,conch,human,ovary,FFHO026,1,1.0,200
cultured cell.,1145,image,0.2241144776344299,0.5187711119651794,conch,human,ovary,FFHO026,1,1.0,200
cultured cell.,1145,train_mean,0.594676673412323,0.4638654589653015,conch,human,ovary,FFHO026,1,1.0,200
dendritic cell.,26,image,0.1730858981609344,0.36160409450531,conch,human,ovary,FFHO026,1,1.0,200
dendritic cell.,26,train_mean,0.2576139867305755,0.3284868597984314,conch,human,ovary,FFHO026,1,1.0,200
endothelial cell of lymphatic vessel.,39,image,0.2109384834766388,0.5106621980667114,conch,human,ovary,FFHO026,1,1.0,200
endothelial cell of lymphatic vessel.,39,train_mean,0.477140337228775,0.4656206667423248,conch,human,ovary,FFHO026,1,1.0,200
endothelial cell of vascular tree.,1100,image,0.3117698132991791,0.2904190719127655,conch,human,ovary,FFHO026,1,1.0,200
endothelial cell of vascular tree.,1100,train_mean,0.5290144681930542,0.2484476119279861,conch,human,ovary,FFHO026,1,1.0,200
endothelial cell.,1687,image,0.344095230102539,0.294116348028183,conch,human,ovary,FFHO026,1,1.0,200
endothelial cell.,1687,train_mean,0.4459410905838012,0.2589356303215027,conch,human,ovary,FFHO026,1,1.0,200
enterocyte.,20,image,0.3403218686580658,0.4532200396060943,conch,human,ovary,FFHO026,1,1.0,200
enterocyte.,20,train_mean,0.5265756845474243,0.4143311381340027,conch,human,ovary,FFHO026,1,1.0,200
epithelial cell of lower respiratory tract.,2593,image,0.2645341157913208,0.506404459476471,conch,human,ovary,FFHO026,1,1.0,200
epithelial cell of lower respiratory tract.,2593,train_mean,0.5843539237976074,0.4561684131622314,conch,human,ovary,FFHO026,1,1.0,200
epithelial cell of lung.,24,image,0.319965660572052,0.6375814080238342,conch,human,ovary,FFHO026,1,1.0,200
epithelial cell of lung.,24,train_mean,0.4172349870204925,0.6051287651062012,conch,human,ovary,FFHO026,1,1.0,200
epithelial cell of proximal tubule.,146,image,0.2399412244558334,0.5594124794006348,conch,human,ovary,FFHO026,1,1.0,200
epithelial cell of proximal tubule.,146,train_mean,0.5441111922264099,0.5113058090209961,conch,human,ovary,FFHO026,1,1.0,200
epithelial cell.,1104,image,0.2548104226589203,0.5279844403266907,conch,human,ovary,FFHO026,1,1.0,200
epithelial cell.,1104,train_mean,0.5303772687911987,0.4804826378822326,conch,human,ovary,FFHO026,1,1.0,200
erythroblast.,21,image,-0.0218708589673042,0.0844892784953117,conch,human,ovary,FFHO026,1,1.0,200
erythroblast.,21,train_mean,0.3050737082958221,0.0895016342401504,conch,human,ovary,FFHO026,1,1.0,200
fibroblast of cardiac tissue.,26,image,0.5505703091621399,0.2894123494625091,conch,human,ovary,FFHO026,1,1.0,200
fibroblast of cardiac tissue.,26,train_mean,0.3948126435279846,0.2725164592266083,conch,human,ovary,FFHO026,1,1.0,200
fibroblast.,898,image,0.6644752621650696,0.3842921853065491,conch,human,ovary,FFHO026,1,1.0,200
fibroblast.,898,train_mean,0.3560508191585541,0.3747862875461578,conch,human,ovary,FFHO026,1,1.0,200
goblet cell.,65,image,0.218267410993576,0.5549845695495605,conch,human,ovary,FFHO026,1,1.0,200
goblet cell.,65,train_mean,0.5262917876243591,0.5055181980133057,conch,human,ovary,FFHO026,1,1.0,200
innate lymphoid cell.,28,image,0.1757343560457229,0.2109469324350357,conch,human,ovary,FFHO026,1,1.0,200
innate lymphoid cell.,28,train_mean,0.2849028408527374,0.1888118684291839,conch,human,ovary,FFHO026,1,1.0,200
intestinal epithelial cell.,218,image,0.222393125295639,0.5555469393730164,conch,human,ovary,FFHO026,1,1.0,200
intestinal epithelial cell.,218,train_mean,0.5810418725013733,0.5035700798034668,conch,human,ovary,FFHO026,1,1.0,200
macrophage.,1248,image,0.19903264939785,0.4118072688579559,conch,human,ovary,FFHO026,1,1.0,200
macrophage.,1248,train_mean,0.200240358710289,0.3857024013996124,conch,human,ovary,FFHO026,1,1.0,200
malignant cell.,34,image,0.1962650865316391,0.5241353511810303,conch,human,ovary,FFHO026,1,1.0,200
malignant cell.,34,train_mean,0.4932961165904999,0.4742591381072998,conch,human,ovary,FFHO026,1,1.0,200
monocyte.,88,image,0.1477864384651184,0.3985328078269958,conch,human,ovary,FFHO026,1,1.0,200
monocyte.,88,train_mean,0.2153414785861969,0.369545429944992,conch,human,ovary,FFHO026,1,1.0,200
myeloid cell.,21,image,0.2135312259197235,0.1055560633540153,conch,human,ovary,FFHO026,1,1.0,200
myeloid cell.,21,train_mean,0.3397085666656494,0.0969313830137252,conch,human,ovary,FFHO026,1,1.0,200
natural killer cell.,31,image,0.2243296504020691,0.2623398303985595,conch,human,ovary,FFHO026,1,1.0,200
natural killer cell.,31,train_mean,0.2365805953741073,0.2422927767038345,conch,human,ovary,FFHO026,1,1.0,200
neutrophil.,161,image,0.214954674243927,0.3544269800186157,conch,human,ovary,FFHO026,1,1.0,200
neutrophil.,161,train_mean,0.2989883720874786,0.3212241232395172,conch,human,ovary,FFHO026,1,1.0,200
plasma cell.,108,image,0.224271759390831,0.3531811535358429,conch,human,ovary,FFHO026,1,1.0,200
plasma cell.,108,train_mean,0.326759397983551,0.3249940872192383,conch,human,ovary,FFHO026,1,1.0,200
smooth muscle cell.,203,image,0.5970025062561035,0.3678902089595794,conch,human,ovary,FFHO026,1,1.0,200
smooth muscle cell.,203,train_mean,0.4128001034259796,0.3492093682289123,conch,human,ovary,FFHO026,1,1.0,200
stromal cell.,591,image,0.5433756709098816,0.1868680566549301,conch,human,ovary,FFHO026,1,1.0,200
stromal cell.,591,train_mean,0.4169771373271942,0.1739473640918731,conch,human,ovary,FFHO026,1,1.0,200
B cell.,31,image,0.2262071222066879,0.306537002325058,conch,human,ovary,FFHO026,2,1.0,200
B cell.,31,train_mean,0.2918513715267181,0.2794940769672394,conch,human,ovary,FFHO026,2,1.0,200
"CD8-positive, alpha-beta T cell.",50,image,0.1749677062034607,0.2566320896148681,conch,human,ovary,FFHO026,2,1.0,200
"CD8-positive, alpha-beta T cell.",50,train_mean,0.2463480681180954,0.234389916062355,conch,human,ovary,FFHO026,2,1.0,200
T cell.,182,image,0.2190838009119033,0.3299312591552734,conch,human,ovary,FFHO026,2,1.0,200
T cell.,182,train_mean,0.2733349800109863,0.3037838935852051,conch,human,ovary,FFHO026,2,1.0,200
cultured cell.,1145,image,0.2259330004453659,0.5182645916938782,conch,human,ovary,FFHO026,2,1.0,200
cultured cell.,1145,train_mean,0.594676673412323,0.4638654589653015,conch,human,ovary,FFHO026,2,1.0,200
dendritic cell.,26,image,0.1746007800102234,0.3611348867416382,conch,human,ovary,FFHO026,2,1.0,200
dendritic cell.,26,train_mean,0.2576139867305755,0.3284868597984314,conch,human,ovary,FFHO026,2,1.0,200
endothelial cell of lymphatic vessel.,39,image,0.2062423825263977,0.51058429479599,conch,human,ovary,FFHO026,2,1.0,200
endothelial cell of lymphatic vessel.,39,train_mean,0.477140337228775,0.4656206667423248,conch,human,ovary,FFHO026,2,1.0,200
endothelial cell of vascular tree.,1100,image,0.3156338334083557,0.2896830141544342,conch,human,ovary,FFHO026,2,1.0,200
endothelial cell of vascular tree.,1100,train_mean,0.5290144681930542,0.2484476119279861,conch,human,ovary,FFHO026,2,1.0,200
endothelial cell.,1687,image,0.3465798199176788,0.2934727072715759,conch,human,ovary,FFHO026,2,1.0,200
endothelial cell.,1687,train_mean,0.4459410905838012,0.2589356303215027,conch,human,ovary,FFHO026,2,1.0,200
enterocyte.,20,image,0.3327938914299011,0.4534429609775543,conch,human,ovary,FFHO026,2,1.0,200
enterocyte.,20,train_mean,0.5265756845474243,0.4143311381340027,conch,human,ovary,FFHO026,2,1.0,200
epithelial cell of lower respiratory tract.,2593,image,0.2614730298519134,0.5062329173088074,conch,human,ovary,FFHO026,2,1.0,200
epithelial cell of lower respiratory tract.,2593,train_mean,0.5843539237976074,0.4561684131622314,conch,human,ovary,FFHO026,2,1.0,200
epithelial cell of lung.,24,image,0.3174715638160705,0.6375781297683716,conch,human,ovary,FFHO026,2,1.0,200
epithelial cell of lung.,24,train_mean,0.4172349870204925,0.6051287651062012,conch,human,ovary,FFHO026,2,1.0,200
epithelial cell of proximal tubule.,146,image,0.2349387109279632,0.5593283176422119,conch,human,ovary,FFHO026,2,1.0,200
epithelial cell of proximal tubule.,146,train_mean,0.5441111922264099,0.5113058090209961,conch,human,ovary,FFHO026,2,1.0,200
epithelial cell.,1104,image,0.2518930435180664,0.5277389287948608,conch,human,ovary,FFHO026,2,1.0,200
epithelial cell.,1104,train_mean,0.5303772687911987,0.4804826378822326,conch,human,ovary,FFHO026,2,1.0,200
erythroblast.,21,image,-0.0218072347342968,0.0843582600355148,conch,human,ovary,FFHO026,2,1.0,200
erythroblast.,21,train_mean,0.3050737082958221,0.0895016342401504,conch,human,ovary,FFHO026,2,1.0,200
fibroblast of cardiac tissue.,26,image,0.5563190579414368,0.2885084450244903,conch,human,ovary,FFHO026,2,1.0,200
fibroblast of cardiac tissue.,26,train_mean,0.3948126435279846,0.2725164592266083,conch,human,ovary,FFHO026,2,1.0,200
fibroblast.,898,image,0.6683358550071716,0.3834106624126434,conch,human,ovary,FFHO026,2,1.0,200
fibroblast.,898,train_mean,0.3560508191585541,0.3747862875461578,conch,human,ovary,FFHO026,2,1.0,200
goblet cell.,65,image,0.2142543643712997,0.5549004077911377,conch,human,ovary,FFHO026,2,1.0,200
goblet cell.,65,train_mean,0.5262917876243591,0.5055181980133057,conch,human,ovary,FFHO026,2,1.0,200
innate lymphoid cell.,28,image,0.1726801693439483,0.2104798853397369,conch,human,ovary,FFHO026,2,1.0,200
innate lymphoid cell.,28,train_mean,0.2849028408527374,0.1888118684291839,conch,human,ovary,FFHO026,2,1.0,200
intestinal epithelial cell.,218,image,0.2158499360084533,0.5556728839874268,conch,human,ovary,FFHO026,2,1.0,200
intestinal epithelial cell.,218,train_mean,0.5810418725013733,0.5035700798034668,conch,human,ovary,FFHO026,2,1.0,200
macrophage.,1248,image,0.2027028799057006,0.4111474454402923,conch,human,ovary,FFHO026,2,1.0,200
macrophage.,1248,train_mean,0.200240358710289,0.3857024013996124,conch,human,ovary,FFHO026,2,1.0,200
malignant cell.,34,image,0.1997718214988708,0.523105263710022,conch,human,ovary,FFHO026,2,1.0,200
malignant cell.,34,train_mean,0.4932961165904999,0.4742591381072998,conch,human,ovary,FFHO026,2,1.0,200
monocyte.,88,image,0.1479920595884323,0.3980372250080108,conch,human,ovary,FFHO026,2,1.0,200
monocyte.,88,train_mean,0.2153414785861969,0.369545429944992,conch,human,ovary,FFHO026,2,1.0,200
myeloid cell.,21,image,0.216232419013977,0.104849673807621,conch,human,ovary,FFHO026,2,1.0,200
myeloid cell.,21,train_mean,0.3397085666656494,0.0969313830137252,conch,human,ovary,FFHO026,2,1.0,200
natural killer cell.,31,image,0.2238730192184448,0.2623048424720764,conch,human,ovary,FFHO026,2,1.0,200
natural killer cell.,31,train_mean,0.2365805953741073,0.2422927767038345,conch,human,ovary,FFHO026,2,1.0,200
neutrophil.,161,image,0.2128720730543136,0.3539662659168243,conch,human,ovary,FFHO026,2,1.0,200
neutrophil.,161,train_mean,0.2989883720874786,0.3212241232395172,conch,human,ovary,FFHO026,2,1.0,200
plasma cell.,108,image,0.2270070761442184,0.3524451553821563,conch,human,ovary,FFHO026,2,1.0,200
plasma cell.,108,train_mean,0.326759397983551,0.3249940872192383,conch,human,ovary,FFHO026,2,1.0,200
smooth muscle cell.,203,image,0.6038933992385864,0.3668882846832275,conch,human,ovary,FFHO026,2,1.0,200
smooth muscle cell.,203,train_mean,0.4128001034259796,0.3492093682289123,conch,human,ovary,FFHO026,2,1.0,200
stromal cell.,591,image,0.5493087768554688,0.1858401298522949,conch,human,ovary,FFHO026,2,1.0,200
stromal cell.,591,train_mean,0.4169771373271942,0.1739473640918731,conch,human,ovary,FFHO026,2,1.0,200
B cell.,277,image,0.3078125119209289,0.1146210357546806,conch,human,ovary,HOCD032,0,1.0,200
B cell.,277,train_mean,0.4230978786945343,0.1875805556774139,conch,human,ovary,HOCD032,0,1.0,200
"CD14-positive, CD16-negative classical monocyte.",28,image,0.2130189388990402,0.1298756748437881,conch,human,ovary,HOCD032,0,1.0,200
"CD14-positive, CD16-negative classical monocyte.",28,train_mean,0.2382610589265823,0.2087939828634262,conch,human,ovary,HOCD032,0,1.0,200
"CD8-positive, alpha-beta T cell.",150,image,0.331641674041748,0.123627096414566,conch,human,ovary,HOCD032,0,1.0,200
"CD8-positive, alpha-beta T cell.",150,train_mean,0.3904053270816803,0.1996981650590896,conch,human,ovary,HOCD032,0,1.0,200
T cell.,181,image,0.2943733632564544,0.1067825108766555,conch,human,ovary,HOCD032,0,1.0,200
T cell.,181,train_mean,0.3766709864139557,0.178002193570137,conch,human,ovary,HOCD032,0,1.0,200
cultured cell.,239,image,0.3188816010951996,0.1662272661924362,conch,human,ovary,HOCD032,0,1.0,200
cultured cell.,239,train_mean,0.367038756608963,0.1959221512079239,conch,human,ovary,HOCD032,0,1.0,200
dendritic cell.,176,image,0.3467422425746918,0.1299388855695724,conch,human,ovary,HOCD032,0,1.0,200
dendritic cell.,176,train_mean,0.4631511569023132,0.1617537587881088,conch,human,ovary,HOCD032,0,1.0,200
endothelial cell of vascular tree.,175,image,0.2837856113910675,0.114532470703125,conch,human,ovary,HOCD032,0,1.0,200
endothelial cell of vascular tree.,175,train_mean,0.3765410482883453,0.1823131293058395,conch,human,ovary,HOCD032,0,1.0,200
endothelial cell.,4978,image,0.3846757113933563,0.1723230332136154,conch,human,ovary,HOCD032,0,1.0,200
endothelial cell.,4978,train_mean,0.4440886080265045,0.1845084726810455,conch,human,ovary,HOCD032,0,1.0,200
epithelial cell of lower respiratory tract.,92,image,0.3720702230930328,0.1660366803407669,conch,human,ovary,HOCD032,0,1.0,200
epithelial cell of lower respiratory tract.,92,train_mean,0.3904592394828796,0.1955890953540802,conch,human,ovary,HOCD032,0,1.0,200
epithelial cell.,401,image,0.37968510389328,0.1873476356267929,conch,human,ovary,HOCD032,0,1.0,200
epithelial cell.,401,train_mean,0.4260811507701874,0.1994201838970184,conch,human,ovary,HOCD032,0,1.0,200
erythroblast.,44,image,0.3085085153579712,0.1405740529298782,conch,human,ovary,HOCD032,0,1.0,200
erythroblast.,44,train_mean,0.3659184277057647,0.1858742386102676,conch,human,ovary,HOCD032,0,1.0,200
erythroid lineage cell.,28,image,0.321483850479126,0.2354580909013748,conch,human,ovary,HOCD032,0,1.0,200
erythroid lineage cell.,28,train_mean,0.364983320236206,0.2366442531347274,conch,human,ovary,HOCD032,0,1.0,200
fibroblast of cardiac tissue.,247,image,0.6552911996841431,0.0840082019567489,conch,human,ovary,HOCD032,0,1.0,200
fibroblast of cardiac tissue.,247,train_mean,0.2714767158031463,0.1975616812705993,conch,human,ovary,HOCD032,0,1.0,200
fibroblast.,1191,image,0.6329807043075562,0.0879724249243736,conch,human,ovary,HOCD032,0,1.0,200
fibroblast.,1191,train_mean,0.3572746813297272,0.1840583384037017,conch,human,ovary,HOCD032,0,1.0,200
goblet cell.,21,image,0.3726316392421722,0.1386217027902603,conch,human,ovary,HOCD032,0,1.0,200
goblet cell.,21,train_mean,0.4262326061725616,0.1769988536834716,conch,human,ovary,HOCD032,0,1.0,200
innate lymphoid cell.,22,image,0.3138872981071472,0.1585769951343536,conch,human,ovary,HOCD032,0,1.0,200
innate lymphoid cell.,22,train_mean,0.3555837571620941,0.1919690519571304,conch,human,ovary,HOCD032,0,1.0,200
macrophage.,1405,image,0.3530805110931396,0.1201083436608314,conch,human,ovary,HOCD032,0,1.0,200
macrophage.,1405,train_mean,0.4383691251277923,0.1634275168180465,conch,human,ovary,HOCD032,0,1.0,200
malignant cell.,164,image,0.38194540143013,0.159655213356018,conch,human,ovary,HOCD032,0,1.0,200
malignant cell.,164,train_mean,0.4226678311824798,0.186354398727417,conch,human,ovary,HOCD032,0,1.0,200
microglial cell.,42,image,0.3197694718837738,0.1144374459981918,conch,human,ovary,HOCD032,0,1.0,200
microglial cell.,42,train_mean,0.3682229518890381,0.1840141266584396,conch,human,ovary,HOCD032,0,1.0,200
monocyte.,22,image,0.3292882740497589,0.1609960943460464,conch,human,ovary,HOCD032,0,1.0,200
monocyte.,22,train_mean,0.3719155788421631,0.1804544031620025,conch,human,ovary,HOCD032,0,1.0,200
myeloid cell.,204,image,0.3451853692531585,0.1197631657123565,conch,human,ovary,HOCD032,0,1.0,200
myeloid cell.,204,train_mean,0.4446465075016022,0.1678237169981002,conch,human,ovary,HOCD032,0,1.0,200
native cell.,94,image,0.3081943392753601,0.1279810070991516,conch,human,ovary,HOCD032,0,1.0,200
native cell.,94,train_mean,0.3405690491199493,0.1878992170095443,conch,human,ovary,HOCD032,0,1.0,200
natural killer cell.,73,image,0.3037769198417663,0.1095170080661773,conch,human,ovary,HOCD032,0,1.0,200
natural killer cell.,73,train_mean,0.343805193901062,0.1858735829591751,conch,human,ovary,HOCD032,0,1.0,200
neutrophil.,32,image,0.2852493524551391,0.1451372504234314,conch,human,ovary,HOCD032,0,1.0,200
neutrophil.,32,train_mean,0.3909664154052734,0.1788403242826461,conch,human,ovary,HOCD032,0,1.0,200
pericyte.,20,image,0.6081234216690063,0.101176880300045,conch,human,ovary,HOCD032,0,1.0,200
pericyte.,20,train_mean,0.2589820623397827,0.1972689181566238,conch,human,ovary,HOCD032,0,1.0,200
plasma cell.,236,image,0.3537791669368744,0.141101598739624,conch,human,ovary,HOCD032,0,1.0,200
plasma cell.,236,train_mean,0.453881561756134,0.1728580892086029,conch,human,ovary,HOCD032,0,1.0,200
smooth muscle cell.,625,image,0.4873343706130981,0.1051975786685943,conch,human,ovary,HOCD032,0,1.0,200
smooth muscle cell.,625,train_mean,0.4569705426692962,0.1701022088527679,conch,human,ovary,HOCD032,0,1.0,200
stromal cell of ovary.,28,image,0.3596249222755432,0.1305284798145294,conch,human,ovary,HOCD032,0,1.0,200
stromal cell of ovary.,28,train_mean,0.2917000353336334,0.2066234648227691,conch,human,ovary,HOCD032,0,1.0,200
stromal cell.,487,image,0.3742440938949585,0.1136312186717987,conch,human,ovary,HOCD032,0,1.0,200
stromal cell.,487,train_mean,0.4439234435558319,0.1731283366680145,conch,human,ovary,HOCD032,0,1.0,200
B cell.,277,image,0.309814304113388,0.1185585409402847,conch,human,ovary,HOCD032,1,1.0,200
B cell.,277,train_mean,0.4230978786945343,0.1875805556774139,conch,human,ovary,HOCD032,1,1.0,200
"CD14-positive, CD16-negative classical monocyte.",28,image,0.2148168683052063,0.1343811899423599,conch,human,ovary,HOCD032,1,1.0,200
"CD14-positive, CD16-negative classical monocyte.",28,train_mean,0.2382610589265823,0.2087939828634262,conch,human,ovary,HOCD032,1,1.0,200
"CD8-positive, alpha-beta T cell.",150,image,0.3322658240795135,0.1269308775663375,conch,human,ovary,HOCD032,1,1.0,200
"CD8-positive, alpha-beta T cell.",150,train_mean,0.3904053270816803,0.1996981650590896,conch,human,ovary,HOCD032,1,1.0,200
T cell.,181,image,0.2985267043113708,0.1089562624692916,conch,human,ovary,HOCD032,1,1.0,200
T cell.,181,train_mean,0.3766709864139557,0.178002193570137,conch,human,ovary,HOCD032,1,1.0,200
cultured cell.,239,image,0.3287545442581177,0.1654819548130035,conch,human,ovary,HOCD032,1,1.0,200
cultured cell.,239,train_mean,0.367038756608963,0.1959221512079239,conch,human,ovary,HOCD032,1,1.0,200
dendritic cell.,176,image,0.3521042764186859,0.1301978826522827,conch,human,ovary,HOCD032,1,1.0,200
dendritic cell.,176,train_mean,0.4631511569023132,0.1617537587881088,conch,human,ovary,HOCD032,1,1.0,200
endothelial cell of vascular tree.,175,image,0.2857823073863983,0.1163469552993774,conch,human,ovary,HOCD032,1,1.0,200
endothelial cell of vascular tree.,175,train_mean,0.3765410482883453,0.1823131293058395,conch,human,ovary,HOCD032,1,1.0,200
endothelial cell.,4978,image,0.3931326866149902,0.1711957603693008,conch,human,ovary,HOCD032,1,1.0,200
endothelial cell.,4978,train_mean,0.4440886080265045,0.1845084726810455,conch,human,ovary,HOCD032,1,1.0,200
epithelial cell of lower respiratory tract.,92,image,0.3819980025291443,0.1650984585285186,conch,human,ovary,HOCD032,1,1.0,200
epithelial cell of lower respiratory tract.,92,train_mean,0.3904592394828796,0.1955890953540802,conch,human,ovary,HOCD032,1,1.0,200
epithelial cell.,401,image,0.387162983417511,0.1863200217485427,conch,human,ovary,HOCD032,1,1.0,200
epithelial cell.,401,train_mean,0.4260811507701874,0.1994201838970184,conch,human,ovary,HOCD032,1,1.0,200
erythroblast.,44,image,0.3130746185779571,0.1424009352922439,conch,human,ovary,HOCD032,1,1.0,200
erythroblast.,44,train_mean,0.3659184277057647,0.1858742386102676,conch,human,ovary,HOCD032,1,1.0,200
erythroid lineage cell.,28,image,0.3347990214824676,0.2333748191595077,conch,human,ovary,HOCD032,1,1.0,200
erythroid lineage cell.,28,train_mean,0.364983320236206,0.2366442531347274,conch,human,ovary,HOCD032,1,1.0,200
fibroblast of cardiac tissue.,247,image,0.656449556350708,0.0849297270178794,conch,human,ovary,HOCD032,1,1.0,200
fibroblast of cardiac tissue.,247,train_mean,0.2714767158031463,0.1975616812705993,conch,human,ovary,HOCD032,1,1.0,200
fibroblast.,1191,image,0.6321578621864319,0.0892778486013412,conch,human,ovary,HOCD032,1,1.0,200
fibroblast.,1191,train_mean,0.3572746813297272,0.1840583384037017,conch,human,ovary,HOCD032,1,1.0,200
goblet cell.,21,image,0.371423602104187,0.1413140743970871,conch,human,ovary,HOCD032,1,1.0,200
goblet cell.,21,train_mean,0.4262326061725616,0.1769988536834716,conch,human,ovary,HOCD032,1,1.0,200
innate lymphoid cell.,22,image,0.3188865482807159,0.1584960520267486,conch,human,ovary,HOCD032,1,1.0,200
innate lymphoid cell.,22,train_mean,0.3555837571620941,0.1919690519571304,conch,human,ovary,HOCD032,1,1.0,200
macrophage.,1405,image,0.3581558167934418,0.1207303032279014,conch,human,ovary,HOCD032,1,1.0,200
macrophage.,1405,train_mean,0.4383691251277923,0.1634275168180465,conch,human,ovary,HOCD032,1,1.0,200
malignant cell.,164,image,0.3888449370861053,0.1592554301023483,conch,human,ovary,HOCD032,1,1.0,200
malignant cell.,164,train_mean,0.4226678311824798,0.186354398727417,conch,human,ovary,HOCD032,1,1.0,200
microglial cell.,42,image,0.3215203285217285,0.1200472190976142,conch,human,ovary,HOCD032,1,1.0,200
microglial cell.,42,train_mean,0.3682229518890381,0.1840141266584396,conch,human,ovary,HOCD032,1,1.0,200
monocyte.,22,image,0.3305863440036773,0.1610143631696701,conch,human,ovary,HOCD032,1,1.0,200
monocyte.,22,train_mean,0.3719155788421631,0.1804544031620025,conch,human,ovary,HOCD032,1,1.0,200
myeloid cell.,204,image,0.3534809052944183,0.121056281030178,conch,human,ovary,HOCD032,1,1.0,200
myeloid cell.,204,train_mean,0.4446465075016022,0.1678237169981002,conch,human,ovary,HOCD032,1,1.0,200
native cell.,94,image,0.3117511570453644,0.1292888820171356,conch,human,ovary,HOCD032,1,1.0,200
native cell.,94,train_mean,0.3405690491199493,0.1878992170095443,conch,human,ovary,HOCD032,1,1.0,200
natural killer cell.,73,image,0.3054239749908447,0.1121814399957656,conch,human,ovary,HOCD032,1,1.0,200
natural killer cell.,73,train_mean,0.343805193901062,0.1858735829591751,conch,human,ovary,HOCD032,1,1.0,200
neutrophil.,32,image,0.2918663322925567,0.1465380191802978,conch,human,ovary,HOCD032,1,1.0,200
neutrophil.,32,train_mean,0.3909664154052734,0.1788403242826461,conch,human,ovary,HOCD032,1,1.0,200
pericyte.,20,image,0.6073330640792847,0.1021115854382515,conch,human,ovary,HOCD032,1,1.0,200
pericyte.,20,train_mean,0.2589820623397827,0.1972689181566238,conch,human,ovary,HOCD032,1,1.0,200
plasma cell.,236,image,0.3566788733005523,0.1417402476072311,conch,human,ovary,HOCD032,1,1.0,200
plasma cell.,236,train_mean,0.453881561756134,0.1728580892086029,conch,human,ovary,HOCD032,1,1.0,200
smooth muscle cell.,625,image,0.4915905594825744,0.1059811413288116,conch,human,ovary,HOCD032,1,1.0,200
smooth muscle cell.,625,train_mean,0.4569705426692962,0.1701022088527679,conch,human,ovary,HOCD032,1,1.0,200
stromal cell of ovary.,28,image,0.3567861020565033,0.1355022639036178,conch,human,ovary,HOCD032,1,1.0,200
stromal cell of ovary.,28,train_mean,0.2917000353336334,0.2066234648227691,conch,human,ovary,HOCD032,1,1.0,200
stromal cell.,487,image,0.3807175755500793,0.1144566982984542,conch,human,ovary,HOCD032,1,1.0,200
stromal cell.,487,train_mean,0.4439234435558319,0.1731283366680145,conch,human,ovary,HOCD032,1,1.0,200
B cell.,277,image,0.3081001937389374,0.1119313016533851,conch,human,ovary,HOCD032,2,1.0,200
B cell.,277,train_mean,0.4230978786945343,0.1875805556774139,conch,human,ovary,HOCD032,2,1.0,200
"CD14-positive, CD16-negative classical monocyte.",28,image,0.2170004546642303,0.1259010732173919,conch,human,ovary,HOCD032,2,1.0,200
"CD14-positive, CD16-negative classical monocyte.",28,train_mean,0.2382610589265823,0.2087939828634262,conch,human,ovary,HOCD032,2,1.0,200
"CD8-positive, alpha-beta T cell.",150,image,0.3328615427017212,0.1208977773785591,conch,human,ovary,HOCD032,2,1.0,200
"CD8-positive, alpha-beta T cell.",150,train_mean,0.3904053270816803,0.1996981650590896,conch,human,ovary,HOCD032,2,1.0,200
T cell.,181,image,0.2939728200435638,0.1040749847888946,conch,human,ovary,HOCD032,2,1.0,200
T cell.,181,train_mean,0.3766709864139557,0.178002193570137,conch,human,ovary,HOCD032,2,1.0,200
cultured cell.,239,image,0.3248908519744873,0.1656405478715896,conch,human,ovary,HOCD032,2,1.0,200
cultured cell.,239,train_mean,0.367038756608963,0.1959221512079239,conch,human,ovary,HOCD032,2,1.0,200
dendritic cell.,176,image,0.3439888954162597,0.129856988787651,conch,human,ovary,HOCD032,2,1.0,200
dendritic cell.,176,train_mean,0.4631511569023132,0.1617537587881088,conch,human,ovary,HOCD032,2,1.0,200
endothelial cell of vascular tree.,175,image,0.2832342386245727,0.1145350560545921,conch,human,ovary,HOCD032,2,1.0,200
endothelial cell of vascular tree.,175,train_mean,0.3765410482883453,0.1823131293058395,conch,human,ovary,HOCD032,2,1.0,200
endothelial cell.,4978,image,0.3843510150909424,0.1724625527858734,conch,human,ovary,HOCD032,2,1.0,200
endothelial cell.,4978,train_mean,0.4440886080265045,0.1845084726810455,conch,human,ovary,HOCD032,2,1.0,200
epithelial cell of lower respiratory tract.,92,image,0.3749425411224365,0.1657532006502151,conch,human,ovary,HOCD032,2,1.0,200
epithelial cell of lower respiratory tract.,92,train_mean,0.3904592394828796,0.1955890953540802,conch,human,ovary,HOCD032,2,1.0,200
epithelial cell.,401,image,0.3796872198581695,0.1873906999826431,conch,human,ovary,HOCD032,2,1.0,200
epithelial cell.,401,train_mean,0.4260811507701874,0.1994201838970184,conch,human,ovary,HOCD032,2,1.0,200
erythroblast.,44,image,0.3091760873794555,0.1404638886451721,conch,human,ovary,HOCD032,2,1.0,200
erythroblast.,44,train_mean,0.3659184277057647,0.1858742386102676,conch,human,ovary,HOCD032,2,1.0,200
erythroid lineage cell.,28,image,0.3261740207672119,0.2346964180469513,conch,human,ovary,HOCD032,2,1.0,200
erythroid lineage cell.,28,train_mean,0.364983320236206,0.2366442531347274,conch,human,ovary,HOCD032,2,1.0,200
fibroblast of cardiac tissue.,247,image,0.6638182401657104,0.081426627933979,conch,human,ovary,HOCD032,2,1.0,200
fibroblast of cardiac tissue.,247,train_mean,0.2714767158031463,0.1975616812705993,conch,human,ovary,HOCD032,2,1.0,200
fibroblast.,1191,image,0.6389941573143005,0.0865598618984222,conch,human,ovary,HOCD032,2,1.0,200
fibroblast.,1191,train_mean,0.3572746813297272,0.1840583384037017,conch,human,ovary,HOCD032,2,1.0,200
goblet cell.,21,image,0.3674691915512085,0.1386027932167053,conch,human,ovary,HOCD032,2,1.0,200
goblet cell.,21,train_mean,0.4262326061725616,0.1769988536834716,conch,human,ovary,HOCD032,2,1.0,200
innate lymphoid cell.,22,image,0.3194991946220398,0.1581447422504425,conch,human,ovary,HOCD032,2,1.0,200
innate lymphoid cell.,22,train_mean,0.3555837571620941,0.1919690519571304,conch,human,ovary,HOCD032,2,1.0,200
macrophage.,1405,image,0.3515797257423401,0.1197902634739875,conch,human,ovary,HOCD032,2,1.0,200
macrophage.,1405,train_mean,0.4383691251277923,0.1634275168180465,conch,human,ovary,HOCD032,2,1.0,200
malignant cell.,164,image,0.3811658322811126,0.1597817689180374,conch,human,ovary,HOCD032,2,1.0,200
malignant cell.,164,train_mean,0.4226678311824798,0.186354398727417,conch,human,ovary,HOCD032,2,1.0,200
microglial cell.,42,image,0.3174943625926971,0.1144435256719589,conch,human,ovary,HOCD032,2,1.0,200
microglial cell.,42,train_mean,0.3682229518890381,0.1840141266584396,conch,human,ovary,HOCD032,2,1.0,200
monocyte.,22,image,0.3239539861679077,0.1607245951890945,conch,human,ovary,HOCD032,2,1.0,200
monocyte.,22,train_mean,0.3719155788421631,0.1804544031620025,conch,human,ovary,HOCD032,2,1.0,200
myeloid cell.,204,image,0.3456699252128601,0.1190707013010978,conch,human,ovary,HOCD032,2,1.0,200
myeloid cell.,204,train_mean,0.4446465075016022,0.1678237169981002,conch,human,ovary,HOCD032,2,1.0,200
native cell.,94,image,0.3106320202350616,0.1276714503765106,conch,human,ovary,HOCD032,2,1.0,200
native cell.,94,train_mean,0.3405690491199493,0.1878992170095443,conch,human,ovary,HOCD032,2,1.0,200
natural killer cell.,73,image,0.3021168708801269,0.108564093708992,conch,human,ovary,HOCD032,2,1.0,200
natural killer cell.,73,train_mean,0.343805193901062,0.1858735829591751,conch,human,ovary,HOCD032,2,1.0,200
neutrophil.,32,image,0.2808625400066376,0.1453708559274673,conch,human,ovary,HOCD032,2,1.0,200
neutrophil.,32,train_mean,0.3909664154052734,0.1788403242826461,conch,human,ovary,HOCD032,2,1.0,200
pericyte.,20,image,0.6103041768074036,0.1012481972575187,conch,human,ovary,HOCD032,2,1.0,200
pericyte.,20,train_mean,0.2589820623397827,0.1972689181566238,conch,human,ovary,HOCD032,2,1.0,200
plasma cell.,236,image,0.3502452671527862,0.1409188359975814,conch,human,ovary,HOCD032,2,1.0,200
plasma cell.,236,train_mean,0.453881561756134,0.1728580892086029,conch,human,ovary,HOCD032,2,1.0,200
smooth muscle cell.,625,image,0.4887426197528839,0.105188749730587,conch,human,ovary,HOCD032,2,1.0,200
smooth muscle cell.,625,train_mean,0.4569705426692962,0.1701022088527679,conch,human,ovary,HOCD032,2,1.0,200
stromal cell of ovary.,28,image,0.3577713668346405,0.1287552863359451,conch,human,ovary,HOCD032,2,1.0,200
stromal cell of ovary.,28,train_mean,0.2917000353336334,0.2066234648227691,conch,human,ovary,HOCD032,2,1.0,200
stromal cell.,487,image,0.37493896484375,0.1130682602524757,conch,human,ovary,HOCD032,2,1.0,200
stromal cell.,487,train_mean,0.4439234435558319,0.1731283366680145,conch,human,ovary,HOCD032,2,1.0,200
"CD4-positive, alpha-beta T cell.",23,image,0.1819189488887787,0.1072427406907081,conch,human,ovary,HOCW023,0,1.0,200
"CD4-positive, alpha-beta T cell.",23,train_mean,0.0933584868907928,0.2560898065567016,conch,human,ovary,HOCW023,0,1.0,200
"CD8-positive, alpha-beta T cell.",114,image,0.1712652891874313,0.1060894653201103,conch,human,ovary,HOCW023,0,1.0,200
"CD8-positive, alpha-beta T cell.",114,train_mean,0.1110687553882598,0.2506648600101471,conch,human,ovary,HOCW023,0,1.0,200
GABAergic neuron.,66,image,0.2109444737434387,0.158936008810997,conch,human,ovary,HOCW023,0,1.0,200
GABAergic neuron.,66,train_mean,0.2509714663028717,0.2603110671043396,conch,human,ovary,HOCW023,0,1.0,200
T cell.,131,image,0.2493498623371124,0.1045805215835571,conch,human,ovary,HOCW023,0,1.0,200
T cell.,131,train_mean,0.2074805647134781,0.2487308531999588,conch,human,ovary,HOCW023,0,1.0,200
astrocyte.,56,image,0.3601504564285278,0.1247573792934417,conch,human,ovary,HOCW023,0,1.0,200
astrocyte.,56,train_mean,0.3546071946620941,0.2581751644611358,conch,human,ovary,HOCW023,0,1.0,200
cardiac muscle cell.,23,image,0.2759918570518493,0.0922323688864708,conch,human,ovary,HOCW023,0,1.0,200
cardiac muscle cell.,23,train_mean,0.2458770722150802,0.2536992728710174,conch,human,ovary,HOCW023,0,1.0,200
cardiac muscle myoblast.,59,image,0.2401176989078521,0.08799509704113,conch,human,ovary,HOCW023,0,1.0,200
cardiac muscle myoblast.,59,train_mean,0.1783484518527984,0.2573529779911041,conch,human,ovary,HOCW023,0,1.0,200
cortical cell of adrenal gland.,32,image,0.603852391242981,0.1500652134418487,conch,human,ovary,HOCW023,0,1.0,200
cortical cell of adrenal gland.,32,train_mean,0.5261163711547852,0.2433654963970184,conch,human,ovary,HOCW023,0,1.0,200
cultured cell.,190,image,0.6416535377502441,0.2039377391338348,conch,human,ovary,HOCW023,0,1.0,200
cultured cell.,190,train_mean,0.6166895627975464,0.1970752775669098,conch,human,ovary,HOCW023,0,1.0,200
endothelial cell of lymphatic vessel.,37,image,0.4624179005622864,0.1193127483129501,conch,human,ovary,HOCW023,0,1.0,200
endothelial cell of lymphatic vessel.,37,train_mean,0.5147161483764648,0.248903602361679,conch,human,ovary,HOCW023,0,1.0,200
endothelial cell of vascular tree.,673,image,0.6517239212989807,0.1439702659845352,conch,human,ovary,HOCW023,0,1.0,200
endothelial cell of vascular tree.,673,train_mean,0.650796115398407,0.2228949517011642,conch,human,ovary,HOCW023,0,1.0,200
endothelial cell.,2723,image,0.4564594328403473,0.1007139384746551,conch,human,ovary,HOCW023,0,1.0,200
endothelial cell.,2723,train_mean,0.3908762037754059,0.2420215308666229,conch,human,ovary,HOCW023,0,1.0,200
epithelial cell of lower respiratory tract.,1815,image,0.6622889637947083,0.2203064411878585,conch,human,ovary,HOCW023,0,1.0,200
epithelial cell of lower respiratory tract.,1815,train_mean,0.6351719498634338,0.1882579624652862,conch,human,ovary,HOCW023,0,1.0,200
epithelial cell of proximal tubule.,37,image,0.5552753210067749,0.1667910069227218,conch,human,ovary,HOCW023,0,1.0,200
epithelial cell of proximal tubule.,37,train_mean,0.5694988965988159,0.2188595533370971,conch,human,ovary,HOCW023,0,1.0,200
epithelial cell.,113,image,0.6769329309463501,0.1856443583965301,conch,human,ovary,HOCW023,0,1.0,200
epithelial cell.,113,train_mean,0.6738678812980652,0.1836758553981781,conch,human,ovary,HOCW023,0,1.0,200
erythroblast.,52,image,0.5647459030151367,0.2073765695095062,conch,human,ovary,HOCW023,0,1.0,200
erythroblast.,52,train_mean,0.5386942028999329,0.23265041410923,conch,human,ovary,HOCW023,0,1.0,200
fibroblast of cardiac tissue.,49,image,0.3224682509899139,0.0889001116156578,conch,human,ovary,HOCW023,0,1.0,200
fibroblast of cardiac tissue.,49,train_mean,0.2514571249485016,0.2543024718761444,conch,human,ovary,HOCW023,0,1.0,200
fibroblast.,540,image,0.5451677441596985,0.1006224751472473,conch,human,ovary,HOCW023,0,1.0,200
fibroblast.,540,train_mean,0.418171614408493,0.2274413704872131,conch,human,ovary,HOCW023,0,1.0,200
glutamatergic neuron.,113,image,0.4640537202358246,0.1185676902532577,conch,human,ovary,HOCW023,0,1.0,200
glutamatergic neuron.,113,train_mean,0.5149389505386353,0.2590065896511078,conch,human,ovary,HOCW023,0,1.0,200
goblet cell.,23,image,0.5454933643341064,0.1979508101940155,conch,human,ovary,HOCW023,0,1.0,200
goblet cell.,23,train_mean,0.5462554097175598,0.2060777097940445,conch,human,ovary,HOCW023,0,1.0,200
intestinal epithelial cell.,113,image,0.6952643394470215,0.2214275300502777,conch,human,ovary,HOCW023,0,1.0,200
intestinal epithelial cell.,113,train_mean,0.6598961353302002,0.1803169995546341,conch,human,ovary,HOCW023,0,1.0,200
kidney loop of Henle thick ascending limb epithelial cell.,87,image,0.3535729348659515,0.1076452136039733,conch,human,ovary,HOCW023,0,1.0,200
kidney loop of Henle thick ascending limb epithelial cell.,87,train_mean,0.387121319770813,0.2555336654186249,conch,human,ovary,HOCW023,0,1.0,200
kidney proximal convoluted tubule epithelial cell.,34,image,0.0738469213247299,0.1131400913000106,conch,human,ovary,HOCW023,0,1.0,200
kidney proximal convoluted tubule epithelial cell.,34,train_mean,0.0882362052798271,0.2613981664180755,conch,human,ovary,HOCW023,0,1.0,200
macrophage.,877,image,0.3404051661491394,0.1028295308351516,conch,human,ovary,HOCW023,0,1.0,200
macrophage.,877,train_mean,0.2821794748306274,0.2378760874271392,conch,human,ovary,HOCW023,0,1.0,200
microglial cell.,74,image,0.2086069136857986,0.1277497559785843,conch,human,ovary,HOCW023,0,1.0,200
microglial cell.,74,train_mean,0.2013524323701858,0.2506825029850006,conch,human,ovary,HOCW023,0,1.0,200
monocyte.,22,image,0.2589322924613952,0.1313030421733856,conch,human,ovary,HOCW023,0,1.0,200
monocyte.,22,train_mean,0.2040925025939941,0.2350961714982986,conch,human,ovary,HOCW023,0,1.0,200
myeloid cell.,36,image,0.3315086662769317,0.1038837060332298,conch,human,ovary,HOCW023,0,1.0,200
myeloid cell.,36,train_mean,0.3516483902931213,0.2369981706142425,conch,human,ovary,HOCW023,0,1.0,200
native cell.,430,image,0.6664148569107056,0.2151026874780655,conch,human,ovary,HOCW023,0,1.0,200
native cell.,430,train_mean,0.6188122630119324,0.1885635405778885,conch,human,ovary,HOCW023,0,1.0,200
natural killer cell.,21,image,0.1300432235002517,0.1388151943683624,conch,human,ovary,HOCW023,0,1.0,200
natural killer cell.,21,train_mean,0.1413780152797699,0.2527783513069153,conch,human,ovary,HOCW023,0,1.0,200
neutrophil.,56,image,0.2678035795688629,0.1399050056934356,conch,human,ovary,HOCW023,0,1.0,200
neutrophil.,56,train_mean,0.3490617573261261,0.2328707575798034,conch,human,ovary,HOCW023,0,1.0,200
smooth muscle cell.,851,image,0.3878009617328644,0.0967404618859291,conch,human,ovary,HOCW023,0,1.0,200
smooth muscle cell.,851,train_mean,0.2884102463722229,0.2453597784042358,conch,human,ovary,HOCW023,0,1.0,200
stromal cell.,2327,image,0.6341190338134766,0.0989327803254127,conch,human,ovary,HOCW023,0,1.0,200
stromal cell.,2327,train_mean,0.4941109120845794,0.2383796423673629,conch,human,ovary,HOCW023,0,1.0,200
"CD4-positive, alpha-beta T cell.",23,image,0.1950186342000961,0.1034347712993621,conch,human,ovary,HOCW023,1,1.0,200
"CD4-positive, alpha-beta T cell.",23,train_mean,0.0933584868907928,0.2560898065567016,conch,human,ovary,HOCW023,1,1.0,200
"CD8-positive, alpha-beta T cell.",114,image,0.1804831624031067,0.1004366651177406,conch,human,ovary,HOCW023,1,1.0,200
"CD8-positive, alpha-beta T cell.",114,train_mean,0.1110687553882598,0.2506648600101471,conch,human,ovary,HOCW023,1,1.0,200
GABAergic neuron.,66,image,0.2069202214479446,0.1555129140615463,conch,human,ovary,HOCW023,1,1.0,200
GABAergic neuron.,66,train_mean,0.2509714663028717,0.2603110671043396,conch,human,ovary,HOCW023,1,1.0,200
T cell.,131,image,0.2562172710895538,0.097933329641819,conch,human,ovary,HOCW023,1,1.0,200
T cell.,131,train_mean,0.2074805647134781,0.2487308531999588,conch,human,ovary,HOCW023,1,1.0,200
astrocyte.,56,image,0.3596948385238647,0.1165987774729728,conch,human,ovary,HOCW023,1,1.0,200
astrocyte.,56,train_mean,0.3546071946620941,0.2581751644611358,conch,human,ovary,HOCW023,1,1.0,200
cardiac muscle cell.,23,image,0.2750519216060638,0.0858150869607925,conch,human,ovary,HOCW023,1,1.0,200
cardiac muscle cell.,23,train_mean,0.2458770722150802,0.2536992728710174,conch,human,ovary,HOCW023,1,1.0,200
cardiac muscle myoblast.,59,image,0.2382145971059799,0.0798202604055404,conch,human,ovary,HOCW023,1,1.0,200
cardiac muscle myoblast.,59,train_mean,0.1783484518527984,0.2573529779911041,conch,human,ovary,HOCW023,1,1.0,200
cortical cell of adrenal gland.,32,image,0.6018688082695007,0.136648952960968,conch,human,ovary,HOCW023,1,1.0,200
cortical cell of adrenal gland.,32,train_mean,0.5261163711547852,0.2433654963970184,conch,human,ovary,HOCW023,1,1.0,200
cultured cell.,190,image,0.6408283114433289,0.1942064017057418,conch,human,ovary,HOCW023,1,1.0,200
cultured cell.,190,train_mean,0.6166895627975464,0.1970752775669098,conch,human,ovary,HOCW023,1,1.0,200
endothelial cell of lymphatic vessel.,37,image,0.4569849073886871,0.1127344816923141,conch,human,ovary,HOCW023,1,1.0,200
endothelial cell of lymphatic vessel.,37,train_mean,0.5147161483764648,0.248903602361679,conch,human,ovary,HOCW023,1,1.0,200
endothelial cell of vascular tree.,673,image,0.6466716527938843,0.1355195045471191,conch,human,ovary,HOCW023,1,1.0,200
endothelial cell of vascular tree.,673,train_mean,0.650796115398407,0.2228949517011642,conch,human,ovary,HOCW023,1,1.0,200
endothelial cell.,2723,image,0.459614634513855,0.0926639661192894,conch,human,ovary,HOCW023,1,1.0,200
endothelial cell.,2723,train_mean,0.3908762037754059,0.2420215308666229,conch,human,ovary,HOCW023,1,1.0,200
epithelial cell of lower respiratory tract.,1815,image,0.6604704260826111,0.2120770215988159,conch,human,ovary,HOCW023,1,1.0,200
epithelial cell of lower respiratory tract.,1815,train_mean,0.6351719498634338,0.1882579624652862,conch,human,ovary,HOCW023,1,1.0,200
epithelial cell of proximal tubule.,37,image,0.5517628788948059,0.1629646569490432,conch,human,ovary,HOCW023,1,1.0,200
epithelial cell of proximal tubule.,37,train_mean,0.5694988965988159,0.2188595533370971,conch,human,ovary,HOCW023,1,1.0,200
epithelial cell.,113,image,0.6757858395576477,0.1801223307847976,conch,human,ovary,HOCW023,1,1.0,200
epithelial cell.,113,train_mean,0.6738678812980652,0.1836758553981781,conch,human,ovary,HOCW023,1,1.0,200
erythroblast.,52,image,0.5632930994033813,0.2012999057769775,conch,human,ovary,HOCW023,1,1.0,200
erythroblast.,52,train_mean,0.5386942028999329,0.23265041410923,conch,human,ovary,HOCW023,1,1.0,200
fibroblast of cardiac tissue.,49,image,0.3204863667488098,0.0802386403083801,conch,human,ovary,HOCW023,1,1.0,200
fibroblast of cardiac tissue.,49,train_mean,0.2514571249485016,0.2543024718761444,conch,human,ovary,HOCW023,1,1.0,200
fibroblast.,540,image,0.5480042099952698,0.0946303531527519,conch,human,ovary,HOCW023,1,1.0,200
fibroblast.,540,train_mean,0.418171614408493,0.2274413704872131,conch,human,ovary,HOCW023,1,1.0,200
glutamatergic neuron.,113,image,0.4565992653369903,0.110437124967575,conch,human,ovary,HOCW023,1,1.0,200
glutamatergic neuron.,113,train_mean,0.5149389505386353,0.2590065896511078,conch,human,ovary,HOCW023,1,1.0,200
goblet cell.,23,image,0.5412663221359253,0.1945050656795501,conch,human,ovary,HOCW023,1,1.0,200
goblet cell.,23,train_mean,0.5462554097175598,0.2060777097940445,conch,human,ovary,HOCW023,1,1.0,200
intestinal epithelial cell.,113,image,0.6928496360778809,0.2124842256307602,conch,human,ovary,HOCW023,1,1.0,200
intestinal epithelial cell.,113,train_mean,0.6598961353302002,0.1803169995546341,conch,human,ovary,HOCW023,1,1.0,200
kidney loop of Henle thick ascending limb epithelial cell.,87,image,0.3430398404598236,0.0970301404595375,conch,human,ovary,HOCW023,1,1.0,200
kidney loop of Henle thick ascending limb epithelial cell.,87,train_mean,0.387121319770813,0.2555336654186249,conch,human,ovary,HOCW023,1,1.0,200
kidney proximal convoluted tubule epithelial cell.,34,image,0.0686204358935356,0.113931804895401,conch,human,ovary,HOCW023,1,1.0,200
kidney proximal convoluted tubule epithelial cell.,34,train_mean,0.0882362052798271,0.2613981664180755,conch,human,ovary,HOCW023,1,1.0,200
macrophage.,877,image,0.3372939825057983,0.0976270213723182,conch,human,ovary,HOCW023,1,1.0,200
macrophage.,877,train_mean,0.2821794748306274,0.2378760874271392,conch,human,ovary,HOCW023,1,1.0,200
microglial cell.,74,image,0.2003625482320785,0.1181297972798347,conch,human,ovary,HOCW023,1,1.0,200
microglial cell.,74,train_mean,0.2013524323701858,0.2506825029850006,conch,human,ovary,HOCW023,1,1.0,200
monocyte.,22,image,0.2574432790279388,0.1252427399158477,conch,human,ovary,HOCW023,1,1.0,200
monocyte.,22,train_mean,0.2040925025939941,0.2350961714982986,conch,human,ovary,HOCW023,1,1.0,200
myeloid cell.,36,image,0.3194382488727569,0.0972940921783447,conch,human,ovary,HOCW023,1,1.0,200
myeloid cell.,36,train_mean,0.3516483902931213,0.2369981706142425,conch,human,ovary,HOCW023,1,1.0,200
native cell.,430,image,0.6667384505271912,0.2070622146129608,conch,human,ovary,HOCW023,1,1.0,200
native cell.,430,train_mean,0.6188122630119324,0.1885635405778885,conch,human,ovary,HOCW023,1,1.0,200
natural killer cell.,21,image,0.1280093342065811,0.1290434747934341,conch,human,ovary,HOCW023,1,1.0,200
natural killer cell.,21,train_mean,0.1413780152797699,0.2527783513069153,conch,human,ovary,HOCW023,1,1.0,200
neutrophil.,56,image,0.2604095637798309,0.1315301656723022,conch,human,ovary,HOCW023,1,1.0,200
neutrophil.,56,train_mean,0.3490617573261261,0.2328707575798034,conch,human,ovary,HOCW023,1,1.0,200
smooth muscle cell.,851,image,0.3881255388259887,0.0893011018633842,conch,human,ovary,HOCW023,1,1.0,200
smooth muscle cell.,851,train_mean,0.2884102463722229,0.2453597784042358,conch,human,ovary,HOCW023,1,1.0,200
stromal cell.,2327,image,0.6348729729652405,0.0928843542933464,conch,human,ovary,HOCW023,1,1.0,200
stromal cell.,2327,train_mean,0.4941109120845794,0.2383796423673629,conch,human,ovary,HOCW023,1,1.0,200
"CD4-positive, alpha-beta T cell.",23,image,0.1962232738733291,0.0999607667326927,conch,human,ovary,HOCW023,2,1.0,200
"CD4-positive, alpha-beta T cell.",23,train_mean,0.0933584868907928,0.2560898065567016,conch,human,ovary,HOCW023,2,1.0,200
"CD8-positive, alpha-beta T cell.",114,image,0.1738683730363845,0.1003759130835533,conch,human,ovary,HOCW023,2,1.0,200
"CD8-positive, alpha-beta T cell.",114,train_mean,0.1110687553882598,0.2506648600101471,conch,human,ovary,HOCW023,2,1.0,200
GABAergic neuron.,66,image,0.2120373398065567,0.1523280888795852,conch,human,ovary,HOCW023,2,1.0,200
GABAergic neuron.,66,train_mean,0.2509714663028717,0.2603110671043396,conch,human,ovary,HOCW023,2,1.0,200
T cell.,131,image,0.2527090311050415,0.0986522510647773,conch,human,ovary,HOCW023,2,1.0,200
T cell.,131,train_mean,0.2074805647134781,0.2487308531999588,conch,human,ovary,HOCW023,2,1.0,200
astrocyte.,56,image,0.3647461831569671,0.1197211891412735,conch,human,ovary,HOCW023,2,1.0,200
astrocyte.,56,train_mean,0.3546071946620941,0.2581751644611358,conch,human,ovary,HOCW023,2,1.0,200
cardiac muscle cell.,23,image,0.2747724950313568,0.0881379023194313,conch,human,ovary,HOCW023,2,1.0,200
cardiac muscle cell.,23,train_mean,0.2458770722150802,0.2536992728710174,conch,human,ovary,HOCW023,2,1.0,200
cardiac muscle myoblast.,59,image,0.2365206778049469,0.0804505571722984,conch,human,ovary,HOCW023,2,1.0,200
cardiac muscle myoblast.,59,train_mean,0.1783484518527984,0.2573529779911041,conch,human,ovary,HOCW023,2,1.0,200
cortical cell of adrenal gland.,32,image,0.602745532989502,0.1396792382001876,conch,human,ovary,HOCW023,2,1.0,200
cortical cell of adrenal gland.,32,train_mean,0.5261163711547852,0.2433654963970184,conch,human,ovary,HOCW023,2,1.0,200
cultured cell.,190,image,0.6410559415817261,0.1965145170688629,conch,human,ovary,HOCW023,2,1.0,200
cultured cell.,190,train_mean,0.6166895627975464,0.1970752775669098,conch,human,ovary,HOCW023,2,1.0,200
endothelial cell of lymphatic vessel.,37,image,0.4575920701026916,0.1127040535211563,conch,human,ovary,HOCW023,2,1.0,200
endothelial cell of lymphatic vessel.,37,train_mean,0.5147161483764648,0.248903602361679,conch,human,ovary,HOCW023,2,1.0,200
endothelial cell of vascular tree.,673,image,0.6485440135002136,0.1363518238067627,conch,human,ovary,HOCW023,2,1.0,200
endothelial cell of vascular tree.,673,train_mean,0.650796115398407,0.2228949517011642,conch,human,ovary,HOCW023,2,1.0,200
endothelial cell.,2723,image,0.4646473228931427,0.0921907424926757,conch,human,ovary,HOCW023,2,1.0,200
endothelial cell.,2723,train_mean,0.3908762037754059,0.2420215308666229,conch,human,ovary,HOCW023,2,1.0,200
epithelial cell of lower respiratory tract.,1815,image,0.6608473658561707,0.2131920903921127,conch,human,ovary,HOCW023,2,1.0,200
epithelial cell of lower respiratory tract.,1815,train_mean,0.6351719498634338,0.1882579624652862,conch,human,ovary,HOCW023,2,1.0,200
epithelial cell of proximal tubule.,37,image,0.5522068738937378,0.1629962176084518,conch,human,ovary,HOCW023,2,1.0,200
epithelial cell of proximal tubule.,37,train_mean,0.5694988965988159,0.2188595533370971,conch,human,ovary,HOCW023,2,1.0,200
epithelial cell.,113,image,0.6737828254699707,0.1812988966703415,conch,human,ovary,HOCW023,2,1.0,200
epithelial cell.,113,train_mean,0.6738678812980652,0.1836758553981781,conch,human,ovary,HOCW023,2,1.0,200
erythroblast.,52,image,0.5633962750434875,0.1996333301067352,conch,human,ovary,HOCW023,2,1.0,200
erythroblast.,52,train_mean,0.5386942028999329,0.23265041410923,conch,human,ovary,HOCW023,2,1.0,200
fibroblast of cardiac tissue.,49,image,0.3243842124938965,0.0810334309935569,conch,human,ovary,HOCW023,2,1.0,200
fibroblast of cardiac tissue.,49,train_mean,0.2514571249485016,0.2543024718761444,conch,human,ovary,HOCW023,2,1.0,200
fibroblast.,540,image,0.5682419538497925,0.0926208272576332,conch,human,ovary,HOCW023,2,1.0,200
fibroblast.,540,train_mean,0.418171614408493,0.2274413704872131,conch,human,ovary,HOCW023,2,1.0,200
glutamatergic neuron.,113,image,0.4717053174972534,0.1117975562810897,conch,human,ovary,HOCW023,2,1.0,200
glutamatergic neuron.,113,train_mean,0.5149389505386353,0.2590065896511078,conch,human,ovary,HOCW023,2,1.0,200
goblet cell.,23,image,0.541947603225708,0.1957059800624847,conch,human,ovary,HOCW023,2,1.0,200
goblet cell.,23,train_mean,0.5462554097175598,0.2060777097940445,conch,human,ovary,HOCW023,2,1.0,200
intestinal epithelial cell.,113,image,0.693971574306488,0.2146174907684326,conch,human,ovary,HOCW023,2,1.0,200
intestinal epithelial cell.,113,train_mean,0.6598961353302002,0.1803169995546341,conch,human,ovary,HOCW023,2,1.0,200
kidney loop of Henle thick ascending limb epithelial cell.,87,image,0.3477603197097778,0.0993816703557968,conch,human,ovary,HOCW023,2,1.0,200
kidney loop of Henle thick ascending limb epithelial cell.,87,train_mean,0.387121319770813,0.2555336654186249,conch,human,ovary,HOCW023,2,1.0,200
kidney proximal convoluted tubule epithelial cell.,34,image,0.0774331912398338,0.1114561259746551,conch,human,ovary,HOCW023,2,1.0,200
kidney proximal convoluted tubule epithelial cell.,34,train_mean,0.0882362052798271,0.2613981664180755,conch,human,ovary,HOCW023,2,1.0,200
macrophage.,877,image,0.3383282423019409,0.0966636762022972,conch,human,ovary,HOCW023,2,1.0,200
macrophage.,877,train_mean,0.2821794748306274,0.2378760874271392,conch,human,ovary,HOCW023,2,1.0,200
microglial cell.,74,image,0.2041780948638916,0.1201028674840927,conch,human,ovary,HOCW023,2,1.0,200
microglial cell.,74,train_mean,0.2013524323701858,0.2506825029850006,conch,human,ovary,HOCW023,2,1.0,200
monocyte.,22,image,0.2542603611946106,0.1201678961515426,conch,human,ovary,HOCW023,2,1.0,200
monocyte.,22,train_mean,0.2040925025939941,0.2350961714982986,conch,human,ovary,HOCW023,2,1.0,200
myeloid cell.,36,image,0.3200902044773102,0.0974882543087005,conch,human,ovary,HOCW023,2,1.0,200
myeloid cell.,36,train_mean,0.3516483902931213,0.2369981706142425,conch,human,ovary,HOCW023,2,1.0,200
native cell.,430,image,0.6670005321502686,0.2089990228414535,conch,human,ovary,HOCW023,2,1.0,200
native cell.,430,train_mean,0.6188122630119324,0.1885635405778885,conch,human,ovary,HOCW023,2,1.0,200
natural killer cell.,21,image,0.1270565092563629,0.1279944777488708,conch,human,ovary,HOCW023,2,1.0,200
natural killer cell.,21,train_mean,0.1413780152797699,0.2527783513069153,conch,human,ovary,HOCW023,2,1.0,200
neutrophil.,56,image,0.2613173425197601,0.1307913064956665,conch,human,ovary,HOCW023,2,1.0,200
neutrophil.,56,train_mean,0.3490617573261261,0.2328707575798034,conch,human,ovary,HOCW023,2,1.0,200
smooth muscle cell.,851,image,0.3953598141670227,0.0889373049139976,conch,human,ovary,HOCW023,2,1.0,200
smooth muscle cell.,851,train_mean,0.2884102463722229,0.2453597784042358,conch,human,ovary,HOCW023,2,1.0,200
stromal cell.,2327,image,0.6486952304840088,0.0931804552674293,conch,human,ovary,HOCW023,2,1.0,200
stromal cell.,2327,train_mean,0.4941109120845794,0.2383796423673629,conch,human,ovary,HOCW023,2,1.0,200
B cell.,193,image,0.3591220378875732,0.1520472019910812,conch,human,breast,HBCA041,0,1.0,190
B cell.,193,train_mean,0.2778754830360412,0.1668358594179153,conch,human,breast,HBCA041,0,1.0,190
"CD8-positive, alpha-beta T cell.",55,image,0.4703423976898193,0.1118239685893058,conch,human,breast,HBCA041,0,1.0,190
"CD8-positive, alpha-beta T cell.",55,train_mean,0.3126635551452636,0.1342225521802902,conch,human,breast,HBCA041,0,1.0,190
T cell.,399,image,0.4557400345802307,0.1594683080911636,conch,human,breast,HBCA041,0,1.0,190
T cell.,399,train_mean,0.2968369424343109,0.1794883161783218,conch,human,breast,HBCA041,0,1.0,190
basal cell of epidermis.,100,image,0.4480549991130829,0.2040668129920959,conch,human,breast,HBCA041,0,1.0,190
basal cell of epidermis.,100,train_mean,0.4018328487873077,0.2084210067987442,conch,human,breast,HBCA041,0,1.0,190
basal cell of epithelium of bronchus.,28,image,0.5818365812301636,0.1606460213661193,conch,human,breast,HBCA041,0,1.0,190
basal cell of epithelium of bronchus.,28,train_mean,0.5251670479774475,0.1681631356477737,conch,human,breast,HBCA041,0,1.0,190
basal cell of prostate epithelium.,31,image,0.5729427337646484,0.1677520275115966,conch,human,breast,HBCA041,0,1.0,190
basal cell of prostate epithelium.,31,train_mean,0.5308259129524231,0.1695446521043777,conch,human,breast,HBCA041,0,1.0,190
basal cell.,123,image,0.660590410232544,0.2012674361467361,conch,human,breast,HBCA041,0,1.0,190
basal cell.,123,train_mean,0.6258484721183777,0.2176185548305511,conch,human,breast,HBCA041,0,1.0,190
ciliated cell of the bronchus.,33,image,0.7645426988601685,0.214770570397377,conch,human,breast,HBCA041,0,1.0,190
ciliated cell of the bronchus.,33,train_mean,0.5642087459564209,0.2718067765235901,conch,human,breast,HBCA041,0,1.0,190
ciliated cell.,455,image,0.7767791152000427,0.2553551793098449,conch,human,breast,HBCA041,0,1.0,190
ciliated cell.,455,train_mean,0.5639753937721252,0.3192411363124847,conch,human,breast,HBCA041,0,1.0,190
classical monocyte.,42,image,0.5832498073577881,0.0861258879303932,conch,human,breast,HBCA041,0,1.0,190
classical monocyte.,42,train_mean,0.4182304143905639,0.1123514175415039,conch,human,breast,HBCA041,0,1.0,190
cultured cell.,1639,image,0.7837949991226196,0.2486912310123443,conch,human,breast,HBCA041,0,1.0,190
cultured cell.,1639,train_mean,0.5967587232589722,0.3046150803565979,conch,human,breast,HBCA041,0,1.0,190
dendritic cell.,41,image,0.6277313232421875,0.1443647444248199,conch,human,breast,HBCA041,0,1.0,190
dendritic cell.,41,train_mean,0.5750877261161804,0.1509145498275756,conch,human,breast,HBCA041,0,1.0,190
endothelial cell.,761,image,0.6926912665367126,0.1754510253667831,conch,human,breast,HBCA041,0,1.0,190
endothelial cell.,761,train_mean,0.5926511287689209,0.1963004320859909,conch,human,breast,HBCA041,0,1.0,190
epithelial cell of lower respiratory tract.,69,image,0.7616904377937317,0.1776879429817199,conch,human,breast,HBCA041,0,1.0,190
epithelial cell of lower respiratory tract.,69,train_mean,0.6801810264587402,0.2000712305307388,conch,human,breast,HBCA041,0,1.0,190
epithelial cell.,23,image,0.7048786878585815,0.136753037571907,conch,human,breast,HBCA041,0,1.0,190
epithelial cell.,23,train_mean,0.6943747997283936,0.1413677781820297,conch,human,breast,HBCA041,0,1.0,190
fibroblast of cardiac tissue.,62,image,0.824296772480011,0.1376148164272308,conch,human,breast,HBCA041,0,1.0,190
fibroblast of cardiac tissue.,62,train_mean,0.7246034145355225,0.1606277376413345,conch,human,breast,HBCA041,0,1.0,190
fibroblast.,2101,image,0.8307819962501526,0.2047132700681686,conch,human,breast,HBCA041,0,1.0,190
fibroblast.,2101,train_mean,0.7286816835403442,0.2423682659864425,conch,human,breast,HBCA041,0,1.0,190
goblet cell.,1880,image,0.765934944152832,0.2755680978298187,conch,human,breast,HBCA041,0,1.0,190
goblet cell.,1880,train_mean,0.554466187953949,0.3410248458385467,conch,human,breast,HBCA041,0,1.0,190
immature innate lymphoid cell.,35,image,0.8813756108283997,0.1459081321954727,conch,human,breast,HBCA041,0,1.0,190
immature innate lymphoid cell.,35,train_mean,0.7243942022323608,0.1860017925500869,conch,human,breast,HBCA041,0,1.0,190
macrophage.,1139,image,0.8204075694084167,0.1300958842039108,conch,human,breast,HBCA041,0,1.0,190
macrophage.,1139,train_mean,0.628462016582489,0.1675280183553695,conch,human,breast,HBCA041,0,1.0,190
mammary alveolar cell.,235,image,0.7981334924697876,0.2671902179718017,conch,human,breast,HBCA041,0,1.0,190
mammary alveolar cell.,235,train_mean,0.808124303817749,0.2959415912628174,conch,human,breast,HBCA041,0,1.0,190
mast cell.,33,image,0.6649155020713806,0.1345168501138687,conch,human,breast,HBCA041,0,1.0,190
mast cell.,33,train_mean,0.6164655685424805,0.1430969387292862,conch,human,breast,HBCA041,0,1.0,190
monocyte.,24,image,0.5744224190711975,0.1179508194327354,conch,human,breast,HBCA041,0,1.0,190
monocyte.,24,train_mean,0.3906784653663635,0.1424338519573211,conch,human,breast,HBCA041,0,1.0,190
native cell.,21,image,0.8041051626205444,0.2134463042020797,conch,human,breast,HBCA041,0,1.0,190
native cell.,21,train_mean,0.6743981838226318,0.2391704022884369,conch,human,breast,HBCA041,0,1.0,190
natural killer cell.,96,image,0.5257298350334167,0.1470581144094467,conch,human,breast,HBCA041,0,1.0,190
natural killer cell.,96,train_mean,0.349100261926651,0.1683151721954345,conch,human,breast,HBCA041,0,1.0,190
secretory cell.,1358,image,0.7564942836761475,0.2557207942008972,conch,human,breast,HBCA041,0,1.0,190
secretory cell.,1358,train_mean,0.6547399759292603,0.3000072240829468,conch,human,breast,HBCA041,0,1.0,190
smooth muscle cell.,155,image,0.8052732348442078,0.0996564701199531,conch,human,breast,HBCA041,0,1.0,190
smooth muscle cell.,155,train_mean,0.7215705513954163,0.1174553856253624,conch,human,breast,HBCA041,0,1.0,190
stratified epithelial cell.,314,image,0.7485476136207581,0.2189221233129501,conch,human,breast,HBCA041,0,1.0,190
stratified epithelial cell.,314,train_mean,0.572983980178833,0.263555645942688,conch,human,breast,HBCA041,0,1.0,190
stromal cell.,215,image,0.7421355843544006,0.1319586038589477,conch,human,breast,HBCA041,0,1.0,190
stromal cell.,215,train_mean,0.6726556420326233,0.146063283085823,conch,human,breast,HBCA041,0,1.0,190
tracheal goblet cell.,86,image,0.7221057415008545,0.2573440372943878,conch,human,breast,HBCA041,0,1.0,190
tracheal goblet cell.,86,train_mean,0.5105069279670715,0.3127169609069824,conch,human,breast,HBCA041,0,1.0,190
B cell.,193,image,0.3609452247619629,0.1519089639186859,conch,human,breast,HBCA041,1,1.0,190
B cell.,193,train_mean,0.2778754830360412,0.1668358594179153,conch,human,breast,HBCA041,1,1.0,190
"CD8-positive, alpha-beta T cell.",55,image,0.4699331820011139,0.1125428155064582,conch,human,breast,HBCA041,1,1.0,190
"CD8-positive, alpha-beta T cell.",55,train_mean,0.3126635551452636,0.1342225521802902,conch,human,breast,HBCA041,1,1.0,190
T cell.,399,image,0.4553791582584381,0.1594864130020141,conch,human,breast,HBCA041,1,1.0,190
T cell.,399,train_mean,0.2968369424343109,0.1794883161783218,conch,human,breast,HBCA041,1,1.0,190
basal cell of epidermis.,100,image,0.4451668560504913,0.2047808617353439,conch,human,breast,HBCA041,1,1.0,190
basal cell of epidermis.,100,train_mean,0.4018328487873077,0.2084210067987442,conch,human,breast,HBCA041,1,1.0,190
basal cell of epithelium of bronchus.,28,image,0.5812621116638184,0.1609120666980743,conch,human,breast,HBCA041,1,1.0,190
basal cell of epithelium of bronchus.,28,train_mean,0.5251670479774475,0.1681631356477737,conch,human,breast,HBCA041,1,1.0,190
basal cell of prostate epithelium.,31,image,0.5737887024879456,0.1683088541030883,conch,human,breast,HBCA041,1,1.0,190
basal cell of prostate epithelium.,31,train_mean,0.5308259129524231,0.1695446521043777,conch,human,breast,HBCA041,1,1.0,190
basal cell.,123,image,0.6587700843811035,0.2010914534330368,conch,human,breast,HBCA041,1,1.0,190
basal cell.,123,train_mean,0.6258484721183777,0.2176185548305511,conch,human,breast,HBCA041,1,1.0,190
ciliated cell of the bronchus.,33,image,0.7626604437828064,0.2146034836769104,conch,human,breast,HBCA041,1,1.0,190
ciliated cell of the bronchus.,33,train_mean,0.5642087459564209,0.2718067765235901,conch,human,breast,HBCA041,1,1.0,190
ciliated cell.,455,image,0.7729170918464661,0.2553651630878448,conch,human,breast,HBCA041,1,1.0,190
ciliated cell.,455,train_mean,0.5639753937721252,0.3192411363124847,conch,human,breast,HBCA041,1,1.0,190
classical monocyte.,42,image,0.5818081498146057,0.0863696858286857,conch,human,breast,HBCA041,1,1.0,190
classical monocyte.,42,train_mean,0.4182304143905639,0.1123514175415039,conch,human,breast,HBCA041,1,1.0,190
cultured cell.,1639,image,0.7785930037498474,0.2487900704145431,conch,human,breast,HBCA041,1,1.0,190
cultured cell.,1639,train_mean,0.5967587232589722,0.3046150803565979,conch,human,breast,HBCA041,1,1.0,190
dendritic cell.,41,image,0.628897488117218,0.1439413577318191,conch,human,breast,HBCA041,1,1.0,190
dendritic cell.,41,train_mean,0.5750877261161804,0.1509145498275756,conch,human,breast,HBCA041,1,1.0,190
endothelial cell.,761,image,0.6934636831283569,0.1746881306171417,conch,human,breast,HBCA041,1,1.0,190
endothelial cell.,761,train_mean,0.5926511287689209,0.1963004320859909,conch,human,breast,HBCA041,1,1.0,190
epithelial cell of lower respiratory tract.,69,image,0.758476197719574,0.1782549023628235,conch,human,breast,HBCA041,1,1.0,190
epithelial cell of lower respiratory tract.,69,train_mean,0.6801810264587402,0.2000712305307388,conch,human,breast,HBCA041,1,1.0,190
epithelial cell.,23,image,0.7021695971488953,0.1370049118995666,conch,human,breast,HBCA041,1,1.0,190
epithelial cell.,23,train_mean,0.6943747997283936,0.1413677781820297,conch,human,breast,HBCA041,1,1.0,190
fibroblast of cardiac tissue.,62,image,0.8287661671638489,0.1353239566087722,conch,human,breast,HBCA041,1,1.0,190
fibroblast of cardiac tissue.,62,train_mean,0.7246034145355225,0.1606277376413345,conch,human,breast,HBCA041,1,1.0,190
fibroblast.,2101,image,0.830075204372406,0.2041311264038086,conch,human,breast,HBCA041,1,1.0,190
fibroblast.,2101,train_mean,0.7286816835403442,0.2423682659864425,conch,human,breast,HBCA041,1,1.0,190
goblet cell.,1880,image,0.7625051140785217,0.2752988040447235,conch,human,breast,HBCA041,1,1.0,190
goblet cell.,1880,train_mean,0.554466187953949,0.3410248458385467,conch,human,breast,HBCA041,1,1.0,190
immature innate lymphoid cell.,35,image,0.8821980953216553,0.145656943321228,conch,human,breast,HBCA041,1,1.0,190
immature innate lymphoid cell.,35,train_mean,0.7243942022323608,0.1860017925500869,conch,human,breast,HBCA041,1,1.0,190
macrophage.,1139,image,0.8167741298675537,0.1303663998842239,conch,human,breast,HBCA041,1,1.0,190
macrophage.,1139,train_mean,0.628462016582489,0.1675280183553695,conch,human,breast,HBCA041,1,1.0,190
mammary alveolar cell.,235,image,0.7987552881240845,0.2658527195453644,conch,human,breast,HBCA041,1,1.0,190
mammary alveolar cell.,235,train_mean,0.808124303817749,0.2959415912628174,conch,human,breast,HBCA041,1,1.0,190
mast cell.,33,image,0.6638994216918945,0.1346354633569717,conch,human,breast,HBCA041,1,1.0,190
mast cell.,33,train_mean,0.6164655685424805,0.1430969387292862,conch,human,breast,HBCA041,1,1.0,190
monocyte.,24,image,0.5753759741783142,0.1178999096155166,conch,human,breast,HBCA041,1,1.0,190
monocyte.,24,train_mean,0.3906784653663635,0.1424338519573211,conch,human,breast,HBCA041,1,1.0,190
native cell.,21,image,0.8063136339187622,0.2127367258071899,conch,human,breast,HBCA041,1,1.0,190
native cell.,21,train_mean,0.6743981838226318,0.2391704022884369,conch,human,breast,HBCA041,1,1.0,190
natural killer cell.,96,image,0.5218955874443054,0.1475564539432525,conch,human,breast,HBCA041,1,1.0,190
natural killer cell.,96,train_mean,0.349100261926651,0.1683151721954345,conch,human,breast,HBCA041,1,1.0,190
secretory cell.,1358,image,0.7552649974822998,0.2549046277999878,conch,human,breast,HBCA041,1,1.0,190
secretory cell.,1358,train_mean,0.6547399759292603,0.3000072240829468,conch,human,breast,HBCA041,1,1.0,190
smooth muscle cell.,155,image,0.8043268322944641,0.0997852385044097,conch,human,breast,HBCA041,1,1.0,190
smooth muscle cell.,155,train_mean,0.7215705513954163,0.1174553856253624,conch,human,breast,HBCA041,1,1.0,190
stratified epithelial cell.,314,image,0.7428981065750122,0.2196773290634155,conch,human,breast,HBCA041,1,1.0,190
stratified epithelial cell.,314,train_mean,0.572983980178833,0.263555645942688,conch,human,breast,HBCA041,1,1.0,190
stromal cell.,215,image,0.7390023469924927,0.1324498057365417,conch,human,breast,HBCA041,1,1.0,190
stromal cell.,215,train_mean,0.6726556420326233,0.146063283085823,conch,human,breast,HBCA041,1,1.0,190
tracheal goblet cell.,86,image,0.7183593511581421,0.2576137185096741,conch,human,breast,HBCA041,1,1.0,190
tracheal goblet cell.,86,train_mean,0.5105069279670715,0.3127169609069824,conch,human,breast,HBCA041,1,1.0,190
B cell.,193,image,0.3558781743049621,0.1524532735347747,conch,human,breast,HBCA041,2,1.0,190
B cell.,193,train_mean,0.2778754830360412,0.1668358594179153,conch,human,breast,HBCA041,2,1.0,190
"CD8-positive, alpha-beta T cell.",55,image,0.4691703617572784,0.1130918785929679,conch,human,breast,HBCA041,2,1.0,190
"CD8-positive, alpha-beta T cell.",55,train_mean,0.3126635551452636,0.1342225521802902,conch,human,breast,HBCA041,2,1.0,190
T cell.,399,image,0.4541997909545898,0.1595892608165741,conch,human,breast,HBCA041,2,1.0,190
T cell.,399,train_mean,0.2968369424343109,0.1794883161783218,conch,human,breast,HBCA041,2,1.0,190
basal cell of epidermis.,100,image,0.4483236372470855,0.2044769525527954,conch,human,breast,HBCA041,2,1.0,190
basal cell of epidermis.,100,train_mean,0.4018328487873077,0.2084210067987442,conch,human,breast,HBCA041,2,1.0,190
basal cell of epithelium of bronchus.,28,image,0.5834275484085083,0.1606939285993576,conch,human,breast,HBCA041,2,1.0,190
basal cell of epithelium of bronchus.,28,train_mean,0.5251670479774475,0.1681631356477737,conch,human,breast,HBCA041,2,1.0,190
basal cell of prostate epithelium.,31,image,0.5735558271408081,0.1684565842151641,conch,human,breast,HBCA041,2,1.0,190
basal cell of prostate epithelium.,31,train_mean,0.5308259129524231,0.1695446521043777,conch,human,breast,HBCA041,2,1.0,190
basal cell.,123,image,0.6617937088012695,0.200309619307518,conch,human,breast,HBCA041,2,1.0,190
basal cell.,123,train_mean,0.6258484721183777,0.2176185548305511,conch,human,breast,HBCA041,2,1.0,190
ciliated cell of the bronchus.,33,image,0.7630041241645813,0.2144811302423477,conch,human,breast,HBCA041,2,1.0,190
ciliated cell of the bronchus.,33,train_mean,0.5642087459564209,0.2718067765235901,conch,human,breast,HBCA041,2,1.0,190
ciliated cell.,455,image,0.774135410785675,0.2547192573547363,conch,human,breast,HBCA041,2,1.0,190
ciliated cell.,455,train_mean,0.5639753937721252,0.3192411363124847,conch,human,breast,HBCA041,2,1.0,190
classical monocyte.,42,image,0.580346405506134,0.0874481871724128,conch,human,breast,HBCA041,2,1.0,190
classical monocyte.,42,train_mean,0.4182304143905639,0.1123514175415039,conch,human,breast,HBCA041,2,1.0,190
cultured cell.,1639,image,0.7818952202796936,0.2474326193332672,conch,human,breast,HBCA041,2,1.0,190
cultured cell.,1639,train_mean,0.5967587232589722,0.3046150803565979,conch,human,breast,HBCA041,2,1.0,190
dendritic cell.,41,image,0.6262633204460144,0.144153207540512,conch,human,breast,HBCA041,2,1.0,190
dendritic cell.,41,train_mean,0.5750877261161804,0.1509145498275756,conch,human,breast,HBCA041,2,1.0,190
endothelial cell.,761,image,0.6946473121643066,0.1747574657201767,conch,human,breast,HBCA041,2,1.0,190
endothelial cell.,761,train_mean,0.5926511287689209,0.1963004320859909,conch,human,breast,HBCA041,2,1.0,190
epithelial cell of lower respiratory tract.,69,image,0.7611501812934875,0.1768469363451004,conch,human,breast,HBCA041,2,1.0,190
epithelial cell of lower respiratory tract.,69,train_mean,0.6801810264587402,0.2000712305307388,conch,human,breast,HBCA041,2,1.0,190
epithelial cell.,23,image,0.7098615765571594,0.1355460584163665,conch,human,breast,HBCA041,2,1.0,190
epithelial cell.,23,train_mean,0.6943747997283936,0.1413677781820297,conch,human,breast,HBCA041,2,1.0,190
fibroblast of cardiac tissue.,62,image,0.826175332069397,0.1366599947214126,conch,human,breast,HBCA041,2,1.0,190
fibroblast of cardiac tissue.,62,train_mean,0.7246034145355225,0.1606277376413345,conch,human,breast,HBCA041,2,1.0,190
fibroblast.,2101,image,0.8303889036178589,0.2039788961410522,conch,human,breast,HBCA041,2,1.0,190
fibroblast.,2101,train_mean,0.7286816835403442,0.2423682659864425,conch,human,breast,HBCA041,2,1.0,190
goblet cell.,1880,image,0.7636960744857788,0.2744573652744293,conch,human,breast,HBCA041,2,1.0,190
goblet cell.,1880,train_mean,0.554466187953949,0.3410248458385467,conch,human,breast,HBCA041,2,1.0,190
immature innate lymphoid cell.,35,image,0.879520833492279,0.146069049835205,conch,human,breast,HBCA041,2,1.0,190
immature innate lymphoid cell.,35,train_mean,0.7243942022323608,0.1860017925500869,conch,human,breast,HBCA041,2,1.0,190
macrophage.,1139,image,0.8187500238418579,0.1297860145568847,conch,human,breast,HBCA041,2,1.0,190
macrophage.,1139,train_mean,0.628462016582489,0.1675280183553695,conch,human,breast,HBCA041,2,1.0,190
mammary alveolar cell.,235,image,0.7989158034324646,0.2653529942035675,conch,human,breast,HBCA041,2,1.0,190
mammary alveolar cell.,235,train_mean,0.808124303817749,0.2959415912628174,conch,human,breast,HBCA041,2,1.0,190
mast cell.,33,image,0.6643690466880798,0.134565070271492,conch,human,breast,HBCA041,2,1.0,190
mast cell.,33,train_mean,0.6164655685424805,0.1430969387292862,conch,human,breast,HBCA041,2,1.0,190
monocyte.,24,image,0.5717929005622864,0.1183117479085922,conch,human,breast,HBCA041,2,1.0,190
monocyte.,24,train_mean,0.3906784653663635,0.1424338519573211,conch,human,breast,HBCA041,2,1.0,190
native cell.,21,image,0.8004717826843262,0.2140169292688369,conch,human,breast,HBCA041,2,1.0,190
native cell.,21,train_mean,0.6743981838226318,0.2391704022884369,conch,human,breast,HBCA041,2,1.0,190
natural killer cell.,96,image,0.5238154530525208,0.1474377065896988,conch,human,breast,HBCA041,2,1.0,190
natural killer cell.,96,train_mean,0.349100261926651,0.1683151721954345,conch,human,breast,HBCA041,2,1.0,190
secretory cell.,1358,image,0.7557536959648132,0.2545265853404999,conch,human,breast,HBCA041,2,1.0,190
secretory cell.,1358,train_mean,0.6547399759292603,0.3000072240829468,conch,human,breast,HBCA041,2,1.0,190
smooth muscle cell.,155,image,0.8051854372024536,0.0996349230408668,conch,human,breast,HBCA041,2,1.0,190
smooth muscle cell.,155,train_mean,0.7215705513954163,0.1174553856253624,conch,human,breast,HBCA041,2,1.0,190
stratified epithelial cell.,314,image,0.7467455863952637,0.2183418273925781,conch,human,breast,HBCA041,2,1.0,190
stratified epithelial cell.,314,train_mean,0.572983980178833,0.263555645942688,conch,human,breast,HBCA041,2,1.0,190
stromal cell.,215,image,0.7417382597923279,0.131873220205307,conch,human,breast,HBCA041,2,1.0,190
stromal cell.,215,train_mean,0.6726556420326233,0.146063283085823,conch,human,breast,HBCA041,2,1.0,190
tracheal goblet cell.,86,image,0.7206932902336121,0.2564888596534729,conch,human,breast,HBCA041,2,1.0,190
tracheal goblet cell.,86,train_mean,0.5105069279670715,0.3127169609069824,conch,human,breast,HBCA041,2,1.0,190
"Analyze the following list of 200 genes sorted by decreasing expression levels in a Human cell and determine its cell type.
Cell sentence:.
Based on these genes, the corresponding cell type is: neuron.",35,image,,0.197577953338623,conch,human,breast,HBCH024,0,1.0,192
"Analyze the following list of 200 genes sorted by decreasing expression levels in a Human cell and determine its cell type.
Cell sentence:.
Based on these genes, the corresponding cell type is: neuron.",35,train_mean,,0.25054931640625,conch,human,breast,HBCH024,0,1.0,192
B cell.,149,image,0.0724668577313423,0.1819678395986557,conch,human,breast,HBCH024,0,1.0,192
B cell.,149,train_mean,-0.0680212825536727,0.2487321496009826,conch,human,breast,HBCH024,0,1.0,192
"Below is a list of 200 gene names in order of descending expression level from a Human cell. Based on this, predict what the cell type of this cell is.
Cell sentence:.
These genes are most likely associated with cell type: neuron.",29,image,,0.1757015734910965,conch,human,breast,HBCH024,0,1.0,192
"Below is a list of 200 gene names in order of descending expression level from a Human cell. Based on this, predict what the cell type of this cell is.
Cell sentence:.
These genes are most likely associated with cell type: neuron.",29,train_mean,,0.25054931640625,conch,human,breast,HBCH024,0,1.0,192
"Below is a list of 200 gene names sorted by descending expression in a Human cell. Determine the cell type of this cell from its expressed genes.
Cell sentence:.
The associated cell type for these genes appears to be: neuron.",29,image,,0.1880775392055511,conch,human,breast,HBCH024,0,1.0,192
"Below is a list of 200 gene names sorted by descending expression in a Human cell. Determine the cell type of this cell from its expressed genes.
Cell sentence:.
The associated cell type for these genes appears to be: neuron.",29,train_mean,,0.25054931640625,conch,human,breast,HBCH024,0,1.0,192
"Below is a list of 200 genes ordered by descending expression in a Human cell. Use this information to determine the cell type.
Cell sentence:.
These genes suggest the cell type is most likely: neuron.",43,image,,0.1935906261205673,conch,human,breast,HBCH024,0,1.0,192
"Below is a list of 200 genes ordered by descending expression in a Human cell. Use this information to determine the cell type.
Cell sentence:.
These genes suggest the cell type is most likely: neuron.",43,train_mean,,0.2505493462085724,conch,human,breast,HBCH024,0,1.0,192
"CD4-positive, alpha-beta T cell.",213,image,0.1504881680011749,0.1847265809774398,conch,human,breast,HBCH024,0,1.0,192
"CD4-positive, alpha-beta T cell.",213,train_mean,-0.0077851302921772,0.2484293431043625,conch,human,breast,HBCH024,0,1.0,192
"CD8-positive, alpha-beta T cell.",456,image,0.110261395573616,0.185359314084053,conch,human,breast,HBCH024,0,1.0,192
"CD8-positive, alpha-beta T cell.",456,train_mean,-0.0299388505518436,0.2478045225143432,conch,human,breast,HBCH024,0,1.0,192
"Examine the list of 200 gene names sorted by decreasing expression in a Human cell, and from this, identify its cell type.
Cell sentence:.
These genes are commonly found in cell type: neuron.",31,image,,0.1841971129179,conch,human,breast,HBCH024,0,1.0,192
"Examine the list of 200 gene names sorted by decreasing expression in a Human cell, and from this, identify its cell type.
Cell sentence:.
These genes are commonly found in cell type: neuron.",31,train_mean,,0.25054931640625,conch,human,breast,HBCH024,0,1.0,192
"From the list of 200 gene names ordered by decreasing expression level in a Human cell, infer the cell type of the cell.
Cell sentence:.
These genes suggest the cell type is most likely: neuron.",33,image,,0.1924154460430145,conch,human,breast,HBCH024,0,1.0,192
"From the list of 200 gene names ordered by decreasing expression level in a Human cell, infer the cell type of the cell.
Cell sentence:.
These genes suggest the cell type is most likely: neuron.",33,train_mean,,0.25054931640625,conch,human,breast,HBCH024,0,1.0,192
"From the list of 200 gene names sorted by decreasing expression levels in a Human cell, predict the cell type.
Cell sentence:.
The genes provided are most commonly expressed in cell type: neuron.",34,image,,0.1736036241054535,conch,human,breast,HBCH024,0,1.0,192
"From the list of 200 gene names sorted by decreasing expression levels in a Human cell, predict the cell type.
Cell sentence:.
The genes provided are most commonly expressed in cell type: neuron.",34,train_mean,,0.25054931640625,conch,human,breast,HBCH024,0,1.0,192
GABAergic neuron.,175,image,0.2039543390274047,0.2168913334608078,conch,human,breast,HBCH024,0,1.0,192
GABAergic neuron.,175,train_mean,0.2075298279523849,0.2491299659013748,conch,human,breast,HBCH024,0,1.0,192
"Given the list of 200 gene names ordered by descending expression level from a Human cell, identify the cell type.
Cell sentence:.
The probable cell type for these genes is: neuron.",29,image,,0.1869854778051376,conch,human,breast,HBCH024,0,1.0,192
"Given the list of 200 gene names ordered by descending expression level from a Human cell, identify the cell type.
Cell sentence:.
The probable cell type for these genes is: neuron.",29,train_mean,,0.25054931640625,conch,human,breast,HBCH024,0,1.0,192
"Here is a list of 200 genes in order of descending expression level from a Human cell. Identify the cell type of this cell based on this information.
Cell sentence:.
The expected cell type based on these genes is: neuron.",33,image,,0.1973165571689605,conch,human,breast,HBCH024,0,1.0,192
"Here is a list of 200 genes in order of descending expression level from a Human cell. Identify the cell type of this cell based on this information.
Cell sentence:.
The expected cell type based on these genes is: neuron.",33,train_mean,,0.25054931640625,conch,human,breast,HBCH024,0,1.0,192
"Here is a list of 200 genes ordered by expression level in a Human cell. Based on this information, identify the cell type.
Cell sentence:.
Based on the expression levels, the cell type would likely be: neuron.",33,image,,0.1908126771450042,conch,human,breast,HBCH024,0,1.0,192
"Here is a list of 200 genes ordered by expression level in a Human cell. Based on this information, identify the cell type.
Cell sentence:.
Based on the expression levels, the cell type would likely be: neuron.",33,train_mean,,0.25054931640625,conch,human,breast,HBCH024,0,1.0,192
T cell.,565,image,0.1294044107198715,0.1842568069696426,conch,human,breast,HBCH024,0,1.0,192
T cell.,565,train_mean,-0.01050516217947,0.247088074684143,conch,human,breast,HBCH024,0,1.0,192
"The 200 gene names below are arranged by descending expression level in a Human cell. Determine the cell type of this cell.
Cell sentence:.
The cell type that these genes are most commonly linked with is: neuron.",34,image,,0.1687154620885849,conch,human,breast,HBCH024,0,1.0,192
"The 200 gene names below are arranged by descending expression level in a Human cell. Determine the cell type of this cell.
Cell sentence:.
The cell type that these genes are most commonly linked with is: neuron.",34,train_mean,,0.25054931640625,conch,human,breast,HBCH024,0,1.0,192
"The 200 gene names below are listed by descending expression level in a Human cell. Predict the cell type based on this information.
Cell sentence:.
These genes are indicative of cell type: neuron.",36,image,,0.1534020453691482,conch,human,breast,HBCH024,0,1.0,192
"The 200 gene names below are listed by descending expression level in a Human cell. Predict the cell type based on this information.
Cell sentence:.
These genes are indicative of cell type: neuron.",36,train_mean,,0.25054931640625,conch,human,breast,HBCH024,0,1.0,192
"The 200 gene names below are listed by descending expression levels in a Human cell. Based on this, predict the cell type.
Cell sentence:.
The cell type corresponding to these genes is: neuron.",34,image,,0.1898912340402603,conch,human,breast,HBCH024,0,1.0,192
"The 200 gene names below are listed by descending expression levels in a Human cell. Based on this, predict the cell type.
Cell sentence:.
The cell type corresponding to these genes is: neuron.",34,train_mean,,0.25054931640625,conch,human,breast,HBCH024,0,1.0,192
"The following is a list of 200 gene names ordered by descending expression level in a Human cell. Your task is to give the cell type which this cell belongs to based on its gene expression.
Cell sentence:.
The cell type corresponding to these genes is: neuron.",38,image,,0.1888730823993683,conch,human,breast,HBCH024,0,1.0,192
"The following is a list of 200 gene names ordered by descending expression level in a Human cell. Your task is to give the cell type which this cell belongs to based on its gene expression.
Cell sentence:.
The cell type corresponding to these genes is: neuron.",38,train_mean,,0.25054931640625,conch,human,breast,HBCH024,0,1.0,192
"The following list contains 200 gene names ordered by descending expression level in a Human cell. Deduce the cell type based on this.
Cell sentence:.
These genes typically correspond to cell type: CD74 MALAT1 RPLP1 RPL41 RPL10 RPS12 RPL13 RPL32 RPS18 RPL18A RPL28 RPS8 RPL19 RPS23 RPS19 RPL11 RPS27A RPL30 RPS15A RPS3A RPL39 RPS28 RPS15 RPL12 RPS27 RPL8 RPL29 RPS13 RPL7A RPS3 RPL34 RPS14 RPL18 RPS7 RPLP0 RPL35A RPS5 RPLP2 RPS24 RPL37 RPS4X RPL3 RPS21 RPL36 RPS6 RPL5 RPL14 RPS25 RPL35 RPS9 RPL6 RPL15 RPL9 RPSA RPL21 RPL10A RPL23A RPS2 RPL24 RPL37A RPS16 RPL13A RPL22 RPS29 EEF1B2 RPL7 RACK1 RPL4 RPL31 RPL27 RPS26 RPL38 RPL26 RPS11 RPL27A TPT1 RPS20 EEF1D NACA RPL23 PTMA RPS4Y1 FAU RPL17 TMSB10 EEF2 UBA52 RPL36A PFDN5 EEF1G B2M RPS17 TMSB4X FTL ACTB HLA-DRA HLA-DRB1 HLA-DPA1 HLA-DPB1 HLA-B EIF1 PABPC1 CD37 HLA-DQA1 HLA-C BTF3 COX4I1 NPM1 HLA-DRB5 HLA-DQB1 HNRNPA1 PFN1 CD79A FTH1 H3-3B NME2 TOMM7 HLA-DMA H3-3A RPL36AL HLA-E RPL22L1 EIF3E PPDPF TMA7 EIF3F CD52 RPS10 EIF3K RPL36AL HLA-A EIF3H NOP53 RPS4Y2 HINT1 RPL35 PPIA UBC EIF3L EIF3F PNRC1 EIF3K RPS15P4 RPL8 TSC22D3 HNRNPA2B1 EIF3H SERF2 RPL23 ATP5MC2 RPL31-AS1 EIF4A2 RPL7P9 ATP5F1E NAP1L1 RPL10P9 UQCRH EIF3G EIF3M SLC25A6 EIF3D PSMB9 TMEM258 RPS3AP6 UQCRB RPL22L2 RPL36P2 RPSAP9 EIF3E-AS1 RPL10P6 RPL13AP5 EIF4A1 RPL26P19 RPSAP9 PSMB1 ATP5MG RPL3P4 RPL9P9 RPSAP8 RPSAP4 SNHG29 RPL26P6 RPL24P8 RPSAP2 RPL13AP25 RPSAP18 RPL15P2 RPL37P2 RPSAP6 RPL13AP7.
These genes typically correspond to cell type: memory B cell.",24,image,,0.1839129477739334,conch,human,breast,HBCH024,0,1.0,192
"The following list contains 200 gene names ordered by descending expression level in a Human cell. Deduce the cell type based on this.
Cell sentence:.
These genes typically correspond to cell type: CD74 MALAT1 RPLP1 RPL41 RPL10 RPS12 RPL13 RPL32 RPS18 RPL18A RPL28 RPS8 RPL19 RPS23 RPS19 RPL11 RPS27A RPL30 RPS15A RPS3A RPL39 RPS28 RPS15 RPL12 RPS27 RPL8 RPL29 RPS13 RPL7A RPS3 RPL34 RPS14 RPL18 RPS7 RPLP0 RPL35A RPS5 RPLP2 RPS24 RPL37 RPS4X RPL3 RPS21 RPL36 RPS6 RPL5 RPL14 RPS25 RPL35 RPS9 RPL6 RPL15 RPL9 RPSA RPL21 RPL10A RPL23A RPS2 RPL24 RPL37A RPS16 RPL13A RPL22 RPS29 EEF1B2 RPL7 RACK1 RPL4 RPL31 RPL27 RPS26 RPL38 RPL26 RPS11 RPL27A TPT1 RPS20 EEF1D NACA RPL23 PTMA RPS4Y1 FAU RPL17 TMSB10 EEF2 UBA52 RPL36A PFDN5 EEF1G B2M RPS17 TMSB4X FTL ACTB HLA-DRA HLA-DRB1 HLA-DPA1 HLA-DPB1 HLA-B EIF1 PABPC1 CD37 HLA-DQA1 HLA-C BTF3 COX4I1 NPM1 HLA-DRB5 HLA-DQB1 HNRNPA1 PFN1 CD79A FTH1 H3-3B NME2 TOMM7 HLA-DMA H3-3A RPL36AL HLA-E RPL22L1 EIF3E PPDPF TMA7 EIF3F CD52 RPS10 EIF3K RPL36AL HLA-A EIF3H NOP53 RPS4Y2 HINT1 RPL35 PPIA UBC EIF3L EIF3F PNRC1 EIF3K RPS15P4 RPL8 TSC22D3 HNRNPA2B1 EIF3H SERF2 RPL23 ATP5MC2 RPL31-AS1 EIF4A2 RPL7P9 ATP5F1E NAP1L1 RPL10P9 UQCRH EIF3G EIF3M SLC25A6 EIF3D PSMB9 TMEM258 RPS3AP6 UQCRB RPL22L2 RPL36P2 RPSAP9 EIF3E-AS1 RPL10P6 RPL13AP5 EIF4A1 RPL26P19 RPSAP9 PSMB1 ATP5MG RPL3P4 RPL9P9 RPSAP8 RPSAP4 SNHG29 RPL26P6 RPL24P8 RPSAP2 RPL13AP25 RPSAP18 RPL15P2 RPL37P2 RPSAP6 RPL13AP7.
These genes typically correspond to cell type: memory B cell.",24,train_mean,,0.25054931640625,conch,human,breast,HBCH024,0,1.0,192
astrocyte.,163,image,0.4100681245326996,0.2236573994159698,conch,human,breast,HBCH024,0,1.0,192
astrocyte.,163,train_mean,0.3838797211647033,0.2490175664424896,conch,human,breast,HBCH024,0,1.0,192
cortical cell of adrenal gland.,67,image,0.533592164516449,0.2348165363073349,conch,human,breast,HBCH024,0,1.0,192
cortical cell of adrenal gland.,67,train_mean,0.498194545507431,0.2453323155641555,conch,human,breast,HBCH024,0,1.0,192
cultured cell.,228,image,0.7425051331520081,0.254670113325119,conch,human,breast,HBCH024,0,1.0,192
cultured cell.,228,train_mean,0.6522740721702576,0.2260978072881698,conch,human,breast,HBCH024,0,1.0,192
endothelial cell of lymphatic vessel.,97,image,0.677036464214325,0.2300426214933395,conch,human,breast,HBCH024,0,1.0,192
endothelial cell of lymphatic vessel.,97,train_mean,0.6428074836730957,0.2335517108440399,conch,human,breast,HBCH024,0,1.0,192
endothelial cell of vascular tree.,336,image,0.7534630298614502,0.2447581589221954,conch,human,breast,HBCH024,0,1.0,192
endothelial cell of vascular tree.,336,train_mean,0.6946359276771545,0.2257338464260101,conch,human,breast,HBCH024,0,1.0,192
endothelial cell.,3013,image,0.6865265965461731,0.223593384027481,conch,human,breast,HBCH024,0,1.0,192
endothelial cell.,3013,train_mean,0.6292933821678162,0.2372962087392807,conch,human,breast,HBCH024,0,1.0,192
enterocyte.,25,image,0.7394921779632568,0.2915185093879699,conch,human,breast,HBCH024,0,1.0,192
enterocyte.,25,train_mean,0.6176384091377258,0.2030231207609176,conch,human,breast,HBCH024,0,1.0,192
epithelial cell of lower respiratory tract.,743,image,0.7886045575141907,0.3063851594924927,conch,human,breast,HBCH024,0,1.0,192
epithelial cell of lower respiratory tract.,743,train_mean,0.6556003093719482,0.1877838224172592,conch,human,breast,HBCH024,0,1.0,192
epithelial cell of proximal tubule.,208,image,0.783106803894043,0.2862910032272339,conch,human,breast,HBCH024,0,1.0,192
epithelial cell of proximal tubule.,208,train_mean,0.6503657698631287,0.1970622688531875,conch,human,breast,HBCH024,0,1.0,192
epithelial cell.,70,image,0.7617202997207642,0.3033206760883331,conch,human,breast,HBCH024,0,1.0,192
epithelial cell.,70,train_mean,0.6345176100730896,0.1957477331161499,conch,human,breast,HBCH024,0,1.0,192
erythroblast.,121,image,0.2696808576583862,0.2172376662492752,conch,human,breast,HBCH024,0,1.0,192
erythroblast.,121,train_mean,0.1891227811574936,0.2446753084659576,conch,human,breast,HBCH024,0,1.0,192
fibroblast of cardiac tissue.,25,image,0.4391471445560455,0.2388287037611007,conch,human,breast,HBCH024,0,1.0,192
fibroblast of cardiac tissue.,25,train_mean,0.3597151637077331,0.239862859249115,conch,human,breast,HBCH024,0,1.0,192
fibroblast.,352,image,0.4682169556617737,0.2280656397342682,conch,human,breast,HBCH024,0,1.0,192
fibroblast.,352,train_mean,0.4769758582115173,0.2264768183231353,conch,human,breast,HBCH024,0,1.0,192
glutamatergic neuron.,833,image,0.3632904887199402,0.2183127850294113,conch,human,breast,HBCH024,0,1.0,192
glutamatergic neuron.,833,train_mean,0.3737448751926422,0.2501133382320404,conch,human,breast,HBCH024,0,1.0,192
goblet cell.,103,image,0.7772652506828308,0.3100828528404236,conch,human,breast,HBCH024,0,1.0,192
goblet cell.,103,train_mean,0.6379798054695129,0.186321884393692,conch,human,breast,HBCH024,0,1.0,192
innate lymphoid cell.,34,image,0.1650539338588714,0.1948413252830505,conch,human,breast,HBCH024,0,1.0,192
innate lymphoid cell.,34,train_mean,0.0364195182919502,0.2449808567762375,conch,human,breast,HBCH024,0,1.0,192
intestinal epithelial cell.,54,image,0.7655618190765381,0.3041961789131164,conch,human,breast,HBCH024,0,1.0,192
intestinal epithelial cell.,54,train_mean,0.630614697933197,0.1824192702770233,conch,human,breast,HBCH024,0,1.0,192
kidney collecting duct principal cell.,29,image,0.1429840624332428,0.244129940867424,conch,human,breast,HBCH024,0,1.0,192
kidney collecting duct principal cell.,29,train_mean,0.0446100234985351,0.2492071986198425,conch,human,breast,HBCH024,0,1.0,192
kidney distal convoluted tubule epithelial cell.,24,image,,0.2479366809129715,conch,human,breast,HBCH024,0,1.0,192
kidney distal convoluted tubule epithelial cell.,24,train_mean,,0.25054931640625,conch,human,breast,HBCH024,0,1.0,192
kidney loop of Henle thick ascending limb epithelial cell.,341,image,0.6963225603103638,0.2301504164934158,conch,human,breast,HBCH024,0,1.0,192
kidney loop of Henle thick ascending limb epithelial cell.,341,train_mean,0.6297222971916199,0.2434897869825363,conch,human,breast,HBCH024,0,1.0,192
kidney proximal convoluted tubule epithelial cell.,195,image,0.3189434111118316,0.2169073075056076,conch,human,breast,HBCH024,0,1.0,192
kidney proximal convoluted tubule epithelial cell.,195,train_mean,0.2804408669471741,0.2495115995407104,conch,human,breast,HBCH024,0,1.0,192
macrophage.,1042,image,0.1622381657361984,0.2212043702602386,conch,human,breast,HBCH024,0,1.0,192
macrophage.,1042,train_mean,0.0954836308956146,0.2430096417665481,conch,human,breast,HBCH024,0,1.0,192
mast cell.,49,image,0.242808386683464,0.2119738608598709,conch,human,breast,HBCH024,0,1.0,192
mast cell.,49,train_mean,0.1894223392009735,0.2401298284530639,conch,human,breast,HBCH024,0,1.0,192
microglial cell.,62,image,0.0938919112086296,0.2006359547376632,conch,human,breast,HBCH024,0,1.0,192
microglial cell.,62,train_mean,0.0537675097584724,0.24736388027668,conch,human,breast,HBCH024,0,1.0,192
myeloid cell.,45,image,0.1049127653241157,0.2015452086925506,conch,human,breast,HBCH024,0,1.0,192
myeloid cell.,45,train_mean,0.0374810509383678,0.2451093792915344,conch,human,breast,HBCH024,0,1.0,192
native cell.,99,image,0.7464288473129272,0.2794346809387207,conch,human,breast,HBCH024,0,1.0,192
native cell.,99,train_mean,0.6381235718727112,0.2158247679471969,conch,human,breast,HBCH024,0,1.0,192
natural killer cell.,37,image,0.1934411972761154,0.1967214792966842,conch,human,breast,HBCH024,0,1.0,192
natural killer cell.,37,train_mean,0.0718245357275009,0.2452446967363357,conch,human,breast,HBCH024,0,1.0,192
neutrophil.,148,image,0.1742750704288482,0.2155748605728149,conch,human,breast,HBCH024,0,1.0,192
neutrophil.,148,train_mean,0.0734670385718345,0.2425981312990188,conch,human,breast,HBCH024,0,1.0,192
oligodendrocyte.,23,image,0.0965520292520523,0.2099978029727935,conch,human,breast,HBCH024,0,1.0,192
oligodendrocyte.,23,train_mean,0.0984159409999847,0.2493192255496978,conch,human,breast,HBCH024,0,1.0,192
plasma cell.,96,image,0.3832974433898926,0.2479286789894104,conch,human,breast,HBCH024,0,1.0,192
plasma cell.,96,train_mean,0.347679853439331,0.2386959046125412,conch,human,breast,HBCH024,0,1.0,192
smooth muscle cell.,38,image,0.2432042509317398,0.2245802581310272,conch,human,breast,HBCH024,0,1.0,192
smooth muscle cell.,38,train_mean,0.1936379671096801,0.2382323145866394,conch,human,breast,HBCH024,0,1.0,192
stromal cell.,1057,image,0.4783886075019836,0.2280435413122177,conch,human,breast,HBCH024,0,1.0,192
stromal cell.,1057,train_mean,0.5341241955757141,0.2332772016525268,conch,human,breast,HBCH024,0,1.0,192
"Analyze the following list of 200 genes sorted by decreasing expression levels in a Human cell and determine its cell type.
Cell sentence:.
Based on these genes, the corresponding cell type is: neuron.",35,image,,0.1979221403598785,conch,human,breast,HBCH024,1,1.0,192
"Analyze the following list of 200 genes sorted by decreasing expression levels in a Human cell and determine its cell type.
Cell sentence:.
Based on these genes, the corresponding cell type is: neuron.",35,train_mean,,0.25054931640625,conch,human,breast,HBCH024,1,1.0,192
B cell.,149,image,0.0755267739295959,0.1779787838459015,conch,human,breast,HBCH024,1,1.0,192
B cell.,149,train_mean,-0.0680212825536727,0.2487321496009826,conch,human,breast,HBCH024,1,1.0,192
"Below is a list of 200 gene names in order of descending expression level from a Human cell. Based on this, predict what the cell type of this cell is.
Cell sentence:.
These genes are most likely associated with cell type: neuron.",29,image,,0.1780934184789657,conch,human,breast,HBCH024,1,1.0,192
"Below is a list of 200 gene names in order of descending expression level from a Human cell. Based on this, predict what the cell type of this cell is.
Cell sentence:.
These genes are most likely associated with cell type: neuron.",29,train_mean,,0.25054931640625,conch,human,breast,HBCH024,1,1.0,192
"Below is a list of 200 gene names sorted by descending expression in a Human cell. Determine the cell type of this cell from its expressed genes.
Cell sentence:.
The associated cell type for these genes appears to be: neuron.",29,image,,0.1878881752490997,conch,human,breast,HBCH024,1,1.0,192
"Below is a list of 200 gene names sorted by descending expression in a Human cell. Determine the cell type of this cell from its expressed genes.
Cell sentence:.
The associated cell type for these genes appears to be: neuron.",29,train_mean,,0.25054931640625,conch,human,breast,HBCH024,1,1.0,192
"Below is a list of 200 genes ordered by descending expression in a Human cell. Use this information to determine the cell type.
Cell sentence:.
These genes suggest the cell type is most likely: neuron.",43,image,,0.1928228139877319,conch,human,breast,HBCH024,1,1.0,192
"Below is a list of 200 genes ordered by descending expression in a Human cell. Use this information to determine the cell type.
Cell sentence:.
These genes suggest the cell type is most likely: neuron.",43,train_mean,,0.2505493462085724,conch,human,breast,HBCH024,1,1.0,192
"CD4-positive, alpha-beta T cell.",213,image,0.152860626578331,0.1814773827791214,conch,human,breast,HBCH024,1,1.0,192
"CD4-positive, alpha-beta T cell.",213,train_mean,-0.0077851302921772,0.2484293431043625,conch,human,breast,HBCH024,1,1.0,192
"CD8-positive, alpha-beta T cell.",456,image,0.1103736385703086,0.1839133501052856,conch,human,breast,HBCH024,1,1.0,192
"CD8-positive, alpha-beta T cell.",456,train_mean,-0.0299388505518436,0.2478045225143432,conch,human,breast,HBCH024,1,1.0,192
"Examine the list of 200 gene names sorted by decreasing expression in a Human cell, and from this, identify its cell type.
Cell sentence:.
These genes are commonly found in cell type: neuron.",31,image,,0.182690218091011,conch,human,breast,HBCH024,1,1.0,192
"Examine the list of 200 gene names sorted by decreasing expression in a Human cell, and from this, identify its cell type.
Cell sentence:.
These genes are commonly found in cell type: neuron.",31,train_mean,,0.25054931640625,conch,human,breast,HBCH024,1,1.0,192
"From the list of 200 gene names ordered by decreasing expression level in a Human cell, infer the cell type of the cell.
Cell sentence:.
These genes suggest the cell type is most likely: neuron.",33,image,,0.1924129277467727,conch,human,breast,HBCH024,1,1.0,192
"From the list of 200 gene names ordered by decreasing expression level in a Human cell, infer the cell type of the cell.
Cell sentence:.
These genes suggest the cell type is most likely: neuron.",33,train_mean,,0.25054931640625,conch,human,breast,HBCH024,1,1.0,192
"From the list of 200 gene names sorted by decreasing expression levels in a Human cell, predict the cell type.
Cell sentence:.
The genes provided are most commonly expressed in cell type: neuron.",34,image,,0.1752079725265503,conch,human,breast,HBCH024,1,1.0,192
"From the list of 200 gene names sorted by decreasing expression levels in a Human cell, predict the cell type.
Cell sentence:.
The genes provided are most commonly expressed in cell type: neuron.",34,train_mean,,0.25054931640625,conch,human,breast,HBCH024,1,1.0,192
GABAergic neuron.,175,image,0.2026336044073104,0.2173989713191986,conch,human,breast,HBCH024,1,1.0,192
GABAergic neuron.,175,train_mean,0.2075298279523849,0.2491299659013748,conch,human,breast,HBCH024,1,1.0,192
"Given the list of 200 gene names ordered by descending expression level from a Human cell, identify the cell type.
Cell sentence:.
The probable cell type for these genes is: neuron.",29,image,,0.1889629364013672,conch,human,breast,HBCH024,1,1.0,192
"Given the list of 200 gene names ordered by descending expression level from a Human cell, identify the cell type.
Cell sentence:.
The probable cell type for these genes is: neuron.",29,train_mean,,0.25054931640625,conch,human,breast,HBCH024,1,1.0,192
"Here is a list of 200 genes in order of descending expression level from a Human cell. Identify the cell type of this cell based on this information.
Cell sentence:.
The expected cell type based on these genes is: neuron.",33,image,,0.1986699998378753,conch,human,breast,HBCH024,1,1.0,192
"Here is a list of 200 genes in order of descending expression level from a Human cell. Identify the cell type of this cell based on this information.
Cell sentence:.
The expected cell type based on these genes is: neuron.",33,train_mean,,0.25054931640625,conch,human,breast,HBCH024,1,1.0,192
"Here is a list of 200 genes ordered by expression level in a Human cell. Based on this information, identify the cell type.
Cell sentence:.
Based on the expression levels, the cell type would likely be: neuron.",33,image,,0.1891647279262542,conch,human,breast,HBCH024,1,1.0,192
"Here is a list of 200 genes ordered by expression level in a Human cell. Based on this information, identify the cell type.
Cell sentence:.
Based on the expression levels, the cell type would likely be: neuron.",33,train_mean,,0.25054931640625,conch,human,breast,HBCH024,1,1.0,192
T cell.,565,image,0.133510410785675,0.1804022192955017,conch,human,breast,HBCH024,1,1.0,192
T cell.,565,train_mean,-0.01050516217947,0.247088074684143,conch,human,breast,HBCH024,1,1.0,192
"The 200 gene names below are arranged by descending expression level in a Human cell. Determine the cell type of this cell.
Cell sentence:.
The cell type that these genes are most commonly linked with is: neuron.",34,image,,0.1713126003742218,conch,human,breast,HBCH024,1,1.0,192
"The 200 gene names below are arranged by descending expression level in a Human cell. Determine the cell type of this cell.
Cell sentence:.
The cell type that these genes are most commonly linked with is: neuron.",34,train_mean,,0.25054931640625,conch,human,breast,HBCH024,1,1.0,192
"The 200 gene names below are listed by descending expression level in a Human cell. Predict the cell type based on this information.
Cell sentence:.
These genes are indicative of cell type: neuron.",36,image,,0.1560319811105728,conch,human,breast,HBCH024,1,1.0,192
"The 200 gene names below are listed by descending expression level in a Human cell. Predict the cell type based on this information.
Cell sentence:.
These genes are indicative of cell type: neuron.",36,train_mean,,0.25054931640625,conch,human,breast,HBCH024,1,1.0,192
"The 200 gene names below are listed by descending expression levels in a Human cell. Based on this, predict the cell type.
Cell sentence:.
The cell type corresponding to these genes is: neuron.",34,image,,0.1923594623804092,conch,human,breast,HBCH024,1,1.0,192
"The 200 gene names below are listed by descending expression levels in a Human cell. Based on this, predict the cell type.
Cell sentence:.
The cell type corresponding to these genes is: neuron.",34,train_mean,,0.25054931640625,conch,human,breast,HBCH024,1,1.0,192
"The following is a list of 200 gene names ordered by descending expression level in a Human cell. Your task is to give the cell type which this cell belongs to based on its gene expression.
Cell sentence:.
The cell type corresponding to these genes is: neuron.",38,image,,0.1894573420286178,conch,human,breast,HBCH024,1,1.0,192
"The following is a list of 200 gene names ordered by descending expression level in a Human cell. Your task is to give the cell type which this cell belongs to based on its gene expression.
Cell sentence:.
The cell type corresponding to these genes is: neuron.",38,train_mean,,0.25054931640625,conch,human,breast,HBCH024,1,1.0,192
"The following list contains 200 gene names ordered by descending expression level in a Human cell. Deduce the cell type based on this.
Cell sentence:.
These genes typically correspond to cell type: CD74 MALAT1 RPLP1 RPL41 RPL10 RPS12 RPL13 RPL32 RPS18 RPL18A RPL28 RPS8 RPL19 RPS23 RPS19 RPL11 RPS27A RPL30 RPS15A RPS3A RPL39 RPS28 RPS15 RPL12 RPS27 RPL8 RPL29 RPS13 RPL7A RPS3 RPL34 RPS14 RPL18 RPS7 RPLP0 RPL35A RPS5 RPLP2 RPS24 RPL37 RPS4X RPL3 RPS21 RPL36 RPS6 RPL5 RPL14 RPS25 RPL35 RPS9 RPL6 RPL15 RPL9 RPSA RPL21 RPL10A RPL23A RPS2 RPL24 RPL37A RPS16 RPL13A RPL22 RPS29 EEF1B2 RPL7 RACK1 RPL4 RPL31 RPL27 RPS26 RPL38 RPL26 RPS11 RPL27A TPT1 RPS20 EEF1D NACA RPL23 PTMA RPS4Y1 FAU RPL17 TMSB10 EEF2 UBA52 RPL36A PFDN5 EEF1G B2M RPS17 TMSB4X FTL ACTB HLA-DRA HLA-DRB1 HLA-DPA1 HLA-DPB1 HLA-B EIF1 PABPC1 CD37 HLA-DQA1 HLA-C BTF3 COX4I1 NPM1 HLA-DRB5 HLA-DQB1 HNRNPA1 PFN1 CD79A FTH1 H3-3B NME2 TOMM7 HLA-DMA H3-3A RPL36AL HLA-E RPL22L1 EIF3E PPDPF TMA7 EIF3F CD52 RPS10 EIF3K RPL36AL HLA-A EIF3H NOP53 RPS4Y2 HINT1 RPL35 PPIA UBC EIF3L EIF3F PNRC1 EIF3K RPS15P4 RPL8 TSC22D3 HNRNPA2B1 EIF3H SERF2 RPL23 ATP5MC2 RPL31-AS1 EIF4A2 RPL7P9 ATP5F1E NAP1L1 RPL10P9 UQCRH EIF3G EIF3M SLC25A6 EIF3D PSMB9 TMEM258 RPS3AP6 UQCRB RPL22L2 RPL36P2 RPSAP9 EIF3E-AS1 RPL10P6 RPL13AP5 EIF4A1 RPL26P19 RPSAP9 PSMB1 ATP5MG RPL3P4 RPL9P9 RPSAP8 RPSAP4 SNHG29 RPL26P6 RPL24P8 RPSAP2 RPL13AP25 RPSAP18 RPL15P2 RPL37P2 RPSAP6 RPL13AP7.
These genes typically correspond to cell type: memory B cell.",24,image,,0.1829270124435424,conch,human,breast,HBCH024,1,1.0,192
"The following list contains 200 gene names ordered by descending expression level in a Human cell. Deduce the cell type based on this.
Cell sentence:.
These genes typically correspond to cell type: CD74 MALAT1 RPLP1 RPL41 RPL10 RPS12 RPL13 RPL32 RPS18 RPL18A RPL28 RPS8 RPL19 RPS23 RPS19 RPL11 RPS27A RPL30 RPS15A RPS3A RPL39 RPS28 RPS15 RPL12 RPS27 RPL8 RPL29 RPS13 RPL7A RPS3 RPL34 RPS14 RPL18 RPS7 RPLP0 RPL35A RPS5 RPLP2 RPS24 RPL37 RPS4X RPL3 RPS21 RPL36 RPS6 RPL5 RPL14 RPS25 RPL35 RPS9 RPL6 RPL15 RPL9 RPSA RPL21 RPL10A RPL23A RPS2 RPL24 RPL37A RPS16 RPL13A RPL22 RPS29 EEF1B2 RPL7 RACK1 RPL4 RPL31 RPL27 RPS26 RPL38 RPL26 RPS11 RPL27A TPT1 RPS20 EEF1D NACA RPL23 PTMA RPS4Y1 FAU RPL17 TMSB10 EEF2 UBA52 RPL36A PFDN5 EEF1G B2M RPS17 TMSB4X FTL ACTB HLA-DRA HLA-DRB1 HLA-DPA1 HLA-DPB1 HLA-B EIF1 PABPC1 CD37 HLA-DQA1 HLA-C BTF3 COX4I1 NPM1 HLA-DRB5 HLA-DQB1 HNRNPA1 PFN1 CD79A FTH1 H3-3B NME2 TOMM7 HLA-DMA H3-3A RPL36AL HLA-E RPL22L1 EIF3E PPDPF TMA7 EIF3F CD52 RPS10 EIF3K RPL36AL HLA-A EIF3H NOP53 RPS4Y2 HINT1 RPL35 PPIA UBC EIF3L EIF3F PNRC1 EIF3K RPS15P4 RPL8 TSC22D3 HNRNPA2B1 EIF3H SERF2 RPL23 ATP5MC2 RPL31-AS1 EIF4A2 RPL7P9 ATP5F1E NAP1L1 RPL10P9 UQCRH EIF3G EIF3M SLC25A6 EIF3D PSMB9 TMEM258 RPS3AP6 UQCRB RPL22L2 RPL36P2 RPSAP9 EIF3E-AS1 RPL10P6 RPL13AP5 EIF4A1 RPL26P19 RPSAP9 PSMB1 ATP5MG RPL3P4 RPL9P9 RPSAP8 RPSAP4 SNHG29 RPL26P6 RPL24P8 RPSAP2 RPL13AP25 RPSAP18 RPL15P2 RPL37P2 RPSAP6 RPL13AP7.
These genes typically correspond to cell type: memory B cell.",24,train_mean,,0.25054931640625,conch,human,breast,HBCH024,1,1.0,192
astrocyte.,163,image,0.4064737260341644,0.2261202931404113,conch,human,breast,HBCH024,1,1.0,192
astrocyte.,163,train_mean,0.3838797211647033,0.2490175664424896,conch,human,breast,HBCH024,1,1.0,192
cortical cell of adrenal gland.,67,image,0.5311734080314636,0.2362586855888366,conch,human,breast,HBCH024,1,1.0,192
cortical cell of adrenal gland.,67,train_mean,0.498194545507431,0.2453323155641555,conch,human,breast,HBCH024,1,1.0,192
cultured cell.,228,image,0.7346138954162598,0.2528102397918701,conch,human,breast,HBCH024,1,1.0,192
cultured cell.,228,train_mean,0.6522740721702576,0.2260978072881698,conch,human,breast,HBCH024,1,1.0,192
endothelial cell of lymphatic vessel.,97,image,0.6769722104072571,0.2320855557918548,conch,human,breast,HBCH024,1,1.0,192
endothelial cell of lymphatic vessel.,97,train_mean,0.6428074836730957,0.2335517108440399,conch,human,breast,HBCH024,1,1.0,192
endothelial cell of vascular tree.,336,image,0.750281035900116,0.2448545694351196,conch,human,breast,HBCH024,1,1.0,192
endothelial cell of vascular tree.,336,train_mean,0.6946359276771545,0.2257338464260101,conch,human,breast,HBCH024,1,1.0,192
endothelial cell.,3013,image,0.6812661290168762,0.2240283489227295,conch,human,breast,HBCH024,1,1.0,192
endothelial cell.,3013,train_mean,0.6292933821678162,0.2372962087392807,conch,human,breast,HBCH024,1,1.0,192
enterocyte.,25,image,0.738254725933075,0.288836121559143,conch,human,breast,HBCH024,1,1.0,192
enterocyte.,25,train_mean,0.6176384091377258,0.2030231207609176,conch,human,breast,HBCH024,1,1.0,192
epithelial cell of lower respiratory tract.,743,image,0.7839380502700806,0.3046801686286926,conch,human,breast,HBCH024,1,1.0,192
epithelial cell of lower respiratory tract.,743,train_mean,0.6556003093719482,0.1877838224172592,conch,human,breast,HBCH024,1,1.0,192
epithelial cell of proximal tubule.,208,image,0.779052734375,0.2846216261386871,conch,human,breast,HBCH024,1,1.0,192
epithelial cell of proximal tubule.,208,train_mean,0.6503657698631287,0.1970622688531875,conch,human,breast,HBCH024,1,1.0,192
epithelial cell.,70,image,0.7579158544540405,0.3004465997219085,conch,human,breast,HBCH024,1,1.0,192
epithelial cell.,70,train_mean,0.6345176100730896,0.1957477331161499,conch,human,breast,HBCH024,1,1.0,192
erythroblast.,121,image,0.2678724229335785,0.2154906690120697,conch,human,breast,HBCH024,1,1.0,192
erythroblast.,121,train_mean,0.1891227811574936,0.2446753084659576,conch,human,breast,HBCH024,1,1.0,192
fibroblast of cardiac tissue.,25,image,0.4443897306919098,0.2434659004211425,conch,human,breast,HBCH024,1,1.0,192
fibroblast of cardiac tissue.,25,train_mean,0.3597151637077331,0.239862859249115,conch,human,breast,HBCH024,1,1.0,192
fibroblast.,352,image,0.4731314778327942,0.229281336069107,conch,human,breast,HBCH024,1,1.0,192
fibroblast.,352,train_mean,0.4769758582115173,0.2264768183231353,conch,human,breast,HBCH024,1,1.0,192
glutamatergic neuron.,833,image,0.363901823759079,0.2205302268266677,conch,human,breast,HBCH024,1,1.0,192
glutamatergic neuron.,833,train_mean,0.3737448751926422,0.2501133382320404,conch,human,breast,HBCH024,1,1.0,192
goblet cell.,103,image,0.7737771272659302,0.3075383007526397,conch,human,breast,HBCH024,1,1.0,192
goblet cell.,103,train_mean,0.6379798054695129,0.186321884393692,conch,human,breast,HBCH024,1,1.0,192
innate lymphoid cell.,34,image,0.1660466343164444,0.1908071339130401,conch,human,breast,HBCH024,1,1.0,192
innate lymphoid cell.,34,train_mean,0.0364195182919502,0.2449808567762375,conch,human,breast,HBCH024,1,1.0,192
intestinal epithelial cell.,54,image,0.7608588933944702,0.3032290935516357,conch,human,breast,HBCH024,1,1.0,192
intestinal epithelial cell.,54,train_mean,0.630614697933197,0.1824192702770233,conch,human,breast,HBCH024,1,1.0,192
kidney collecting duct principal cell.,29,image,0.1383359581232071,0.2474039942026138,conch,human,breast,HBCH024,1,1.0,192
kidney collecting duct principal cell.,29,train_mean,0.0446100234985351,0.2492071986198425,conch,human,breast,HBCH024,1,1.0,192
kidney distal convoluted tubule epithelial cell.,24,image,,0.2500242590904236,conch,human,breast,HBCH024,1,1.0,192
kidney distal convoluted tubule epithelial cell.,24,train_mean,,0.25054931640625,conch,human,breast,HBCH024,1,1.0,192
kidney loop of Henle thick ascending limb epithelial cell.,341,image,0.695536196231842,0.2317062616348266,conch,human,breast,HBCH024,1,1.0,192
kidney loop of Henle thick ascending limb epithelial cell.,341,train_mean,0.6297222971916199,0.2434897869825363,conch,human,breast,HBCH024,1,1.0,192
kidney proximal convoluted tubule epithelial cell.,195,image,0.3227572739124298,0.2187543660402298,conch,human,breast,HBCH024,1,1.0,192
kidney proximal convoluted tubule epithelial cell.,195,train_mean,0.2804408669471741,0.2495115995407104,conch,human,breast,HBCH024,1,1.0,192
macrophage.,1042,image,0.1622768193483352,0.2215083837509155,conch,human,breast,HBCH024,1,1.0,192
macrophage.,1042,train_mean,0.0954836308956146,0.2430096417665481,conch,human,breast,HBCH024,1,1.0,192
mast cell.,49,image,0.2456180155277252,0.2096973061561584,conch,human,breast,HBCH024,1,1.0,192
mast cell.,49,train_mean,0.1894223392009735,0.2401298284530639,conch,human,breast,HBCH024,1,1.0,192
microglial cell.,62,image,0.0927866399288177,0.2017395347356796,conch,human,breast,HBCH024,1,1.0,192
microglial cell.,62,train_mean,0.0537675097584724,0.24736388027668,conch,human,breast,HBCH024,1,1.0,192
myeloid cell.,45,image,0.1085230261087417,0.2002150267362594,conch,human,breast,HBCH024,1,1.0,192
myeloid cell.,45,train_mean,0.0374810509383678,0.2451093792915344,conch,human,breast,HBCH024,1,1.0,192
native cell.,99,image,0.7423178553581238,0.2782594859600067,conch,human,breast,HBCH024,1,1.0,192
native cell.,99,train_mean,0.6381235718727112,0.2158247679471969,conch,human,breast,HBCH024,1,1.0,192
natural killer cell.,37,image,0.1916191577911377,0.1968811154365539,conch,human,breast,HBCH024,1,1.0,192
natural killer cell.,37,train_mean,0.0718245357275009,0.2452446967363357,conch,human,breast,HBCH024,1,1.0,192
neutrophil.,148,image,0.1754264682531356,0.2132825702428817,conch,human,breast,HBCH024,1,1.0,192
neutrophil.,148,train_mean,0.0734670385718345,0.2425981312990188,conch,human,breast,HBCH024,1,1.0,192
oligodendrocyte.,23,image,0.09677454829216,0.2092359364032745,conch,human,breast,HBCH024,1,1.0,192
oligodendrocyte.,23,train_mean,0.0984159409999847,0.2493192255496978,conch,human,breast,HBCH024,1,1.0,192
plasma cell.,96,image,0.3776226341724396,0.2462666928768158,conch,human,breast,HBCH024,1,1.0,192
plasma cell.,96,train_mean,0.347679853439331,0.2386959046125412,conch,human,breast,HBCH024,1,1.0,192
smooth muscle cell.,38,image,0.2454656809568405,0.2216236293315887,conch,human,breast,HBCH024,1,1.0,192
smooth muscle cell.,38,train_mean,0.1936379671096801,0.2382323145866394,conch,human,breast,HBCH024,1,1.0,192
stromal cell.,1057,image,0.4801685512065887,0.2291595190763473,conch,human,breast,HBCH024,1,1.0,192
stromal cell.,1057,train_mean,0.5341241955757141,0.2332772016525268,conch,human,breast,HBCH024,1,1.0,192
"Analyze the following list of 200 genes sorted by decreasing expression levels in a Human cell and determine its cell type.
Cell sentence:.
Based on these genes, the corresponding cell type is: neuron.",35,image,,0.1991899013519287,conch,human,breast,HBCH024,2,1.0,192
"Analyze the following list of 200 genes sorted by decreasing expression levels in a Human cell and determine its cell type.
Cell sentence:.
Based on these genes, the corresponding cell type is: neuron.",35,train_mean,,0.25054931640625,conch,human,breast,HBCH024,2,1.0,192
B cell.,149,image,0.0740468576550483,0.1782414615154266,conch,human,breast,HBCH024,2,1.0,192
B cell.,149,train_mean,-0.0680212825536727,0.2487321496009826,conch,human,breast,HBCH024,2,1.0,192
"Below is a list of 200 gene names in order of descending expression level from a Human cell. Based on this, predict what the cell type of this cell is.
Cell sentence:.
These genes are most likely associated with cell type: neuron.",29,image,,0.1829286962747573,conch,human,breast,HBCH024,2,1.0,192
"Below is a list of 200 gene names in order of descending expression level from a Human cell. Based on this, predict what the cell type of this cell is.
Cell sentence:.
These genes are most likely associated with cell type: neuron.",29,train_mean,,0.25054931640625,conch,human,breast,HBCH024,2,1.0,192
"Below is a list of 200 gene names sorted by descending expression in a Human cell. Determine the cell type of this cell from its expressed genes.
Cell sentence:.
The associated cell type for these genes appears to be: neuron.",29,image,,0.1966129541397094,conch,human,breast,HBCH024,2,1.0,192
"Below is a list of 200 gene names sorted by descending expression in a Human cell. Determine the cell type of this cell from its expressed genes.
Cell sentence:.
The associated cell type for these genes appears to be: neuron.",29,train_mean,,0.25054931640625,conch,human,breast,HBCH024,2,1.0,192
"Below is a list of 200 genes ordered by descending expression in a Human cell. Use this information to determine the cell type.
Cell sentence:.
These genes suggest the cell type is most likely: neuron.",43,image,,0.1950952857732772,conch,human,breast,HBCH024,2,1.0,192
"Below is a list of 200 genes ordered by descending expression in a Human cell. Use this information to determine the cell type.
Cell sentence:.
These genes suggest the cell type is most likely: neuron.",43,train_mean,,0.2505493462085724,conch,human,breast,HBCH024,2,1.0,192
"CD4-positive, alpha-beta T cell.",213,image,0.1513505280017852,0.1824857741594314,conch,human,breast,HBCH024,2,1.0,192
"CD4-positive, alpha-beta T cell.",213,train_mean,-0.0077851302921772,0.2484293431043625,conch,human,breast,HBCH024,2,1.0,192
"CD8-positive, alpha-beta T cell.",456,image,0.1107585132122039,0.1835372745990753,conch,human,breast,HBCH024,2,1.0,192
"CD8-positive, alpha-beta T cell.",456,train_mean,-0.0299388505518436,0.2478045225143432,conch,human,breast,HBCH024,2,1.0,192
"Examine the list of 200 gene names sorted by decreasing expression in a Human cell, and from this, identify its cell type.
Cell sentence:.
These genes are commonly found in cell type: neuron.",31,image,,0.1881091594696045,conch,human,breast,HBCH024,2,1.0,192
"Examine the list of 200 gene names sorted by decreasing expression in a Human cell, and from this, identify its cell type.
Cell sentence:.
These genes are commonly found in cell type: neuron.",31,train_mean,,0.25054931640625,conch,human,breast,HBCH024,2,1.0,192
"From the list of 200 gene names ordered by decreasing expression level in a Human cell, infer the cell type of the cell.
Cell sentence:.
These genes suggest the cell type is most likely: neuron.",33,image,,0.1981192976236343,conch,human,breast,HBCH024,2,1.0,192
"From the list of 200 gene names ordered by decreasing expression level in a Human cell, infer the cell type of the cell.
Cell sentence:.
These genes suggest the cell type is most likely: neuron.",33,train_mean,,0.25054931640625,conch,human,breast,HBCH024,2,1.0,192
"From the list of 200 gene names sorted by decreasing expression levels in a Human cell, predict the cell type.
Cell sentence:.
The genes provided are most commonly expressed in cell type: neuron.",34,image,,0.1785506755113601,conch,human,breast,HBCH024,2,1.0,192
"From the list of 200 gene names sorted by decreasing expression levels in a Human cell, predict the cell type.
Cell sentence:.
The genes provided are most commonly expressed in cell type: neuron.",34,train_mean,,0.25054931640625,conch,human,breast,HBCH024,2,1.0,192
GABAergic neuron.,175,image,0.201704517006874,0.2148047387599945,conch,human,breast,HBCH024,2,1.0,192
GABAergic neuron.,175,train_mean,0.2075298279523849,0.2491299659013748,conch,human,breast,HBCH024,2,1.0,192
"Given the list of 200 gene names ordered by descending expression level from a Human cell, identify the cell type.
Cell sentence:.
The probable cell type for these genes is: neuron.",29,image,,0.1918498873710632,conch,human,breast,HBCH024,2,1.0,192
"Given the list of 200 gene names ordered by descending expression level from a Human cell, identify the cell type.
Cell sentence:.
The probable cell type for these genes is: neuron.",29,train_mean,,0.25054931640625,conch,human,breast,HBCH024,2,1.0,192
"Here is a list of 200 genes in order of descending expression level from a Human cell. Identify the cell type of this cell based on this information.
Cell sentence:.
The expected cell type based on these genes is: neuron.",33,image,,0.202016606926918,conch,human,breast,HBCH024,2,1.0,192
"Here is a list of 200 genes in order of descending expression level from a Human cell. Identify the cell type of this cell based on this information.
Cell sentence:.
The expected cell type based on these genes is: neuron.",33,train_mean,,0.25054931640625,conch,human,breast,HBCH024,2,1.0,192
"Here is a list of 200 genes ordered by expression level in a Human cell. Based on this information, identify the cell type.
Cell sentence:.
Based on the expression levels, the cell type would likely be: neuron.",33,image,,0.1926185935735702,conch,human,breast,HBCH024,2,1.0,192
"Here is a list of 200 genes ordered by expression level in a Human cell. Based on this information, identify the cell type.
Cell sentence:.
Based on the expression levels, the cell type would likely be: neuron.",33,train_mean,,0.25054931640625,conch,human,breast,HBCH024,2,1.0,192
T cell.,565,image,0.1342766731977462,0.1807054132223129,conch,human,breast,HBCH024,2,1.0,192
T cell.,565,train_mean,-0.01050516217947,0.247088074684143,conch,human,breast,HBCH024,2,1.0,192
"The 200 gene names below are arranged by descending expression level in a Human cell. Determine the cell type of this cell.
Cell sentence:.
The cell type that these genes are most commonly linked with is: neuron.",34,image,,0.1748491376638412,conch,human,breast,HBCH024,2,1.0,192
"The 200 gene names below are arranged by descending expression level in a Human cell. Determine the cell type of this cell.
Cell sentence:.
The cell type that these genes are most commonly linked with is: neuron.",34,train_mean,,0.25054931640625,conch,human,breast,HBCH024,2,1.0,192
"The 200 gene names below are listed by descending expression level in a Human cell. Predict the cell type based on this information.
Cell sentence:.
These genes are indicative of cell type: neuron.",36,image,,0.1574482023715973,conch,human,breast,HBCH024,2,1.0,192
"The 200 gene names below are listed by descending expression level in a Human cell. Predict the cell type based on this information.
Cell sentence:.
These genes are indicative of cell type: neuron.",36,train_mean,,0.25054931640625,conch,human,breast,HBCH024,2,1.0,192
"The 200 gene names below are listed by descending expression levels in a Human cell. Based on this, predict the cell type.
Cell sentence:.
The cell type corresponding to these genes is: neuron.",34,image,,0.1966369003057479,conch,human,breast,HBCH024,2,1.0,192
"The 200 gene names below are listed by descending expression levels in a Human cell. Based on this, predict the cell type.
Cell sentence:.
The cell type corresponding to these genes is: neuron.",34,train_mean,,0.25054931640625,conch,human,breast,HBCH024,2,1.0,192
"The following is a list of 200 gene names ordered by descending expression level in a Human cell. Your task is to give the cell type which this cell belongs to based on its gene expression.
Cell sentence:.
The cell type corresponding to these genes is: neuron.",38,image,,0.1941287219524383,conch,human,breast,HBCH024,2,1.0,192
"The following is a list of 200 gene names ordered by descending expression level in a Human cell. Your task is to give the cell type which this cell belongs to based on its gene expression.
Cell sentence:.
The cell type corresponding to these genes is: neuron.",38,train_mean,,0.25054931640625,conch,human,breast,HBCH024,2,1.0,192
"The following list contains 200 gene names ordered by descending expression level in a Human cell. Deduce the cell type based on this.
Cell sentence:.
These genes typically correspond to cell type: CD74 MALAT1 RPLP1 RPL41 RPL10 RPS12 RPL13 RPL32 RPS18 RPL18A RPL28 RPS8 RPL19 RPS23 RPS19 RPL11 RPS27A RPL30 RPS15A RPS3A RPL39 RPS28 RPS15 RPL12 RPS27 RPL8 RPL29 RPS13 RPL7A RPS3 RPL34 RPS14 RPL18 RPS7 RPLP0 RPL35A RPS5 RPLP2 RPS24 RPL37 RPS4X RPL3 RPS21 RPL36 RPS6 RPL5 RPL14 RPS25 RPL35 RPS9 RPL6 RPL15 RPL9 RPSA RPL21 RPL10A RPL23A RPS2 RPL24 RPL37A RPS16 RPL13A RPL22 RPS29 EEF1B2 RPL7 RACK1 RPL4 RPL31 RPL27 RPS26 RPL38 RPL26 RPS11 RPL27A TPT1 RPS20 EEF1D NACA RPL23 PTMA RPS4Y1 FAU RPL17 TMSB10 EEF2 UBA52 RPL36A PFDN5 EEF1G B2M RPS17 TMSB4X FTL ACTB HLA-DRA HLA-DRB1 HLA-DPA1 HLA-DPB1 HLA-B EIF1 PABPC1 CD37 HLA-DQA1 HLA-C BTF3 COX4I1 NPM1 HLA-DRB5 HLA-DQB1 HNRNPA1 PFN1 CD79A FTH1 H3-3B NME2 TOMM7 HLA-DMA H3-3A RPL36AL HLA-E RPL22L1 EIF3E PPDPF TMA7 EIF3F CD52 RPS10 EIF3K RPL36AL HLA-A EIF3H NOP53 RPS4Y2 HINT1 RPL35 PPIA UBC EIF3L EIF3F PNRC1 EIF3K RPS15P4 RPL8 TSC22D3 HNRNPA2B1 EIF3H SERF2 RPL23 ATP5MC2 RPL31-AS1 EIF4A2 RPL7P9 ATP5F1E NAP1L1 RPL10P9 UQCRH EIF3G EIF3M SLC25A6 EIF3D PSMB9 TMEM258 RPS3AP6 UQCRB RPL22L2 RPL36P2 RPSAP9 EIF3E-AS1 RPL10P6 RPL13AP5 EIF4A1 RPL26P19 RPSAP9 PSMB1 ATP5MG RPL3P4 RPL9P9 RPSAP8 RPSAP4 SNHG29 RPL26P6 RPL24P8 RPSAP2 RPL13AP25 RPSAP18 RPL15P2 RPL37P2 RPSAP6 RPL13AP7.
These genes typically correspond to cell type: memory B cell.",24,image,,0.1847793459892273,conch,human,breast,HBCH024,2,1.0,192
"The following list contains 200 gene names ordered by descending expression level in a Human cell. Deduce the cell type based on this.
Cell sentence:.
These genes typically correspond to cell type: CD74 MALAT1 RPLP1 RPL41 RPL10 RPS12 RPL13 RPL32 RPS18 RPL18A RPL28 RPS8 RPL19 RPS23 RPS19 RPL11 RPS27A RPL30 RPS15A RPS3A RPL39 RPS28 RPS15 RPL12 RPS27 RPL8 RPL29 RPS13 RPL7A RPS3 RPL34 RPS14 RPL18 RPS7 RPLP0 RPL35A RPS5 RPLP2 RPS24 RPL37 RPS4X RPL3 RPS21 RPL36 RPS6 RPL5 RPL14 RPS25 RPL35 RPS9 RPL6 RPL15 RPL9 RPSA RPL21 RPL10A RPL23A RPS2 RPL24 RPL37A RPS16 RPL13A RPL22 RPS29 EEF1B2 RPL7 RACK1 RPL4 RPL31 RPL27 RPS26 RPL38 RPL26 RPS11 RPL27A TPT1 RPS20 EEF1D NACA RPL23 PTMA RPS4Y1 FAU RPL17 TMSB10 EEF2 UBA52 RPL36A PFDN5 EEF1G B2M RPS17 TMSB4X FTL ACTB HLA-DRA HLA-DRB1 HLA-DPA1 HLA-DPB1 HLA-B EIF1 PABPC1 CD37 HLA-DQA1 HLA-C BTF3 COX4I1 NPM1 HLA-DRB5 HLA-DQB1 HNRNPA1 PFN1 CD79A FTH1 H3-3B NME2 TOMM7 HLA-DMA H3-3A RPL36AL HLA-E RPL22L1 EIF3E PPDPF TMA7 EIF3F CD52 RPS10 EIF3K RPL36AL HLA-A EIF3H NOP53 RPS4Y2 HINT1 RPL35 PPIA UBC EIF3L EIF3F PNRC1 EIF3K RPS15P4 RPL8 TSC22D3 HNRNPA2B1 EIF3H SERF2 RPL23 ATP5MC2 RPL31-AS1 EIF4A2 RPL7P9 ATP5F1E NAP1L1 RPL10P9 UQCRH EIF3G EIF3M SLC25A6 EIF3D PSMB9 TMEM258 RPS3AP6 UQCRB RPL22L2 RPL36P2 RPSAP9 EIF3E-AS1 RPL10P6 RPL13AP5 EIF4A1 RPL26P19 RPSAP9 PSMB1 ATP5MG RPL3P4 RPL9P9 RPSAP8 RPSAP4 SNHG29 RPL26P6 RPL24P8 RPSAP2 RPL13AP25 RPSAP18 RPL15P2 RPL37P2 RPSAP6 RPL13AP7.
These genes typically correspond to cell type: memory B cell.",24,train_mean,,0.25054931640625,conch,human,breast,HBCH024,2,1.0,192
astrocyte.,163,image,0.399113118648529,0.2245137244462967,conch,human,breast,HBCH024,2,1.0,192
astrocyte.,163,train_mean,0.3838797211647033,0.2490175664424896,conch,human,breast,HBCH024,2,1.0,192
cortical cell of adrenal gland.,67,image,0.5314452648162842,0.2317966073751449,conch,human,breast,HBCH024,2,1.0,192
cortical cell of adrenal gland.,67,train_mean,0.498194545507431,0.2453323155641555,conch,human,breast,HBCH024,2,1.0,192
cultured cell.,228,image,0.7415058016777039,0.2506469786167145,conch,human,breast,HBCH024,2,1.0,192
cultured cell.,228,train_mean,0.6522740721702576,0.2260978072881698,conch,human,breast,HBCH024,2,1.0,192
endothelial cell of lymphatic vessel.,97,image,0.6680604219436646,0.2289300709962844,conch,human,breast,HBCH024,2,1.0,192
endothelial cell of lymphatic vessel.,97,train_mean,0.6428074836730957,0.2335517108440399,conch,human,breast,HBCH024,2,1.0,192
endothelial cell of vascular tree.,336,image,0.7499916553497314,0.2430139183998108,conch,human,breast,HBCH024,2,1.0,192
endothelial cell of vascular tree.,336,train_mean,0.6946359276771545,0.2257338464260101,conch,human,breast,HBCH024,2,1.0,192
endothelial cell.,3013,image,0.686132550239563,0.2218566685914993,conch,human,breast,HBCH024,2,1.0,192
endothelial cell.,3013,train_mean,0.6292933821678162,0.2372962087392807,conch,human,breast,HBCH024,2,1.0,192
enterocyte.,25,image,0.7399094104766846,0.286402940750122,conch,human,breast,HBCH024,2,1.0,192
enterocyte.,25,train_mean,0.6176384091377258,0.2030231207609176,conch,human,breast,HBCH024,2,1.0,192
epithelial cell of lower respiratory tract.,743,image,0.7881259322166443,0.3022570312023163,conch,human,breast,HBCH024,2,1.0,192
epithelial cell of lower respiratory tract.,743,train_mean,0.6556003093719482,0.1877838224172592,conch,human,breast,HBCH024,2,1.0,192
epithelial cell of proximal tubule.,208,image,0.7822386026382446,0.2825963199138641,conch,human,breast,HBCH024,2,1.0,192
epithelial cell of proximal tubule.,208,train_mean,0.6503657698631287,0.1970622688531875,conch,human,breast,HBCH024,2,1.0,192
epithelial cell.,70,image,0.7607356905937195,0.3000133037567138,conch,human,breast,HBCH024,2,1.0,192
epithelial cell.,70,train_mean,0.6345176100730896,0.1957477331161499,conch,human,breast,HBCH024,2,1.0,192
erythroblast.,121,image,0.2689155340194702,0.2137535512447357,conch,human,breast,HBCH024,2,1.0,192
erythroblast.,121,train_mean,0.1891227811574936,0.2446753084659576,conch,human,breast,HBCH024,2,1.0,192
fibroblast of cardiac tissue.,25,image,0.4622389674186706,0.2431886047124862,conch,human,breast,HBCH024,2,1.0,192
fibroblast of cardiac tissue.,25,train_mean,0.3597151637077331,0.239862859249115,conch,human,breast,HBCH024,2,1.0,192
fibroblast.,352,image,0.490645170211792,0.2263679057359695,conch,human,breast,HBCH024,2,1.0,192
fibroblast.,352,train_mean,0.4769758582115173,0.2264768183231353,conch,human,breast,HBCH024,2,1.0,192
glutamatergic neuron.,833,image,0.3565168082714081,0.2208616584539413,conch,human,breast,HBCH024,2,1.0,192
glutamatergic neuron.,833,train_mean,0.3737448751926422,0.2501133382320404,conch,human,breast,HBCH024,2,1.0,192
goblet cell.,103,image,0.7766491174697876,0.30594003200531,conch,human,breast,HBCH024,2,1.0,192
goblet cell.,103,train_mean,0.6379798054695129,0.186321884393692,conch,human,breast,HBCH024,2,1.0,192
innate lymphoid cell.,34,image,0.1671890169382095,0.1913994252681732,conch,human,breast,HBCH024,2,1.0,192
innate lymphoid cell.,34,train_mean,0.0364195182919502,0.2449808567762375,conch,human,breast,HBCH024,2,1.0,192
intestinal epithelial cell.,54,image,0.7640705108642578,0.3028048276901245,conch,human,breast,HBCH024,2,1.0,192
intestinal epithelial cell.,54,train_mean,0.630614697933197,0.1824192702770233,conch,human,breast,HBCH024,2,1.0,192
kidney collecting duct principal cell.,29,image,0.141274094581604,0.2468842267990112,conch,human,breast,HBCH024,2,1.0,192
kidney collecting duct principal cell.,29,train_mean,0.0446100234985351,0.2492071986198425,conch,human,breast,HBCH024,2,1.0,192
kidney distal convoluted tubule epithelial cell.,24,image,,0.2506134510040283,conch,human,breast,HBCH024,2,1.0,192
kidney distal convoluted tubule epithelial cell.,24,train_mean,,0.25054931640625,conch,human,breast,HBCH024,2,1.0,192
kidney loop of Henle thick ascending limb epithelial cell.,341,image,0.6879528760910034,0.2309431582689285,conch,human,breast,HBCH024,2,1.0,192
kidney loop of Henle thick ascending limb epithelial cell.,341,train_mean,0.6297222971916199,0.2434897869825363,conch,human,breast,HBCH024,2,1.0,192
kidney proximal convoluted tubule epithelial cell.,195,image,0.3165594339370727,0.2196613848209381,conch,human,breast,HBCH024,2,1.0,192
kidney proximal convoluted tubule epithelial cell.,195,train_mean,0.2804408669471741,0.2495115995407104,conch,human,breast,HBCH024,2,1.0,192
macrophage.,1042,image,0.1678665429353714,0.2190673053264618,conch,human,breast,HBCH024,2,1.0,192
macrophage.,1042,train_mean,0.0954836308956146,0.2430096417665481,conch,human,breast,HBCH024,2,1.0,192
mast cell.,49,image,0.2466869950294494,0.2083556801080703,conch,human,breast,HBCH024,2,1.0,192
mast cell.,49,train_mean,0.1894223392009735,0.2401298284530639,conch,human,breast,HBCH024,2,1.0,192
microglial cell.,62,image,0.0939609855413436,0.1998320519924163,conch,human,breast,HBCH024,2,1.0,192
microglial cell.,62,train_mean,0.0537675097584724,0.24736388027668,conch,human,breast,HBCH024,2,1.0,192
myeloid cell.,45,image,0.1107615083456039,0.1991066187620163,conch,human,breast,HBCH024,2,1.0,192
myeloid cell.,45,train_mean,0.0374810509383678,0.2451093792915344,conch,human,breast,HBCH024,2,1.0,192
native cell.,99,image,0.7466404438018799,0.2777408957481384,conch,human,breast,HBCH024,2,1.0,192
native cell.,99,train_mean,0.6381235718727112,0.2158247679471969,conch,human,breast,HBCH024,2,1.0,192
natural killer cell.,37,image,0.1913211196660995,0.1990675628185272,conch,human,breast,HBCH024,2,1.0,192
natural killer cell.,37,train_mean,0.0718245357275009,0.2452446967363357,conch,human,breast,HBCH024,2,1.0,192
neutrophil.,148,image,0.1796436458826065,0.2110353857278823,conch,human,breast,HBCH024,2,1.0,192
neutrophil.,148,train_mean,0.0734670385718345,0.2425981312990188,conch,human,breast,HBCH024,2,1.0,192
oligodendrocyte.,23,image,0.0958508104085922,0.2141706645488739,conch,human,breast,HBCH024,2,1.0,192
oligodendrocyte.,23,train_mean,0.0984159409999847,0.2493192255496978,conch,human,breast,HBCH024,2,1.0,192
plasma cell.,96,image,0.3810127973556518,0.2446983009576797,conch,human,breast,HBCH024,2,1.0,192
plasma cell.,96,train_mean,0.347679853439331,0.2386959046125412,conch,human,breast,HBCH024,2,1.0,192
smooth muscle cell.,38,image,0.2441176474094391,0.2177256047725677,conch,human,breast,HBCH024,2,1.0,192
smooth muscle cell.,38,train_mean,0.1936379671096801,0.2382323145866394,conch,human,breast,HBCH024,2,1.0,192
stromal cell.,1057,image,0.4975178837776184,0.2264374047517776,conch,human,breast,HBCH024,2,1.0,192
stromal cell.,1057,train_mean,0.5341241955757141,0.2332772016525268,conch,human,breast,HBCH024,2,1.0,192
B cell.,30,image,0.3804566860198974,0.2968945503234863,conch,human,breast,HBES040,0,1.0,192
B cell.,30,train_mean,0.242759570479393,0.1292359232902526,conch,human,breast,HBES040,0,1.0,192
"CD8-positive, alpha-beta T cell.",72,image,0.5503354072570801,0.243331030011177,conch,human,breast,HBES040,0,1.0,192
"CD8-positive, alpha-beta T cell.",72,train_mean,0.3770517706871032,0.1194891929626464,conch,human,breast,HBES040,0,1.0,192
T cell.,83,image,0.5424945950508118,0.2018519937992096,conch,human,breast,HBES040,0,1.0,192
T cell.,83,train_mean,0.363533616065979,0.1593344807624817,conch,human,breast,HBES040,0,1.0,192
basal cell of epidermis.,63,image,0.8061458468437195,0.1767894476652145,conch,human,breast,HBES040,0,1.0,192
basal cell of epidermis.,63,train_mean,0.8059436082839966,0.1364040374755859,conch,human,breast,HBES040,0,1.0,192
basal cell of epithelium of bronchus.,95,image,0.7902831435203552,0.2003451734781265,conch,human,breast,HBES040,0,1.0,192
basal cell of epithelium of bronchus.,95,train_mean,0.7623113393783569,0.2303878515958786,conch,human,breast,HBES040,0,1.0,192
basal cell of prostate epithelium.,47,image,0.7873035073280334,0.1792103350162506,conch,human,breast,HBES040,0,1.0,192
basal cell of prostate epithelium.,47,train_mean,0.7884089350700378,0.1342332363128662,conch,human,breast,HBES040,0,1.0,192
basal cell.,275,image,0.8153384923934937,0.1891400963068008,conch,human,breast,HBES040,0,1.0,192
basal cell.,275,train_mean,0.8094416260719299,0.2594061493873596,conch,human,breast,HBES040,0,1.0,192
ciliated cell.,66,image,0.7647561430931091,0.2060555964708328,conch,human,breast,HBES040,0,1.0,192
ciliated cell.,66,train_mean,0.740338146686554,0.147640123963356,conch,human,breast,HBES040,0,1.0,192
classical monocyte.,31,image,0.5233041644096375,0.2594415843486786,conch,human,breast,HBES040,0,1.0,192
classical monocyte.,31,train_mean,0.3758500814437866,0.1186065375804901,conch,human,breast,HBES040,0,1.0,192
cultured cell.,2756,image,0.756510853767395,0.2127037942409515,conch,human,breast,HBES040,0,1.0,192
cultured cell.,2756,train_mean,0.7353683114051819,0.2509644329547882,conch,human,breast,HBES040,0,1.0,192
dendritic cell.,34,image,0.686244010925293,0.1802734732627868,conch,human,breast,HBES040,0,1.0,192
dendritic cell.,34,train_mean,0.5042758584022522,0.1685663908720016,conch,human,breast,HBES040,0,1.0,192
endothelial cell of vascular tree.,140,image,0.7480753660202026,0.1758907586336136,conch,human,breast,HBES040,0,1.0,192
endothelial cell of vascular tree.,140,train_mean,0.6188351511955261,0.1686263680458068,conch,human,breast,HBES040,0,1.0,192
endothelial cell.,679,image,0.6108050346374512,0.2052066177129745,conch,human,breast,HBES040,0,1.0,192
endothelial cell.,679,train_mean,0.4865908026695251,0.1937672942876815,conch,human,breast,HBES040,0,1.0,192
epithelial cell of lower respiratory tract.,600,image,0.7902408242225647,0.2028393000364303,conch,human,breast,HBES040,0,1.0,192
epithelial cell of lower respiratory tract.,600,train_mean,0.7824400663375854,0.2628643810749054,conch,human,breast,HBES040,0,1.0,192
epithelial cell of lung.,65,image,0.7948464155197144,0.169953167438507,conch,human,breast,HBES040,0,1.0,192
epithelial cell of lung.,65,train_mean,0.7726659178733826,0.1677144169807434,conch,human,breast,HBES040,0,1.0,192
epithelial cell of proximal tubule.,27,image,0.7213584184646606,0.1863297671079635,conch,human,breast,HBES040,0,1.0,192
epithelial cell of proximal tubule.,27,train_mean,0.7334177494049072,0.1188651621341705,conch,human,breast,HBES040,0,1.0,192
epithelial cell of vascular tree.,23,image,0.7667744755744934,0.1793776154518127,conch,human,breast,HBES040,0,1.0,192
epithelial cell of vascular tree.,23,train_mean,0.6774399876594543,0.2185177356004715,conch,human,breast,HBES040,0,1.0,192
epithelial cell.,113,image,0.7679120898246765,0.1869111508131027,conch,human,breast,HBES040,0,1.0,192
epithelial cell.,113,train_mean,0.7696495652198792,0.2083988785743713,conch,human,breast,HBES040,0,1.0,192
fibroblast of cardiac tissue.,42,image,0.8170386552810669,0.1596400141716003,conch,human,breast,HBES040,0,1.0,192
fibroblast of cardiac tissue.,42,train_mean,0.567019522190094,0.1367772817611694,conch,human,breast,HBES040,0,1.0,192
fibroblast.,2074,image,0.8704140186309814,0.1418091505765915,conch,human,breast,HBES040,0,1.0,192
fibroblast.,2074,train_mean,0.5786598324775696,0.2391349673271179,conch,human,breast,HBES040,0,1.0,192
goblet cell.,27,image,0.7427122592926025,0.2155627906322479,conch,human,breast,HBES040,0,1.0,192
goblet cell.,27,train_mean,0.7297927737236023,0.1516850143671035,conch,human,breast,HBES040,0,1.0,192
immature innate lymphoid cell.,56,image,0.8344849348068237,0.1514800637960434,conch,human,breast,HBES040,0,1.0,192
immature innate lymphoid cell.,56,train_mean,0.4792040884494781,0.226866215467453,conch,human,breast,HBES040,0,1.0,192
kidney loop of Henle thick ascending limb epithelial cell.,22,image,0.3798248767852783,0.2444826066493988,conch,human,breast,HBES040,0,1.0,192
kidney loop of Henle thick ascending limb epithelial cell.,22,train_mean,0.4439145624637604,0.1247296333312988,conch,human,breast,HBES040,0,1.0,192
macrophage.,2295,image,0.6619093418121338,0.1975273787975311,conch,human,breast,HBES040,0,1.0,192
macrophage.,2295,train_mean,0.4521882832050323,0.2093148231506347,conch,human,breast,HBES040,0,1.0,192
malignant cell.,45,image,0.6649121046066284,0.212777629494667,conch,human,breast,HBES040,0,1.0,192
malignant cell.,45,train_mean,0.685681939125061,0.1081094220280647,conch,human,breast,HBES040,0,1.0,192
mammary alveolar cell.,208,image,0.8299962878227234,0.2168993800878524,conch,human,breast,HBES040,0,1.0,192
mammary alveolar cell.,208,train_mean,0.7731829285621643,0.3214981853961944,conch,human,breast,HBES040,0,1.0,192
mast cell.,151,image,0.7541959881782532,0.17204150557518,conch,human,breast,HBES040,0,1.0,192
mast cell.,151,train_mean,0.5797829627990723,0.1243936792016029,conch,human,breast,HBES040,0,1.0,192
monocyte.,39,image,0.3129283189773559,0.2514207661151886,conch,human,breast,HBES040,0,1.0,192
monocyte.,39,train_mean,0.2951185405254364,0.1713084280490875,conch,human,breast,HBES040,0,1.0,192
natural killer cell.,41,image,0.5470132231712341,0.1997929215431213,conch,human,breast,HBES040,0,1.0,192
natural killer cell.,41,train_mean,0.3271197080612182,0.1387062817811966,conch,human,breast,HBES040,0,1.0,192
neutrophil.,26,image,0.6511213183403015,0.1924517303705215,conch,human,breast,HBES040,0,1.0,192
neutrophil.,26,train_mean,0.6830410361289978,0.117053098976612,conch,human,breast,HBES040,0,1.0,192
secretory cell.,172,image,0.8174338936805725,0.1624324917793274,conch,human,breast,HBES040,0,1.0,192
secretory cell.,172,train_mean,0.8018479347229004,0.1741625070571899,conch,human,breast,HBES040,0,1.0,192
smooth muscle cell.,205,image,0.7555849552154541,0.1700105518102646,conch,human,breast,HBES040,0,1.0,192
smooth muscle cell.,205,train_mean,0.5898892283439636,0.1592866480350494,conch,human,breast,HBES040,0,1.0,192
stratified epithelial cell.,429,image,0.7719581127166748,0.2030522674322128,conch,human,breast,HBES040,0,1.0,192
stratified epithelial cell.,429,train_mean,0.7634305357933044,0.2460754960775375,conch,human,breast,HBES040,0,1.0,192
stromal cell.,700,image,0.857252836227417,0.1426773965358734,conch,human,breast,HBES040,0,1.0,192
stromal cell.,700,train_mean,0.603084921836853,0.2040823400020599,conch,human,breast,HBES040,0,1.0,192
B cell.,30,image,0.378876119852066,0.2939623892307281,conch,human,breast,HBES040,1,1.0,192
B cell.,30,train_mean,0.242759570479393,0.1292359232902526,conch,human,breast,HBES040,1,1.0,192
"CD8-positive, alpha-beta T cell.",72,image,0.5475890040397644,0.2431621253490448,conch,human,breast,HBES040,1,1.0,192
"CD8-positive, alpha-beta T cell.",72,train_mean,0.3770517706871032,0.1194891929626464,conch,human,breast,HBES040,1,1.0,192
T cell.,83,image,0.543085515499115,0.1999593079090118,conch,human,breast,HBES040,1,1.0,192
T cell.,83,train_mean,0.363533616065979,0.1593344807624817,conch,human,breast,HBES040,1,1.0,192
basal cell of epidermis.,63,image,0.8054296374320984,0.1772038787603378,conch,human,breast,HBES040,1,1.0,192
basal cell of epidermis.,63,train_mean,0.8059436082839966,0.1364040374755859,conch,human,breast,HBES040,1,1.0,192
basal cell of epithelium of bronchus.,95,image,0.7906354665756226,0.1994430124759674,conch,human,breast,HBES040,1,1.0,192
basal cell of epithelium of bronchus.,95,train_mean,0.7623113393783569,0.2303878515958786,conch,human,breast,HBES040,1,1.0,192
basal cell of prostate epithelium.,47,image,0.7870358824729919,0.1789455264806747,conch,human,breast,HBES040,1,1.0,192
basal cell of prostate epithelium.,47,train_mean,0.7884089350700378,0.1342332363128662,conch,human,breast,HBES040,1,1.0,192
basal cell.,275,image,0.8150306344032288,0.1892278790473938,conch,human,breast,HBES040,1,1.0,192
basal cell.,275,train_mean,0.8094416260719299,0.2594061493873596,conch,human,breast,HBES040,1,1.0,192
ciliated cell.,66,image,0.7646079063415527,0.2060180306434631,conch,human,breast,HBES040,1,1.0,192
ciliated cell.,66,train_mean,0.740338146686554,0.147640123963356,conch,human,breast,HBES040,1,1.0,192
classical monocyte.,31,image,0.5207461714744568,0.2581934034824371,conch,human,breast,HBES040,1,1.0,192
classical monocyte.,31,train_mean,0.3758500814437866,0.1186065375804901,conch,human,breast,HBES040,1,1.0,192
cultured cell.,2756,image,0.7567846179008484,0.2125874012708664,conch,human,breast,HBES040,1,1.0,192
cultured cell.,2756,train_mean,0.7353683114051819,0.2509644329547882,conch,human,breast,HBES040,1,1.0,192
dendritic cell.,34,image,0.6869485974311829,0.1788913607597351,conch,human,breast,HBES040,1,1.0,192
dendritic cell.,34,train_mean,0.5042758584022522,0.1685663908720016,conch,human,breast,HBES040,1,1.0,192
endothelial cell of vascular tree.,140,image,0.746725857257843,0.1752668172121048,conch,human,breast,HBES040,1,1.0,192
endothelial cell of vascular tree.,140,train_mean,0.6188351511955261,0.1686263680458068,conch,human,breast,HBES040,1,1.0,192
endothelial cell.,679,image,0.6105136275291443,0.2044273912906646,conch,human,breast,HBES040,1,1.0,192
endothelial cell.,679,train_mean,0.4865908026695251,0.1937672942876815,conch,human,breast,HBES040,1,1.0,192
epithelial cell of lower respiratory tract.,600,image,0.7893640995025635,0.2032037526369094,conch,human,breast,HBES040,1,1.0,192
epithelial cell of lower respiratory tract.,600,train_mean,0.7824400663375854,0.2628643810749054,conch,human,breast,HBES040,1,1.0,192
epithelial cell of lung.,65,image,0.7934613227844238,0.1705540865659713,conch,human,breast,HBES040,1,1.0,192
epithelial cell of lung.,65,train_mean,0.7726659178733826,0.1677144169807434,conch,human,breast,HBES040,1,1.0,192
epithelial cell of proximal tubule.,27,image,0.7209295630455017,0.1868347525596618,conch,human,breast,HBES040,1,1.0,192
epithelial cell of proximal tubule.,27,train_mean,0.7334177494049072,0.1188651621341705,conch,human,breast,HBES040,1,1.0,192
epithelial cell of vascular tree.,23,image,0.7658549547195435,0.1795911490917205,conch,human,breast,HBES040,1,1.0,192
epithelial cell of vascular tree.,23,train_mean,0.6774399876594543,0.2185177356004715,conch,human,breast,HBES040,1,1.0,192
epithelial cell.,113,image,0.7678731679916382,0.1868746280670166,conch,human,breast,HBES040,1,1.0,192
epithelial cell.,113,train_mean,0.7696495652198792,0.2083988785743713,conch,human,breast,HBES040,1,1.0,192
fibroblast of cardiac tissue.,42,image,0.8163242340087891,0.1572786718606948,conch,human,breast,HBES040,1,1.0,192
fibroblast of cardiac tissue.,42,train_mean,0.567019522190094,0.1367772817611694,conch,human,breast,HBES040,1,1.0,192
fibroblast.,2074,image,0.8696011304855347,0.1418512165546417,conch,human,breast,HBES040,1,1.0,192
fibroblast.,2074,train_mean,0.5786598324775696,0.2391349673271179,conch,human,breast,HBES040,1,1.0,192
goblet cell.,27,image,0.7426697611808777,0.2156054526567459,conch,human,breast,HBES040,1,1.0,192
goblet cell.,27,train_mean,0.7297927737236023,0.1516850143671035,conch,human,breast,HBES040,1,1.0,192
immature innate lymphoid cell.,56,image,0.8353186845779419,0.1497397273778915,conch,human,breast,HBES040,1,1.0,192
immature innate lymphoid cell.,56,train_mean,0.4792040884494781,0.226866215467453,conch,human,breast,HBES040,1,1.0,192
kidney loop of Henle thick ascending limb epithelial cell.,22,image,0.3805705606937408,0.2432670891284942,conch,human,breast,HBES040,1,1.0,192
kidney loop of Henle thick ascending limb epithelial cell.,22,train_mean,0.4439145624637604,0.1247296333312988,conch,human,breast,HBES040,1,1.0,192
macrophage.,2295,image,0.6619243025779724,0.1962994635105133,conch,human,breast,HBES040,1,1.0,192
macrophage.,2295,train_mean,0.4521882832050323,0.2093148231506347,conch,human,breast,HBES040,1,1.0,192
malignant cell.,45,image,0.6657652854919434,0.2124546617269516,conch,human,breast,HBES040,1,1.0,192
malignant cell.,45,train_mean,0.685681939125061,0.1081094220280647,conch,human,breast,HBES040,1,1.0,192
mammary alveolar cell.,208,image,0.8287773728370667,0.2178019285202026,conch,human,breast,HBES040,1,1.0,192
mammary alveolar cell.,208,train_mean,0.7731829285621643,0.3214981853961944,conch,human,breast,HBES040,1,1.0,192
mast cell.,151,image,0.7541100978851318,0.1711667329072952,conch,human,breast,HBES040,1,1.0,192
mast cell.,151,train_mean,0.5797829627990723,0.1243936792016029,conch,human,breast,HBES040,1,1.0,192
monocyte.,39,image,0.3135751783847809,0.2489570379257202,conch,human,breast,HBES040,1,1.0,192
monocyte.,39,train_mean,0.2951185405254364,0.1713084280490875,conch,human,breast,HBES040,1,1.0,192
natural killer cell.,41,image,0.5465639233589172,0.1985296458005905,conch,human,breast,HBES040,1,1.0,192
natural killer cell.,41,train_mean,0.3271197080612182,0.1387062817811966,conch,human,breast,HBES040,1,1.0,192
neutrophil.,26,image,0.6515018939971924,0.1928710490465164,conch,human,breast,HBES040,1,1.0,192
neutrophil.,26,train_mean,0.6830410361289978,0.117053098976612,conch,human,breast,HBES040,1,1.0,192
secretory cell.,172,image,0.8156561255455017,0.1630640923976898,conch,human,breast,HBES040,1,1.0,192
secretory cell.,172,train_mean,0.8018479347229004,0.1741625070571899,conch,human,breast,HBES040,1,1.0,192
smooth muscle cell.,205,image,0.7547504901885986,0.1688248515129089,conch,human,breast,HBES040,1,1.0,192
smooth muscle cell.,205,train_mean,0.5898892283439636,0.1592866480350494,conch,human,breast,HBES040,1,1.0,192
stratified epithelial cell.,429,image,0.7724700570106506,0.2026342451572418,conch,human,breast,HBES040,1,1.0,192
stratified epithelial cell.,429,train_mean,0.7634305357933044,0.2460754960775375,conch,human,breast,HBES040,1,1.0,192
stromal cell.,700,image,0.8562771677970886,0.1422258913516998,conch,human,breast,HBES040,1,1.0,192
stromal cell.,700,train_mean,0.603084921836853,0.2040823400020599,conch,human,breast,HBES040,1,1.0,192
B cell.,30,image,0.3760434091091156,0.2990515828132629,conch,human,breast,HBES040,2,1.0,192
B cell.,30,train_mean,0.242759570479393,0.1292359232902526,conch,human,breast,HBES040,2,1.0,192
"CD8-positive, alpha-beta T cell.",72,image,0.5461688041687012,0.2467034012079239,conch,human,breast,HBES040,2,1.0,192
"CD8-positive, alpha-beta T cell.",72,train_mean,0.3770517706871032,0.1194891929626464,conch,human,breast,HBES040,2,1.0,192
T cell.,83,image,0.5397112965583801,0.2031115442514419,conch,human,breast,HBES040,2,1.0,192
T cell.,83,train_mean,0.363533616065979,0.1593344807624817,conch,human,breast,HBES040,2,1.0,192
basal cell of epidermis.,63,image,0.8043860793113708,0.1798484474420547,conch,human,breast,HBES040,2,1.0,192
basal cell of epidermis.,63,train_mean,0.8059436082839966,0.1364040374755859,conch,human,breast,HBES040,2,1.0,192
basal cell of epithelium of bronchus.,95,image,0.7901630401611328,0.2012904286384582,conch,human,breast,HBES040,2,1.0,192
basal cell of epithelium of bronchus.,95,train_mean,0.7623113393783569,0.2303878515958786,conch,human,breast,HBES040,2,1.0,192
basal cell of prostate epithelium.,47,image,0.7859954237937927,0.1817094087600708,conch,human,breast,HBES040,2,1.0,192
basal cell of prostate epithelium.,47,train_mean,0.7884089350700378,0.1342332363128662,conch,human,breast,HBES040,2,1.0,192
basal cell.,275,image,0.8139040470123291,0.1899881213903427,conch,human,breast,HBES040,2,1.0,192
basal cell.,275,train_mean,0.8094416260719299,0.2594061493873596,conch,human,breast,HBES040,2,1.0,192
ciliated cell.,66,image,0.7638065218925476,0.2100196480751037,conch,human,breast,HBES040,2,1.0,192
ciliated cell.,66,train_mean,0.740338146686554,0.147640123963356,conch,human,breast,HBES040,2,1.0,192
classical monocyte.,31,image,0.5189344882965088,0.2613313496112823,conch,human,breast,HBES040,2,1.0,192
classical monocyte.,31,train_mean,0.3758500814437866,0.1186065375804901,conch,human,breast,HBES040,2,1.0,192
cultured cell.,2756,image,0.7561199069023132,0.2136749923229217,conch,human,breast,HBES040,2,1.0,192
cultured cell.,2756,train_mean,0.7353683114051819,0.2509644329547882,conch,human,breast,HBES040,2,1.0,192
dendritic cell.,34,image,0.6831039786338806,0.1811513602733612,conch,human,breast,HBES040,2,1.0,192
dendritic cell.,34,train_mean,0.5042758584022522,0.1685663908720016,conch,human,breast,HBES040,2,1.0,192
endothelial cell of vascular tree.,140,image,0.7437921762466431,0.1783200353384018,conch,human,breast,HBES040,2,1.0,192
endothelial cell of vascular tree.,140,train_mean,0.6188351511955261,0.1686263680458068,conch,human,breast,HBES040,2,1.0,192
endothelial cell.,679,image,0.6059628129005432,0.207572266459465,conch,human,breast,HBES040,2,1.0,192
endothelial cell.,679,train_mean,0.4865908026695251,0.1937672942876815,conch,human,breast,HBES040,2,1.0,192
epithelial cell of lower respiratory tract.,600,image,0.7879714965820312,0.2044153362512588,conch,human,breast,HBES040,2,1.0,192
epithelial cell of lower respiratory tract.,600,train_mean,0.7824400663375854,0.2628643810749054,conch,human,breast,HBES040,2,1.0,192
epithelial cell of lung.,65,image,0.7917954325675964,0.172992318868637,conch,human,breast,HBES040,2,1.0,192
epithelial cell of lung.,65,train_mean,0.7726659178733826,0.1677144169807434,conch,human,breast,HBES040,2,1.0,192
epithelial cell of proximal tubule.,27,image,0.7207132577896118,0.1887415647506714,conch,human,breast,HBES040,2,1.0,192
epithelial cell of proximal tubule.,27,train_mean,0.7334177494049072,0.1188651621341705,conch,human,breast,HBES040,2,1.0,192
epithelial cell of vascular tree.,23,image,0.7654808759689331,0.1799924373626709,conch,human,breast,HBES040,2,1.0,192
epithelial cell of vascular tree.,23,train_mean,0.6774399876594543,0.2185177356004715,conch,human,breast,HBES040,2,1.0,192
epithelial cell.,113,image,0.7664450407028198,0.1885209828615188,conch,human,breast,HBES040,2,1.0,192
epithelial cell.,113,train_mean,0.7696495652198792,0.2083988785743713,conch,human,breast,HBES040,2,1.0,192
fibroblast of cardiac tissue.,42,image,0.8122345805168152,0.1616547405719757,conch,human,breast,HBES040,2,1.0,192
fibroblast of cardiac tissue.,42,train_mean,0.567019522190094,0.1367772817611694,conch,human,breast,HBES040,2,1.0,192
fibroblast.,2074,image,0.864004373550415,0.1453890800476074,conch,human,breast,HBES040,2,1.0,192
fibroblast.,2074,train_mean,0.5786598324775696,0.2391349673271179,conch,human,breast,HBES040,2,1.0,192
goblet cell.,27,image,0.7429579496383667,0.2185065448284149,conch,human,breast,HBES040,2,1.0,192
goblet cell.,27,train_mean,0.7297927737236023,0.1516850143671035,conch,human,breast,HBES040,2,1.0,192
immature innate lymphoid cell.,56,image,0.8272022604942322,0.1553167551755905,conch,human,breast,HBES040,2,1.0,192
immature innate lymphoid cell.,56,train_mean,0.4792040884494781,0.226866215467453,conch,human,breast,HBES040,2,1.0,192
kidney loop of Henle thick ascending limb epithelial cell.,22,image,0.3816879093647003,0.2464840561151504,conch,human,breast,HBES040,2,1.0,192
kidney loop of Henle thick ascending limb epithelial cell.,22,train_mean,0.4439145624637604,0.1247296333312988,conch,human,breast,HBES040,2,1.0,192
macrophage.,2295,image,0.6561322808265686,0.2000057697296142,conch,human,breast,HBES040,2,1.0,192
macrophage.,2295,train_mean,0.4521882832050323,0.2093148231506347,conch,human,breast,HBES040,2,1.0,192
malignant cell.,45,image,0.6654683947563171,0.2154930680990219,conch,human,breast,HBES040,2,1.0,192
malignant cell.,45,train_mean,0.685681939125061,0.1081094220280647,conch,human,breast,HBES040,2,1.0,192
mammary alveolar cell.,208,image,0.826020359992981,0.2182084172964096,conch,human,breast,HBES040,2,1.0,192
mammary alveolar cell.,208,train_mean,0.7731829285621643,0.3214981853961944,conch,human,breast,HBES040,2,1.0,192
mast cell.,151,image,0.7518010139465332,0.1738483607769012,conch,human,breast,HBES040,2,1.0,192
mast cell.,151,train_mean,0.5797829627990723,0.1243936792016029,conch,human,breast,HBES040,2,1.0,192
monocyte.,39,image,0.3108721375465393,0.2526867985725403,conch,human,breast,HBES040,2,1.0,192
monocyte.,39,train_mean,0.2951185405254364,0.1713084280490875,conch,human,breast,HBES040,2,1.0,192
natural killer cell.,41,image,0.5433266162872314,0.2012485712766647,conch,human,breast,HBES040,2,1.0,192
natural killer cell.,41,train_mean,0.3271197080612182,0.1387062817811966,conch,human,breast,HBES040,2,1.0,192
neutrophil.,26,image,0.6509314775466919,0.1940264850854873,conch,human,breast,HBES040,2,1.0,192
neutrophil.,26,train_mean,0.6830410361289978,0.117053098976612,conch,human,breast,HBES040,2,1.0,192
secretory cell.,172,image,0.8139529824256897,0.1655525267124176,conch,human,breast,HBES040,2,1.0,192
secretory cell.,172,train_mean,0.8018479347229004,0.1741625070571899,conch,human,breast,HBES040,2,1.0,192
smooth muscle cell.,205,image,0.7518205046653748,0.1719052642583847,conch,human,breast,HBES040,2,1.0,192
smooth muscle cell.,205,train_mean,0.5898892283439636,0.1592866480350494,conch,human,breast,HBES040,2,1.0,192
stratified epithelial cell.,429,image,0.7719034552574158,0.2035194039344787,conch,human,breast,HBES040,2,1.0,192
stratified epithelial cell.,429,train_mean,0.7634305357933044,0.2460754960775375,conch,human,breast,HBES040,2,1.0,192
stromal cell.,700,image,0.851759672164917,0.1458653211593628,conch,human,breast,HBES040,2,1.0,192
stromal cell.,700,train_mean,0.603084921836853,0.2040823400020599,conch,human,breast,HBES040,2,1.0,192
B cell.,146,image,0.59873366355896,0.0751353427767753,conch,human,lung,HLCD033,0,1.0,147
B cell.,146,train_mean,0.3757331073284149,0.093879148364067,conch,human,lung,HLCD033,0,1.0,147
"CD8-positive, alpha-beta T cell.",158,image,0.4370752274990082,0.0969394147396087,conch,human,lung,HLCD033,0,1.0,147
"CD8-positive, alpha-beta T cell.",158,train_mean,0.3729727864265442,0.1062240302562713,conch,human,lung,HLCD033,0,1.0,147
T cell.,784,image,0.5725544691085815,0.1223823502659797,conch,human,lung,HLCD033,0,1.0,147
T cell.,784,train_mean,0.4030206203460693,0.141011893749237,conch,human,lung,HLCD033,0,1.0,147
dendritic cell.,791,image,0.6504494547843933,0.1276904642581939,conch,human,lung,HLCD033,0,1.0,147
dendritic cell.,791,train_mean,0.698204517364502,0.1262269169092178,conch,human,lung,HLCD033,0,1.0,147
endothelial cell.,4811,image,0.6279968023300171,0.1096060201525688,conch,human,lung,HLCD033,0,1.0,147
endothelial cell.,4811,train_mean,0.7103350162506104,0.099768191576004,conch,human,lung,HLCD033,0,1.0,147
epithelial cell.,76,image,0.6149641871452332,0.2202919125556945,conch,human,lung,HLCD033,0,1.0,147
epithelial cell.,76,train_mean,0.5797590613365173,0.2388923317193985,conch,human,lung,HLCD033,0,1.0,147
fibroblast of cardiac tissue.,322,image,0.5139761567115784,0.1002723053097724,conch,human,lung,HLCD033,0,1.0,147
fibroblast of cardiac tissue.,322,train_mean,0.400705486536026,0.1171463802456855,conch,human,lung,HLCD033,0,1.0,147
fibroblast.,836,image,0.5141852498054504,0.0978239923715591,conch,human,lung,HLCD033,0,1.0,147
fibroblast.,836,train_mean,0.4118881523609161,0.113598458468914,conch,human,lung,HLCD033,0,1.0,147
immature innate lymphoid cell.,259,image,0.5883312821388245,0.1078444272279739,conch,human,lung,HLCD033,0,1.0,147
immature innate lymphoid cell.,259,train_mean,0.4330990314483642,0.1249453574419021,conch,human,lung,HLCD033,0,1.0,147
lymphocyte.,21,image,0.4969596564769745,0.1427937448024749,conch,human,lung,HLCD033,0,1.0,147
lymphocyte.,21,train_mean,0.4436606764793396,0.149853765964508,conch,human,lung,HLCD033,0,1.0,147
macrophage.,2291,image,0.7702303528785706,0.0804915204644203,conch,human,lung,HLCD033,0,1.0,147
macrophage.,2291,train_mean,0.5037907958030701,0.113510861992836,conch,human,lung,HLCD033,0,1.0,147
monocyte.,306,image,0.7128909826278687,0.1468946635723114,conch,human,lung,HLCD033,0,1.0,147
monocyte.,306,train_mean,0.4784176647663116,0.1816459745168686,conch,human,lung,HLCD033,0,1.0,147
myeloid cell.,25,image,0.5282889604568481,0.096921682357788,conch,human,lung,HLCD033,0,1.0,147
myeloid cell.,25,train_mean,0.5817025899887085,0.0795243084430694,conch,human,lung,HLCD033,0,1.0,147
natural killer cell.,361,image,0.5130638480186462,0.1205611377954483,conch,human,lung,HLCD033,0,1.0,147
natural killer cell.,361,train_mean,0.3615504503250122,0.1371072828769683,conch,human,lung,HLCD033,0,1.0,147
neutrophil.,46,image,0.4802173972129822,0.1021094471216201,conch,human,lung,HLCD033,0,1.0,147
neutrophil.,46,train_mean,0.5414419174194336,0.0897947698831558,conch,human,lung,HLCD033,0,1.0,147
pericyte.,25,image,0.4418482482433319,0.0664514675736427,conch,human,lung,HLCD033,0,1.0,147
pericyte.,25,train_mean,0.2053226977586746,0.110478788614273,conch,human,lung,HLCD033,0,1.0,147
plasma cell.,104,image,0.5231729745864868,0.0828470885753631,conch,human,lung,HLCD033,0,1.0,147
plasma cell.,104,train_mean,0.4558791518211365,0.0876436010003089,conch,human,lung,HLCD033,0,1.0,147
secretory cell.,68,image,0.705292284488678,0.138551115989685,conch,human,lung,HLCD033,0,1.0,147
secretory cell.,68,train_mean,0.7089815139770508,0.1427206546068191,conch,human,lung,HLCD033,0,1.0,147
smooth muscle cell.,203,image,0.617914080619812,0.0570000819861888,conch,human,lung,HLCD033,0,1.0,147
smooth muscle cell.,203,train_mean,0.4038083851337433,0.0970358625054359,conch,human,lung,HLCD033,0,1.0,147
stromal cell.,41,image,0.4381211102008819,0.0785805061459541,conch,human,lung,HLCD033,0,1.0,147
stromal cell.,41,train_mean,0.3751541376113891,0.0974527597427368,conch,human,lung,HLCD033,0,1.0,147
B cell.,146,image,0.5852128267288208,0.0763242021203041,conch,human,lung,HLCD033,1,1.0,147
B cell.,146,train_mean,0.3757331073284149,0.093879148364067,conch,human,lung,HLCD033,1,1.0,147
"CD8-positive, alpha-beta T cell.",158,image,0.4355216026306152,0.0972778126597404,conch,human,lung,HLCD033,1,1.0,147
"CD8-positive, alpha-beta T cell.",158,train_mean,0.3729727864265442,0.1062240302562713,conch,human,lung,HLCD033,1,1.0,147
T cell.,784,image,0.570935070514679,0.122562438249588,conch,human,lung,HLCD033,1,1.0,147
T cell.,784,train_mean,0.4030206203460693,0.141011893749237,conch,human,lung,HLCD033,1,1.0,147
dendritic cell.,791,image,0.6474454998970032,0.1281663030385971,conch,human,lung,HLCD033,1,1.0,147
dendritic cell.,791,train_mean,0.698204517364502,0.1262269169092178,conch,human,lung,HLCD033,1,1.0,147
endothelial cell.,4811,image,0.6241421103477478,0.1100537329912185,conch,human,lung,HLCD033,1,1.0,147
endothelial cell.,4811,train_mean,0.7103350162506104,0.099768191576004,conch,human,lung,HLCD033,1,1.0,147
epithelial cell.,76,image,0.6163170337677002,0.2200572788715362,conch,human,lung,HLCD033,1,1.0,147
epithelial cell.,76,train_mean,0.5797590613365173,0.2388923317193985,conch,human,lung,HLCD033,1,1.0,147
fibroblast of cardiac tissue.,322,image,0.5107867121696472,0.1004779860377311,conch,human,lung,HLCD033,1,1.0,147
fibroblast of cardiac tissue.,322,train_mean,0.400705486536026,0.1171463802456855,conch,human,lung,HLCD033,1,1.0,147
fibroblast.,836,image,0.5113486647605896,0.0980853959918022,conch,human,lung,HLCD033,1,1.0,147
fibroblast.,836,train_mean,0.4118881523609161,0.113598458468914,conch,human,lung,HLCD033,1,1.0,147
immature innate lymphoid cell.,259,image,0.5855085253715515,0.1081350222229957,conch,human,lung,HLCD033,1,1.0,147
immature innate lymphoid cell.,259,train_mean,0.4330990314483642,0.1249453574419021,conch,human,lung,HLCD033,1,1.0,147
lymphocyte.,21,image,0.4989320337772369,0.1425867825746536,conch,human,lung,HLCD033,1,1.0,147
lymphocyte.,21,train_mean,0.4436606764793396,0.149853765964508,conch,human,lung,HLCD033,1,1.0,147
macrophage.,2291,image,0.7743100523948669,0.0799561217427253,conch,human,lung,HLCD033,1,1.0,147
macrophage.,2291,train_mean,0.5037907958030701,0.113510861992836,conch,human,lung,HLCD033,1,1.0,147
monocyte.,306,image,0.7185652852058411,0.1465533822774887,conch,human,lung,HLCD033,1,1.0,147
monocyte.,306,train_mean,0.4784176647663116,0.1816459745168686,conch,human,lung,HLCD033,1,1.0,147
myeloid cell.,25,image,0.5343109369277954,0.0963506028056144,conch,human,lung,HLCD033,1,1.0,147
myeloid cell.,25,train_mean,0.5817025899887085,0.0795243084430694,conch,human,lung,HLCD033,1,1.0,147
natural killer cell.,361,image,0.5117205381393433,0.1206797286868095,conch,human,lung,HLCD033,1,1.0,147
natural killer cell.,361,train_mean,0.3615504503250122,0.1371072828769683,conch,human,lung,HLCD033,1,1.0,147
neutrophil.,46,image,0.4776764214038849,0.1024982258677482,conch,human,lung,HLCD033,1,1.0,147
neutrophil.,46,train_mean,0.5414419174194336,0.0897947698831558,conch,human,lung,HLCD033,1,1.0,147
pericyte.,25,image,0.4293213486671448,0.0672019273042678,conch,human,lung,HLCD033,1,1.0,147
pericyte.,25,train_mean,0.2053226977586746,0.110478788614273,conch,human,lung,HLCD033,1,1.0,147
plasma cell.,104,image,0.5235288143157959,0.0824073106050491,conch,human,lung,HLCD033,1,1.0,147
plasma cell.,104,train_mean,0.4558791518211365,0.0876436010003089,conch,human,lung,HLCD033,1,1.0,147
secretory cell.,68,image,0.7028432488441467,0.1390161961317062,conch,human,lung,HLCD033,1,1.0,147
secretory cell.,68,train_mean,0.7089815139770508,0.1427206546068191,conch,human,lung,HLCD033,1,1.0,147
smooth muscle cell.,203,image,0.6118255853652954,0.0574737042188644,conch,human,lung,HLCD033,1,1.0,147
smooth muscle cell.,203,train_mean,0.4038083851337433,0.0970358625054359,conch,human,lung,HLCD033,1,1.0,147
stromal cell.,41,image,0.4306964576244354,0.0784746631979942,conch,human,lung,HLCD033,1,1.0,147
stromal cell.,41,train_mean,0.3751541376113891,0.0974527597427368,conch,human,lung,HLCD033,1,1.0,147
B cell.,146,image,0.597411572933197,0.0755230635404586,conch,human,lung,HLCD033,2,1.0,147
B cell.,146,train_mean,0.3757331073284149,0.093879148364067,conch,human,lung,HLCD033,2,1.0,147
"CD8-positive, alpha-beta T cell.",158,image,0.4496628642082214,0.0961630791425705,conch,human,lung,HLCD033,2,1.0,147
"CD8-positive, alpha-beta T cell.",158,train_mean,0.3729727864265442,0.1062240302562713,conch,human,lung,HLCD033,2,1.0,147
T cell.,784,image,0.5795258283615112,0.1216131299734115,conch,human,lung,HLCD033,2,1.0,147
T cell.,784,train_mean,0.4030206203460693,0.141011893749237,conch,human,lung,HLCD033,2,1.0,147
dendritic cell.,791,image,0.6561744809150696,0.12681445479393,conch,human,lung,HLCD033,2,1.0,147
dendritic cell.,791,train_mean,0.698204517364502,0.1262269169092178,conch,human,lung,HLCD033,2,1.0,147
endothelial cell.,4811,image,0.633052408695221,0.109018936753273,conch,human,lung,HLCD033,2,1.0,147
endothelial cell.,4811,train_mean,0.7103350162506104,0.099768191576004,conch,human,lung,HLCD033,2,1.0,147
epithelial cell.,76,image,0.6189648509025574,0.2192484438419342,conch,human,lung,HLCD033,2,1.0,147
epithelial cell.,76,train_mean,0.5797590613365173,0.2388923317193985,conch,human,lung,HLCD033,2,1.0,147
fibroblast of cardiac tissue.,322,image,0.516995906829834,0.1001346334815025,conch,human,lung,HLCD033,2,1.0,147
fibroblast of cardiac tissue.,322,train_mean,0.400705486536026,0.1171463802456855,conch,human,lung,HLCD033,2,1.0,147
fibroblast.,836,image,0.5178654193878174,0.0975718647241592,conch,human,lung,HLCD033,2,1.0,147
fibroblast.,836,train_mean,0.4118881523609161,0.113598458468914,conch,human,lung,HLCD033,2,1.0,147
immature innate lymphoid cell.,259,image,0.5903334021568298,0.1075978651642799,conch,human,lung,HLCD033,2,1.0,147
immature innate lymphoid cell.,259,train_mean,0.4330990314483642,0.1249453574419021,conch,human,lung,HLCD033,2,1.0,147
lymphocyte.,21,image,0.5139656066894531,0.1410226821899414,conch,human,lung,HLCD033,2,1.0,147
lymphocyte.,21,train_mean,0.4436606764793396,0.149853765964508,conch,human,lung,HLCD033,2,1.0,147
macrophage.,2291,image,0.7658733129501343,0.0810369998216629,conch,human,lung,HLCD033,2,1.0,147
macrophage.,2291,train_mean,0.5037907958030701,0.113510861992836,conch,human,lung,HLCD033,2,1.0,147
monocyte.,306,image,0.70940101146698,0.1469126790761947,conch,human,lung,HLCD033,2,1.0,147
monocyte.,306,train_mean,0.4784176647663116,0.1816459745168686,conch,human,lung,HLCD033,2,1.0,147
myeloid cell.,25,image,0.532248854637146,0.0982362180948257,conch,human,lung,HLCD033,2,1.0,147
myeloid cell.,25,train_mean,0.5817025899887085,0.0795243084430694,conch,human,lung,HLCD033,2,1.0,147
natural killer cell.,361,image,0.5168712735176086,0.1202365532517433,conch,human,lung,HLCD033,2,1.0,147
natural killer cell.,361,train_mean,0.3615504503250122,0.1371072828769683,conch,human,lung,HLCD033,2,1.0,147
neutrophil.,46,image,0.4810892045497894,0.102916307747364,conch,human,lung,HLCD033,2,1.0,147
neutrophil.,46,train_mean,0.5414419174194336,0.0897947698831558,conch,human,lung,HLCD033,2,1.0,147
pericyte.,25,image,0.4380275309085846,0.0663361027836799,conch,human,lung,HLCD033,2,1.0,147
pericyte.,25,train_mean,0.2053226977586746,0.110478788614273,conch,human,lung,HLCD033,2,1.0,147
plasma cell.,104,image,0.5332845449447632,0.0817153304815292,conch,human,lung,HLCD033,2,1.0,147
plasma cell.,104,train_mean,0.4558791518211365,0.0876436010003089,conch,human,lung,HLCD033,2,1.0,147
secretory cell.,68,image,0.707662045955658,0.1380082815885543,conch,human,lung,HLCD033,2,1.0,147
secretory cell.,68,train_mean,0.7089815139770508,0.1427206546068191,conch,human,lung,HLCD033,2,1.0,147
smooth muscle cell.,203,image,0.6196665167808533,0.0568169504404068,conch,human,lung,HLCD033,2,1.0,147
smooth muscle cell.,203,train_mean,0.4038083851337433,0.0970358625054359,conch,human,lung,HLCD033,2,1.0,147
stromal cell.,41,image,0.4467664361000061,0.0785884708166122,conch,human,lung,HLCD033,2,1.0,147
stromal cell.,41,train_mean,0.3751541376113891,0.0974527597427368,conch,human,lung,HLCD033,2,1.0,147
B cell.,143,image,0.4839828014373779,0.1163387075066566,conch,human,lung,HLCX022,0,1.0,154
B cell.,143,train_mean,0.1999432444572448,0.130885511636734,conch,human,lung,HLCX022,0,1.0,154
"CD4-positive, alpha-beta T cell.",37,image,0.7230294346809387,0.0723232552409172,conch,human,lung,HLCX022,0,1.0,154
"CD4-positive, alpha-beta T cell.",37,train_mean,0.555702269077301,0.09087635576725,conch,human,lung,HLCX022,0,1.0,154
"CD8-positive, alpha-beta T cell.",238,image,0.6912001371383667,0.0716394633054733,conch,human,lung,HLCX022,0,1.0,154
"CD8-positive, alpha-beta T cell.",238,train_mean,0.4976687729358673,0.089665986597538,conch,human,lung,HLCX022,0,1.0,154
T cell.,820,image,0.7844516038894653,0.0712630599737167,conch,human,lung,HLCX022,0,1.0,154
T cell.,820,train_mean,0.5103847980499268,0.1036505848169326,conch,human,lung,HLCX022,0,1.0,154
cardiac muscle myoblast.,39,image,0.5000379085540771,0.0579716712236404,conch,human,lung,HLCX022,0,1.0,154
cardiac muscle myoblast.,39,train_mean,0.1911739557981491,0.1128513365983963,conch,human,lung,HLCX022,0,1.0,154
ciliated cell.,67,image,0.7070037126541138,0.1188258230686187,conch,human,lung,HLCX022,0,1.0,154
ciliated cell.,67,train_mean,0.4134192764759063,0.1276915222406387,conch,human,lung,HLCX022,0,1.0,154
cultured cell.,25,image,0.8522933721542358,0.1208102256059646,conch,human,lung,HLCX022,0,1.0,154
cultured cell.,25,train_mean,0.6272313594818115,0.0896238759160041,conch,human,lung,HLCX022,0,1.0,154
dendritic cell.,55,image,0.58966064453125,0.1012056544423103,conch,human,lung,HLCX022,0,1.0,154
dendritic cell.,55,train_mean,0.6779714822769165,0.0787401124835014,conch,human,lung,HLCX022,0,1.0,154
endothelial cell of vascular tree.,136,image,0.5790948271751404,0.0987419337034225,conch,human,lung,HLCX022,0,1.0,154
endothelial cell of vascular tree.,136,train_mean,0.627362072467804,0.0846964120864868,conch,human,lung,HLCX022,0,1.0,154
endothelial cell.,3042,image,0.7919825315475464,0.0833653435111045,conch,human,lung,HLCX022,0,1.0,154
endothelial cell.,3042,train_mean,0.7209265232086182,0.0758542791008949,conch,human,lung,HLCX022,0,1.0,154
enterocyte.,1373,image,0.7613726854324341,0.1329318881034851,conch,human,lung,HLCX022,0,1.0,154
enterocyte.,1373,train_mean,0.5222686529159546,0.1504444181919098,conch,human,lung,HLCX022,0,1.0,154
epithelial cell of lower respiratory tract.,396,image,0.8708239197731018,0.1003504171967506,conch,human,lung,HLCX022,0,1.0,154
epithelial cell of lower respiratory tract.,396,train_mean,0.6128751635551453,0.1433783173561096,conch,human,lung,HLCX022,0,1.0,154
epithelial cell of lung.,64,image,0.8346494436264038,0.1120312288403511,conch,human,lung,HLCX022,0,1.0,154
epithelial cell of lung.,64,train_mean,0.5783390402793884,0.124784916639328,conch,human,lung,HLCX022,0,1.0,154
epithelial cell of proximal tubule.,1085,image,0.8123276233673096,0.1244794651865959,conch,human,lung,HLCX022,0,1.0,154
epithelial cell of proximal tubule.,1085,train_mean,0.5673035383224487,0.1694528609514236,conch,human,lung,HLCX022,0,1.0,154
epithelial cell.,894,image,0.8283116817474365,0.1230669766664505,conch,human,lung,HLCX022,0,1.0,154
epithelial cell.,894,train_mean,0.5882229208946228,0.1744426488876342,conch,human,lung,HLCX022,0,1.0,154
fibroblast of cardiac tissue.,49,image,0.4953584372997284,0.0656974017620086,conch,human,lung,HLCX022,0,1.0,154
fibroblast of cardiac tissue.,49,train_mean,0.3739520311355591,0.1033084094524383,conch,human,lung,HLCX022,0,1.0,154
fibroblast.,454,image,0.5629908442497253,0.0784692615270614,conch,human,lung,HLCX022,0,1.0,154
fibroblast.,454,train_mean,0.5216009616851807,0.0941430404782295,conch,human,lung,HLCX022,0,1.0,154
foveolar cell of stomach.,41,image,0.7937473654747009,0.1100069060921669,conch,human,lung,HLCX022,0,1.0,154
foveolar cell of stomach.,41,train_mean,0.5682781338691711,0.0986332073807716,conch,human,lung,HLCX022,0,1.0,154
goblet cell.,113,image,0.8201490640640259,0.1102587208151817,conch,human,lung,HLCX022,0,1.0,154
goblet cell.,113,train_mean,0.5786312818527222,0.1413601487874984,conch,human,lung,HLCX022,0,1.0,154
immature innate lymphoid cell.,23,image,0.3051435649394989,0.1476838737726211,conch,human,lung,HLCX022,0,1.0,154
immature innate lymphoid cell.,23,train_mean,0.5458958148956299,0.1202307865023613,conch,human,lung,HLCX022,0,1.0,154
intestinal epithelial cell.,80,image,0.8572691679000854,0.1105960831046104,conch,human,lung,HLCX022,0,1.0,154
intestinal epithelial cell.,80,train_mean,0.5955851674079895,0.1213916391134262,conch,human,lung,HLCX022,0,1.0,154
macrophage.,1029,image,0.3283547759056091,0.1399717777967453,conch,human,lung,HLCX022,0,1.0,154
macrophage.,1029,train_mean,0.528053343296051,0.1160775572061538,conch,human,lung,HLCX022,0,1.0,154
mammary alveolar cell.,24,image,0.74212247133255,0.09223323315382,conch,human,lung,HLCX022,0,1.0,154
mammary alveolar cell.,24,train_mean,0.6334366202354431,0.090222954750061,conch,human,lung,HLCX022,0,1.0,154
monocyte.,56,image,0.3514120578765869,0.1261405944824218,conch,human,lung,HLCX022,0,1.0,154
monocyte.,56,train_mean,0.4922826886177063,0.1084876731038093,conch,human,lung,HLCX022,0,1.0,154
myeloid cell.,82,image,0.3390483260154724,0.1135325282812118,conch,human,lung,HLCX022,0,1.0,154
myeloid cell.,82,train_mean,0.557025671005249,0.0851993784308433,conch,human,lung,HLCX022,0,1.0,154
natural killer cell.,96,image,0.526430606842041,0.0916477665305137,conch,human,lung,HLCX022,0,1.0,154
natural killer cell.,96,train_mean,0.4556361138820648,0.0963454321026802,conch,human,lung,HLCX022,0,1.0,154
secretory cell.,28,image,0.8464676141738892,0.1012122333049774,conch,human,lung,HLCX022,0,1.0,154
secretory cell.,28,train_mean,0.6311101317405701,0.1051625236868858,conch,human,lung,HLCX022,0,1.0,154
smooth muscle cell.,695,image,0.6079730987548828,0.0670187100768089,conch,human,lung,HLCX022,0,1.0,154
smooth muscle cell.,695,train_mean,0.4359709620475769,0.1008779779076576,conch,human,lung,HLCX022,0,1.0,154
smooth muscle myoblast.,23,image,0.7029076218605042,0.0456067882478237,conch,human,lung,HLCX022,0,1.0,154
smooth muscle myoblast.,23,train_mean,0.2727179527282715,0.1119333133101463,conch,human,lung,HLCX022,0,1.0,154
stromal cell of ovary.,28,image,0.1974334716796875,0.1255095601081848,conch,human,lung,HLCX022,0,1.0,154
stromal cell of ovary.,28,train_mean,0.2735726237297058,0.1116054654121398,conch,human,lung,HLCX022,0,1.0,154
stromal cell.,223,image,0.4737674295902252,0.0923899188637733,conch,human,lung,HLCX022,0,1.0,154
stromal cell.,223,train_mean,0.5148736834526062,0.095202550292015,conch,human,lung,HLCX022,0,1.0,154
type I pneumocyte.,120,image,0.8123648762702942,0.0917342230677604,conch,human,lung,HLCX022,0,1.0,154
type I pneumocyte.,120,train_mean,0.6101741790771484,0.1216486096382141,conch,human,lung,HLCX022,0,1.0,154
B cell.,143,image,0.4927928149700165,0.1154739111661911,conch,human,lung,HLCX022,1,1.0,154
B cell.,143,train_mean,0.1999432444572448,0.130885511636734,conch,human,lung,HLCX022,1,1.0,154
"CD4-positive, alpha-beta T cell.",37,image,0.7259557843208313,0.0719724968075752,conch,human,lung,HLCX022,1,1.0,154
"CD4-positive, alpha-beta T cell.",37,train_mean,0.555702269077301,0.09087635576725,conch,human,lung,HLCX022,1,1.0,154
"CD8-positive, alpha-beta T cell.",238,image,0.7036284804344177,0.0711190328001976,conch,human,lung,HLCX022,1,1.0,154
"CD8-positive, alpha-beta T cell.",238,train_mean,0.4976687729358673,0.089665986597538,conch,human,lung,HLCX022,1,1.0,154
T cell.,820,image,0.7963483929634094,0.069662757217884,conch,human,lung,HLCX022,1,1.0,154
T cell.,820,train_mean,0.5103847980499268,0.1036505848169326,conch,human,lung,HLCX022,1,1.0,154
cardiac muscle myoblast.,39,image,0.5234804749488831,0.0570724755525589,conch,human,lung,HLCX022,1,1.0,154
cardiac muscle myoblast.,39,train_mean,0.1911739557981491,0.1128513365983963,conch,human,lung,HLCX022,1,1.0,154
ciliated cell.,67,image,0.7122300267219543,0.1155884712934494,conch,human,lung,HLCX022,1,1.0,154
ciliated cell.,67,train_mean,0.4134192764759063,0.1276915222406387,conch,human,lung,HLCX022,1,1.0,154
cultured cell.,25,image,0.8541600108146667,0.1216446384787559,conch,human,lung,HLCX022,1,1.0,154
cultured cell.,25,train_mean,0.6272313594818115,0.0896238759160041,conch,human,lung,HLCX022,1,1.0,154
dendritic cell.,55,image,0.6057939529418945,0.0996448248624801,conch,human,lung,HLCX022,1,1.0,154
dendritic cell.,55,train_mean,0.6779714822769165,0.0787401124835014,conch,human,lung,HLCX022,1,1.0,154
endothelial cell of vascular tree.,136,image,0.5777562260627747,0.0996045544743537,conch,human,lung,HLCX022,1,1.0,154
endothelial cell of vascular tree.,136,train_mean,0.627362072467804,0.0846964120864868,conch,human,lung,HLCX022,1,1.0,154
endothelial cell.,3042,image,0.7931296825408936,0.0837728381156921,conch,human,lung,HLCX022,1,1.0,154
endothelial cell.,3042,train_mean,0.7209265232086182,0.0758542791008949,conch,human,lung,HLCX022,1,1.0,154
enterocyte.,1373,image,0.761761486530304,0.1337243616580963,conch,human,lung,HLCX022,1,1.0,154
enterocyte.,1373,train_mean,0.5222686529159546,0.1504444181919098,conch,human,lung,HLCX022,1,1.0,154
epithelial cell of lower respiratory tract.,396,image,0.8705649971961975,0.1010141521692276,conch,human,lung,HLCX022,1,1.0,154
epithelial cell of lower respiratory tract.,396,train_mean,0.6128751635551453,0.1433783173561096,conch,human,lung,HLCX022,1,1.0,154
epithelial cell of lung.,64,image,0.8346494436264038,0.1131886020302772,conch,human,lung,HLCX022,1,1.0,154
epithelial cell of lung.,64,train_mean,0.5783390402793884,0.124784916639328,conch,human,lung,HLCX022,1,1.0,154
epithelial cell of proximal tubule.,1085,image,0.812117338180542,0.1249403730034828,conch,human,lung,HLCX022,1,1.0,154
epithelial cell of proximal tubule.,1085,train_mean,0.5673035383224487,0.1694528609514236,conch,human,lung,HLCX022,1,1.0,154
epithelial cell.,894,image,0.8281615972518921,0.1234485134482383,conch,human,lung,HLCX022,1,1.0,154
epithelial cell.,894,train_mean,0.5882229208946228,0.1744426488876342,conch,human,lung,HLCX022,1,1.0,154
fibroblast of cardiac tissue.,49,image,0.4668003618717193,0.068612016737461,conch,human,lung,HLCX022,1,1.0,154
fibroblast of cardiac tissue.,49,train_mean,0.3739520311355591,0.1033084094524383,conch,human,lung,HLCX022,1,1.0,154
fibroblast.,454,image,0.5577617883682251,0.0789373591542244,conch,human,lung,HLCX022,1,1.0,154
fibroblast.,454,train_mean,0.5216009616851807,0.0941430404782295,conch,human,lung,HLCX022,1,1.0,154
foveolar cell of stomach.,41,image,0.7933109402656555,0.1101718693971633,conch,human,lung,HLCX022,1,1.0,154
foveolar cell of stomach.,41,train_mean,0.5682781338691711,0.0986332073807716,conch,human,lung,HLCX022,1,1.0,154
goblet cell.,113,image,0.8197704553604126,0.1108780801296234,conch,human,lung,HLCX022,1,1.0,154
goblet cell.,113,train_mean,0.5786312818527222,0.1413601487874984,conch,human,lung,HLCX022,1,1.0,154
immature innate lymphoid cell.,23,image,0.3139980435371399,0.1464407593011856,conch,human,lung,HLCX022,1,1.0,154
immature innate lymphoid cell.,23,train_mean,0.5458958148956299,0.1202307865023613,conch,human,lung,HLCX022,1,1.0,154
intestinal epithelial cell.,80,image,0.8565393090248108,0.1113432347774505,conch,human,lung,HLCX022,1,1.0,154
intestinal epithelial cell.,80,train_mean,0.5955851674079895,0.1213916391134262,conch,human,lung,HLCX022,1,1.0,154
macrophage.,1029,image,0.3384914398193359,0.1389313340187072,conch,human,lung,HLCX022,1,1.0,154
macrophage.,1029,train_mean,0.528053343296051,0.1160775572061538,conch,human,lung,HLCX022,1,1.0,154
mammary alveolar cell.,24,image,0.7429262399673462,0.0931670442223548,conch,human,lung,HLCX022,1,1.0,154
mammary alveolar cell.,24,train_mean,0.6334366202354431,0.090222954750061,conch,human,lung,HLCX022,1,1.0,154
monocyte.,56,image,0.3761277198791504,0.1239253282546997,conch,human,lung,HLCX022,1,1.0,154
monocyte.,56,train_mean,0.4922826886177063,0.1084876731038093,conch,human,lung,HLCX022,1,1.0,154
myeloid cell.,82,image,0.3513003587722778,0.1121570020914077,conch,human,lung,HLCX022,1,1.0,154
myeloid cell.,82,train_mean,0.557025671005249,0.0851993784308433,conch,human,lung,HLCX022,1,1.0,154
natural killer cell.,96,image,0.5408032536506653,0.0903611481189727,conch,human,lung,HLCX022,1,1.0,154
natural killer cell.,96,train_mean,0.4556361138820648,0.0963454321026802,conch,human,lung,HLCX022,1,1.0,154
secretory cell.,28,image,0.8468014597892761,0.1009964272379875,conch,human,lung,HLCX022,1,1.0,154
secretory cell.,28,train_mean,0.6311101317405701,0.1051625236868858,conch,human,lung,HLCX022,1,1.0,154
smooth muscle cell.,695,image,0.5893495082855225,0.0689243599772453,conch,human,lung,HLCX022,1,1.0,154
smooth muscle cell.,695,train_mean,0.4359709620475769,0.1008779779076576,conch,human,lung,HLCX022,1,1.0,154
smooth muscle myoblast.,23,image,0.7130019664764404,0.0446857549250125,conch,human,lung,HLCX022,1,1.0,154
smooth muscle myoblast.,23,train_mean,0.2727179527282715,0.1119333133101463,conch,human,lung,HLCX022,1,1.0,154
stromal cell of ovary.,28,image,0.1899623870849609,0.1262568235397339,conch,human,lung,HLCX022,1,1.0,154
stromal cell of ovary.,28,train_mean,0.2735726237297058,0.1116054654121398,conch,human,lung,HLCX022,1,1.0,154
stromal cell.,223,image,0.4654647409915924,0.0935388728976249,conch,human,lung,HLCX022,1,1.0,154
stromal cell.,223,train_mean,0.5148736834526062,0.095202550292015,conch,human,lung,HLCX022,1,1.0,154
type I pneumocyte.,120,image,0.8108012080192566,0.092165507376194,conch,human,lung,HLCX022,1,1.0,154
type I pneumocyte.,120,train_mean,0.6101741790771484,0.1216486096382141,conch,human,lung,HLCX022,1,1.0,154
B cell.,143,image,0.4789629876613617,0.1170823276042938,conch,human,lung,HLCX022,2,1.0,154
B cell.,143,train_mean,0.1999432444572448,0.130885511636734,conch,human,lung,HLCX022,2,1.0,154
"CD4-positive, alpha-beta T cell.",37,image,0.7167764902114868,0.0710892453789711,conch,human,lung,HLCX022,2,1.0,154
"CD4-positive, alpha-beta T cell.",37,train_mean,0.555702269077301,0.09087635576725,conch,human,lung,HLCX022,2,1.0,154
"CD8-positive, alpha-beta T cell.",238,image,0.691642701625824,0.0711759179830551,conch,human,lung,HLCX022,2,1.0,154
"CD8-positive, alpha-beta T cell.",238,train_mean,0.4976687729358673,0.089665986597538,conch,human,lung,HLCX022,2,1.0,154
T cell.,820,image,0.7839615345001221,0.0711454376578331,conch,human,lung,HLCX022,2,1.0,154
T cell.,820,train_mean,0.5103847980499268,0.1036505848169326,conch,human,lung,HLCX022,2,1.0,154
cardiac muscle myoblast.,39,image,0.5327399373054504,0.0555991642177104,conch,human,lung,HLCX022,2,1.0,154
cardiac muscle myoblast.,39,train_mean,0.1911739557981491,0.1128513365983963,conch,human,lung,HLCX022,2,1.0,154
ciliated cell.,67,image,0.7071974873542786,0.1170250922441482,conch,human,lung,HLCX022,2,1.0,154
ciliated cell.,67,train_mean,0.4134192764759063,0.1276915222406387,conch,human,lung,HLCX022,2,1.0,154
cultured cell.,25,image,0.8540502190589905,0.1205576732754707,conch,human,lung,HLCX022,2,1.0,154
cultured cell.,25,train_mean,0.6272313594818115,0.0896238759160041,conch,human,lung,HLCX022,2,1.0,154
dendritic cell.,55,image,0.5885226130485535,0.1009327620267868,conch,human,lung,HLCX022,2,1.0,154
dendritic cell.,55,train_mean,0.6779714822769165,0.0787401124835014,conch,human,lung,HLCX022,2,1.0,154
endothelial cell of vascular tree.,136,image,0.5809162259101868,0.0984187200665474,conch,human,lung,HLCX022,2,1.0,154
endothelial cell of vascular tree.,136,train_mean,0.627362072467804,0.0846964120864868,conch,human,lung,HLCX022,2,1.0,154
endothelial cell.,3042,image,0.79216468334198,0.0830336734652519,conch,human,lung,HLCX022,2,1.0,154
endothelial cell.,3042,train_mean,0.7209265232086182,0.0758542791008949,conch,human,lung,HLCX022,2,1.0,154
enterocyte.,1373,image,0.7649833559989929,0.1317332237958908,conch,human,lung,HLCX022,2,1.0,154
enterocyte.,1373,train_mean,0.5222686529159546,0.1504444181919098,conch,human,lung,HLCX022,2,1.0,154
epithelial cell of lower respiratory tract.,396,image,0.8733049035072327,0.0989960208535194,conch,human,lung,HLCX022,2,1.0,154
epithelial cell of lower respiratory tract.,396,train_mean,0.6128751635551453,0.1433783173561096,conch,human,lung,HLCX022,2,1.0,154
epithelial cell of lung.,64,image,0.8373575806617737,0.1110675185918808,conch,human,lung,HLCX022,2,1.0,154
epithelial cell of lung.,64,train_mean,0.5783390402793884,0.124784916639328,conch,human,lung,HLCX022,2,1.0,154
epithelial cell of proximal tubule.,1085,image,0.8143411874771118,0.1235900446772575,conch,human,lung,HLCX022,2,1.0,154
epithelial cell of proximal tubule.,1085,train_mean,0.5673035383224487,0.1694528609514236,conch,human,lung,HLCX022,2,1.0,154
epithelial cell.,894,image,0.8298022747039795,0.1223786324262619,conch,human,lung,HLCX022,2,1.0,154
epithelial cell.,894,train_mean,0.5882229208946228,0.1744426488876342,conch,human,lung,HLCX022,2,1.0,154
fibroblast of cardiac tissue.,49,image,0.4771761298179626,0.0671917125582695,conch,human,lung,HLCX022,2,1.0,154
fibroblast of cardiac tissue.,49,train_mean,0.3739520311355591,0.1033084094524383,conch,human,lung,HLCX022,2,1.0,154
fibroblast.,454,image,0.5562555193901062,0.0787686482071876,conch,human,lung,HLCX022,2,1.0,154
fibroblast.,454,train_mean,0.5216009616851807,0.0941430404782295,conch,human,lung,HLCX022,2,1.0,154
foveolar cell of stomach.,41,image,0.7954047322273254,0.1090508177876472,conch,human,lung,HLCX022,2,1.0,154
foveolar cell of stomach.,41,train_mean,0.5682781338691711,0.0986332073807716,conch,human,lung,HLCX022,2,1.0,154
goblet cell.,113,image,0.8220084309577942,0.1096606478095054,conch,human,lung,HLCX022,2,1.0,154
goblet cell.,113,train_mean,0.5786312818527222,0.1413601487874984,conch,human,lung,HLCX022,2,1.0,154
immature innate lymphoid cell.,23,image,0.3014780879020691,0.1473852097988128,conch,human,lung,HLCX022,2,1.0,154
immature innate lymphoid cell.,23,train_mean,0.5458958148956299,0.1202307865023613,conch,human,lung,HLCX022,2,1.0,154
intestinal epithelial cell.,80,image,0.8591427803039551,0.1090933755040168,conch,human,lung,HLCX022,2,1.0,154
intestinal epithelial cell.,80,train_mean,0.5955851674079895,0.1213916391134262,conch,human,lung,HLCX022,2,1.0,154
macrophage.,1029,image,0.3231949210166931,0.1403626948595047,conch,human,lung,HLCX022,2,1.0,154
macrophage.,1029,train_mean,0.528053343296051,0.1160775572061538,conch,human,lung,HLCX022,2,1.0,154
mammary alveolar cell.,24,image,0.7397002577781677,0.0927822738885879,conch,human,lung,HLCX022,2,1.0,154
mammary alveolar cell.,24,train_mean,0.6334366202354431,0.090222954750061,conch,human,lung,HLCX022,2,1.0,154
monocyte.,56,image,0.3599765002727508,0.1248883157968521,conch,human,lung,HLCX022,2,1.0,154
monocyte.,56,train_mean,0.4922826886177063,0.1084876731038093,conch,human,lung,HLCX022,2,1.0,154
myeloid cell.,82,image,0.3373927175998688,0.1120894104242324,conch,human,lung,HLCX022,2,1.0,154
myeloid cell.,82,train_mean,0.557025671005249,0.0851993784308433,conch,human,lung,HLCX022,2,1.0,154
natural killer cell.,96,image,0.5259924530982971,0.0912768617272377,conch,human,lung,HLCX022,2,1.0,154
natural killer cell.,96,train_mean,0.4556361138820648,0.0963454321026802,conch,human,lung,HLCX022,2,1.0,154
secretory cell.,28,image,0.846496045589447,0.1008653938770294,conch,human,lung,HLCX022,2,1.0,154
secretory cell.,28,train_mean,0.6311101317405701,0.1051625236868858,conch,human,lung,HLCX022,2,1.0,154
smooth muscle cell.,695,image,0.5923786163330078,0.068123959004879,conch,human,lung,HLCX022,2,1.0,154
smooth muscle cell.,695,train_mean,0.4359709620475769,0.1008779779076576,conch,human,lung,HLCX022,2,1.0,154
smooth muscle myoblast.,23,image,0.7253893613815308,0.0435012727975845,conch,human,lung,HLCX022,2,1.0,154
smooth muscle myoblast.,23,train_mean,0.2727179527282715,0.1119333133101463,conch,human,lung,HLCX022,2,1.0,154
stromal cell of ovary.,28,image,0.1932784169912338,0.1260607987642288,conch,human,lung,HLCX022,2,1.0,154
stromal cell of ovary.,28,train_mean,0.2735726237297058,0.1116054654121398,conch,human,lung,HLCX022,2,1.0,154
stromal cell.,223,image,0.4669441878795624,0.09207084774971,conch,human,lung,HLCX022,2,1.0,154
stromal cell.,223,train_mean,0.5148736834526062,0.095202550292015,conch,human,lung,HLCX022,2,1.0,154
type I pneumocyte.,120,image,0.8120907545089722,0.0915836170315742,conch,human,lung,HLCX022,2,1.0,154
type I pneumocyte.,120,train_mean,0.6101741790771484,0.1216486096382141,conch,human,lung,HLCX022,2,1.0,154
B cell.,421,image,0.4006166756153106,0.154494971036911,conch,human,lung,XTNL005,0,1.0,150
B cell.,421,train_mean,0.1374185383319854,0.1764407604932785,conch,human,lung,XTNL005,0,1.0,150
"CD4-positive, alpha-beta T cell.",38,image,0.5586369633674622,0.09932641685009,conch,human,lung,XTNL005,0,1.0,150
"CD4-positive, alpha-beta T cell.",38,train_mean,0.2879619002342224,0.1291390210390091,conch,human,lung,XTNL005,0,1.0,150
"CD8-positive, alpha-beta T cell.",195,image,0.5870712995529175,0.1163041666150093,conch,human,lung,XTNL005,0,1.0,150
"CD8-positive, alpha-beta T cell.",195,train_mean,0.2568289041519165,0.143095850944519,conch,human,lung,XTNL005,0,1.0,150
T cell.,1067,image,0.6345528364181519,0.1843009442090988,conch,human,lung,XTNL005,0,1.0,150
T cell.,1067,train_mean,0.3177757263183594,0.2002348005771637,conch,human,lung,XTNL005,0,1.0,150
basal cell.,247,image,0.5528519153594971,0.0584847070276737,conch,human,lung,XTNL005,0,1.0,150
basal cell.,247,train_mean,0.7123178243637085,0.0718191564083099,conch,human,lung,XTNL005,0,1.0,150
cardiac endothelial cell.,26,image,0.490572452545166,0.1307287514209747,conch,human,lung,XTNL005,0,1.0,150
cardiac endothelial cell.,26,train_mean,0.1605070382356643,0.1637271344661712,conch,human,lung,XTNL005,0,1.0,150
cardiac muscle myoblast.,317,image,0.431103765964508,0.0924604460597038,conch,human,lung,XTNL005,0,1.0,150
cardiac muscle myoblast.,317,train_mean,0.0666904971003532,0.1401122957468032,conch,human,lung,XTNL005,0,1.0,150
ciliated cell.,261,image,0.7189124226570129,0.0712087601423263,conch,human,lung,XTNL005,0,1.0,150
ciliated cell.,261,train_mean,0.725540816783905,0.0736522451043129,conch,human,lung,XTNL005,0,1.0,150
cultured cell.,52,image,0.6789551377296448,0.0821222811937332,conch,human,lung,XTNL005,0,1.0,150
cultured cell.,52,train_mean,0.6676478981971741,0.083260491490364,conch,human,lung,XTNL005,0,1.0,150
dendritic cell.,34,image,0.6506731510162354,0.1300130486488342,conch,human,lung,XTNL005,0,1.0,150
dendritic cell.,34,train_mean,0.48361936211586,0.1379661113023758,conch,human,lung,XTNL005,0,1.0,150
endothelial cell of vascular tree.,209,image,0.653720498085022,0.0675775557756424,conch,human,lung,XTNL005,0,1.0,150
endothelial cell of vascular tree.,209,train_mean,0.4334190785884857,0.0995529294013977,conch,human,lung,XTNL005,0,1.0,150
endothelial cell.,2717,image,0.6864486932754517,0.0741256177425384,conch,human,lung,XTNL005,0,1.0,150
endothelial cell.,2717,train_mean,0.4615064859390259,0.0987951084971427,conch,human,lung,XTNL005,0,1.0,150
epithelial cell of alveolus of lung.,36,image,0.7516737580299377,0.1484469622373581,conch,human,lung,XTNL005,0,1.0,150
epithelial cell of alveolus of lung.,36,train_mean,0.7831279635429382,0.1253368258476257,conch,human,lung,XTNL005,0,1.0,150
epithelial cell of lower respiratory tract.,265,image,0.7597361207008362,0.1669277548789978,conch,human,lung,XTNL005,0,1.0,150
epithelial cell of lower respiratory tract.,265,train_mean,0.7723090052604675,0.1654742211103439,conch,human,lung,XTNL005,0,1.0,150
epithelial cell of lung.,56,image,0.7995957136154175,0.13420270383358,conch,human,lung,XTNL005,0,1.0,150
epithelial cell of lung.,56,train_mean,0.8065022826194763,0.1192221567034721,conch,human,lung,XTNL005,0,1.0,150
epithelial cell of proximal tubule.,56,image,0.8000778555870056,0.1603025794029235,conch,human,lung,XTNL005,0,1.0,150
epithelial cell of proximal tubule.,56,train_mean,0.817802369594574,0.171992614865303,conch,human,lung,XTNL005,0,1.0,150
epithelial cell.,214,image,0.7905516028404236,0.1270905286073684,conch,human,lung,XTNL005,0,1.0,150
epithelial cell.,214,train_mean,0.8189671039581299,0.1082006469368934,conch,human,lung,XTNL005,0,1.0,150
fibroblast of cardiac tissue.,71,image,0.7501856684684753,0.0726780071854591,conch,human,lung,XTNL005,0,1.0,150
fibroblast of cardiac tissue.,71,train_mean,0.3422309756278991,0.1150114238262176,conch,human,lung,XTNL005,0,1.0,150
fibroblast.,416,image,0.6746177673339844,0.097352385520935,conch,human,lung,XTNL005,0,1.0,150
fibroblast.,416,train_mean,0.383398562669754,0.122781865298748,conch,human,lung,XTNL005,0,1.0,150
foveolar cell of stomach.,103,image,0.7742684483528137,0.1225500777363777,conch,human,lung,XTNL005,0,1.0,150
foveolar cell of stomach.,103,train_mean,0.7472085356712341,0.1342369467020034,conch,human,lung,XTNL005,0,1.0,150
goblet cell.,1299,image,0.7792882323265076,0.1924230456352234,conch,human,lung,XTNL005,0,1.0,150
goblet cell.,1299,train_mean,0.7432720065116882,0.2222165763378143,conch,human,lung,XTNL005,0,1.0,150
kidney loop of Henle thick ascending limb epithelial cell.,21,image,0.5569538474082947,0.0412504971027374,conch,human,lung,XTNL005,0,1.0,150
kidney loop of Henle thick ascending limb epithelial cell.,21,train_mean,0.5836860537528992,0.0910087078809738,conch,human,lung,XTNL005,0,1.0,150
macrophage.,1407,image,0.5444510579109192,0.2401832193136215,conch,human,lung,XTNL005,0,1.0,150
macrophage.,1407,train_mean,0.2788677513599396,0.2529310882091522,conch,human,lung,XTNL005,0,1.0,150
malignant cell.,43,image,0.5549152493476868,0.1107233539223671,conch,human,lung,XTNL005,0,1.0,150
malignant cell.,43,train_mean,0.6026062369346619,0.1042332500219345,conch,human,lung,XTNL005,0,1.0,150
mammary alveolar cell.,223,image,0.7671951651573181,0.1245632395148277,conch,human,lung,XTNL005,0,1.0,150
mammary alveolar cell.,223,train_mean,0.6643266677856445,0.1172932237386703,conch,human,lung,XTNL005,0,1.0,150
monocyte.,112,image,0.455261081457138,0.2233476042747497,conch,human,lung,XTNL005,0,1.0,150
monocyte.,112,train_mean,0.326907068490982,0.2224495112895965,conch,human,lung,XTNL005,0,1.0,150
myeloid cell.,20,image,0.6416202783584595,0.083292931318283,conch,human,lung,XTNL005,0,1.0,150
myeloid cell.,20,train_mean,0.386233240365982,0.1083874031901359,conch,human,lung,XTNL005,0,1.0,150
natural killer cell.,103,image,0.3637154102325439,0.1669545471668243,conch,human,lung,XTNL005,0,1.0,150
natural killer cell.,103,train_mean,0.1997168362140655,0.178585484623909,conch,human,lung,XTNL005,0,1.0,150
plasma cell.,33,image,0.1159369796514511,0.1778132766485214,conch,human,lung,XTNL005,0,1.0,150
plasma cell.,33,train_mean,0.0794334113597869,0.1898514926433563,conch,human,lung,XTNL005,0,1.0,150
secretory cell.,139,image,0.7803061008453369,0.154191717505455,conch,human,lung,XTNL005,0,1.0,150
secretory cell.,139,train_mean,0.7811117768287659,0.1622803658246994,conch,human,lung,XTNL005,0,1.0,150
smooth muscle cell.,249,image,0.6658828854560852,0.083876721560955,conch,human,lung,XTNL005,0,1.0,150
smooth muscle cell.,249,train_mean,0.2488309890031814,0.1267683953046798,conch,human,lung,XTNL005,0,1.0,150
smooth muscle myoblast.,137,image,0.5274525284767151,0.1128276363015174,conch,human,lung,XTNL005,0,1.0,150
smooth muscle myoblast.,137,train_mean,0.1223987564444542,0.1548357158899307,conch,human,lung,XTNL005,0,1.0,150
stratified epithelial cell.,21,image,0.7362809777259827,0.1731768250465393,conch,human,lung,XTNL005,0,1.0,150
stratified epithelial cell.,21,train_mean,0.694734513759613,0.1961977034807205,conch,human,lung,XTNL005,0,1.0,150
stromal cell.,297,image,0.6447027325630188,0.0863159224390983,conch,human,lung,XTNL005,0,1.0,150
stromal cell.,297,train_mean,0.3611283004283905,0.1175497993826866,conch,human,lung,XTNL005,0,1.0,150
type I pneumocyte.,534,image,0.6982730031013489,0.0749856531620025,conch,human,lung,XTNL005,0,1.0,150
type I pneumocyte.,534,train_mean,0.8173268437385559,0.0588252954185009,conch,human,lung,XTNL005,0,1.0,150
type II pneumocyte.,255,image,0.7384971380233765,0.1407018899917602,conch,human,lung,XTNL005,0,1.0,150
type II pneumocyte.,255,train_mean,0.6626377105712891,0.1325270235538482,conch,human,lung,XTNL005,0,1.0,150
B cell.,421,image,0.4049683809280395,0.1543007045984268,conch,human,lung,XTNL005,1,1.0,150
B cell.,421,train_mean,0.1374185383319854,0.1764407604932785,conch,human,lung,XTNL005,1,1.0,150
"CD4-positive, alpha-beta T cell.",38,image,0.5627554059028625,0.0990282595157623,conch,human,lung,XTNL005,1,1.0,150
"CD4-positive, alpha-beta T cell.",38,train_mean,0.2879619002342224,0.1291390210390091,conch,human,lung,XTNL005,1,1.0,150
"CD8-positive, alpha-beta T cell.",195,image,0.6017832159996033,0.115176647901535,conch,human,lung,XTNL005,1,1.0,150
"CD8-positive, alpha-beta T cell.",195,train_mean,0.2568289041519165,0.143095850944519,conch,human,lung,XTNL005,1,1.0,150
T cell.,1067,image,0.6460607647895813,0.1835744976997375,conch,human,lung,XTNL005,1,1.0,150
T cell.,1067,train_mean,0.3177757263183594,0.2002348005771637,conch,human,lung,XTNL005,1,1.0,150
basal cell.,247,image,0.5612468719482422,0.0581857860088348,conch,human,lung,XTNL005,1,1.0,150
basal cell.,247,train_mean,0.7123178243637085,0.0718191564083099,conch,human,lung,XTNL005,1,1.0,150
cardiac endothelial cell.,26,image,0.4874438047409057,0.1310533285140991,conch,human,lung,XTNL005,1,1.0,150
cardiac endothelial cell.,26,train_mean,0.1605070382356643,0.1637271344661712,conch,human,lung,XTNL005,1,1.0,150
cardiac muscle myoblast.,317,image,0.4331870973110199,0.0922310054302215,conch,human,lung,XTNL005,1,1.0,150
cardiac muscle myoblast.,317,train_mean,0.0666904971003532,0.1401122957468032,conch,human,lung,XTNL005,1,1.0,150
ciliated cell.,261,image,0.7163050770759583,0.0715405493974685,conch,human,lung,XTNL005,1,1.0,150
ciliated cell.,261,train_mean,0.725540816783905,0.0736522451043129,conch,human,lung,XTNL005,1,1.0,150
cultured cell.,52,image,0.6786643266677856,0.0819537118077278,conch,human,lung,XTNL005,1,1.0,150
cultured cell.,52,train_mean,0.6676478981971741,0.083260491490364,conch,human,lung,XTNL005,1,1.0,150
dendritic cell.,34,image,0.6458585262298584,0.1313413232564926,conch,human,lung,XTNL005,1,1.0,150
dendritic cell.,34,train_mean,0.48361936211586,0.1379661113023758,conch,human,lung,XTNL005,1,1.0,150
endothelial cell of vascular tree.,209,image,0.6634390950202942,0.0670160502195358,conch,human,lung,XTNL005,1,1.0,150
endothelial cell of vascular tree.,209,train_mean,0.4334190785884857,0.0995529294013977,conch,human,lung,XTNL005,1,1.0,150
endothelial cell.,2717,image,0.6966737508773804,0.0735571607947349,conch,human,lung,XTNL005,1,1.0,150
endothelial cell.,2717,train_mean,0.4615064859390259,0.0987951084971427,conch,human,lung,XTNL005,1,1.0,150
epithelial cell of alveolus of lung.,36,image,0.7540403008460999,0.1482713669538498,conch,human,lung,XTNL005,1,1.0,150
epithelial cell of alveolus of lung.,36,train_mean,0.7831279635429382,0.1253368258476257,conch,human,lung,XTNL005,1,1.0,150
epithelial cell of lower respiratory tract.,265,image,0.7677932381629944,0.1659408509731292,conch,human,lung,XTNL005,1,1.0,150
epithelial cell of lower respiratory tract.,265,train_mean,0.7723090052604675,0.1654742211103439,conch,human,lung,XTNL005,1,1.0,150
epithelial cell of lung.,56,image,0.801276683807373,0.1343741714954376,conch,human,lung,XTNL005,1,1.0,150
epithelial cell of lung.,56,train_mean,0.8065022826194763,0.1192221567034721,conch,human,lung,XTNL005,1,1.0,150
epithelial cell of proximal tubule.,56,image,0.8055942058563232,0.1593075096607208,conch,human,lung,XTNL005,1,1.0,150
epithelial cell of proximal tubule.,56,train_mean,0.817802369594574,0.171992614865303,conch,human,lung,XTNL005,1,1.0,150
epithelial cell.,214,image,0.7972235679626465,0.1265438050031662,conch,human,lung,XTNL005,1,1.0,150
epithelial cell.,214,train_mean,0.8189671039581299,0.1082006469368934,conch,human,lung,XTNL005,1,1.0,150
fibroblast of cardiac tissue.,71,image,0.7622157335281372,0.0723300725221633,conch,human,lung,XTNL005,1,1.0,150
fibroblast of cardiac tissue.,71,train_mean,0.3422309756278991,0.1150114238262176,conch,human,lung,XTNL005,1,1.0,150
fibroblast.,416,image,0.6904999017715454,0.0966242402791976,conch,human,lung,XTNL005,1,1.0,150
fibroblast.,416,train_mean,0.383398562669754,0.122781865298748,conch,human,lung,XTNL005,1,1.0,150
foveolar cell of stomach.,103,image,0.7736960649490356,0.1228557154536247,conch,human,lung,XTNL005,1,1.0,150
foveolar cell of stomach.,103,train_mean,0.7472085356712341,0.1342369467020034,conch,human,lung,XTNL005,1,1.0,150
goblet cell.,1299,image,0.7816756963729858,0.191838726401329,conch,human,lung,XTNL005,1,1.0,150
goblet cell.,1299,train_mean,0.7432720065116882,0.2222165763378143,conch,human,lung,XTNL005,1,1.0,150
kidney loop of Henle thick ascending limb epithelial cell.,21,image,0.5642214417457581,0.0407142490148544,conch,human,lung,XTNL005,1,1.0,150
kidney loop of Henle thick ascending limb epithelial cell.,21,train_mean,0.5836860537528992,0.0910087078809738,conch,human,lung,XTNL005,1,1.0,150
macrophage.,1407,image,0.5171376466751099,0.2424525022506714,conch,human,lung,XTNL005,1,1.0,150
macrophage.,1407,train_mean,0.2788677513599396,0.2529310882091522,conch,human,lung,XTNL005,1,1.0,150
malignant cell.,43,image,0.5570048689842224,0.1108202189207077,conch,human,lung,XTNL005,1,1.0,150
malignant cell.,43,train_mean,0.6026062369346619,0.1042332500219345,conch,human,lung,XTNL005,1,1.0,150
mammary alveolar cell.,223,image,0.776650607585907,0.1237807422876358,conch,human,lung,XTNL005,1,1.0,150
mammary alveolar cell.,223,train_mean,0.6643266677856445,0.1172932237386703,conch,human,lung,XTNL005,1,1.0,150
monocyte.,112,image,0.427787184715271,0.2250940203666687,conch,human,lung,XTNL005,1,1.0,150
monocyte.,112,train_mean,0.326907068490982,0.2224495112895965,conch,human,lung,XTNL005,1,1.0,150
myeloid cell.,20,image,0.6425590515136719,0.0832539275288581,conch,human,lung,XTNL005,1,1.0,150
myeloid cell.,20,train_mean,0.386233240365982,0.1083874031901359,conch,human,lung,XTNL005,1,1.0,150
natural killer cell.,103,image,0.3676392138004303,0.1667960882186889,conch,human,lung,XTNL005,1,1.0,150
natural killer cell.,103,train_mean,0.1997168362140655,0.178585484623909,conch,human,lung,XTNL005,1,1.0,150
plasma cell.,33,image,0.1182245388627052,0.1778709441423416,conch,human,lung,XTNL005,1,1.0,150
plasma cell.,33,train_mean,0.0794334113597869,0.1898514926433563,conch,human,lung,XTNL005,1,1.0,150
secretory cell.,139,image,0.7842826843261719,0.1534777283668518,conch,human,lung,XTNL005,1,1.0,150
secretory cell.,139,train_mean,0.7811117768287659,0.1622803658246994,conch,human,lung,XTNL005,1,1.0,150
smooth muscle cell.,249,image,0.6731992363929749,0.0836619511246681,conch,human,lung,XTNL005,1,1.0,150
smooth muscle cell.,249,train_mean,0.2488309890031814,0.1267683953046798,conch,human,lung,XTNL005,1,1.0,150
smooth muscle myoblast.,137,image,0.5342519879341125,0.1125992462038993,conch,human,lung,XTNL005,1,1.0,150
smooth muscle myoblast.,137,train_mean,0.1223987564444542,0.1548357158899307,conch,human,lung,XTNL005,1,1.0,150
stratified epithelial cell.,21,image,0.7338266372680664,0.17391999065876,conch,human,lung,XTNL005,1,1.0,150
stratified epithelial cell.,21,train_mean,0.694734513759613,0.1961977034807205,conch,human,lung,XTNL005,1,1.0,150
stromal cell.,297,image,0.6589950919151306,0.0855457857251167,conch,human,lung,XTNL005,1,1.0,150
stromal cell.,297,train_mean,0.3611283004283905,0.1175497993826866,conch,human,lung,XTNL005,1,1.0,150
type I pneumocyte.,534,image,0.7070114612579346,0.074388675391674,conch,human,lung,XTNL005,1,1.0,150
type I pneumocyte.,534,train_mean,0.8173268437385559,0.0588252954185009,conch,human,lung,XTNL005,1,1.0,150
type II pneumocyte.,255,image,0.7485888004302979,0.1397309154272079,conch,human,lung,XTNL005,1,1.0,150
type II pneumocyte.,255,train_mean,0.6626377105712891,0.1325270235538482,conch,human,lung,XTNL005,1,1.0,150
B cell.,421,image,0.4027561247348785,0.1545180678367614,conch,human,lung,XTNL005,2,1.0,150
B cell.,421,train_mean,0.1374185383319854,0.1764407604932785,conch,human,lung,XTNL005,2,1.0,150
"CD4-positive, alpha-beta T cell.",38,image,0.5579289197921753,0.0993129834532737,conch,human,lung,XTNL005,2,1.0,150
"CD4-positive, alpha-beta T cell.",38,train_mean,0.2879619002342224,0.1291390210390091,conch,human,lung,XTNL005,2,1.0,150
"CD8-positive, alpha-beta T cell.",195,image,0.5971391797065735,0.1156172081828117,conch,human,lung,XTNL005,2,1.0,150
"CD8-positive, alpha-beta T cell.",195,train_mean,0.2568289041519165,0.143095850944519,conch,human,lung,XTNL005,2,1.0,150
T cell.,1067,image,0.6444821357727051,0.1837451457977295,conch,human,lung,XTNL005,2,1.0,150
T cell.,1067,train_mean,0.3177757263183594,0.2002348005771637,conch,human,lung,XTNL005,2,1.0,150
basal cell.,247,image,0.5419551730155945,0.0591681823134422,conch,human,lung,XTNL005,2,1.0,150
basal cell.,247,train_mean,0.7123178243637085,0.0718191564083099,conch,human,lung,XTNL005,2,1.0,150
cardiac endothelial cell.,26,image,0.4832508862018585,0.1311598867177963,conch,human,lung,XTNL005,2,1.0,150
cardiac endothelial cell.,26,train_mean,0.1605070382356643,0.1637271344661712,conch,human,lung,XTNL005,2,1.0,150
cardiac muscle myoblast.,317,image,0.4256346225738525,0.0927023142576217,conch,human,lung,XTNL005,2,1.0,150
cardiac muscle myoblast.,317,train_mean,0.0666904971003532,0.1401122957468032,conch,human,lung,XTNL005,2,1.0,150
ciliated cell.,261,image,0.7168846726417542,0.0716552957892417,conch,human,lung,XTNL005,2,1.0,150
ciliated cell.,261,train_mean,0.725540816783905,0.0736522451043129,conch,human,lung,XTNL005,2,1.0,150
cultured cell.,52,image,0.6784021258354187,0.0817850679159164,conch,human,lung,XTNL005,2,1.0,150
cultured cell.,52,train_mean,0.6676478981971741,0.083260491490364,conch,human,lung,XTNL005,2,1.0,150
dendritic cell.,34,image,0.6538496017456055,0.1302524805068969,conch,human,lung,XTNL005,2,1.0,150
dendritic cell.,34,train_mean,0.48361936211586,0.1379661113023758,conch,human,lung,XTNL005,2,1.0,150
endothelial cell of vascular tree.,209,image,0.6560116410255432,0.0675099566578865,conch,human,lung,XTNL005,2,1.0,150
endothelial cell of vascular tree.,209,train_mean,0.4334190785884857,0.0995529294013977,conch,human,lung,XTNL005,2,1.0,150
endothelial cell.,2717,image,0.6945660710334778,0.0737609639763832,conch,human,lung,XTNL005,2,1.0,150
endothelial cell.,2717,train_mean,0.4615064859390259,0.0987951084971427,conch,human,lung,XTNL005,2,1.0,150
epithelial cell of alveolus of lung.,36,image,0.7196957468986511,0.1514061391353607,conch,human,lung,XTNL005,2,1.0,150
epithelial cell of alveolus of lung.,36,train_mean,0.7831279635429382,0.1253368258476257,conch,human,lung,XTNL005,2,1.0,150
epithelial cell of lower respiratory tract.,265,image,0.7606751918792725,0.1680310815572738,conch,human,lung,XTNL005,2,1.0,150
epithelial cell of lower respiratory tract.,265,train_mean,0.7723090052604675,0.1654742211103439,conch,human,lung,XTNL005,2,1.0,150
epithelial cell of lung.,56,image,0.7872524261474609,0.1363558918237686,conch,human,lung,XTNL005,2,1.0,150
epithelial cell of lung.,56,train_mean,0.8065022826194763,0.1192221567034721,conch,human,lung,XTNL005,2,1.0,150
epithelial cell of proximal tubule.,56,image,0.804743230342865,0.1608069688081741,conch,human,lung,XTNL005,2,1.0,150
epithelial cell of proximal tubule.,56,train_mean,0.817802369594574,0.171992614865303,conch,human,lung,XTNL005,2,1.0,150
epithelial cell.,214,image,0.7915108799934387,0.1278892159461975,conch,human,lung,XTNL005,2,1.0,150
epithelial cell.,214,train_mean,0.8189671039581299,0.1082006469368934,conch,human,lung,XTNL005,2,1.0,150
fibroblast of cardiac tissue.,71,image,0.7532058954238892,0.0726341754198074,conch,human,lung,XTNL005,2,1.0,150
fibroblast of cardiac tissue.,71,train_mean,0.3422309756278991,0.1150114238262176,conch,human,lung,XTNL005,2,1.0,150
fibroblast.,416,image,0.6944206357002258,0.0963174104690551,conch,human,lung,XTNL005,2,1.0,150
fibroblast.,416,train_mean,0.383398562669754,0.122781865298748,conch,human,lung,XTNL005,2,1.0,150
foveolar cell of stomach.,103,image,0.7745400071144104,0.1229562684893608,conch,human,lung,XTNL005,2,1.0,150
foveolar cell of stomach.,103,train_mean,0.7472085356712341,0.1342369467020034,conch,human,lung,XTNL005,2,1.0,150
goblet cell.,1299,image,0.7809776663780212,0.1930171847343444,conch,human,lung,XTNL005,2,1.0,150
goblet cell.,1299,train_mean,0.7432720065116882,0.2222165763378143,conch,human,lung,XTNL005,2,1.0,150
kidney loop of Henle thick ascending limb epithelial cell.,21,image,0.5311880707740784,0.0421365611255168,conch,human,lung,XTNL005,2,1.0,150
kidney loop of Henle thick ascending limb epithelial cell.,21,train_mean,0.5836860537528992,0.0910087078809738,conch,human,lung,XTNL005,2,1.0,150
macrophage.,1407,image,0.5471509099006653,0.2407768815755844,conch,human,lung,XTNL005,2,1.0,150
macrophage.,1407,train_mean,0.2788677513599396,0.2529310882091522,conch,human,lung,XTNL005,2,1.0,150
malignant cell.,43,image,0.5533813834190369,0.1110430359840393,conch,human,lung,XTNL005,2,1.0,150
malignant cell.,43,train_mean,0.6026062369346619,0.1042332500219345,conch,human,lung,XTNL005,2,1.0,150
mammary alveolar cell.,223,image,0.7610710263252258,0.125536173582077,conch,human,lung,XTNL005,2,1.0,150
mammary alveolar cell.,223,train_mean,0.6643266677856445,0.1172932237386703,conch,human,lung,XTNL005,2,1.0,150
monocyte.,112,image,0.4615932703018188,0.2234013229608535,conch,human,lung,XTNL005,2,1.0,150
monocyte.,112,train_mean,0.326907068490982,0.2224495112895965,conch,human,lung,XTNL005,2,1.0,150
myeloid cell.,20,image,0.6399093866348267,0.0835091546177864,conch,human,lung,XTNL005,2,1.0,150
myeloid cell.,20,train_mean,0.386233240365982,0.1083874031901359,conch,human,lung,XTNL005,2,1.0,150
natural killer cell.,103,image,0.3731020092964172,0.1665414571762085,conch,human,lung,XTNL005,2,1.0,150
natural killer cell.,103,train_mean,0.1997168362140655,0.178585484623909,conch,human,lung,XTNL005,2,1.0,150
plasma cell.,33,image,0.1138999164104461,0.1784003973007202,conch,human,lung,XTNL005,2,1.0,150
plasma cell.,33,train_mean,0.0794334113597869,0.1898514926433563,conch,human,lung,XTNL005,2,1.0,150
secretory cell.,139,image,0.7827349305152893,0.1545166820287704,conch,human,lung,XTNL005,2,1.0,150
secretory cell.,139,train_mean,0.7811117768287659,0.1622803658246994,conch,human,lung,XTNL005,2,1.0,150
smooth muscle cell.,249,image,0.6640649437904358,0.0840082541108131,conch,human,lung,XTNL005,2,1.0,150
smooth muscle cell.,249,train_mean,0.2488309890031814,0.1267683953046798,conch,human,lung,XTNL005,2,1.0,150
smooth muscle myoblast.,137,image,0.5269041657447815,0.1129072234034538,conch,human,lung,XTNL005,2,1.0,150
smooth muscle myoblast.,137,train_mean,0.1223987564444542,0.1548357158899307,conch,human,lung,XTNL005,2,1.0,150
stratified epithelial cell.,21,image,0.7360259294509888,0.173752874135971,conch,human,lung,XTNL005,2,1.0,150
stratified epithelial cell.,21,train_mean,0.694734513759613,0.1961977034807205,conch,human,lung,XTNL005,2,1.0,150
stromal cell.,297,image,0.6545798182487488,0.0857739374041557,conch,human,lung,XTNL005,2,1.0,150
stromal cell.,297,train_mean,0.3611283004283905,0.1175497993826866,conch,human,lung,XTNL005,2,1.0,150
type I pneumocyte.,534,image,0.682799756526947,0.0762312263250351,conch,human,lung,XTNL005,2,1.0,150
type I pneumocyte.,534,train_mean,0.8173268437385559,0.0588252954185009,conch,human,lung,XTNL005,2,1.0,150
type II pneumocyte.,255,image,0.7003931999206543,0.1437475383281707,conch,human,lung,XTNL005,2,1.0,150
type II pneumocyte.,255,train_mean,0.6626377105712891,0.1325270235538482,conch,human,lung,XTNL005,2,1.0,150
B cell.,441,image,0.4535651504993438,0.053572442382574,conch,human,pancreas,HPDA034,0,1.0,147
B cell.,441,train_mean,0.2438697963953018,0.0679243430495262,conch,human,pancreas,HPDA034,0,1.0,147
CD14-positive monocyte.,55,image,0.6936297416687012,0.0396957844495773,conch,human,pancreas,HPDA034,0,1.0,147
CD14-positive monocyte.,55,train_mean,0.6349091529846191,0.0590584576129913,conch,human,pancreas,HPDA034,0,1.0,147
"CD14-positive, CD16-negative classical monocyte.",113,image,0.5656403303146362,0.0359667055308818,conch,human,pancreas,HPDA034,0,1.0,147
"CD14-positive, CD16-negative classical monocyte.",113,train_mean,0.5378545522689819,0.0600869804620742,conch,human,pancreas,HPDA034,0,1.0,147
"CD4-positive, alpha-beta T cell.",38,image,0.5747177600860596,0.0387995280325412,conch,human,pancreas,HPDA034,0,1.0,147
"CD4-positive, alpha-beta T cell.",38,train_mean,0.3325368463993072,0.0643208026885986,conch,human,pancreas,HPDA034,0,1.0,147
"CD8-positive, alpha-beta T cell.",261,image,0.5131010413169861,0.0439329482614994,conch,human,pancreas,HPDA034,0,1.0,147
"CD8-positive, alpha-beta T cell.",261,train_mean,0.2954940497875213,0.0643852725625038,conch,human,pancreas,HPDA034,0,1.0,147
IgA plasma cell.,30,image,0.7723528742790222,0.1487282812595367,conch,human,pancreas,HPDA034,0,1.0,147
IgA plasma cell.,30,train_mean,0.5809036493301392,0.1691527664661407,conch,human,pancreas,HPDA034,0,1.0,147
T cell.,254,image,0.5443681478500366,0.0511109679937362,conch,human,pancreas,HPDA034,0,1.0,147
T cell.,254,train_mean,0.300552636384964,0.0707961395382881,conch,human,pancreas,HPDA034,0,1.0,147
classical monocyte.,72,image,0.4824629724025726,0.0445219352841377,conch,human,pancreas,HPDA034,0,1.0,147
classical monocyte.,72,train_mean,0.3662460446357727,0.0641369372606277,conch,human,pancreas,HPDA034,0,1.0,147
cultured cell.,23,image,0.6272822022438049,0.1189171820878982,conch,human,pancreas,HPDA034,0,1.0,147
cultured cell.,23,train_mean,0.381333440542221,0.1378695964813232,conch,human,pancreas,HPDA034,0,1.0,147
dendritic cell.,239,image,0.3914101719856262,0.0509647838771343,conch,human,pancreas,HPDA034,0,1.0,147
dendritic cell.,239,train_mean,0.4791189432144165,0.0565760768949985,conch,human,pancreas,HPDA034,0,1.0,147
endothelial cell of vascular tree.,46,image,0.6701006889343262,0.0377934239804744,conch,human,pancreas,HPDA034,0,1.0,147
endothelial cell of vascular tree.,46,train_mean,0.566608190536499,0.0587620176374912,conch,human,pancreas,HPDA034,0,1.0,147
endothelial cell.,2046,image,0.7481837272644043,0.0735032632946968,conch,human,pancreas,HPDA034,0,1.0,147
endothelial cell.,2046,train_mean,0.6283162832260132,0.0845030769705772,conch,human,pancreas,HPDA034,0,1.0,147
enterocyte.,78,image,0.6364266872406006,0.1387570798397064,conch,human,pancreas,HPDA034,0,1.0,147
enterocyte.,78,train_mean,0.5108083486557007,0.150906965136528,conch,human,pancreas,HPDA034,0,1.0,147
epithelial cell.,721,image,0.8394589424133301,0.1426263451576233,conch,human,pancreas,HPDA034,0,1.0,147
epithelial cell.,721,train_mean,0.5646789073944092,0.1879813969135284,conch,human,pancreas,HPDA034,0,1.0,147
fibroblast of cardiac tissue.,437,image,0.7204904556274414,0.0739738717675209,conch,human,pancreas,HPDA034,0,1.0,147
fibroblast of cardiac tissue.,437,train_mean,0.4879280030727386,0.0925777107477188,conch,human,pancreas,HPDA034,0,1.0,147
fibroblast.,2093,image,0.7900508642196655,0.0577128864824771,conch,human,pancreas,HPDA034,0,1.0,147
fibroblast.,2093,train_mean,0.6012461185455322,0.074548453092575,conch,human,pancreas,HPDA034,0,1.0,147
foveolar cell of stomach.,24,image,0.7565543055534363,0.0525043942034244,conch,human,pancreas,HPDA034,0,1.0,147
foveolar cell of stomach.,24,train_mean,0.5653401017189026,0.0588428489863872,conch,human,pancreas,HPDA034,0,1.0,147
goblet cell.,327,image,0.7812297940254211,0.1207566112279892,conch,human,pancreas,HPDA034,0,1.0,147
goblet cell.,327,train_mean,0.5170111060142517,0.150649294257164,conch,human,pancreas,HPDA034,0,1.0,147
immature innate lymphoid cell.,80,image,0.6212558746337891,0.1082562953233718,conch,human,pancreas,HPDA034,0,1.0,147
immature innate lymphoid cell.,80,train_mean,0.4452759325504303,0.1199244558811187,conch,human,pancreas,HPDA034,0,1.0,147
intestinal epithelial cell.,32,image,0.6704939007759094,0.1068440899252891,conch,human,pancreas,HPDA034,0,1.0,147
intestinal epithelial cell.,32,train_mean,0.4778892993927002,0.1229440122842788,conch,human,pancreas,HPDA034,0,1.0,147
macrophage.,2354,image,0.6886860132217407,0.0464979857206344,conch,human,pancreas,HPDA034,0,1.0,147
macrophage.,2354,train_mean,0.6388095617294312,0.0535721369087696,conch,human,pancreas,HPDA034,0,1.0,147
malignant cell.,62,image,0.8093698620796204,0.1337311118841171,conch,human,pancreas,HPDA034,0,1.0,147
malignant cell.,62,train_mean,0.4935864508152008,0.1676911413669586,conch,human,pancreas,HPDA034,0,1.0,147
monocyte.,106,image,0.7400579452514648,0.0453688688576221,conch,human,pancreas,HPDA034,0,1.0,147
monocyte.,106,train_mean,0.7395314574241638,0.0473599843680858,conch,human,pancreas,HPDA034,0,1.0,147
myeloid cell.,23,image,0.2383976876735687,0.0557771623134613,conch,human,pancreas,HPDA034,0,1.0,147
myeloid cell.,23,train_mean,0.1746142357587814,0.0731802806258201,conch,human,pancreas,HPDA034,0,1.0,147
natural killer cell.,128,image,0.4680651128292084,0.0492536425590515,conch,human,pancreas,HPDA034,0,1.0,147
natural killer cell.,128,train_mean,0.3420926332473755,0.06388820707798,conch,human,pancreas,HPDA034,0,1.0,147
neutrophil.,99,image,0.3561293184757232,0.0508447550237178,conch,human,pancreas,HPDA034,0,1.0,147
neutrophil.,99,train_mean,0.41270312666893,0.0599303059279918,conch,human,pancreas,HPDA034,0,1.0,147
pericyte.,29,image,0.552332878112793,0.0922844186425209,conch,human,pancreas,HPDA034,0,1.0,147
pericyte.,29,train_mean,0.2779309451580047,0.1117626652121543,conch,human,pancreas,HPDA034,0,1.0,147
plasma cell.,661,image,0.5515666604042053,0.0773428604006767,conch,human,pancreas,HPDA034,0,1.0,147
plasma cell.,661,train_mean,0.4947565197944641,0.0825612321496009,conch,human,pancreas,HPDA034,0,1.0,147
secretory cell.,157,image,0.7938705086708069,0.1649285852909088,conch,human,pancreas,HPDA034,0,1.0,147
secretory cell.,157,train_mean,0.5567021369934082,0.2043655067682266,conch,human,pancreas,HPDA034,0,1.0,147
smooth muscle cell.,602,image,0.5236877799034119,0.1037964895367622,conch,human,pancreas,HPDA034,0,1.0,147
smooth muscle cell.,602,train_mean,0.2989486753940582,0.1198144927620887,conch,human,pancreas,HPDA034,0,1.0,147
stromal cell of ovary.,21,image,0.5994577407836914,0.0381252206861972,conch,human,pancreas,HPDA034,0,1.0,147
stromal cell of ovary.,21,train_mean,0.396947294473648,0.0653087422251701,conch,human,pancreas,HPDA034,0,1.0,147
stromal cell.,165,image,0.5539559721946716,0.0596810542047023,conch,human,pancreas,HPDA034,0,1.0,147
stromal cell.,165,train_mean,0.3552073836326599,0.0772846639156341,conch,human,pancreas,HPDA034,0,1.0,147
B cell.,441,image,0.4528286159038543,0.0536079332232475,conch,human,pancreas,HPDA034,1,1.0,147
B cell.,441,train_mean,0.2438697963953018,0.0679243430495262,conch,human,pancreas,HPDA034,1,1.0,147
CD14-positive monocyte.,55,image,0.6897455453872681,0.0401151329278945,conch,human,pancreas,HPDA034,1,1.0,147
CD14-positive monocyte.,55,train_mean,0.6349091529846191,0.0590584576129913,conch,human,pancreas,HPDA034,1,1.0,147
"CD14-positive, CD16-negative classical monocyte.",113,image,0.5614578723907471,0.0358143560588359,conch,human,pancreas,HPDA034,1,1.0,147
"CD14-positive, CD16-negative classical monocyte.",113,train_mean,0.5378545522689819,0.0600869804620742,conch,human,pancreas,HPDA034,1,1.0,147
"CD4-positive, alpha-beta T cell.",38,image,0.5660197734832764,0.0390407368540763,conch,human,pancreas,HPDA034,1,1.0,147
"CD4-positive, alpha-beta T cell.",38,train_mean,0.3325368463993072,0.0643208026885986,conch,human,pancreas,HPDA034,1,1.0,147
"CD8-positive, alpha-beta T cell.",261,image,0.5075550675392151,0.0438415259122848,conch,human,pancreas,HPDA034,1,1.0,147
"CD8-positive, alpha-beta T cell.",261,train_mean,0.2954940497875213,0.0643852725625038,conch,human,pancreas,HPDA034,1,1.0,147
IgA plasma cell.,30,image,0.7676252126693726,0.1484686732292175,conch,human,pancreas,HPDA034,1,1.0,147
IgA plasma cell.,30,train_mean,0.5809036493301392,0.1691527664661407,conch,human,pancreas,HPDA034,1,1.0,147
T cell.,254,image,0.5361216068267822,0.0514016412198543,conch,human,pancreas,HPDA034,1,1.0,147
T cell.,254,train_mean,0.300552636384964,0.0707961395382881,conch,human,pancreas,HPDA034,1,1.0,147
classical monocyte.,72,image,0.4805518090724945,0.0445827096700668,conch,human,pancreas,HPDA034,1,1.0,147
classical monocyte.,72,train_mean,0.3662460446357727,0.0641369372606277,conch,human,pancreas,HPDA034,1,1.0,147
cultured cell.,23,image,0.6217336654663086,0.1192325353622436,conch,human,pancreas,HPDA034,1,1.0,147
cultured cell.,23,train_mean,0.381333440542221,0.1378695964813232,conch,human,pancreas,HPDA034,1,1.0,147
dendritic cell.,239,image,0.3886237144470215,0.0511056706309318,conch,human,pancreas,HPDA034,1,1.0,147
dendritic cell.,239,train_mean,0.4791189432144165,0.0565760768949985,conch,human,pancreas,HPDA034,1,1.0,147
endothelial cell of vascular tree.,46,image,0.668781042098999,0.0382702387869358,conch,human,pancreas,HPDA034,1,1.0,147
endothelial cell of vascular tree.,46,train_mean,0.566608190536499,0.0587620176374912,conch,human,pancreas,HPDA034,1,1.0,147
endothelial cell.,2046,image,0.7491589784622192,0.073418878018856,conch,human,pancreas,HPDA034,1,1.0,147
endothelial cell.,2046,train_mean,0.6283162832260132,0.0845030769705772,conch,human,pancreas,HPDA034,1,1.0,147
enterocyte.,78,image,0.6138603687286377,0.1406545042991638,conch,human,pancreas,HPDA034,1,1.0,147
enterocyte.,78,train_mean,0.5108083486557007,0.150906965136528,conch,human,pancreas,HPDA034,1,1.0,147
epithelial cell.,721,image,0.8406321406364441,0.1426019668579101,conch,human,pancreas,HPDA034,1,1.0,147
epithelial cell.,721,train_mean,0.5646789073944092,0.1879813969135284,conch,human,pancreas,HPDA034,1,1.0,147
fibroblast of cardiac tissue.,437,image,0.7271767258644104,0.0733759403228759,conch,human,pancreas,HPDA034,1,1.0,147
fibroblast of cardiac tissue.,437,train_mean,0.4879280030727386,0.0925777107477188,conch,human,pancreas,HPDA034,1,1.0,147
fibroblast.,2093,image,0.7952907085418701,0.0571542233228683,conch,human,pancreas,HPDA034,1,1.0,147
fibroblast.,2093,train_mean,0.6012461185455322,0.074548453092575,conch,human,pancreas,HPDA034,1,1.0,147
foveolar cell of stomach.,24,image,0.7393988966941833,0.0536551661789417,conch,human,pancreas,HPDA034,1,1.0,147
foveolar cell of stomach.,24,train_mean,0.5653401017189026,0.0588428489863872,conch,human,pancreas,HPDA034,1,1.0,147
goblet cell.,327,image,0.7746046781539917,0.1214040592312812,conch,human,pancreas,HPDA034,1,1.0,147
goblet cell.,327,train_mean,0.5170111060142517,0.150649294257164,conch,human,pancreas,HPDA034,1,1.0,147
immature innate lymphoid cell.,80,image,0.6293719410896301,0.107678897678852,conch,human,pancreas,HPDA034,1,1.0,147
immature innate lymphoid cell.,80,train_mean,0.4452759325504303,0.1199244558811187,conch,human,pancreas,HPDA034,1,1.0,147
intestinal epithelial cell.,32,image,0.6445836424827576,0.1091939657926559,conch,human,pancreas,HPDA034,1,1.0,147
intestinal epithelial cell.,32,train_mean,0.4778892993927002,0.1229440122842788,conch,human,pancreas,HPDA034,1,1.0,147
macrophage.,2354,image,0.692615270614624,0.0462626963853836,conch,human,pancreas,HPDA034,1,1.0,147
macrophage.,2354,train_mean,0.6388095617294312,0.0535721369087696,conch,human,pancreas,HPDA034,1,1.0,147
malignant cell.,62,image,0.8073040246963501,0.1340538561344146,conch,human,pancreas,HPDA034,1,1.0,147
malignant cell.,62,train_mean,0.4935864508152008,0.1676911413669586,conch,human,pancreas,HPDA034,1,1.0,147
monocyte.,106,image,0.7417411208152771,0.0452505946159362,conch,human,pancreas,HPDA034,1,1.0,147
monocyte.,106,train_mean,0.7395314574241638,0.0473599843680858,conch,human,pancreas,HPDA034,1,1.0,147
myeloid cell.,23,image,0.2419770658016204,0.0557906366884708,conch,human,pancreas,HPDA034,1,1.0,147
myeloid cell.,23,train_mean,0.1746142357587814,0.0731802806258201,conch,human,pancreas,HPDA034,1,1.0,147
natural killer cell.,128,image,0.4611477851867676,0.0492615662515163,conch,human,pancreas,HPDA034,1,1.0,147
natural killer cell.,128,train_mean,0.3420926332473755,0.06388820707798,conch,human,pancreas,HPDA034,1,1.0,147
neutrophil.,99,image,0.3541962504386902,0.0508890561759471,conch,human,pancreas,HPDA034,1,1.0,147
neutrophil.,99,train_mean,0.41270312666893,0.0599303059279918,conch,human,pancreas,HPDA034,1,1.0,147
pericyte.,29,image,0.5622400045394897,0.0915506780147552,conch,human,pancreas,HPDA034,1,1.0,147
pericyte.,29,train_mean,0.2779309451580047,0.1117626652121543,conch,human,pancreas,HPDA034,1,1.0,147
plasma cell.,661,image,0.5482622385025024,0.0775386616587638,conch,human,pancreas,HPDA034,1,1.0,147
plasma cell.,661,train_mean,0.4947565197944641,0.0825612321496009,conch,human,pancreas,HPDA034,1,1.0,147
secretory cell.,157,image,0.7974168062210083,0.164565309882164,conch,human,pancreas,HPDA034,1,1.0,147
secretory cell.,157,train_mean,0.5567021369934082,0.2043655067682266,conch,human,pancreas,HPDA034,1,1.0,147
smooth muscle cell.,602,image,0.5342847108840942,0.1030897796154022,conch,human,pancreas,HPDA034,1,1.0,147
smooth muscle cell.,602,train_mean,0.2989486753940582,0.1198144927620887,conch,human,pancreas,HPDA034,1,1.0,147
stromal cell of ovary.,21,image,0.6004973649978638,0.0383118391036987,conch,human,pancreas,HPDA034,1,1.0,147
stromal cell of ovary.,21,train_mean,0.396947294473648,0.0653087422251701,conch,human,pancreas,HPDA034,1,1.0,147
stromal cell.,165,image,0.5631662011146545,0.0591156966984272,conch,human,pancreas,HPDA034,1,1.0,147
stromal cell.,165,train_mean,0.3552073836326599,0.0772846639156341,conch,human,pancreas,HPDA034,1,1.0,147
B cell.,441,image,0.4478356540203094,0.0556642785668373,conch,human,pancreas,HPDA034,2,1.0,147
B cell.,441,train_mean,0.2438697963953018,0.0679243430495262,conch,human,pancreas,HPDA034,2,1.0,147
CD14-positive monocyte.,55,image,0.6938285231590271,0.0403242334723472,conch,human,pancreas,HPDA034,2,1.0,147
CD14-positive monocyte.,55,train_mean,0.6349091529846191,0.0590584576129913,conch,human,pancreas,HPDA034,2,1.0,147
"CD14-positive, CD16-negative classical monocyte.",113,image,0.5611951947212219,0.0370583087205886,conch,human,pancreas,HPDA034,2,1.0,147
"CD14-positive, CD16-negative classical monocyte.",113,train_mean,0.5378545522689819,0.0600869804620742,conch,human,pancreas,HPDA034,2,1.0,147
"CD4-positive, alpha-beta T cell.",38,image,0.5627010464668274,0.0397865362465381,conch,human,pancreas,HPDA034,2,1.0,147
"CD4-positive, alpha-beta T cell.",38,train_mean,0.3325368463993072,0.0643208026885986,conch,human,pancreas,HPDA034,2,1.0,147
"CD8-positive, alpha-beta T cell.",261,image,0.5080153942108154,0.0450501963496208,conch,human,pancreas,HPDA034,2,1.0,147
"CD8-positive, alpha-beta T cell.",261,train_mean,0.2954940497875213,0.0643852725625038,conch,human,pancreas,HPDA034,2,1.0,147
IgA plasma cell.,30,image,0.7688694000244141,0.147537425160408,conch,human,pancreas,HPDA034,2,1.0,147
IgA plasma cell.,30,train_mean,0.5809036493301392,0.1691527664661407,conch,human,pancreas,HPDA034,2,1.0,147
T cell.,254,image,0.5346251130104065,0.0519274733960628,conch,human,pancreas,HPDA034,2,1.0,147
T cell.,254,train_mean,0.300552636384964,0.0707961395382881,conch,human,pancreas,HPDA034,2,1.0,147
classical monocyte.,72,image,0.4854609072208404,0.0441871955990791,conch,human,pancreas,HPDA034,2,1.0,147
classical monocyte.,72,train_mean,0.3662460446357727,0.0641369372606277,conch,human,pancreas,HPDA034,2,1.0,147
cultured cell.,23,image,0.631129801273346,0.1181415691971778,conch,human,pancreas,HPDA034,2,1.0,147
cultured cell.,23,train_mean,0.381333440542221,0.1378695964813232,conch,human,pancreas,HPDA034,2,1.0,147
dendritic cell.,239,image,0.3868280053138733,0.0516081340610981,conch,human,pancreas,HPDA034,2,1.0,147
dendritic cell.,239,train_mean,0.4791189432144165,0.0565760768949985,conch,human,pancreas,HPDA034,2,1.0,147
endothelial cell of vascular tree.,46,image,0.6705312728881836,0.0386050753295421,conch,human,pancreas,HPDA034,2,1.0,147
endothelial cell of vascular tree.,46,train_mean,0.566608190536499,0.0587620176374912,conch,human,pancreas,HPDA034,2,1.0,147
endothelial cell.,2046,image,0.7493675947189331,0.073314256966114,conch,human,pancreas,HPDA034,2,1.0,147
endothelial cell.,2046,train_mean,0.6283162832260132,0.0845030769705772,conch,human,pancreas,HPDA034,2,1.0,147
enterocyte.,78,image,0.6286535859107971,0.1388989388942718,conch,human,pancreas,HPDA034,2,1.0,147
enterocyte.,78,train_mean,0.5108083486557007,0.150906965136528,conch,human,pancreas,HPDA034,2,1.0,147
epithelial cell.,721,image,0.8375601768493652,0.1426156461238861,conch,human,pancreas,HPDA034,2,1.0,147
epithelial cell.,721,train_mean,0.5646789073944092,0.1879813969135284,conch,human,pancreas,HPDA034,2,1.0,147
fibroblast of cardiac tissue.,437,image,0.7284342050552368,0.0732680559158325,conch,human,pancreas,HPDA034,2,1.0,147
fibroblast of cardiac tissue.,437,train_mean,0.4879280030727386,0.0925777107477188,conch,human,pancreas,HPDA034,2,1.0,147
fibroblast.,2093,image,0.7967382669448853,0.056996539235115,conch,human,pancreas,HPDA034,2,1.0,147
fibroblast.,2093,train_mean,0.6012461185455322,0.074548453092575,conch,human,pancreas,HPDA034,2,1.0,147
foveolar cell of stomach.,24,image,0.736495316028595,0.0557064525783062,conch,human,pancreas,HPDA034,2,1.0,147
foveolar cell of stomach.,24,train_mean,0.5653401017189026,0.0588428489863872,conch,human,pancreas,HPDA034,2,1.0,147
goblet cell.,327,image,0.7758979201316833,0.120664469897747,conch,human,pancreas,HPDA034,2,1.0,147
goblet cell.,327,train_mean,0.5170111060142517,0.150649294257164,conch,human,pancreas,HPDA034,2,1.0,147
immature innate lymphoid cell.,80,image,0.631874680519104,0.1075180545449256,conch,human,pancreas,HPDA034,2,1.0,147
immature innate lymphoid cell.,80,train_mean,0.4452759325504303,0.1199244558811187,conch,human,pancreas,HPDA034,2,1.0,147
intestinal epithelial cell.,32,image,0.6565858125686646,0.1078593656420707,conch,human,pancreas,HPDA034,2,1.0,147
intestinal epithelial cell.,32,train_mean,0.4778892993927002,0.1229440122842788,conch,human,pancreas,HPDA034,2,1.0,147
macrophage.,2354,image,0.6950893402099609,0.0461384840309619,conch,human,pancreas,HPDA034,2,1.0,147
macrophage.,2354,train_mean,0.6388095617294312,0.0535721369087696,conch,human,pancreas,HPDA034,2,1.0,147
malignant cell.,62,image,0.8107508420944214,0.1330129355192184,conch,human,pancreas,HPDA034,2,1.0,147
malignant cell.,62,train_mean,0.4935864508152008,0.1676911413669586,conch,human,pancreas,HPDA034,2,1.0,147
monocyte.,106,image,0.7410176396369934,0.0453021004796028,conch,human,pancreas,HPDA034,2,1.0,147
monocyte.,106,train_mean,0.7395314574241638,0.0473599843680858,conch,human,pancreas,HPDA034,2,1.0,147
myeloid cell.,23,image,0.2436281144618988,0.0573172681033611,conch,human,pancreas,HPDA034,2,1.0,147
myeloid cell.,23,train_mean,0.1746142357587814,0.0731802806258201,conch,human,pancreas,HPDA034,2,1.0,147
natural killer cell.,128,image,0.4622642695903778,0.049729336053133,conch,human,pancreas,HPDA034,2,1.0,147
natural killer cell.,128,train_mean,0.3420926332473755,0.06388820707798,conch,human,pancreas,HPDA034,2,1.0,147
neutrophil.,99,image,0.3507137298583984,0.0511221773922443,conch,human,pancreas,HPDA034,2,1.0,147
neutrophil.,99,train_mean,0.41270312666893,0.0599303059279918,conch,human,pancreas,HPDA034,2,1.0,147
pericyte.,29,image,0.5678293108940125,0.0911537706851959,conch,human,pancreas,HPDA034,2,1.0,147
pericyte.,29,train_mean,0.2779309451580047,0.1117626652121543,conch,human,pancreas,HPDA034,2,1.0,147
plasma cell.,661,image,0.5534269213676453,0.0772626101970672,conch,human,pancreas,HPDA034,2,1.0,147
plasma cell.,661,train_mean,0.4947565197944641,0.0825612321496009,conch,human,pancreas,HPDA034,2,1.0,147
secretory cell.,157,image,0.7945266962051392,0.1647587716579437,conch,human,pancreas,HPDA034,2,1.0,147
secretory cell.,157,train_mean,0.5567021369934082,0.2043655067682266,conch,human,pancreas,HPDA034,2,1.0,147
smooth muscle cell.,602,image,0.5352653861045837,0.1030249148607254,conch,human,pancreas,HPDA034,2,1.0,147
smooth muscle cell.,602,train_mean,0.2989486753940582,0.1198144927620887,conch,human,pancreas,HPDA034,2,1.0,147
stromal cell of ovary.,21,image,0.6049155592918396,0.0385022088885307,conch,human,pancreas,HPDA034,2,1.0,147
stromal cell of ovary.,21,train_mean,0.396947294473648,0.0653087422251701,conch,human,pancreas,HPDA034,2,1.0,147
stromal cell.,165,image,0.5647214651107788,0.0592119693756103,conch,human,pancreas,HPDA034,2,1.0,147
stromal cell.,165,train_mean,0.3552073836326599,0.0772846639156341,conch,human,pancreas,HPDA034,2,1.0,147
B cell.,86,image,0.2214595675468444,0.079173743724823,conch,human,pancreas,HPXM007,0,1.0,150
B cell.,86,train_mean,0.2963440120220184,0.0723896995186805,conch,human,pancreas,HPXM007,0,1.0,150
"CD14-positive, CD16-negative classical monocyte.",28,image,0.0875632762908935,0.107881411910057,conch,human,pancreas,HPXM007,0,1.0,150
"CD14-positive, CD16-negative classical monocyte.",28,train_mean,0.3566556572914123,0.0814823880791664,conch,human,pancreas,HPXM007,0,1.0,150
"CD4-positive, alpha-beta T cell.",49,image,0.1684308797121048,0.0835098400712013,conch,human,pancreas,HPXM007,0,1.0,150
"CD4-positive, alpha-beta T cell.",49,train_mean,0.2975622713565826,0.0759349837899208,conch,human,pancreas,HPXM007,0,1.0,150
"CD8-positive, alpha-beta T cell.",298,image,0.1988107413053512,0.0845468714833259,conch,human,pancreas,HPXM007,0,1.0,150
"CD8-positive, alpha-beta T cell.",298,train_mean,0.288757175207138,0.077690988779068,conch,human,pancreas,HPXM007,0,1.0,150
T cell.,378,image,0.2551937997341156,0.1019475162029266,conch,human,pancreas,HPXM007,0,1.0,150
T cell.,378,train_mean,0.2629874050617218,0.0986368656158447,conch,human,pancreas,HPXM007,0,1.0,150
cortical cell of adrenal gland.,24,image,0.4607666730880737,0.0916058346629142,conch,human,pancreas,HPXM007,0,1.0,150
cortical cell of adrenal gland.,24,train_mean,0.6481088995933533,0.0613149851560592,conch,human,pancreas,HPXM007,0,1.0,150
cultured cell.,58,image,0.6684257984161377,0.1037365570664405,conch,human,pancreas,HPXM007,0,1.0,150
cultured cell.,58,train_mean,0.4965797364711761,0.1057924032211303,conch,human,pancreas,HPXM007,0,1.0,150
endothelial cell of lymphatic vessel.,34,image,0.5210554003715515,0.0771729424595832,conch,human,pancreas,HPXM007,0,1.0,150
endothelial cell of lymphatic vessel.,34,train_mean,0.5801123976707458,0.059457566589117,conch,human,pancreas,HPXM007,0,1.0,150
endothelial cell of vascular tree.,191,image,0.6667866110801697,0.0720731690526008,conch,human,pancreas,HPXM007,0,1.0,150
endothelial cell of vascular tree.,191,train_mean,0.6684845089912415,0.0595434047281742,conch,human,pancreas,HPXM007,0,1.0,150
endothelial cell.,2735,image,0.7432748079299927,0.0703684017062187,conch,human,pancreas,HPXM007,0,1.0,150
endothelial cell.,2735,train_mean,0.902816116809845,0.0302561409771442,conch,human,pancreas,HPXM007,0,1.0,150
enterocyte.,709,image,0.8972903490066528,0.0608487203717231,conch,human,pancreas,HPXM007,0,1.0,150
enterocyte.,709,train_mean,0.7425411343574524,0.087621159851551,conch,human,pancreas,HPXM007,0,1.0,150
epithelial cell of lower respiratory tract.,216,image,0.8119792938232422,0.1130975857377052,conch,human,pancreas,HPXM007,0,1.0,150
epithelial cell of lower respiratory tract.,216,train_mean,0.6183076500892639,0.161429762840271,conch,human,pancreas,HPXM007,0,1.0,150
epithelial cell of lung.,27,image,0.7538795471191406,0.1068580523133277,conch,human,pancreas,HPXM007,0,1.0,150
epithelial cell of lung.,27,train_mean,0.5763788819313049,0.1359509080648422,conch,human,pancreas,HPXM007,0,1.0,150
epithelial cell of proximal tubule.,254,image,0.8506335020065308,0.0772235244512558,conch,human,pancreas,HPXM007,0,1.0,150
epithelial cell of proximal tubule.,254,train_mean,0.7548800706863403,0.1039253696799278,conch,human,pancreas,HPXM007,0,1.0,150
epithelial cell.,109,image,0.8282829523086548,0.0770550146698951,conch,human,pancreas,HPXM007,0,1.0,150
epithelial cell.,109,train_mean,0.7683663964271545,0.0912332907319068,conch,human,pancreas,HPXM007,0,1.0,150
fibroblast of cardiac tissue.,90,image,0.6568054556846619,0.0652627348899841,conch,human,pancreas,HPXM007,0,1.0,150
fibroblast of cardiac tissue.,90,train_mean,0.5575401782989502,0.0635289028286933,conch,human,pancreas,HPXM007,0,1.0,150
fibroblast.,859,image,0.6487587094306946,0.0695949792861938,conch,human,pancreas,HPXM007,0,1.0,150
fibroblast.,859,train_mean,0.6142098903656006,0.063665822148323,conch,human,pancreas,HPXM007,0,1.0,150
foveolar cell of stomach.,29,image,0.7036189436912537,0.0945627242326736,conch,human,pancreas,HPXM007,0,1.0,150
foveolar cell of stomach.,29,train_mean,0.7484374642372131,0.0464709363877773,conch,human,pancreas,HPXM007,0,1.0,150
goblet cell.,34,image,0.8666895627975464,0.0752807334065437,conch,human,pancreas,HPXM007,0,1.0,150
goblet cell.,34,train_mean,0.7447442412376404,0.080396257340908,conch,human,pancreas,HPXM007,0,1.0,150
intestinal epithelial cell.,70,image,0.8368077874183655,0.0862268358469009,conch,human,pancreas,HPXM007,0,1.0,150
intestinal epithelial cell.,70,train_mean,0.614501953125,0.1276103556156158,conch,human,pancreas,HPXM007,0,1.0,150
kidney collecting duct principal cell.,922,image,0.5347421765327454,0.1072281152009964,conch,human,pancreas,HPXM007,0,1.0,150
kidney collecting duct principal cell.,922,train_mean,0.67120760679245,0.0684235617518425,conch,human,pancreas,HPXM007,0,1.0,150
kidney loop of Henle thick ascending limb epithelial cell.,255,image,0.6622710227966309,0.0801635831594467,conch,human,pancreas,HPXM007,0,1.0,150
kidney loop of Henle thick ascending limb epithelial cell.,255,train_mean,0.7853860259056091,0.0459747351706028,conch,human,pancreas,HPXM007,0,1.0,150
kidney proximal convoluted tubule epithelial cell.,225,image,0.4587424695491791,0.1046167463064193,conch,human,pancreas,HPXM007,0,1.0,150
kidney proximal convoluted tubule epithelial cell.,225,train_mean,0.6686493754386902,0.0551809668540954,conch,human,pancreas,HPXM007,0,1.0,150
macrophage.,1008,image,0.3250682353973388,0.0900551155209541,conch,human,pancreas,HPXM007,0,1.0,150
macrophage.,1008,train_mean,0.5608353614807129,0.0646219998598098,conch,human,pancreas,HPXM007,0,1.0,150
malignant cell.,42,image,0.4081467390060425,0.0869676023721695,conch,human,pancreas,HPXM007,0,1.0,150
malignant cell.,42,train_mean,0.5349844098091125,0.0597174055874347,conch,human,pancreas,HPXM007,0,1.0,150
mammary alveolar cell.,38,image,0.7696722149848938,0.0802617445588111,conch,human,pancreas,HPXM007,0,1.0,150
mammary alveolar cell.,38,train_mean,0.7341737151145935,0.0766998529434204,conch,human,pancreas,HPXM007,0,1.0,150
microglial cell.,36,image,0.3400448560714721,0.0758482366800308,conch,human,pancreas,HPXM007,0,1.0,150
microglial cell.,36,train_mean,0.4402176141738891,0.0636966004967689,conch,human,pancreas,HPXM007,0,1.0,150
myeloid cell.,95,image,0.4294426739215851,0.0873579829931259,conch,human,pancreas,HPXM007,0,1.0,150
myeloid cell.,95,train_mean,0.5415384769439697,0.0694496408104896,conch,human,pancreas,HPXM007,0,1.0,150
natural killer cell.,90,image,0.2695769071578979,0.0883368700742721,conch,human,pancreas,HPXM007,0,1.0,150
natural killer cell.,90,train_mean,0.3240668773651123,0.0812059044837951,conch,human,pancreas,HPXM007,0,1.0,150
pancreatic A cell.,259,image,0.6673949360847473,0.0725619569420814,conch,human,pancreas,HPXM007,0,1.0,150
pancreatic A cell.,259,train_mean,0.8020814657211304,0.0481186099350452,conch,human,pancreas,HPXM007,0,1.0,150
pancreatic ductal cell.,30,image,0.6778475642204285,0.0901527032256126,conch,human,pancreas,HPXM007,0,1.0,150
pancreatic ductal cell.,30,train_mean,0.7661111950874329,0.0746708512306213,conch,human,pancreas,HPXM007,0,1.0,150
secretory cell.,42,image,0.5756639838218689,0.1148764267563819,conch,human,pancreas,HPXM007,0,1.0,150
secretory cell.,42,train_mean,0.7406913638114929,0.0829309672117233,conch,human,pancreas,HPXM007,0,1.0,150
smooth muscle cell.,777,image,0.8550021648406982,0.0546098351478576,conch,human,pancreas,HPXM007,0,1.0,150
smooth muscle cell.,777,train_mean,0.6012571454048157,0.0850345939397811,conch,human,pancreas,HPXM007,0,1.0,150
stromal cell of ovary.,93,image,0.536888062953949,0.0735353827476501,conch,human,pancreas,HPXM007,0,1.0,150
stromal cell of ovary.,93,train_mean,0.5095534920692444,0.0657077804207801,conch,human,pancreas,HPXM007,0,1.0,150
stromal cell.,1386,image,0.6378422379493713,0.069673478603363,conch,human,pancreas,HPXM007,0,1.0,150
stromal cell.,1386,train_mean,0.5421116352081299,0.068761833012104,conch,human,pancreas,HPXM007,0,1.0,150
type I pneumocyte.,22,image,0.881067156791687,0.0692981407046318,conch,human,pancreas,HPXM007,0,1.0,150
type I pneumocyte.,22,train_mean,0.7579360008239746,0.1046554371714592,conch,human,pancreas,HPXM007,0,1.0,150
B cell.,86,image,0.2233183830976486,0.0775410607457161,conch,human,pancreas,HPXM007,1,1.0,150
B cell.,86,train_mean,0.2963440120220184,0.0723896995186805,conch,human,pancreas,HPXM007,1,1.0,150
"CD14-positive, CD16-negative classical monocyte.",28,image,0.0834971219301223,0.1063505485653877,conch,human,pancreas,HPXM007,1,1.0,150
"CD14-positive, CD16-negative classical monocyte.",28,train_mean,0.3566556572914123,0.0814823880791664,conch,human,pancreas,HPXM007,1,1.0,150
"CD4-positive, alpha-beta T cell.",49,image,0.1700478941202163,0.0815203338861465,conch,human,pancreas,HPXM007,1,1.0,150
"CD4-positive, alpha-beta T cell.",49,train_mean,0.2975622713565826,0.0759349837899208,conch,human,pancreas,HPXM007,1,1.0,150
"CD8-positive, alpha-beta T cell.",298,image,0.2011797875165939,0.0828434526920318,conch,human,pancreas,HPXM007,1,1.0,150
"CD8-positive, alpha-beta T cell.",298,train_mean,0.288757175207138,0.077690988779068,conch,human,pancreas,HPXM007,1,1.0,150
T cell.,378,image,0.2563193738460541,0.1006977781653404,conch,human,pancreas,HPXM007,1,1.0,150
T cell.,378,train_mean,0.2629874050617218,0.0986368656158447,conch,human,pancreas,HPXM007,1,1.0,150
cortical cell of adrenal gland.,24,image,0.4856736361980438,0.0900922790169715,conch,human,pancreas,HPXM007,1,1.0,150
cortical cell of adrenal gland.,24,train_mean,0.6481088995933533,0.0613149851560592,conch,human,pancreas,HPXM007,1,1.0,150
cultured cell.,58,image,0.6707279086112976,0.1034662351012229,conch,human,pancreas,HPXM007,1,1.0,150
cultured cell.,58,train_mean,0.4965797364711761,0.1057924032211303,conch,human,pancreas,HPXM007,1,1.0,150
endothelial cell of lymphatic vessel.,34,image,0.5251933932304382,0.0763573348522186,conch,human,pancreas,HPXM007,1,1.0,150
endothelial cell of lymphatic vessel.,34,train_mean,0.5801123976707458,0.059457566589117,conch,human,pancreas,HPXM007,1,1.0,150
endothelial cell of vascular tree.,191,image,0.6679655313491821,0.0708438605070114,conch,human,pancreas,HPXM007,1,1.0,150
endothelial cell of vascular tree.,191,train_mean,0.6684845089912415,0.0595434047281742,conch,human,pancreas,HPXM007,1,1.0,150
endothelial cell.,2735,image,0.7540566921234131,0.0690270811319351,conch,human,pancreas,HPXM007,1,1.0,150
endothelial cell.,2735,train_mean,0.902816116809845,0.0302561409771442,conch,human,pancreas,HPXM007,1,1.0,150
enterocyte.,709,image,0.9017021059989928,0.0596549436450004,conch,human,pancreas,HPXM007,1,1.0,150
enterocyte.,709,train_mean,0.7425411343574524,0.087621159851551,conch,human,pancreas,HPXM007,1,1.0,150
epithelial cell of lower respiratory tract.,216,image,0.8156214952468872,0.1121213436126709,conch,human,pancreas,HPXM007,1,1.0,150
epithelial cell of lower respiratory tract.,216,train_mean,0.6183076500892639,0.161429762840271,conch,human,pancreas,HPXM007,1,1.0,150
epithelial cell of lung.,27,image,0.7616910934448242,0.1053870320320129,conch,human,pancreas,HPXM007,1,1.0,150
epithelial cell of lung.,27,train_mean,0.5763788819313049,0.1359509080648422,conch,human,pancreas,HPXM007,1,1.0,150
epithelial cell of proximal tubule.,254,image,0.8559607267379761,0.0759075582027435,conch,human,pancreas,HPXM007,1,1.0,150
epithelial cell of proximal tubule.,254,train_mean,0.7548800706863403,0.1039253696799278,conch,human,pancreas,HPXM007,1,1.0,150
epithelial cell.,109,image,0.8354201316833496,0.0755413174629211,conch,human,pancreas,HPXM007,1,1.0,150
epithelial cell.,109,train_mean,0.7683663964271545,0.0912332907319068,conch,human,pancreas,HPXM007,1,1.0,150
fibroblast of cardiac tissue.,90,image,0.659191906452179,0.0637767612934112,conch,human,pancreas,HPXM007,1,1.0,150
fibroblast of cardiac tissue.,90,train_mean,0.5575401782989502,0.0635289028286933,conch,human,pancreas,HPXM007,1,1.0,150
fibroblast.,859,image,0.6430896520614624,0.0689188465476036,conch,human,pancreas,HPXM007,1,1.0,150
fibroblast.,859,train_mean,0.6142098903656006,0.063665822148323,conch,human,pancreas,HPXM007,1,1.0,150
foveolar cell of stomach.,29,image,0.7127373814582825,0.0944758728146553,conch,human,pancreas,HPXM007,1,1.0,150
foveolar cell of stomach.,29,train_mean,0.7484374642372131,0.0464709363877773,conch,human,pancreas,HPXM007,1,1.0,150
goblet cell.,34,image,0.8696517944335938,0.0752822384238243,conch,human,pancreas,HPXM007,1,1.0,150
goblet cell.,34,train_mean,0.7447442412376404,0.080396257340908,conch,human,pancreas,HPXM007,1,1.0,150
intestinal epithelial cell.,70,image,0.8408365845680237,0.0852566733956337,conch,human,pancreas,HPXM007,1,1.0,150
intestinal epithelial cell.,70,train_mean,0.614501953125,0.1276103556156158,conch,human,pancreas,HPXM007,1,1.0,150
kidney collecting duct principal cell.,922,image,0.5392681956291199,0.1064141616225242,conch,human,pancreas,HPXM007,1,1.0,150
kidney collecting duct principal cell.,922,train_mean,0.67120760679245,0.0684235617518425,conch,human,pancreas,HPXM007,1,1.0,150
kidney loop of Henle thick ascending limb epithelial cell.,255,image,0.6721653342247009,0.0790020003914833,conch,human,pancreas,HPXM007,1,1.0,150
kidney loop of Henle thick ascending limb epithelial cell.,255,train_mean,0.7853860259056091,0.0459747351706028,conch,human,pancreas,HPXM007,1,1.0,150
kidney proximal convoluted tubule epithelial cell.,225,image,0.466660737991333,0.1036324575543403,conch,human,pancreas,HPXM007,1,1.0,150
kidney proximal convoluted tubule epithelial cell.,225,train_mean,0.6686493754386902,0.0551809668540954,conch,human,pancreas,HPXM007,1,1.0,150
macrophage.,1008,image,0.333231508731842,0.0882470831274986,conch,human,pancreas,HPXM007,1,1.0,150
macrophage.,1008,train_mean,0.5608353614807129,0.0646219998598098,conch,human,pancreas,HPXM007,1,1.0,150
malignant cell.,42,image,0.4152272939682007,0.0851762071251869,conch,human,pancreas,HPXM007,1,1.0,150
malignant cell.,42,train_mean,0.5349844098091125,0.0597174055874347,conch,human,pancreas,HPXM007,1,1.0,150
mammary alveolar cell.,38,image,0.775433361530304,0.079497642815113,conch,human,pancreas,HPXM007,1,1.0,150
mammary alveolar cell.,38,train_mean,0.7341737151145935,0.0766998529434204,conch,human,pancreas,HPXM007,1,1.0,150
microglial cell.,36,image,0.3357952833175659,0.073798581957817,conch,human,pancreas,HPXM007,1,1.0,150
microglial cell.,36,train_mean,0.4402176141738891,0.0636966004967689,conch,human,pancreas,HPXM007,1,1.0,150
myeloid cell.,95,image,0.4378792643547058,0.0853240340948104,conch,human,pancreas,HPXM007,1,1.0,150
myeloid cell.,95,train_mean,0.5415384769439697,0.0694496408104896,conch,human,pancreas,HPXM007,1,1.0,150
natural killer cell.,90,image,0.270861268043518,0.0870422050356864,conch,human,pancreas,HPXM007,1,1.0,150
natural killer cell.,90,train_mean,0.3240668773651123,0.0812059044837951,conch,human,pancreas,HPXM007,1,1.0,150
pancreatic A cell.,259,image,0.6820890307426453,0.0718487650156021,conch,human,pancreas,HPXM007,1,1.0,150
pancreatic A cell.,259,train_mean,0.8020814657211304,0.0481186099350452,conch,human,pancreas,HPXM007,1,1.0,150
pancreatic ductal cell.,30,image,0.6898384094238281,0.0881698131561279,conch,human,pancreas,HPXM007,1,1.0,150
pancreatic ductal cell.,30,train_mean,0.7661111950874329,0.0746708512306213,conch,human,pancreas,HPXM007,1,1.0,150
secretory cell.,42,image,0.5856850743293762,0.1134853884577751,conch,human,pancreas,HPXM007,1,1.0,150
secretory cell.,42,train_mean,0.7406913638114929,0.0829309672117233,conch,human,pancreas,HPXM007,1,1.0,150
smooth muscle cell.,777,image,0.8501588106155396,0.0554494708776474,conch,human,pancreas,HPXM007,1,1.0,150
smooth muscle cell.,777,train_mean,0.6012571454048157,0.0850345939397811,conch,human,pancreas,HPXM007,1,1.0,150
stromal cell of ovary.,93,image,0.5365988612174988,0.0715252384543418,conch,human,pancreas,HPXM007,1,1.0,150
stromal cell of ovary.,93,train_mean,0.5095534920692444,0.0657077804207801,conch,human,pancreas,HPXM007,1,1.0,150
stromal cell.,1386,image,0.6316681504249573,0.0684439539909362,conch,human,pancreas,HPXM007,1,1.0,150
stromal cell.,1386,train_mean,0.5421116352081299,0.068761833012104,conch,human,pancreas,HPXM007,1,1.0,150
type I pneumocyte.,22,image,0.8843256235122681,0.0683335810899734,conch,human,pancreas,HPXM007,1,1.0,150
type I pneumocyte.,22,train_mean,0.7579360008239746,0.1046554371714592,conch,human,pancreas,HPXM007,1,1.0,150
B cell.,86,image,0.2262765616178512,0.0777545943856239,conch,human,pancreas,HPXM007,2,1.0,150
B cell.,86,train_mean,0.2963440120220184,0.0723896995186805,conch,human,pancreas,HPXM007,2,1.0,150
"CD14-positive, CD16-negative classical monocyte.",28,image,0.0862901881337165,0.1052002385258674,conch,human,pancreas,HPXM007,2,1.0,150
"CD14-positive, CD16-negative classical monocyte.",28,train_mean,0.3566556572914123,0.0814823880791664,conch,human,pancreas,HPXM007,2,1.0,150
"CD4-positive, alpha-beta T cell.",49,image,0.164364144206047,0.0815657302737236,conch,human,pancreas,HPXM007,2,1.0,150
"CD4-positive, alpha-beta T cell.",49,train_mean,0.2975622713565826,0.0759349837899208,conch,human,pancreas,HPXM007,2,1.0,150
"CD8-positive, alpha-beta T cell.",298,image,0.2015764266252517,0.0826810747385025,conch,human,pancreas,HPXM007,2,1.0,150
"CD8-positive, alpha-beta T cell.",298,train_mean,0.288757175207138,0.077690988779068,conch,human,pancreas,HPXM007,2,1.0,150
T cell.,378,image,0.2547308802604675,0.1008873358368873,conch,human,pancreas,HPXM007,2,1.0,150
T cell.,378,train_mean,0.2629874050617218,0.0986368656158447,conch,human,pancreas,HPXM007,2,1.0,150
cortical cell of adrenal gland.,24,image,0.4766428470611572,0.0900940001010894,conch,human,pancreas,HPXM007,2,1.0,150
cortical cell of adrenal gland.,24,train_mean,0.6481088995933533,0.0613149851560592,conch,human,pancreas,HPXM007,2,1.0,150
cultured cell.,58,image,0.6693108677864075,0.1025080010294914,conch,human,pancreas,HPXM007,2,1.0,150
cultured cell.,58,train_mean,0.4965797364711761,0.1057924032211303,conch,human,pancreas,HPXM007,2,1.0,150
endothelial cell of lymphatic vessel.,34,image,0.5166150331497192,0.0758237093687057,conch,human,pancreas,HPXM007,2,1.0,150
endothelial cell of lymphatic vessel.,34,train_mean,0.5801123976707458,0.059457566589117,conch,human,pancreas,HPXM007,2,1.0,150
endothelial cell of vascular tree.,191,image,0.6675439476966858,0.0705697238445282,conch,human,pancreas,HPXM007,2,1.0,150
endothelial cell of vascular tree.,191,train_mean,0.6684845089912415,0.0595434047281742,conch,human,pancreas,HPXM007,2,1.0,150
endothelial cell.,2735,image,0.749767541885376,0.0687282532453537,conch,human,pancreas,HPXM007,2,1.0,150
endothelial cell.,2735,train_mean,0.902816116809845,0.0302561409771442,conch,human,pancreas,HPXM007,2,1.0,150
enterocyte.,709,image,0.8999654054641724,0.0594966448843479,conch,human,pancreas,HPXM007,2,1.0,150
enterocyte.,709,train_mean,0.7425411343574524,0.087621159851551,conch,human,pancreas,HPXM007,2,1.0,150
epithelial cell of lower respiratory tract.,216,image,0.812405526638031,0.1132011413574218,conch,human,pancreas,HPXM007,2,1.0,150
epithelial cell of lower respiratory tract.,216,train_mean,0.6183076500892639,0.161429762840271,conch,human,pancreas,HPXM007,2,1.0,150
epithelial cell of lung.,27,image,0.7574374079704285,0.1063250824809074,conch,human,pancreas,HPXM007,2,1.0,150
epithelial cell of lung.,27,train_mean,0.5763788819313049,0.1359509080648422,conch,human,pancreas,HPXM007,2,1.0,150
epithelial cell of proximal tubule.,254,image,0.8524688482284546,0.0765064880251884,conch,human,pancreas,HPXM007,2,1.0,150
epithelial cell of proximal tubule.,254,train_mean,0.7548800706863403,0.1039253696799278,conch,human,pancreas,HPXM007,2,1.0,150
epithelial cell.,109,image,0.8319449424743652,0.0758367478847503,conch,human,pancreas,HPXM007,2,1.0,150
epithelial cell.,109,train_mean,0.7683663964271545,0.0912332907319068,conch,human,pancreas,HPXM007,2,1.0,150
fibroblast of cardiac tissue.,90,image,0.6556758880615234,0.0638189166784286,conch,human,pancreas,HPXM007,2,1.0,150
fibroblast of cardiac tissue.,90,train_mean,0.5575401782989502,0.0635289028286933,conch,human,pancreas,HPXM007,2,1.0,150
fibroblast.,859,image,0.6462976932525635,0.068724051117897,conch,human,pancreas,HPXM007,2,1.0,150
fibroblast.,859,train_mean,0.6142098903656006,0.063665822148323,conch,human,pancreas,HPXM007,2,1.0,150
foveolar cell of stomach.,29,image,0.710748553276062,0.0938072502613067,conch,human,pancreas,HPXM007,2,1.0,150
foveolar cell of stomach.,29,train_mean,0.7484374642372131,0.0464709363877773,conch,human,pancreas,HPXM007,2,1.0,150
goblet cell.,34,image,0.8670130968093872,0.0745104774832725,conch,human,pancreas,HPXM007,2,1.0,150
goblet cell.,34,train_mean,0.7447442412376404,0.080396257340908,conch,human,pancreas,HPXM007,2,1.0,150
intestinal epithelial cell.,70,image,0.8390331268310547,0.0855791121721267,conch,human,pancreas,HPXM007,2,1.0,150
intestinal epithelial cell.,70,train_mean,0.614501953125,0.1276103556156158,conch,human,pancreas,HPXM007,2,1.0,150
kidney collecting duct principal cell.,922,image,0.540371298789978,0.10601457208395,conch,human,pancreas,HPXM007,2,1.0,150
kidney collecting duct principal cell.,922,train_mean,0.67120760679245,0.0684235617518425,conch,human,pancreas,HPXM007,2,1.0,150
kidney loop of Henle thick ascending limb epithelial cell.,255,image,0.669340968132019,0.0786208137869834,conch,human,pancreas,HPXM007,2,1.0,150
kidney loop of Henle thick ascending limb epithelial cell.,255,train_mean,0.7853860259056091,0.0459747351706028,conch,human,pancreas,HPXM007,2,1.0,150
kidney proximal convoluted tubule epithelial cell.,225,image,0.4649311006069183,0.1031633466482162,conch,human,pancreas,HPXM007,2,1.0,150
kidney proximal convoluted tubule epithelial cell.,225,train_mean,0.6686493754386902,0.0551809668540954,conch,human,pancreas,HPXM007,2,1.0,150
macrophage.,1008,image,0.3280450403690338,0.0886539444327354,conch,human,pancreas,HPXM007,2,1.0,150
macrophage.,1008,train_mean,0.5608353614807129,0.0646219998598098,conch,human,pancreas,HPXM007,2,1.0,150
malignant cell.,42,image,0.4113856554031372,0.0850681662559509,conch,human,pancreas,HPXM007,2,1.0,150
malignant cell.,42,train_mean,0.5349844098091125,0.0597174055874347,conch,human,pancreas,HPXM007,2,1.0,150
mammary alveolar cell.,38,image,0.769255518913269,0.0796445608139038,conch,human,pancreas,HPXM007,2,1.0,150
mammary alveolar cell.,38,train_mean,0.7341737151145935,0.0766998529434204,conch,human,pancreas,HPXM007,2,1.0,150
microglial cell.,36,image,0.3394210636615753,0.0743884742259979,conch,human,pancreas,HPXM007,2,1.0,150
microglial cell.,36,train_mean,0.4402176141738891,0.0636966004967689,conch,human,pancreas,HPXM007,2,1.0,150
myeloid cell.,95,image,0.43106609582901,0.0859917029738426,conch,human,pancreas,HPXM007,2,1.0,150
myeloid cell.,95,train_mean,0.5415384769439697,0.0694496408104896,conch,human,pancreas,HPXM007,2,1.0,150
natural killer cell.,90,image,0.2703088521957397,0.086948849260807,conch,human,pancreas,HPXM007,2,1.0,150
natural killer cell.,90,train_mean,0.3240668773651123,0.0812059044837951,conch,human,pancreas,HPXM007,2,1.0,150
pancreatic A cell.,259,image,0.6762511134147644,0.0712237879633903,conch,human,pancreas,HPXM007,2,1.0,150
pancreatic A cell.,259,train_mean,0.8020814657211304,0.0481186099350452,conch,human,pancreas,HPXM007,2,1.0,150
pancreatic ductal cell.,30,image,0.6904162764549255,0.0878370627760887,conch,human,pancreas,HPXM007,2,1.0,150
pancreatic ductal cell.,30,train_mean,0.7661111950874329,0.0746708512306213,conch,human,pancreas,HPXM007,2,1.0,150
secretory cell.,42,image,0.582676112651825,0.1137666404247284,conch,human,pancreas,HPXM007,2,1.0,150
secretory cell.,42,train_mean,0.7406913638114929,0.0829309672117233,conch,human,pancreas,HPXM007,2,1.0,150
smooth muscle cell.,777,image,0.8539333939552307,0.0548037998378276,conch,human,pancreas,HPXM007,2,1.0,150
smooth muscle cell.,777,train_mean,0.6012571454048157,0.0850345939397811,conch,human,pancreas,HPXM007,2,1.0,150
stromal cell of ovary.,93,image,0.5379913449287415,0.0718731805682182,conch,human,pancreas,HPXM007,2,1.0,150
stromal cell of ovary.,93,train_mean,0.5095534920692444,0.0657077804207801,conch,human,pancreas,HPXM007,2,1.0,150
stromal cell.,1386,image,0.6349448561668396,0.0684231296181678,conch,human,pancreas,HPXM007,2,1.0,150
stromal cell.,1386,train_mean,0.5421116352081299,0.068761833012104,conch,human,pancreas,HPXM007,2,1.0,150
type I pneumocyte.,22,image,0.8824013471603394,0.0689472779631614,conch,human,pancreas,HPXM007,2,1.0,150
type I pneumocyte.,22,train_mean,0.7579360008239746,0.1046554371714592,conch,human,pancreas,HPXM007,2,1.0,150
B cell.,61,image,0.0134898005053401,0.147391602396965,conch,human,pancreas,PCHM006,0,1.0,130
B cell.,61,train_mean,0.1356736421585083,0.1305533498525619,conch,human,pancreas,PCHM006,0,1.0,130
"CD14-positive, CD16-negative classical monocyte.",21,image,-0.0051170401275157,0.1415660381317138,conch,human,pancreas,PCHM006,0,1.0,130
"CD14-positive, CD16-negative classical monocyte.",21,train_mean,0.2013558894395828,0.1012156903743743,conch,human,pancreas,PCHM006,0,1.0,130
"CD4-positive, alpha-beta T cell.",33,image,-0.0165962241590023,0.1355131864547729,conch,human,pancreas,PCHM006,0,1.0,130
"CD4-positive, alpha-beta T cell.",33,train_mean,0.1506539136171341,0.0916798561811447,conch,human,pancreas,PCHM006,0,1.0,130
"CD8-positive, alpha-beta T cell.",91,image,-0.0506656505167484,0.1474028974771499,conch,human,pancreas,PCHM006,0,1.0,130
"CD8-positive, alpha-beta T cell.",91,train_mean,0.1276021748781204,0.1138544902205467,conch,human,pancreas,PCHM006,0,1.0,130
"CD8-positive, alpha-beta memory T cell.",20,image,-0.0017115413211286,0.1865629851818084,conch,human,pancreas,PCHM006,0,1.0,130
"CD8-positive, alpha-beta memory T cell.",20,train_mean,0.1078701466321945,0.1714589297771453,conch,human,pancreas,PCHM006,0,1.0,130
T cell.,337,image,0.0270314384251832,0.1749176234006881,conch,human,pancreas,PCHM006,0,1.0,130
T cell.,337,train_mean,0.1894831210374832,0.1486668139696121,conch,human,pancreas,PCHM006,0,1.0,130
basal cell.,35,image,0.2550045549869537,0.1625683158636093,conch,human,pancreas,PCHM006,0,1.0,130
basal cell.,35,train_mean,0.3390625715255737,0.0902642682194709,conch,human,pancreas,PCHM006,0,1.0,130
classical monocyte.,47,image,0.0357528179883956,0.1358542293310165,conch,human,pancreas,PCHM006,0,1.0,130
classical monocyte.,47,train_mean,0.2049382477998733,0.1120302304625511,conch,human,pancreas,PCHM006,0,1.0,130
cortical cell of adrenal gland.,36,image,0.4036353230476379,0.1532152891159057,conch,human,pancreas,PCHM006,0,1.0,130
cortical cell of adrenal gland.,36,train_mean,0.4852367043495178,0.0891247689723968,conch,human,pancreas,PCHM006,0,1.0,130
cortical thymic epithelial cell.,20,image,0.3815914392471313,0.1780610531568527,conch,human,pancreas,PCHM006,0,1.0,130
cortical thymic epithelial cell.,20,train_mean,0.4070087373256683,0.1334129422903061,conch,human,pancreas,PCHM006,0,1.0,130
dendritic cell.,43,image,0.0507943704724311,0.180596187710762,conch,human,pancreas,PCHM006,0,1.0,130
dendritic cell.,43,train_mean,0.2249603420495987,0.1573015302419662,conch,human,pancreas,PCHM006,0,1.0,130
endothelial cell.,3277,image,0.4515285789966583,0.1261298656463623,conch,human,pancreas,PCHM006,0,1.0,130
endothelial cell.,3277,train_mean,0.641914963722229,0.0624851509928703,conch,human,pancreas,PCHM006,0,1.0,130
enterocyte.,197,image,0.4523789882659912,0.1611361354589462,conch,human,pancreas,PCHM006,0,1.0,130
enterocyte.,197,train_mean,0.4356603920459747,0.1191935464739799,conch,human,pancreas,PCHM006,0,1.0,130
epithelial cell of lower respiratory tract.,36,image,0.5423963069915771,0.1549599319696426,conch,human,pancreas,PCHM006,0,1.0,130
epithelial cell of lower respiratory tract.,36,train_mean,0.5328142046928406,0.0938810557126998,conch,human,pancreas,PCHM006,0,1.0,130
epithelial cell of proximal tubule.,164,image,0.4669268131256103,0.1577820777893066,conch,human,pancreas,PCHM006,0,1.0,130
epithelial cell of proximal tubule.,164,train_mean,0.491750419139862,0.1073269546031951,conch,human,pancreas,PCHM006,0,1.0,130
epithelial cell.,1536,image,0.4830536544322967,0.1603784561157226,conch,human,pancreas,PCHM006,0,1.0,130
epithelial cell.,1536,train_mean,0.5121169090270996,0.122032880783081,conch,human,pancreas,PCHM006,0,1.0,130
fibroblast.,1561,image,0.4554603099822998,0.1137759163975715,conch,human,pancreas,PCHM006,0,1.0,130
fibroblast.,1561,train_mean,0.6542567014694214,0.0835096687078476,conch,human,pancreas,PCHM006,0,1.0,130
immature innate lymphoid cell.,40,image,0.4462020993232727,0.1445188075304031,conch,human,pancreas,PCHM006,0,1.0,130
immature innate lymphoid cell.,40,train_mean,0.5282586812973022,0.1368524134159088,conch,human,pancreas,PCHM006,0,1.0,130
intestinal epithelial cell.,148,image,0.5685386061668396,0.1633874624967575,conch,human,pancreas,PCHM006,0,1.0,130
intestinal epithelial cell.,148,train_mean,0.5363690257072449,0.1484882682561874,conch,human,pancreas,PCHM006,0,1.0,130
kidney collecting duct principal cell.,32,image,0.519379734992981,0.1529698073863983,conch,human,pancreas,PCHM006,0,1.0,130
kidney collecting duct principal cell.,32,train_mean,0.5057100057601929,0.110163003206253,conch,human,pancreas,PCHM006,0,1.0,130
lung endothelial cell.,49,image,0.1282984763383865,0.147254467010498,conch,human,pancreas,PCHM006,0,1.0,130
lung endothelial cell.,49,train_mean,0.3548370897769928,0.1013657301664352,conch,human,pancreas,PCHM006,0,1.0,130
macrophage.,1440,image,0.1466939896345138,0.1497806906700134,conch,human,pancreas,PCHM006,0,1.0,130
macrophage.,1440,train_mean,0.3192527890205383,0.1200053691864013,conch,human,pancreas,PCHM006,0,1.0,130
mesothelial cell.,55,image,0.3438398540019989,0.1948434859514236,conch,human,pancreas,PCHM006,0,1.0,130
mesothelial cell.,55,train_mean,0.3950091600418091,0.1603424400091171,conch,human,pancreas,PCHM006,0,1.0,130
microglial cell.,50,image,0.0783593729138374,0.1686558872461319,conch,human,pancreas,PCHM006,0,1.0,130
microglial cell.,50,train_mean,0.2529491782188415,0.1315844058990478,conch,human,pancreas,PCHM006,0,1.0,130
monocyte.,47,image,0.0403445847332477,0.1711728870868683,conch,human,pancreas,PCHM006,0,1.0,130
monocyte.,47,train_mean,0.261983573436737,0.1312493979930877,conch,human,pancreas,PCHM006,0,1.0,130
myeloid cell.,22,image,0.1014738902449607,0.1402070373296737,conch,human,pancreas,PCHM006,0,1.0,130
myeloid cell.,22,train_mean,0.3080565631389618,0.100427821278572,conch,human,pancreas,PCHM006,0,1.0,130
native cell.,91,image,0.5674400925636292,0.1094915270805358,conch,human,pancreas,PCHM006,0,1.0,130
native cell.,91,train_mean,0.7281217575073242,0.0758257135748863,conch,human,pancreas,PCHM006,0,1.0,130
natural killer cell.,70,image,0.0297112520784139,0.1607240289449691,conch,human,pancreas,PCHM006,0,1.0,130
natural killer cell.,70,train_mean,0.2083203047513961,0.1310424655675888,conch,human,pancreas,PCHM006,0,1.0,130
neutrophil.,33,image,0.1367359906435012,0.1288083046674728,conch,human,pancreas,PCHM006,0,1.0,130
neutrophil.,33,train_mean,0.3768123388290405,0.0778533220291137,conch,human,pancreas,PCHM006,0,1.0,130
pancreatic A cell.,539,image,0.6390388011932373,0.130172997713089,conch,human,pancreas,PCHM006,0,1.0,130
pancreatic A cell.,539,train_mean,0.7138678431510925,0.0491391494870185,conch,human,pancreas,PCHM006,0,1.0,130
pancreatic ductal cell.,163,image,0.519596517086029,0.1495161652565002,conch,human,pancreas,PCHM006,0,1.0,130
pancreatic ductal cell.,163,train_mean,0.5292649865150452,0.1160341203212738,conch,human,pancreas,PCHM006,0,1.0,130
plasma cell.,25,image,0.0127334361895918,0.1303579062223434,conch,human,pancreas,PCHM006,0,1.0,130
plasma cell.,25,train_mean,0.1913283020257949,0.0781745240092277,conch,human,pancreas,PCHM006,0,1.0,130
respiratory basal cell.,34,image,0.4110156893730163,0.1847798526287078,conch,human,pancreas,PCHM006,0,1.0,130
respiratory basal cell.,34,train_mean,0.4222881197929382,0.140071615576744,conch,human,pancreas,PCHM006,0,1.0,130
secretory cell.,389,image,0.4036665558815002,0.1782597303390503,conch,human,pancreas,PCHM006,0,1.0,130
secretory cell.,389,train_mean,0.4362783432006836,0.1417040228843689,conch,human,pancreas,PCHM006,0,1.0,130
smooth muscle cell.,299,image,0.6196736097335815,0.0939242616295814,conch,human,pancreas,PCHM006,0,1.0,130
smooth muscle cell.,299,train_mean,0.729677140712738,0.0650450736284256,conch,human,pancreas,PCHM006,0,1.0,130
stromal cell.,612,image,0.503812313079834,0.0985538214445114,conch,human,pancreas,PCHM006,0,1.0,130
stromal cell.,612,train_mean,0.7198053002357483,0.0520798005163669,conch,human,pancreas,PCHM006,0,1.0,130
B cell.,61,image,0.0168433617800474,0.1457427591085434,conch,human,pancreas,PCHM006,1,1.0,130
B cell.,61,train_mean,0.1356736421585083,0.1305533498525619,conch,human,pancreas,PCHM006,1,1.0,130
"CD14-positive, CD16-negative classical monocyte.",21,image,-0.0067551797255873,0.1402469873428344,conch,human,pancreas,PCHM006,1,1.0,130
"CD14-positive, CD16-negative classical monocyte.",21,train_mean,0.2013558894395828,0.1012156903743743,conch,human,pancreas,PCHM006,1,1.0,130
"CD4-positive, alpha-beta T cell.",33,image,-0.0206492021679878,0.1337233781814575,conch,human,pancreas,PCHM006,1,1.0,130
"CD4-positive, alpha-beta T cell.",33,train_mean,0.1506539136171341,0.0916798561811447,conch,human,pancreas,PCHM006,1,1.0,130
"CD8-positive, alpha-beta T cell.",91,image,-0.0509902983903884,0.1451680660247802,conch,human,pancreas,PCHM006,1,1.0,130
"CD8-positive, alpha-beta T cell.",91,train_mean,0.1276021748781204,0.1138544902205467,conch,human,pancreas,PCHM006,1,1.0,130
"CD8-positive, alpha-beta memory T cell.",20,image,-0.0020239904988557,0.1853041648864746,conch,human,pancreas,PCHM006,1,1.0,130
"CD8-positive, alpha-beta memory T cell.",20,train_mean,0.1078701466321945,0.1714589297771453,conch,human,pancreas,PCHM006,1,1.0,130
T cell.,337,image,0.0287660211324691,0.1731757968664169,conch,human,pancreas,PCHM006,1,1.0,130
T cell.,337,train_mean,0.1894831210374832,0.1486668139696121,conch,human,pancreas,PCHM006,1,1.0,130
basal cell.,35,image,0.2561738193035126,0.1620200425386428,conch,human,pancreas,PCHM006,1,1.0,130
basal cell.,35,train_mean,0.3390625715255737,0.0902642682194709,conch,human,pancreas,PCHM006,1,1.0,130
classical monocyte.,47,image,0.039115060120821,0.1347585469484329,conch,human,pancreas,PCHM006,1,1.0,130
classical monocyte.,47,train_mean,0.2049382477998733,0.1120302304625511,conch,human,pancreas,PCHM006,1,1.0,130
cortical cell of adrenal gland.,36,image,0.4055998921394348,0.1516770273447036,conch,human,pancreas,PCHM006,1,1.0,130
cortical cell of adrenal gland.,36,train_mean,0.4852367043495178,0.0891247689723968,conch,human,pancreas,PCHM006,1,1.0,130
cortical thymic epithelial cell.,20,image,0.3815430104732513,0.1764842718839645,conch,human,pancreas,PCHM006,1,1.0,130
cortical thymic epithelial cell.,20,train_mean,0.4070087373256683,0.1334129422903061,conch,human,pancreas,PCHM006,1,1.0,130
dendritic cell.,43,image,0.0521353930234909,0.179651528596878,conch,human,pancreas,PCHM006,1,1.0,130
dendritic cell.,43,train_mean,0.2249603420495987,0.1573015302419662,conch,human,pancreas,PCHM006,1,1.0,130
endothelial cell.,3277,image,0.4528034329414367,0.1245924904942512,conch,human,pancreas,PCHM006,1,1.0,130
endothelial cell.,3277,train_mean,0.641914963722229,0.0624851509928703,conch,human,pancreas,PCHM006,1,1.0,130
enterocyte.,197,image,0.4498897194862366,0.16008360683918,conch,human,pancreas,PCHM006,1,1.0,130
enterocyte.,197,train_mean,0.4356603920459747,0.1191935464739799,conch,human,pancreas,PCHM006,1,1.0,130
epithelial cell of lower respiratory tract.,36,image,0.5402928590774536,0.1535583585500717,conch,human,pancreas,PCHM006,1,1.0,130
epithelial cell of lower respiratory tract.,36,train_mean,0.5328142046928406,0.0938810557126998,conch,human,pancreas,PCHM006,1,1.0,130
epithelial cell of proximal tubule.,164,image,0.4661763906478882,0.156452476978302,conch,human,pancreas,PCHM006,1,1.0,130
epithelial cell of proximal tubule.,164,train_mean,0.491750419139862,0.1073269546031951,conch,human,pancreas,PCHM006,1,1.0,130
epithelial cell.,1536,image,0.4829939603805542,0.159113734960556,conch,human,pancreas,PCHM006,1,1.0,130
epithelial cell.,1536,train_mean,0.5121169090270996,0.122032880783081,conch,human,pancreas,PCHM006,1,1.0,130
fibroblast.,1561,image,0.4637501239776611,0.1126476153731346,conch,human,pancreas,PCHM006,1,1.0,130
fibroblast.,1561,train_mean,0.6542567014694214,0.0835096687078476,conch,human,pancreas,PCHM006,1,1.0,130
immature innate lymphoid cell.,40,image,0.4588534235954284,0.1434162557125091,conch,human,pancreas,PCHM006,1,1.0,130
immature innate lymphoid cell.,40,train_mean,0.5282586812973022,0.1368524134159088,conch,human,pancreas,PCHM006,1,1.0,130
intestinal epithelial cell.,148,image,0.5664608478546143,0.1627196967601776,conch,human,pancreas,PCHM006,1,1.0,130
intestinal epithelial cell.,148,train_mean,0.5363690257072449,0.1484882682561874,conch,human,pancreas,PCHM006,1,1.0,130
kidney collecting duct principal cell.,32,image,0.5193027853965759,0.1521189212799072,conch,human,pancreas,PCHM006,1,1.0,130
kidney collecting duct principal cell.,32,train_mean,0.5057100057601929,0.110163003206253,conch,human,pancreas,PCHM006,1,1.0,130
lung endothelial cell.,49,image,0.1320537328720092,0.1454510986804962,conch,human,pancreas,PCHM006,1,1.0,130
lung endothelial cell.,49,train_mean,0.3548370897769928,0.1013657301664352,conch,human,pancreas,PCHM006,1,1.0,130
macrophage.,1440,image,0.1511749774217605,0.14883653819561,conch,human,pancreas,PCHM006,1,1.0,130
macrophage.,1440,train_mean,0.3192527890205383,0.1200053691864013,conch,human,pancreas,PCHM006,1,1.0,130
mesothelial cell.,55,image,0.3442668914794922,0.1941500455141067,conch,human,pancreas,PCHM006,1,1.0,130
mesothelial cell.,55,train_mean,0.3950091600418091,0.1603424400091171,conch,human,pancreas,PCHM006,1,1.0,130
microglial cell.,50,image,0.0823111906647682,0.1676186770200729,conch,human,pancreas,PCHM006,1,1.0,130
microglial cell.,50,train_mean,0.2529491782188415,0.1315844058990478,conch,human,pancreas,PCHM006,1,1.0,130
monocyte.,47,image,0.044334378093481,0.1700102239847183,conch,human,pancreas,PCHM006,1,1.0,130
monocyte.,47,train_mean,0.261983573436737,0.1312493979930877,conch,human,pancreas,PCHM006,1,1.0,130
myeloid cell.,22,image,0.106376364827156,0.1385324001312255,conch,human,pancreas,PCHM006,1,1.0,130
myeloid cell.,22,train_mean,0.3080565631389618,0.100427821278572,conch,human,pancreas,PCHM006,1,1.0,130
native cell.,91,image,0.5739363431930542,0.1080752089619636,conch,human,pancreas,PCHM006,1,1.0,130
native cell.,91,train_mean,0.7281217575073242,0.0758257135748863,conch,human,pancreas,PCHM006,1,1.0,130
natural killer cell.,70,image,0.032619435340166,0.1589359641075134,conch,human,pancreas,PCHM006,1,1.0,130
natural killer cell.,70,train_mean,0.2083203047513961,0.1310424655675888,conch,human,pancreas,PCHM006,1,1.0,130
neutrophil.,33,image,0.1336648613214492,0.128433346748352,conch,human,pancreas,PCHM006,1,1.0,130
neutrophil.,33,train_mean,0.3768123388290405,0.0778533220291137,conch,human,pancreas,PCHM006,1,1.0,130
pancreatic A cell.,539,image,0.638634443283081,0.1286483854055404,conch,human,pancreas,PCHM006,1,1.0,130
pancreatic A cell.,539,train_mean,0.7138678431510925,0.0491391494870185,conch,human,pancreas,PCHM006,1,1.0,130
pancreatic ductal cell.,163,image,0.51854008436203,0.1483435481786728,conch,human,pancreas,PCHM006,1,1.0,130
pancreatic ductal cell.,163,train_mean,0.5292649865150452,0.1160341203212738,conch,human,pancreas,PCHM006,1,1.0,130
plasma cell.,25,image,0.015255993232131,0.1289765238761901,conch,human,pancreas,PCHM006,1,1.0,130
plasma cell.,25,train_mean,0.1913283020257949,0.0781745240092277,conch,human,pancreas,PCHM006,1,1.0,130
respiratory basal cell.,34,image,0.4098866879940033,0.1837479919195175,conch,human,pancreas,PCHM006,1,1.0,130
respiratory basal cell.,34,train_mean,0.4222881197929382,0.140071615576744,conch,human,pancreas,PCHM006,1,1.0,130
secretory cell.,389,image,0.4036805927753448,0.1769938617944717,conch,human,pancreas,PCHM006,1,1.0,130
secretory cell.,389,train_mean,0.4362783432006836,0.1417040228843689,conch,human,pancreas,PCHM006,1,1.0,130
smooth muscle cell.,299,image,0.6311753392219543,0.0918875560164451,conch,human,pancreas,PCHM006,1,1.0,130
smooth muscle cell.,299,train_mean,0.729677140712738,0.0650450736284256,conch,human,pancreas,PCHM006,1,1.0,130
stromal cell.,612,image,0.5138831734657288,0.0969322398304939,conch,human,pancreas,PCHM006,1,1.0,130
stromal cell.,612,train_mean,0.7198053002357483,0.0520798005163669,conch,human,pancreas,PCHM006,1,1.0,130
B cell.,61,image,0.0122752245515584,0.1469204574823379,conch,human,pancreas,PCHM006,2,1.0,130
B cell.,61,train_mean,0.1356736421585083,0.1305533498525619,conch,human,pancreas,PCHM006,2,1.0,130
"CD14-positive, CD16-negative classical monocyte.",21,image,-0.0056626200675964,0.1407974660396576,conch,human,pancreas,PCHM006,2,1.0,130
"CD14-positive, CD16-negative classical monocyte.",21,train_mean,0.2013558894395828,0.1012156903743743,conch,human,pancreas,PCHM006,2,1.0,130
"CD4-positive, alpha-beta T cell.",33,image,-0.0168517492711544,0.1363728493452072,conch,human,pancreas,PCHM006,2,1.0,130
"CD4-positive, alpha-beta T cell.",33,train_mean,0.1506539136171341,0.0916798561811447,conch,human,pancreas,PCHM006,2,1.0,130
"CD8-positive, alpha-beta T cell.",91,image,-0.0449514351785182,0.1459677368402481,conch,human,pancreas,PCHM006,2,1.0,130
"CD8-positive, alpha-beta T cell.",91,train_mean,0.1276021748781204,0.1138544902205467,conch,human,pancreas,PCHM006,2,1.0,130
"CD8-positive, alpha-beta memory T cell.",20,image,6.657817721134052e-05,0.1860668659210205,conch,human,pancreas,PCHM006,2,1.0,130
"CD8-positive, alpha-beta memory T cell.",20,train_mean,0.1078701466321945,0.1714589297771453,conch,human,pancreas,PCHM006,2,1.0,130
T cell.,337,image,0.0290663465857505,0.1742483228445053,conch,human,pancreas,PCHM006,2,1.0,130
T cell.,337,train_mean,0.1894831210374832,0.1486668139696121,conch,human,pancreas,PCHM006,2,1.0,130
basal cell.,35,image,0.2616805732250213,0.1640562266111374,conch,human,pancreas,PCHM006,2,1.0,130
basal cell.,35,train_mean,0.3390625715255737,0.0902642682194709,conch,human,pancreas,PCHM006,2,1.0,130
classical monocyte.,47,image,0.0370217822492122,0.1351546198129654,conch,human,pancreas,PCHM006,2,1.0,130
classical monocyte.,47,train_mean,0.2049382477998733,0.1120302304625511,conch,human,pancreas,PCHM006,2,1.0,130
cortical cell of adrenal gland.,36,image,0.4072988629341125,0.1533387899398803,conch,human,pancreas,PCHM006,2,1.0,130
cortical cell of adrenal gland.,36,train_mean,0.4852367043495178,0.0891247689723968,conch,human,pancreas,PCHM006,2,1.0,130
cortical thymic epithelial cell.,20,image,0.391740083694458,0.1765789091587066,conch,human,pancreas,PCHM006,2,1.0,130
cortical thymic epithelial cell.,20,train_mean,0.4070087373256683,0.1334129422903061,conch,human,pancreas,PCHM006,2,1.0,130
dendritic cell.,43,image,0.044511891901493,0.1809909790754318,conch,human,pancreas,PCHM006,2,1.0,130
dendritic cell.,43,train_mean,0.2249603420495987,0.1573015302419662,conch,human,pancreas,PCHM006,2,1.0,130
endothelial cell.,3277,image,0.4552983045578003,0.1261012852191925,conch,human,pancreas,PCHM006,2,1.0,130
endothelial cell.,3277,train_mean,0.641914963722229,0.0624851509928703,conch,human,pancreas,PCHM006,2,1.0,130
enterocyte.,197,image,0.4587426483631134,0.1602753102779388,conch,human,pancreas,PCHM006,2,1.0,130
enterocyte.,197,train_mean,0.4356603920459747,0.1191935464739799,conch,human,pancreas,PCHM006,2,1.0,130
epithelial cell of lower respiratory tract.,36,image,0.5500947833061218,0.1552260518074035,conch,human,pancreas,PCHM006,2,1.0,130
epithelial cell of lower respiratory tract.,36,train_mean,0.5328142046928406,0.0938810557126998,conch,human,pancreas,PCHM006,2,1.0,130
epithelial cell of proximal tubule.,164,image,0.4753391444683075,0.1573432087898254,conch,human,pancreas,PCHM006,2,1.0,130
epithelial cell of proximal tubule.,164,train_mean,0.491750419139862,0.1073269546031951,conch,human,pancreas,PCHM006,2,1.0,130
epithelial cell.,1536,image,0.4913441836833954,0.1594024896621704,conch,human,pancreas,PCHM006,2,1.0,130
epithelial cell.,1536,train_mean,0.5121169090270996,0.122032880783081,conch,human,pancreas,PCHM006,2,1.0,130
fibroblast.,1561,image,0.4432775974273681,0.1154999136924743,conch,human,pancreas,PCHM006,2,1.0,130
fibroblast.,1561,train_mean,0.6542567014694214,0.0835096687078476,conch,human,pancreas,PCHM006,2,1.0,130
immature innate lymphoid cell.,40,image,0.4392747581005096,0.145382672548294,conch,human,pancreas,PCHM006,2,1.0,130
immature innate lymphoid cell.,40,train_mean,0.5282586812973022,0.1368524134159088,conch,human,pancreas,PCHM006,2,1.0,130
intestinal epithelial cell.,148,image,0.576241135597229,0.1622987687587738,conch,human,pancreas,PCHM006,2,1.0,130
intestinal epithelial cell.,148,train_mean,0.5363690257072449,0.1484882682561874,conch,human,pancreas,PCHM006,2,1.0,130
kidney collecting duct principal cell.,32,image,0.5287319421768188,0.1526204794645309,conch,human,pancreas,PCHM006,2,1.0,130
kidney collecting duct principal cell.,32,train_mean,0.5057100057601929,0.110163003206253,conch,human,pancreas,PCHM006,2,1.0,130
lung endothelial cell.,49,image,0.1291118264198303,0.1467630863189697,conch,human,pancreas,PCHM006,2,1.0,130
lung endothelial cell.,49,train_mean,0.3548370897769928,0.1013657301664352,conch,human,pancreas,PCHM006,2,1.0,130
macrophage.,1440,image,0.1436969190835952,0.1498887836933136,conch,human,pancreas,PCHM006,2,1.0,130
macrophage.,1440,train_mean,0.3192527890205383,0.1200053691864013,conch,human,pancreas,PCHM006,2,1.0,130
mesothelial cell.,55,image,0.3511936962604522,0.1940563768148422,conch,human,pancreas,PCHM006,2,1.0,130
mesothelial cell.,55,train_mean,0.3950091600418091,0.1603424400091171,conch,human,pancreas,PCHM006,2,1.0,130
microglial cell.,50,image,0.075027547776699,0.1693025678396225,conch,human,pancreas,PCHM006,2,1.0,130
microglial cell.,50,train_mean,0.2529491782188415,0.1315844058990478,conch,human,pancreas,PCHM006,2,1.0,130
monocyte.,47,image,0.0396078079938888,0.1711569279432296,conch,human,pancreas,PCHM006,2,1.0,130
monocyte.,47,train_mean,0.261983573436737,0.1312493979930877,conch,human,pancreas,PCHM006,2,1.0,130
myeloid cell.,22,image,0.0976664870977401,0.1405448168516159,conch,human,pancreas,PCHM006,2,1.0,130
myeloid cell.,22,train_mean,0.3080565631389618,0.100427821278572,conch,human,pancreas,PCHM006,2,1.0,130
native cell.,91,image,0.5593187212944031,0.1099809855222702,conch,human,pancreas,PCHM006,2,1.0,130
native cell.,91,train_mean,0.7281217575073242,0.0758257135748863,conch,human,pancreas,PCHM006,2,1.0,130
natural killer cell.,70,image,0.0294322129338979,0.1600668877363205,conch,human,pancreas,PCHM006,2,1.0,130
natural killer cell.,70,train_mean,0.2083203047513961,0.1310424655675888,conch,human,pancreas,PCHM006,2,1.0,130
neutrophil.,33,image,0.1421448439359665,0.1294581592082977,conch,human,pancreas,PCHM006,2,1.0,130
neutrophil.,33,train_mean,0.3768123388290405,0.0778533220291137,conch,human,pancreas,PCHM006,2,1.0,130
pancreatic A cell.,539,image,0.6447075009346008,0.1302518397569656,conch,human,pancreas,PCHM006,2,1.0,130
pancreatic A cell.,539,train_mean,0.7138678431510925,0.0491391494870185,conch,human,pancreas,PCHM006,2,1.0,130
pancreatic ductal cell.,163,image,0.5273475050926208,0.1483868211507797,conch,human,pancreas,PCHM006,2,1.0,130
pancreatic ductal cell.,163,train_mean,0.5292649865150452,0.1160341203212738,conch,human,pancreas,PCHM006,2,1.0,130
plasma cell.,25,image,0.0099447388201951,0.1321888566017151,conch,human,pancreas,PCHM006,2,1.0,130
plasma cell.,25,train_mean,0.1913283020257949,0.0781745240092277,conch,human,pancreas,PCHM006,2,1.0,130
respiratory basal cell.,34,image,0.4167348146438598,0.1843964010477066,conch,human,pancreas,PCHM006,2,1.0,130
respiratory basal cell.,34,train_mean,0.4222881197929382,0.140071615576744,conch,human,pancreas,PCHM006,2,1.0,130
secretory cell.,389,image,0.4115446209907532,0.1772004514932632,conch,human,pancreas,PCHM006,2,1.0,130
secretory cell.,389,train_mean,0.4362783432006836,0.1417040228843689,conch,human,pancreas,PCHM006,2,1.0,130
smooth muscle cell.,299,image,0.608697235584259,0.0952004939317703,conch,human,pancreas,PCHM006,2,1.0,130
smooth muscle cell.,299,train_mean,0.729677140712738,0.0650450736284256,conch,human,pancreas,PCHM006,2,1.0,130
stromal cell.,612,image,0.493684321641922,0.0999317094683647,conch,human,pancreas,PCHM006,2,1.0,130
stromal cell.,612,train_mean,0.7198053002357483,0.0520798005163669,conch,human,pancreas,PCHM006,2,1.0,130
"Analyze the following list of 200 genes sorted by decreasing expression levels in a Human cell and determine its cell type.
Cell sentence:.
Based on these genes, the corresponding cell type is: neuron.",83,image,,0.0280758161097764,conch,human,skin,HSDX009,0,1.0,90
"Analyze the following list of 200 genes sorted by decreasing expression levels in a Human cell and determine its cell type.
Cell sentence:.
Based on these genes, the corresponding cell type is: neuron.",83,train_mean,,0.0961746871471405,conch,human,skin,HSDX009,0,1.0,90
B cell.,69,image,0.066965714097023,0.0359758622944355,conch,human,skin,HSDX009,0,1.0,90
B cell.,69,train_mean,0.142933651804924,0.0904507413506507,conch,human,skin,HSDX009,0,1.0,90
"Below is a list of 200 gene names in order of descending expression level from a Human cell. Based on this, predict what the cell type of this cell is.
Cell sentence:.
These genes are most likely associated with cell type: neuron.",100,image,,0.0290767159312963,conch,human,skin,HSDX009,0,1.0,90
"Below is a list of 200 gene names in order of descending expression level from a Human cell. Based on this, predict what the cell type of this cell is.
Cell sentence:.
These genes are most likely associated with cell type: neuron.",100,train_mean,,0.0961746722459793,conch,human,skin,HSDX009,0,1.0,90
"Below is a list of 200 gene names sorted by descending expression in a Human cell. Determine the cell type of this cell from its expressed genes.
Cell sentence:.
The associated cell type for these genes appears to be: neuron.",75,image,,0.0306004416197538,conch,human,skin,HSDX009,0,1.0,90
"Below is a list of 200 gene names sorted by descending expression in a Human cell. Determine the cell type of this cell from its expressed genes.
Cell sentence:.
The associated cell type for these genes appears to be: neuron.",75,train_mean,,0.0961746871471405,conch,human,skin,HSDX009,0,1.0,90
"Below is a list of 200 genes ordered by descending expression in a Human cell. Use this information to determine the cell type.
Cell sentence:.
These genes suggest the cell type is most likely: neuron.",93,image,,0.0259905587881803,conch,human,skin,HSDX009,0,1.0,90
"Below is a list of 200 genes ordered by descending expression in a Human cell. Use this information to determine the cell type.
Cell sentence:.
These genes suggest the cell type is most likely: neuron.",93,train_mean,,0.0961746871471405,conch,human,skin,HSDX009,0,1.0,90
"CD4-positive, alpha-beta T cell.",27,image,0.1757076680660247,0.0438801236450672,conch,human,skin,HSDX009,0,1.0,90
"CD4-positive, alpha-beta T cell.",27,train_mean,0.0720003321766853,0.0940871089696884,conch,human,skin,HSDX009,0,1.0,90
"CD8-positive, alpha-beta T cell.",181,image,0.2294729799032211,0.0369258373975753,conch,human,skin,HSDX009,0,1.0,90
"CD8-positive, alpha-beta T cell.",181,train_mean,0.2838159799575805,0.0855933502316474,conch,human,skin,HSDX009,0,1.0,90
"Examine the list of 200 gene names sorted by decreasing expression in a Human cell, and from this, identify its cell type.
Cell sentence:.
These genes are commonly found in cell type: neuron.",84,image,,0.0272382292896509,conch,human,skin,HSDX009,0,1.0,90
"Examine the list of 200 gene names sorted by decreasing expression in a Human cell, and from this, identify its cell type.
Cell sentence:.
These genes are commonly found in cell type: neuron.",84,train_mean,,0.0961746871471405,conch,human,skin,HSDX009,0,1.0,90
"From the list of 200 gene names ordered by decreasing expression level in a Human cell, infer the cell type of the cell.
Cell sentence:.
These genes suggest the cell type is most likely: neuron.",74,image,,0.0313913114368915,conch,human,skin,HSDX009,0,1.0,90
"From the list of 200 gene names ordered by decreasing expression level in a Human cell, infer the cell type of the cell.
Cell sentence:.
These genes suggest the cell type is most likely: neuron.",74,train_mean,,0.0961746871471405,conch,human,skin,HSDX009,0,1.0,90
"From the list of 200 gene names sorted by decreasing expression levels in a Human cell, predict the cell type.
Cell sentence:.
The genes provided are most commonly expressed in cell type: neuron.",78,image,,0.0282201487571001,conch,human,skin,HSDX009,0,1.0,90
"From the list of 200 gene names sorted by decreasing expression levels in a Human cell, predict the cell type.
Cell sentence:.
The genes provided are most commonly expressed in cell type: neuron.",78,train_mean,,0.0961746871471405,conch,human,skin,HSDX009,0,1.0,90
"Given the list of 200 gene names ordered by descending expression level from a Human cell, identify the cell type.
Cell sentence:.
The probable cell type for these genes is: neuron.",75,image,,0.0294072404503822,conch,human,skin,HSDX009,0,1.0,90
"Given the list of 200 gene names ordered by descending expression level from a Human cell, identify the cell type.
Cell sentence:.
The probable cell type for these genes is: neuron.",75,train_mean,,0.0961746871471405,conch,human,skin,HSDX009,0,1.0,90
"Here is a list of 200 genes in order of descending expression level from a Human cell. Identify the cell type of this cell based on this information.
Cell sentence:.
The expected cell type based on these genes is: neuron.",106,image,,0.0298955384641885,conch,human,skin,HSDX009,0,1.0,90
"Here is a list of 200 genes in order of descending expression level from a Human cell. Identify the cell type of this cell based on this information.
Cell sentence:.
The expected cell type based on these genes is: neuron.",106,train_mean,,0.0961746573448181,conch,human,skin,HSDX009,0,1.0,90
"Here is a list of 200 genes ordered by expression level in a Human cell. Based on this information, identify the cell type.
Cell sentence:.
Based on the expression levels, the cell type would likely be: neuron.",94,image,,0.0337753184139728,conch,human,skin,HSDX009,0,1.0,90
"Here is a list of 200 genes ordered by expression level in a Human cell. Based on this information, identify the cell type.
Cell sentence:.
Based on the expression levels, the cell type would likely be: neuron.",94,train_mean,,0.0961746871471405,conch,human,skin,HSDX009,0,1.0,90
T cell.,121,image,0.4546934068202972,0.0433779545128345,conch,human,skin,HSDX009,0,1.0,90
T cell.,121,train_mean,0.3812967836856842,0.0784268379211425,conch,human,skin,HSDX009,0,1.0,90
"The 200 gene names below are arranged by descending expression level in a Human cell. Determine the cell type of this cell.
Cell sentence:.
The cell type that these genes are most commonly linked with is: neuron.",86,image,,0.0276706311851739,conch,human,skin,HSDX009,0,1.0,90
"The 200 gene names below are arranged by descending expression level in a Human cell. Determine the cell type of this cell.
Cell sentence:.
The cell type that these genes are most commonly linked with is: neuron.",86,train_mean,,0.0961746945977211,conch,human,skin,HSDX009,0,1.0,90
"The 200 gene names below are listed by descending expression level in a Human cell. Predict the cell type based on this information.
Cell sentence:.
These genes are indicative of cell type: neuron.",95,image,,0.0334134437143802,conch,human,skin,HSDX009,0,1.0,90
"The 200 gene names below are listed by descending expression level in a Human cell. Predict the cell type based on this information.
Cell sentence:.
These genes are indicative of cell type: neuron.",95,train_mean,,0.0961746796965599,conch,human,skin,HSDX009,0,1.0,90
"The 200 gene names below are listed by descending expression levels in a Human cell. Based on this, predict the cell type.
Cell sentence:.
The cell type corresponding to these genes is: neuron.",81,image,,0.0275769848376512,conch,human,skin,HSDX009,0,1.0,90
"The 200 gene names below are listed by descending expression levels in a Human cell. Based on this, predict the cell type.
Cell sentence:.
The cell type corresponding to these genes is: neuron.",81,train_mean,,0.0961746871471405,conch,human,skin,HSDX009,0,1.0,90
"The following is a list of 200 gene names ordered by descending expression level in a Human cell. Your task is to give the cell type which this cell belongs to based on its gene expression.
Cell sentence:.
The cell type corresponding to these genes is: neuron.",62,image,,0.0291136614978313,conch,human,skin,HSDX009,0,1.0,90
"The following is a list of 200 gene names ordered by descending expression level in a Human cell. Your task is to give the cell type which this cell belongs to based on its gene expression.
Cell sentence:.
The cell type corresponding to these genes is: neuron.",62,train_mean,,0.0961746796965599,conch,human,skin,HSDX009,0,1.0,90
"The following list contains 200 gene names ordered by descending expression level in a Human cell. Deduce the cell type based on this.
Cell sentence:.
These genes typically correspond to cell type: CD74 MALAT1 RPLP1 RPL41 RPL10 RPS12 RPL13 RPL32 RPS18 RPL18A RPL28 RPS8 RPL19 RPS23 RPS19 RPL11 RPS27A RPL30 RPS15A RPS3A RPL39 RPS28 RPS15 RPL12 RPS27 RPL8 RPL29 RPS13 RPL7A RPS3 RPL34 RPS14 RPL18 RPS7 RPLP0 RPL35A RPS5 RPLP2 RPS24 RPL37 RPS4X RPL3 RPS21 RPL36 RPS6 RPL5 RPL14 RPS25 RPL35 RPS9 RPL6 RPL15 RPL9 RPSA RPL21 RPL10A RPL23A RPS2 RPL24 RPL37A RPS16 RPL13A RPL22 RPS29 EEF1B2 RPL7 RACK1 RPL4 RPL31 RPL27 RPS26 RPL38 RPL26 RPS11 RPL27A TPT1 RPS20 EEF1D NACA RPL23 PTMA RPS4Y1 FAU RPL17 TMSB10 EEF2 UBA52 RPL36A PFDN5 EEF1G B2M RPS17 TMSB4X FTL ACTB HLA-DRA HLA-DRB1 HLA-DPA1 HLA-DPB1 HLA-B EIF1 PABPC1 CD37 HLA-DQA1 HLA-C BTF3 COX4I1 NPM1 HLA-DRB5 HLA-DQB1 HNRNPA1 PFN1 CD79A FTH1 H3-3B NME2 TOMM7 HLA-DMA H3-3A RPL36AL HLA-E RPL22L1 EIF3E PPDPF TMA7 EIF3F CD52 RPS10 EIF3K RPL36AL HLA-A EIF3H NOP53 RPS4Y2 HINT1 RPL35 PPIA UBC EIF3L EIF3F PNRC1 EIF3K RPS15P4 RPL8 TSC22D3 HNRNPA2B1 EIF3H SERF2 RPL23 ATP5MC2 RPL31-AS1 EIF4A2 RPL7P9 ATP5F1E NAP1L1 RPL10P9 UQCRH EIF3G EIF3M SLC25A6 EIF3D PSMB9 TMEM258 RPS3AP6 UQCRB RPL22L2 RPL36P2 RPSAP9 EIF3E-AS1 RPL10P6 RPL13AP5 EIF4A1 RPL26P19 RPSAP9 PSMB1 ATP5MG RPL3P4 RPL9P9 RPSAP8 RPSAP4 SNHG29 RPL26P6 RPL24P8 RPSAP2 RPL13AP25 RPSAP18 RPL15P2 RPL37P2 RPSAP6 RPL13AP7.
These genes typically correspond to cell type: memory B cell.",89,image,,0.0310186613351106,conch,human,skin,HSDX009,0,1.0,90
"The following list contains 200 gene names ordered by descending expression level in a Human cell. Deduce the cell type based on this.
Cell sentence:.
These genes typically correspond to cell type: CD74 MALAT1 RPLP1 RPL41 RPL10 RPS12 RPL13 RPL32 RPS18 RPL18A RPL28 RPS8 RPL19 RPS23 RPS19 RPL11 RPS27A RPL30 RPS15A RPS3A RPL39 RPS28 RPS15 RPL12 RPS27 RPL8 RPL29 RPS13 RPL7A RPS3 RPL34 RPS14 RPL18 RPS7 RPLP0 RPL35A RPS5 RPLP2 RPS24 RPL37 RPS4X RPL3 RPS21 RPL36 RPS6 RPL5 RPL14 RPS25 RPL35 RPS9 RPL6 RPL15 RPL9 RPSA RPL21 RPL10A RPL23A RPS2 RPL24 RPL37A RPS16 RPL13A RPL22 RPS29 EEF1B2 RPL7 RACK1 RPL4 RPL31 RPL27 RPS26 RPL38 RPL26 RPS11 RPL27A TPT1 RPS20 EEF1D NACA RPL23 PTMA RPS4Y1 FAU RPL17 TMSB10 EEF2 UBA52 RPL36A PFDN5 EEF1G B2M RPS17 TMSB4X FTL ACTB HLA-DRA HLA-DRB1 HLA-DPA1 HLA-DPB1 HLA-B EIF1 PABPC1 CD37 HLA-DQA1 HLA-C BTF3 COX4I1 NPM1 HLA-DRB5 HLA-DQB1 HNRNPA1 PFN1 CD79A FTH1 H3-3B NME2 TOMM7 HLA-DMA H3-3A RPL36AL HLA-E RPL22L1 EIF3E PPDPF TMA7 EIF3F CD52 RPS10 EIF3K RPL36AL HLA-A EIF3H NOP53 RPS4Y2 HINT1 RPL35 PPIA UBC EIF3L EIF3F PNRC1 EIF3K RPS15P4 RPL8 TSC22D3 HNRNPA2B1 EIF3H SERF2 RPL23 ATP5MC2 RPL31-AS1 EIF4A2 RPL7P9 ATP5F1E NAP1L1 RPL10P9 UQCRH EIF3G EIF3M SLC25A6 EIF3D PSMB9 TMEM258 RPS3AP6 UQCRB RPL22L2 RPL36P2 RPSAP9 EIF3E-AS1 RPL10P6 RPL13AP5 EIF4A1 RPL26P19 RPSAP9 PSMB1 ATP5MG RPL3P4 RPL9P9 RPSAP8 RPSAP4 SNHG29 RPL26P6 RPL24P8 RPSAP2 RPL13AP25 RPSAP18 RPL15P2 RPL37P2 RPSAP6 RPL13AP7.
These genes typically correspond to cell type: memory B cell.",89,train_mean,,0.0961746945977211,conch,human,skin,HSDX009,0,1.0,90
astrocyte.,24,image,0.523036003112793,0.0388748124241828,conch,human,skin,HSDX009,0,1.0,90
astrocyte.,24,train_mean,0.4541914463043213,0.0824112743139267,conch,human,skin,HSDX009,0,1.0,90
cardiac endothelial cell.,54,image,0.8389478921890259,0.0446209758520126,conch,human,skin,HSDX009,0,1.0,90
cardiac endothelial cell.,54,train_mean,0.4236118197441101,0.0859155729413032,conch,human,skin,HSDX009,0,1.0,90
cardiac muscle cell.,21,image,-0.089899331331253,0.0339018180966377,conch,human,skin,HSDX009,0,1.0,90
cardiac muscle cell.,21,train_mean,-0.0635570958256721,0.0961873158812522,conch,human,skin,HSDX009,0,1.0,90
cardiac muscle myoblast.,567,image,0.8678216934204102,0.0262276418507099,conch,human,skin,HSDX009,0,1.0,90
cardiac muscle myoblast.,567,train_mean,0.3747462332248688,0.0868652984499931,conch,human,skin,HSDX009,0,1.0,90
ciliated cell.,43,image,0.8176212310791016,0.0546151287853717,conch,human,skin,HSDX009,0,1.0,90
ciliated cell.,43,train_mean,0.3418886959552765,0.1038175821304321,conch,human,skin,HSDX009,0,1.0,90
cortical cell of adrenal gland.,46,image,0.7264172434806824,0.041425310075283,conch,human,skin,HSDX009,0,1.0,90
cortical cell of adrenal gland.,46,train_mean,0.5296743512153625,0.0864431262016296,conch,human,skin,HSDX009,0,1.0,90
cultured cell.,43,image,0.6686500310897827,0.0344571471214294,conch,human,skin,HSDX009,0,1.0,90
cultured cell.,43,train_mean,0.3946563899517059,0.0822909623384475,conch,human,skin,HSDX009,0,1.0,90
endocardial cell.,25,image,0.6123253107070923,0.1795657277107238,conch,human,skin,HSDX009,0,1.0,90
endocardial cell.,25,train_mean,0.3409259021282196,0.1877464652061462,conch,human,skin,HSDX009,0,1.0,90
endothelial cell of lymphatic vessel.,136,image,0.5646396279335022,0.0401142574846744,conch,human,skin,HSDX009,0,1.0,90
endothelial cell of lymphatic vessel.,136,train_mean,0.503158688545227,0.088838092982769,conch,human,skin,HSDX009,0,1.0,90
endothelial cell of vascular tree.,396,image,0.8223631978034973,0.0380097366869449,conch,human,skin,HSDX009,0,1.0,90
endothelial cell of vascular tree.,396,train_mean,0.531574547290802,0.0736951008439064,conch,human,skin,HSDX009,0,1.0,90
endothelial cell.,2989,image,0.8140167593955994,0.0546621270477771,conch,human,skin,HSDX009,0,1.0,90
endothelial cell.,2989,train_mean,0.5509778261184692,0.0789153724908828,conch,human,skin,HSDX009,0,1.0,90
enterocyte.,380,image,0.8360129594802856,0.0945386514067649,conch,human,skin,HSDX009,0,1.0,90
enterocyte.,380,train_mean,0.3250889778137207,0.1402965933084488,conch,human,skin,HSDX009,0,1.0,90
epithelial cell of lower respiratory tract.,40,image,0.8993523120880127,0.0754676535725593,conch,human,skin,HSDX009,0,1.0,90
epithelial cell of lower respiratory tract.,40,train_mean,0.4342618584632873,0.130163699388504,conch,human,skin,HSDX009,0,1.0,90
epithelial cell of proximal tubule.,43,image,0.929627239704132,0.0758770108222961,conch,human,skin,HSDX009,0,1.0,90
epithelial cell of proximal tubule.,43,train_mean,0.4891899824142456,0.1291098296642303,conch,human,skin,HSDX009,0,1.0,90
epithelial cell.,86,image,0.8206772804260254,0.128963902592659,conch,human,skin,HSDX009,0,1.0,90
epithelial cell.,86,train_mean,0.4331242144107818,0.1699290126562118,conch,human,skin,HSDX009,0,1.0,90
fibroblast of cardiac tissue.,357,image,0.775530219078064,0.0675170421600341,conch,human,skin,HSDX009,0,1.0,90
fibroblast of cardiac tissue.,357,train_mean,0.2849707007408142,0.1029406264424324,conch,human,skin,HSDX009,0,1.0,90
fibroblast.,1846,image,0.8711244463920593,0.0803940370678901,conch,human,skin,HSDX009,0,1.0,90
fibroblast.,1846,train_mean,0.4440690577030182,0.1015757843852043,conch,human,skin,HSDX009,0,1.0,90
glutamatergic neuron.,47,image,0.3679066598415375,0.0234003011137247,conch,human,skin,HSDX009,0,1.0,90
glutamatergic neuron.,47,train_mean,0.3576575517654419,0.0917871668934822,conch,human,skin,HSDX009,0,1.0,90
goblet cell.,68,image,0.8775326013565063,0.0996947512030601,conch,human,skin,HSDX009,0,1.0,90
goblet cell.,68,train_mean,0.4673104286193847,0.1446421891450882,conch,human,skin,HSDX009,0,1.0,90
immature innate lymphoid cell.,24,image,0.5276176929473877,0.08118137717247,conch,human,skin,HSDX009,0,1.0,90
immature innate lymphoid cell.,24,train_mean,0.3896889090538025,0.0937922075390815,conch,human,skin,HSDX009,0,1.0,90
intestinal epithelial cell.,75,image,0.7905120849609375,0.0643362253904342,conch,human,skin,HSDX009,0,1.0,90
intestinal epithelial cell.,75,train_mean,0.3764332234859466,0.1083520725369453,conch,human,skin,HSDX009,0,1.0,90
kidney collecting duct principal cell.,89,image,0.7591317296028137,0.0609053112566471,conch,human,skin,HSDX009,0,1.0,90
kidney collecting duct principal cell.,89,train_mean,0.4350175559520721,0.0958485379815101,conch,human,skin,HSDX009,0,1.0,90
kidney loop of Henle thick ascending limb epithelial cell.,60,image,0.4497232735157013,0.0317129269242286,conch,human,skin,HSDX009,0,1.0,90
kidney loop of Henle thick ascending limb epithelial cell.,60,train_mean,0.4238218665122986,0.0877548828721046,conch,human,skin,HSDX009,0,1.0,90
kidney proximal convoluted tubule epithelial cell.,55,image,0.706881046295166,0.0236338041722774,conch,human,skin,HSDX009,0,1.0,90
kidney proximal convoluted tubule epithelial cell.,55,train_mean,0.4301066994667053,0.0893354192376136,conch,human,skin,HSDX009,0,1.0,90
macrophage.,719,image,0.3849583268165588,0.0631051361560821,conch,human,skin,HSDX009,0,1.0,90
macrophage.,719,train_mean,0.354141891002655,0.0844107717275619,conch,human,skin,HSDX009,0,1.0,90
malignant cell.,117,image,0.8983449935913086,0.0589957013726234,conch,human,skin,HSDX009,0,1.0,90
malignant cell.,117,train_mean,0.5189099311828613,0.104864478111267,conch,human,skin,HSDX009,0,1.0,90
myeloid cell.,108,image,0.3955627083778381,0.0662355348467826,conch,human,skin,HSDX009,0,1.0,90
myeloid cell.,108,train_mean,0.3754634261131286,0.0827705040574073,conch,human,skin,HSDX009,0,1.0,90
native cell.,26,image,0.404419332742691,0.041927833110094,conch,human,skin,HSDX009,0,1.0,90
native cell.,26,train_mean,0.3683190047740936,0.088832713663578,conch,human,skin,HSDX009,0,1.0,90
natural killer cell.,27,image,0.1805339753627777,0.0531785190105438,conch,human,skin,HSDX009,0,1.0,90
natural killer cell.,27,train_mean,0.1387088298797607,0.0896246433258056,conch,human,skin,HSDX009,0,1.0,90
neuron.,36,image,0.2241162210702896,0.0386893637478351,conch,human,skin,HSDX009,0,1.0,90
neuron.,36,train_mean,0.230259358882904,0.0945275649428367,conch,human,skin,HSDX009,0,1.0,90
smooth muscle cell.,522,image,0.8657536506652832,0.039425928145647,conch,human,skin,HSDX009,0,1.0,90
smooth muscle cell.,522,train_mean,0.4907865524291992,0.07900071144104,conch,human,skin,HSDX009,0,1.0,90
stromal cell of ovary.,107,image,0.4801133871078491,0.0298513248562812,conch,human,skin,HSDX009,0,1.0,90
stromal cell of ovary.,107,train_mean,0.27397221326828,0.0890478566288948,conch,human,skin,HSDX009,0,1.0,90
stromal cell.,659,image,0.8990950584411621,0.0373435243964195,conch,human,skin,HSDX009,0,1.0,90
stromal cell.,659,train_mean,0.5556285977363586,0.07469392567873,conch,human,skin,HSDX009,0,1.0,90
"Analyze the following list of 200 genes sorted by decreasing expression levels in a Human cell and determine its cell type.
Cell sentence:.
Based on these genes, the corresponding cell type is: neuron.",83,image,,0.0283222310245037,conch,human,skin,HSDX009,1,1.0,90
"Analyze the following list of 200 genes sorted by decreasing expression levels in a Human cell and determine its cell type.
Cell sentence:.
Based on these genes, the corresponding cell type is: neuron.",83,train_mean,,0.0961746871471405,conch,human,skin,HSDX009,1,1.0,90
B cell.,69,image,0.082470878958702,0.0372766405344009,conch,human,skin,HSDX009,1,1.0,90
B cell.,69,train_mean,0.142933651804924,0.0904507413506507,conch,human,skin,HSDX009,1,1.0,90
"Below is a list of 200 gene names in order of descending expression level from a Human cell. Based on this, predict what the cell type of this cell is.
Cell sentence:.
These genes are most likely associated with cell type: neuron.",100,image,,0.0302412062883377,conch,human,skin,HSDX009,1,1.0,90
"Below is a list of 200 gene names in order of descending expression level from a Human cell. Based on this, predict what the cell type of this cell is.
Cell sentence:.
These genes are most likely associated with cell type: neuron.",100,train_mean,,0.0961746722459793,conch,human,skin,HSDX009,1,1.0,90
"Below is a list of 200 gene names sorted by descending expression in a Human cell. Determine the cell type of this cell from its expressed genes.
Cell sentence:.
The associated cell type for these genes appears to be: neuron.",75,image,,0.0316748768091201,conch,human,skin,HSDX009,1,1.0,90
"Below is a list of 200 gene names sorted by descending expression in a Human cell. Determine the cell type of this cell from its expressed genes.
Cell sentence:.
The associated cell type for these genes appears to be: neuron.",75,train_mean,,0.0961746871471405,conch,human,skin,HSDX009,1,1.0,90
"Below is a list of 200 genes ordered by descending expression in a Human cell. Use this information to determine the cell type.
Cell sentence:.
These genes suggest the cell type is most likely: neuron.",93,image,,0.0264568403363227,conch,human,skin,HSDX009,1,1.0,90
"Below is a list of 200 genes ordered by descending expression in a Human cell. Use this information to determine the cell type.
Cell sentence:.
These genes suggest the cell type is most likely: neuron.",93,train_mean,,0.0961746871471405,conch,human,skin,HSDX009,1,1.0,90
"CD4-positive, alpha-beta T cell.",27,image,0.1732968837022781,0.0443966723978519,conch,human,skin,HSDX009,1,1.0,90
"CD4-positive, alpha-beta T cell.",27,train_mean,0.0720003321766853,0.0940871089696884,conch,human,skin,HSDX009,1,1.0,90
"CD8-positive, alpha-beta T cell.",181,image,0.2324907630681991,0.0377319194376468,conch,human,skin,HSDX009,1,1.0,90
"CD8-positive, alpha-beta T cell.",181,train_mean,0.2838159799575805,0.0855933502316474,conch,human,skin,HSDX009,1,1.0,90
"Examine the list of 200 gene names sorted by decreasing expression in a Human cell, and from this, identify its cell type.
Cell sentence:.
These genes are commonly found in cell type: neuron.",84,image,,0.0294007640331983,conch,human,skin,HSDX009,1,1.0,90
"Examine the list of 200 gene names sorted by decreasing expression in a Human cell, and from this, identify its cell type.
Cell sentence:.
These genes are commonly found in cell type: neuron.",84,train_mean,,0.0961746871471405,conch,human,skin,HSDX009,1,1.0,90
"From the list of 200 gene names ordered by decreasing expression level in a Human cell, infer the cell type of the cell.
Cell sentence:.
These genes suggest the cell type is most likely: neuron.",74,image,,0.0332744382321834,conch,human,skin,HSDX009,1,1.0,90
"From the list of 200 gene names ordered by decreasing expression level in a Human cell, infer the cell type of the cell.
Cell sentence:.
These genes suggest the cell type is most likely: neuron.",74,train_mean,,0.0961746871471405,conch,human,skin,HSDX009,1,1.0,90
"From the list of 200 gene names sorted by decreasing expression levels in a Human cell, predict the cell type.
Cell sentence:.
The genes provided are most commonly expressed in cell type: neuron.",78,image,,0.0297614522278308,conch,human,skin,HSDX009,1,1.0,90
"From the list of 200 gene names sorted by decreasing expression levels in a Human cell, predict the cell type.
Cell sentence:.
The genes provided are most commonly expressed in cell type: neuron.",78,train_mean,,0.0961746871471405,conch,human,skin,HSDX009,1,1.0,90
"Given the list of 200 gene names ordered by descending expression level from a Human cell, identify the cell type.
Cell sentence:.
The probable cell type for these genes is: neuron.",75,image,,0.0305404737591743,conch,human,skin,HSDX009,1,1.0,90
"Given the list of 200 gene names ordered by descending expression level from a Human cell, identify the cell type.
Cell sentence:.
The probable cell type for these genes is: neuron.",75,train_mean,,0.0961746871471405,conch,human,skin,HSDX009,1,1.0,90
"Here is a list of 200 genes in order of descending expression level from a Human cell. Identify the cell type of this cell based on this information.
Cell sentence:.
The expected cell type based on these genes is: neuron.",106,image,,0.0309908092021942,conch,human,skin,HSDX009,1,1.0,90
"Here is a list of 200 genes in order of descending expression level from a Human cell. Identify the cell type of this cell based on this information.
Cell sentence:.
The expected cell type based on these genes is: neuron.",106,train_mean,,0.0961746573448181,conch,human,skin,HSDX009,1,1.0,90
"Here is a list of 200 genes ordered by expression level in a Human cell. Based on this information, identify the cell type.
Cell sentence:.
Based on the expression levels, the cell type would likely be: neuron.",94,image,,0.0342240035533905,conch,human,skin,HSDX009,1,1.0,90
"Here is a list of 200 genes ordered by expression level in a Human cell. Based on this information, identify the cell type.
Cell sentence:.
Based on the expression levels, the cell type would likely be: neuron.",94,train_mean,,0.0961746871471405,conch,human,skin,HSDX009,1,1.0,90
T cell.,121,image,0.4484330713748932,0.0436834804713726,conch,human,skin,HSDX009,1,1.0,90
T cell.,121,train_mean,0.3812967836856842,0.0784268379211425,conch,human,skin,HSDX009,1,1.0,90
"The 200 gene names below are arranged by descending expression level in a Human cell. Determine the cell type of this cell.
Cell sentence:.
The cell type that these genes are most commonly linked with is: neuron.",86,image,,0.0293791238218545,conch,human,skin,HSDX009,1,1.0,90
"The 200 gene names below are arranged by descending expression level in a Human cell. Determine the cell type of this cell.
Cell sentence:.
The cell type that these genes are most commonly linked with is: neuron.",86,train_mean,,0.0961746945977211,conch,human,skin,HSDX009,1,1.0,90
"The 200 gene names below are listed by descending expression level in a Human cell. Predict the cell type based on this information.
Cell sentence:.
These genes are indicative of cell type: neuron.",95,image,,0.0348616801202297,conch,human,skin,HSDX009,1,1.0,90
"The 200 gene names below are listed by descending expression level in a Human cell. Predict the cell type based on this information.
Cell sentence:.
These genes are indicative of cell type: neuron.",95,train_mean,,0.0961746796965599,conch,human,skin,HSDX009,1,1.0,90
"The 200 gene names below are listed by descending expression levels in a Human cell. Based on this, predict the cell type.
Cell sentence:.
The cell type corresponding to these genes is: neuron.",81,image,,0.0281309746205806,conch,human,skin,HSDX009,1,1.0,90
"The 200 gene names below are listed by descending expression levels in a Human cell. Based on this, predict the cell type.
Cell sentence:.
The cell type corresponding to these genes is: neuron.",81,train_mean,,0.0961746871471405,conch,human,skin,HSDX009,1,1.0,90
"The following is a list of 200 gene names ordered by descending expression level in a Human cell. Your task is to give the cell type which this cell belongs to based on its gene expression.
Cell sentence:.
The cell type corresponding to these genes is: neuron.",62,image,,0.0303348414599895,conch,human,skin,HSDX009,1,1.0,90
"The following is a list of 200 gene names ordered by descending expression level in a Human cell. Your task is to give the cell type which this cell belongs to based on its gene expression.
Cell sentence:.
The cell type corresponding to these genes is: neuron.",62,train_mean,,0.0961746796965599,conch,human,skin,HSDX009,1,1.0,90
"The following list contains 200 gene names ordered by descending expression level in a Human cell. Deduce the cell type based on this.
Cell sentence:.
These genes typically correspond to cell type: CD74 MALAT1 RPLP1 RPL41 RPL10 RPS12 RPL13 RPL32 RPS18 RPL18A RPL28 RPS8 RPL19 RPS23 RPS19 RPL11 RPS27A RPL30 RPS15A RPS3A RPL39 RPS28 RPS15 RPL12 RPS27 RPL8 RPL29 RPS13 RPL7A RPS3 RPL34 RPS14 RPL18 RPS7 RPLP0 RPL35A RPS5 RPLP2 RPS24 RPL37 RPS4X RPL3 RPS21 RPL36 RPS6 RPL5 RPL14 RPS25 RPL35 RPS9 RPL6 RPL15 RPL9 RPSA RPL21 RPL10A RPL23A RPS2 RPL24 RPL37A RPS16 RPL13A RPL22 RPS29 EEF1B2 RPL7 RACK1 RPL4 RPL31 RPL27 RPS26 RPL38 RPL26 RPS11 RPL27A TPT1 RPS20 EEF1D NACA RPL23 PTMA RPS4Y1 FAU RPL17 TMSB10 EEF2 UBA52 RPL36A PFDN5 EEF1G B2M RPS17 TMSB4X FTL ACTB HLA-DRA HLA-DRB1 HLA-DPA1 HLA-DPB1 HLA-B EIF1 PABPC1 CD37 HLA-DQA1 HLA-C BTF3 COX4I1 NPM1 HLA-DRB5 HLA-DQB1 HNRNPA1 PFN1 CD79A FTH1 H3-3B NME2 TOMM7 HLA-DMA H3-3A RPL36AL HLA-E RPL22L1 EIF3E PPDPF TMA7 EIF3F CD52 RPS10 EIF3K RPL36AL HLA-A EIF3H NOP53 RPS4Y2 HINT1 RPL35 PPIA UBC EIF3L EIF3F PNRC1 EIF3K RPS15P4 RPL8 TSC22D3 HNRNPA2B1 EIF3H SERF2 RPL23 ATP5MC2 RPL31-AS1 EIF4A2 RPL7P9 ATP5F1E NAP1L1 RPL10P9 UQCRH EIF3G EIF3M SLC25A6 EIF3D PSMB9 TMEM258 RPS3AP6 UQCRB RPL22L2 RPL36P2 RPSAP9 EIF3E-AS1 RPL10P6 RPL13AP5 EIF4A1 RPL26P19 RPSAP9 PSMB1 ATP5MG RPL3P4 RPL9P9 RPSAP8 RPSAP4 SNHG29 RPL26P6 RPL24P8 RPSAP2 RPL13AP25 RPSAP18 RPL15P2 RPL37P2 RPSAP6 RPL13AP7.
These genes typically correspond to cell type: memory B cell.",89,image,,0.0317979827523231,conch,human,skin,HSDX009,1,1.0,90
"The following list contains 200 gene names ordered by descending expression level in a Human cell. Deduce the cell type based on this.
Cell sentence:.
These genes typically correspond to cell type: CD74 MALAT1 RPLP1 RPL41 RPL10 RPS12 RPL13 RPL32 RPS18 RPL18A RPL28 RPS8 RPL19 RPS23 RPS19 RPL11 RPS27A RPL30 RPS15A RPS3A RPL39 RPS28 RPS15 RPL12 RPS27 RPL8 RPL29 RPS13 RPL7A RPS3 RPL34 RPS14 RPL18 RPS7 RPLP0 RPL35A RPS5 RPLP2 RPS24 RPL37 RPS4X RPL3 RPS21 RPL36 RPS6 RPL5 RPL14 RPS25 RPL35 RPS9 RPL6 RPL15 RPL9 RPSA RPL21 RPL10A RPL23A RPS2 RPL24 RPL37A RPS16 RPL13A RPL22 RPS29 EEF1B2 RPL7 RACK1 RPL4 RPL31 RPL27 RPS26 RPL38 RPL26 RPS11 RPL27A TPT1 RPS20 EEF1D NACA RPL23 PTMA RPS4Y1 FAU RPL17 TMSB10 EEF2 UBA52 RPL36A PFDN5 EEF1G B2M RPS17 TMSB4X FTL ACTB HLA-DRA HLA-DRB1 HLA-DPA1 HLA-DPB1 HLA-B EIF1 PABPC1 CD37 HLA-DQA1 HLA-C BTF3 COX4I1 NPM1 HLA-DRB5 HLA-DQB1 HNRNPA1 PFN1 CD79A FTH1 H3-3B NME2 TOMM7 HLA-DMA H3-3A RPL36AL HLA-E RPL22L1 EIF3E PPDPF TMA7 EIF3F CD52 RPS10 EIF3K RPL36AL HLA-A EIF3H NOP53 RPS4Y2 HINT1 RPL35 PPIA UBC EIF3L EIF3F PNRC1 EIF3K RPS15P4 RPL8 TSC22D3 HNRNPA2B1 EIF3H SERF2 RPL23 ATP5MC2 RPL31-AS1 EIF4A2 RPL7P9 ATP5F1E NAP1L1 RPL10P9 UQCRH EIF3G EIF3M SLC25A6 EIF3D PSMB9 TMEM258 RPS3AP6 UQCRB RPL22L2 RPL36P2 RPSAP9 EIF3E-AS1 RPL10P6 RPL13AP5 EIF4A1 RPL26P19 RPSAP9 PSMB1 ATP5MG RPL3P4 RPL9P9 RPSAP8 RPSAP4 SNHG29 RPL26P6 RPL24P8 RPSAP2 RPL13AP25 RPSAP18 RPL15P2 RPL37P2 RPSAP6 RPL13AP7.
These genes typically correspond to cell type: memory B cell.",89,train_mean,,0.0961746945977211,conch,human,skin,HSDX009,1,1.0,90
astrocyte.,24,image,0.5352786183357239,0.03871501237154,conch,human,skin,HSDX009,1,1.0,90
astrocyte.,24,train_mean,0.4541914463043213,0.0824112743139267,conch,human,skin,HSDX009,1,1.0,90
cardiac endothelial cell.,54,image,0.84352707862854,0.0445133335888385,conch,human,skin,HSDX009,1,1.0,90
cardiac endothelial cell.,54,train_mean,0.4236118197441101,0.0859155729413032,conch,human,skin,HSDX009,1,1.0,90
cardiac muscle cell.,21,image,-0.0895598828792572,0.0353277474641799,conch,human,skin,HSDX009,1,1.0,90
cardiac muscle cell.,21,train_mean,-0.0635570958256721,0.0961873158812522,conch,human,skin,HSDX009,1,1.0,90
cardiac muscle myoblast.,567,image,0.8743721842765808,0.0260764695703983,conch,human,skin,HSDX009,1,1.0,90
cardiac muscle myoblast.,567,train_mean,0.3747462332248688,0.0868652984499931,conch,human,skin,HSDX009,1,1.0,90
ciliated cell.,43,image,0.8164716362953186,0.0548665300011634,conch,human,skin,HSDX009,1,1.0,90
ciliated cell.,43,train_mean,0.3418886959552765,0.1038175821304321,conch,human,skin,HSDX009,1,1.0,90
cortical cell of adrenal gland.,46,image,0.7323079109191895,0.0425467602908611,conch,human,skin,HSDX009,1,1.0,90
cortical cell of adrenal gland.,46,train_mean,0.5296743512153625,0.0864431262016296,conch,human,skin,HSDX009,1,1.0,90
cultured cell.,43,image,0.6833377480506897,0.0345953144133091,conch,human,skin,HSDX009,1,1.0,90
cultured cell.,43,train_mean,0.3946563899517059,0.0822909623384475,conch,human,skin,HSDX009,1,1.0,90
endocardial cell.,25,image,0.6041392683982849,0.1792144924402237,conch,human,skin,HSDX009,1,1.0,90
endocardial cell.,25,train_mean,0.3409259021282196,0.1877464652061462,conch,human,skin,HSDX009,1,1.0,90
endothelial cell of lymphatic vessel.,136,image,0.5685779452323914,0.041419718414545,conch,human,skin,HSDX009,1,1.0,90
endothelial cell of lymphatic vessel.,136,train_mean,0.503158688545227,0.088838092982769,conch,human,skin,HSDX009,1,1.0,90
endothelial cell of vascular tree.,396,image,0.8122226595878601,0.0383935905992984,conch,human,skin,HSDX009,1,1.0,90
endothelial cell of vascular tree.,396,train_mean,0.531574547290802,0.0736951008439064,conch,human,skin,HSDX009,1,1.0,90
endothelial cell.,2989,image,0.8068339824676514,0.0547757670283317,conch,human,skin,HSDX009,1,1.0,90
endothelial cell.,2989,train_mean,0.5509778261184692,0.0789153724908828,conch,human,skin,HSDX009,1,1.0,90
enterocyte.,380,image,0.8408984541893005,0.0948199108242988,conch,human,skin,HSDX009,1,1.0,90
enterocyte.,380,train_mean,0.3250889778137207,0.1402965933084488,conch,human,skin,HSDX009,1,1.0,90
epithelial cell of lower respiratory tract.,40,image,0.9008740782737732,0.0754103064537048,conch,human,skin,HSDX009,1,1.0,90
epithelial cell of lower respiratory tract.,40,train_mean,0.4342618584632873,0.130163699388504,conch,human,skin,HSDX009,1,1.0,90
epithelial cell of proximal tubule.,43,image,0.931036412715912,0.0757360458374023,conch,human,skin,HSDX009,1,1.0,90
epithelial cell of proximal tubule.,43,train_mean,0.4891899824142456,0.1291098296642303,conch,human,skin,HSDX009,1,1.0,90
epithelial cell.,86,image,0.8207189440727234,0.1292890757322311,conch,human,skin,HSDX009,1,1.0,90
epithelial cell.,86,train_mean,0.4331242144107818,0.1699290126562118,conch,human,skin,HSDX009,1,1.0,90
fibroblast of cardiac tissue.,357,image,0.7644991874694824,0.0677063763141632,conch,human,skin,HSDX009,1,1.0,90
fibroblast of cardiac tissue.,357,train_mean,0.2849707007408142,0.1029406264424324,conch,human,skin,HSDX009,1,1.0,90
fibroblast.,1846,image,0.8633212447166443,0.0802052691578865,conch,human,skin,HSDX009,1,1.0,90
fibroblast.,1846,train_mean,0.4440690577030182,0.1015757843852043,conch,human,skin,HSDX009,1,1.0,90
glutamatergic neuron.,47,image,0.3849292993545532,0.0248224902898073,conch,human,skin,HSDX009,1,1.0,90
glutamatergic neuron.,47,train_mean,0.3576575517654419,0.0917871668934822,conch,human,skin,HSDX009,1,1.0,90
goblet cell.,68,image,0.8757312893867493,0.1002184823155403,conch,human,skin,HSDX009,1,1.0,90
goblet cell.,68,train_mean,0.4673104286193847,0.1446421891450882,conch,human,skin,HSDX009,1,1.0,90
immature innate lymphoid cell.,24,image,0.5229109525680542,0.0814766362309455,conch,human,skin,HSDX009,1,1.0,90
immature innate lymphoid cell.,24,train_mean,0.3896889090538025,0.0937922075390815,conch,human,skin,HSDX009,1,1.0,90
intestinal epithelial cell.,75,image,0.7917529344558716,0.0641674324870109,conch,human,skin,HSDX009,1,1.0,90
intestinal epithelial cell.,75,train_mean,0.3764332234859466,0.1083520725369453,conch,human,skin,HSDX009,1,1.0,90
kidney collecting duct principal cell.,89,image,0.7617318630218506,0.0608265921473503,conch,human,skin,HSDX009,1,1.0,90
kidney collecting duct principal cell.,89,train_mean,0.4350175559520721,0.0958485379815101,conch,human,skin,HSDX009,1,1.0,90
kidney loop of Henle thick ascending limb epithelial cell.,60,image,0.4524632692337036,0.0331166572868824,conch,human,skin,HSDX009,1,1.0,90
kidney loop of Henle thick ascending limb epithelial cell.,60,train_mean,0.4238218665122986,0.0877548828721046,conch,human,skin,HSDX009,1,1.0,90
kidney proximal convoluted tubule epithelial cell.,55,image,0.7039419412612915,0.0254442449659109,conch,human,skin,HSDX009,1,1.0,90
kidney proximal convoluted tubule epithelial cell.,55,train_mean,0.4301066994667053,0.0893354192376136,conch,human,skin,HSDX009,1,1.0,90
macrophage.,719,image,0.3822768032550812,0.0632684677839279,conch,human,skin,HSDX009,1,1.0,90
macrophage.,719,train_mean,0.354141891002655,0.0844107717275619,conch,human,skin,HSDX009,1,1.0,90
malignant cell.,117,image,0.8988204598426819,0.0588295347988605,conch,human,skin,HSDX009,1,1.0,90
malignant cell.,117,train_mean,0.5189099311828613,0.104864478111267,conch,human,skin,HSDX009,1,1.0,90
myeloid cell.,108,image,0.3933230340480804,0.0666216164827346,conch,human,skin,HSDX009,1,1.0,90
myeloid cell.,108,train_mean,0.3754634261131286,0.0827705040574073,conch,human,skin,HSDX009,1,1.0,90
native cell.,26,image,0.422092080116272,0.0447004698216915,conch,human,skin,HSDX009,1,1.0,90
native cell.,26,train_mean,0.3683190047740936,0.088832713663578,conch,human,skin,HSDX009,1,1.0,90
natural killer cell.,27,image,0.1785200983285904,0.0531981289386749,conch,human,skin,HSDX009,1,1.0,90
natural killer cell.,27,train_mean,0.1387088298797607,0.0896246433258056,conch,human,skin,HSDX009,1,1.0,90
neuron.,36,image,0.233635738492012,0.0409273169934749,conch,human,skin,HSDX009,1,1.0,90
neuron.,36,train_mean,0.230259358882904,0.0945275649428367,conch,human,skin,HSDX009,1,1.0,90
smooth muscle cell.,522,image,0.8691491484642029,0.0394029840826988,conch,human,skin,HSDX009,1,1.0,90
smooth muscle cell.,522,train_mean,0.4907865524291992,0.07900071144104,conch,human,skin,HSDX009,1,1.0,90
stromal cell of ovary.,107,image,0.4669602811336517,0.0304807461798191,conch,human,skin,HSDX009,1,1.0,90
stromal cell of ovary.,107,train_mean,0.27397221326828,0.0890478566288948,conch,human,skin,HSDX009,1,1.0,90
stromal cell.,659,image,0.8942558169364929,0.0373628437519073,conch,human,skin,HSDX009,1,1.0,90
stromal cell.,659,train_mean,0.5556285977363586,0.07469392567873,conch,human,skin,HSDX009,1,1.0,90
"Analyze the following list of 200 genes sorted by decreasing expression levels in a Human cell and determine its cell type.
Cell sentence:.
Based on these genes, the corresponding cell type is: neuron.",83,image,,0.0292318928986787,conch,human,skin,HSDX009,2,1.0,90
"Analyze the following list of 200 genes sorted by decreasing expression levels in a Human cell and determine its cell type.
Cell sentence:.
Based on these genes, the corresponding cell type is: neuron.",83,train_mean,,0.0961746871471405,conch,human,skin,HSDX009,2,1.0,90
B cell.,69,image,0.076368823647499,0.037338837981224,conch,human,skin,HSDX009,2,1.0,90
B cell.,69,train_mean,0.142933651804924,0.0904507413506507,conch,human,skin,HSDX009,2,1.0,90
"Below is a list of 200 gene names in order of descending expression level from a Human cell. Based on this, predict what the cell type of this cell is.
Cell sentence:.
These genes are most likely associated with cell type: neuron.",100,image,,0.0304832439869642,conch,human,skin,HSDX009,2,1.0,90
"Below is a list of 200 gene names in order of descending expression level from a Human cell. Based on this, predict what the cell type of this cell is.
Cell sentence:.
These genes are most likely associated with cell type: neuron.",100,train_mean,,0.0961746722459793,conch,human,skin,HSDX009,2,1.0,90
"Below is a list of 200 gene names sorted by descending expression in a Human cell. Determine the cell type of this cell from its expressed genes.
Cell sentence:.
The associated cell type for these genes appears to be: neuron.",75,image,,0.03242789208889,conch,human,skin,HSDX009,2,1.0,90
"Below is a list of 200 gene names sorted by descending expression in a Human cell. Determine the cell type of this cell from its expressed genes.
Cell sentence:.
The associated cell type for these genes appears to be: neuron.",75,train_mean,,0.0961746871471405,conch,human,skin,HSDX009,2,1.0,90
"Below is a list of 200 genes ordered by descending expression in a Human cell. Use this information to determine the cell type.
Cell sentence:.
These genes suggest the cell type is most likely: neuron.",93,image,,0.0273105651140213,conch,human,skin,HSDX009,2,1.0,90
"Below is a list of 200 genes ordered by descending expression in a Human cell. Use this information to determine the cell type.
Cell sentence:.
These genes suggest the cell type is most likely: neuron.",93,train_mean,,0.0961746871471405,conch,human,skin,HSDX009,2,1.0,90
"CD4-positive, alpha-beta T cell.",27,image,0.1699616760015487,0.0450769923627376,conch,human,skin,HSDX009,2,1.0,90
"CD4-positive, alpha-beta T cell.",27,train_mean,0.0720003321766853,0.0940871089696884,conch,human,skin,HSDX009,2,1.0,90
"CD8-positive, alpha-beta T cell.",181,image,0.2359856218099594,0.0377963818609714,conch,human,skin,HSDX009,2,1.0,90
"CD8-positive, alpha-beta T cell.",181,train_mean,0.2838159799575805,0.0855933502316474,conch,human,skin,HSDX009,2,1.0,90
"Examine the list of 200 gene names sorted by decreasing expression in a Human cell, and from this, identify its cell type.
Cell sentence:.
These genes are commonly found in cell type: neuron.",84,image,,0.0297499187290668,conch,human,skin,HSDX009,2,1.0,90
"Examine the list of 200 gene names sorted by decreasing expression in a Human cell, and from this, identify its cell type.
Cell sentence:.
These genes are commonly found in cell type: neuron.",84,train_mean,,0.0961746871471405,conch,human,skin,HSDX009,2,1.0,90
"From the list of 200 gene names ordered by decreasing expression level in a Human cell, infer the cell type of the cell.
Cell sentence:.
These genes suggest the cell type is most likely: neuron.",74,image,,0.0339795127511024,conch,human,skin,HSDX009,2,1.0,90
"From the list of 200 gene names ordered by decreasing expression level in a Human cell, infer the cell type of the cell.
Cell sentence:.
These genes suggest the cell type is most likely: neuron.",74,train_mean,,0.0961746871471405,conch,human,skin,HSDX009,2,1.0,90
"From the list of 200 gene names sorted by decreasing expression levels in a Human cell, predict the cell type.
Cell sentence:.
The genes provided are most commonly expressed in cell type: neuron.",78,image,,0.0303491558879613,conch,human,skin,HSDX009,2,1.0,90
"From the list of 200 gene names sorted by decreasing expression levels in a Human cell, predict the cell type.
Cell sentence:.
The genes provided are most commonly expressed in cell type: neuron.",78,train_mean,,0.0961746871471405,conch,human,skin,HSDX009,2,1.0,90
"Given the list of 200 gene names ordered by descending expression level from a Human cell, identify the cell type.
Cell sentence:.
The probable cell type for these genes is: neuron.",75,image,,0.0311385728418827,conch,human,skin,HSDX009,2,1.0,90
"Given the list of 200 gene names ordered by descending expression level from a Human cell, identify the cell type.
Cell sentence:.
The probable cell type for these genes is: neuron.",75,train_mean,,0.0961746871471405,conch,human,skin,HSDX009,2,1.0,90
"Here is a list of 200 genes in order of descending expression level from a Human cell. Identify the cell type of this cell based on this information.
Cell sentence:.
The expected cell type based on these genes is: neuron.",106,image,,0.0314677320420742,conch,human,skin,HSDX009,2,1.0,90
"Here is a list of 200 genes in order of descending expression level from a Human cell. Identify the cell type of this cell based on this information.
Cell sentence:.
The expected cell type based on these genes is: neuron.",106,train_mean,,0.0961746573448181,conch,human,skin,HSDX009,2,1.0,90
"Here is a list of 200 genes ordered by expression level in a Human cell. Based on this information, identify the cell type.
Cell sentence:.
Based on the expression levels, the cell type would likely be: neuron.",94,image,,0.0349853187799453,conch,human,skin,HSDX009,2,1.0,90
"Here is a list of 200 genes ordered by expression level in a Human cell. Based on this information, identify the cell type.
Cell sentence:.
Based on the expression levels, the cell type would likely be: neuron.",94,train_mean,,0.0961746871471405,conch,human,skin,HSDX009,2,1.0,90
T cell.,121,image,0.4539633989334106,0.0434300638735294,conch,human,skin,HSDX009,2,1.0,90
T cell.,121,train_mean,0.3812967836856842,0.0784268379211425,conch,human,skin,HSDX009,2,1.0,90
"The 200 gene names below are arranged by descending expression level in a Human cell. Determine the cell type of this cell.
Cell sentence:.
The cell type that these genes are most commonly linked with is: neuron.",86,image,,0.0295621939003467,conch,human,skin,HSDX009,2,1.0,90
"The 200 gene names below are arranged by descending expression level in a Human cell. Determine the cell type of this cell.
Cell sentence:.
The cell type that these genes are most commonly linked with is: neuron.",86,train_mean,,0.0961746945977211,conch,human,skin,HSDX009,2,1.0,90
"The 200 gene names below are listed by descending expression level in a Human cell. Predict the cell type based on this information.
Cell sentence:.
These genes are indicative of cell type: neuron.",95,image,,0.0354297906160354,conch,human,skin,HSDX009,2,1.0,90
"The 200 gene names below are listed by descending expression level in a Human cell. Predict the cell type based on this information.
Cell sentence:.
These genes are indicative of cell type: neuron.",95,train_mean,,0.0961746796965599,conch,human,skin,HSDX009,2,1.0,90
"The 200 gene names below are listed by descending expression levels in a Human cell. Based on this, predict the cell type.
Cell sentence:.
The cell type corresponding to these genes is: neuron.",81,image,,0.0294440798461437,conch,human,skin,HSDX009,2,1.0,90
"The 200 gene names below are listed by descending expression levels in a Human cell. Based on this, predict the cell type.
Cell sentence:.
The cell type corresponding to these genes is: neuron.",81,train_mean,,0.0961746871471405,conch,human,skin,HSDX009,2,1.0,90
"The following is a list of 200 gene names ordered by descending expression level in a Human cell. Your task is to give the cell type which this cell belongs to based on its gene expression.
Cell sentence:.
The cell type corresponding to these genes is: neuron.",62,image,,0.0308867711573839,conch,human,skin,HSDX009,2,1.0,90
"The following is a list of 200 gene names ordered by descending expression level in a Human cell. Your task is to give the cell type which this cell belongs to based on its gene expression.
Cell sentence:.
The cell type corresponding to these genes is: neuron.",62,train_mean,,0.0961746796965599,conch,human,skin,HSDX009,2,1.0,90
"The following list contains 200 gene names ordered by descending expression level in a Human cell. Deduce the cell type based on this.
Cell sentence:.
These genes typically correspond to cell type: CD74 MALAT1 RPLP1 RPL41 RPL10 RPS12 RPL13 RPL32 RPS18 RPL18A RPL28 RPS8 RPL19 RPS23 RPS19 RPL11 RPS27A RPL30 RPS15A RPS3A RPL39 RPS28 RPS15 RPL12 RPS27 RPL8 RPL29 RPS13 RPL7A RPS3 RPL34 RPS14 RPL18 RPS7 RPLP0 RPL35A RPS5 RPLP2 RPS24 RPL37 RPS4X RPL3 RPS21 RPL36 RPS6 RPL5 RPL14 RPS25 RPL35 RPS9 RPL6 RPL15 RPL9 RPSA RPL21 RPL10A RPL23A RPS2 RPL24 RPL37A RPS16 RPL13A RPL22 RPS29 EEF1B2 RPL7 RACK1 RPL4 RPL31 RPL27 RPS26 RPL38 RPL26 RPS11 RPL27A TPT1 RPS20 EEF1D NACA RPL23 PTMA RPS4Y1 FAU RPL17 TMSB10 EEF2 UBA52 RPL36A PFDN5 EEF1G B2M RPS17 TMSB4X FTL ACTB HLA-DRA HLA-DRB1 HLA-DPA1 HLA-DPB1 HLA-B EIF1 PABPC1 CD37 HLA-DQA1 HLA-C BTF3 COX4I1 NPM1 HLA-DRB5 HLA-DQB1 HNRNPA1 PFN1 CD79A FTH1 H3-3B NME2 TOMM7 HLA-DMA H3-3A RPL36AL HLA-E RPL22L1 EIF3E PPDPF TMA7 EIF3F CD52 RPS10 EIF3K RPL36AL HLA-A EIF3H NOP53 RPS4Y2 HINT1 RPL35 PPIA UBC EIF3L EIF3F PNRC1 EIF3K RPS15P4 RPL8 TSC22D3 HNRNPA2B1 EIF3H SERF2 RPL23 ATP5MC2 RPL31-AS1 EIF4A2 RPL7P9 ATP5F1E NAP1L1 RPL10P9 UQCRH EIF3G EIF3M SLC25A6 EIF3D PSMB9 TMEM258 RPS3AP6 UQCRB RPL22L2 RPL36P2 RPSAP9 EIF3E-AS1 RPL10P6 RPL13AP5 EIF4A1 RPL26P19 RPSAP9 PSMB1 ATP5MG RPL3P4 RPL9P9 RPSAP8 RPSAP4 SNHG29 RPL26P6 RPL24P8 RPSAP2 RPL13AP25 RPSAP18 RPL15P2 RPL37P2 RPSAP6 RPL13AP7.
These genes typically correspond to cell type: memory B cell.",89,image,,0.0326078347861766,conch,human,skin,HSDX009,2,1.0,90
"The following list contains 200 gene names ordered by descending expression level in a Human cell. Deduce the cell type based on this.
Cell sentence:.
These genes typically correspond to cell type: CD74 MALAT1 RPLP1 RPL41 RPL10 RPS12 RPL13 RPL32 RPS18 RPL18A RPL28 RPS8 RPL19 RPS23 RPS19 RPL11 RPS27A RPL30 RPS15A RPS3A RPL39 RPS28 RPS15 RPL12 RPS27 RPL8 RPL29 RPS13 RPL7A RPS3 RPL34 RPS14 RPL18 RPS7 RPLP0 RPL35A RPS5 RPLP2 RPS24 RPL37 RPS4X RPL3 RPS21 RPL36 RPS6 RPL5 RPL14 RPS25 RPL35 RPS9 RPL6 RPL15 RPL9 RPSA RPL21 RPL10A RPL23A RPS2 RPL24 RPL37A RPS16 RPL13A RPL22 RPS29 EEF1B2 RPL7 RACK1 RPL4 RPL31 RPL27 RPS26 RPL38 RPL26 RPS11 RPL27A TPT1 RPS20 EEF1D NACA RPL23 PTMA RPS4Y1 FAU RPL17 TMSB10 EEF2 UBA52 RPL36A PFDN5 EEF1G B2M RPS17 TMSB4X FTL ACTB HLA-DRA HLA-DRB1 HLA-DPA1 HLA-DPB1 HLA-B EIF1 PABPC1 CD37 HLA-DQA1 HLA-C BTF3 COX4I1 NPM1 HLA-DRB5 HLA-DQB1 HNRNPA1 PFN1 CD79A FTH1 H3-3B NME2 TOMM7 HLA-DMA H3-3A RPL36AL HLA-E RPL22L1 EIF3E PPDPF TMA7 EIF3F CD52 RPS10 EIF3K RPL36AL HLA-A EIF3H NOP53 RPS4Y2 HINT1 RPL35 PPIA UBC EIF3L EIF3F PNRC1 EIF3K RPS15P4 RPL8 TSC22D3 HNRNPA2B1 EIF3H SERF2 RPL23 ATP5MC2 RPL31-AS1 EIF4A2 RPL7P9 ATP5F1E NAP1L1 RPL10P9 UQCRH EIF3G EIF3M SLC25A6 EIF3D PSMB9 TMEM258 RPS3AP6 UQCRB RPL22L2 RPL36P2 RPSAP9 EIF3E-AS1 RPL10P6 RPL13AP5 EIF4A1 RPL26P19 RPSAP9 PSMB1 ATP5MG RPL3P4 RPL9P9 RPSAP8 RPSAP4 SNHG29 RPL26P6 RPL24P8 RPSAP2 RPL13AP25 RPSAP18 RPL15P2 RPL37P2 RPSAP6 RPL13AP7.
These genes typically correspond to cell type: memory B cell.",89,train_mean,,0.0961746945977211,conch,human,skin,HSDX009,2,1.0,90
astrocyte.,24,image,0.531651496887207,0.0378973558545112,conch,human,skin,HSDX009,2,1.0,90
astrocyte.,24,train_mean,0.4541914463043213,0.0824112743139267,conch,human,skin,HSDX009,2,1.0,90
cardiac endothelial cell.,54,image,0.8491929173469543,0.0448668971657753,conch,human,skin,HSDX009,2,1.0,90
cardiac endothelial cell.,54,train_mean,0.4236118197441101,0.0859155729413032,conch,human,skin,HSDX009,2,1.0,90
cardiac muscle cell.,21,image,-0.0863802284002304,0.0357631258666515,conch,human,skin,HSDX009,2,1.0,90
cardiac muscle cell.,21,train_mean,-0.0635570958256721,0.0961873158812522,conch,human,skin,HSDX009,2,1.0,90
cardiac muscle myoblast.,567,image,0.8830372095108032,0.0259559787809848,conch,human,skin,HSDX009,2,1.0,90
cardiac muscle myoblast.,567,train_mean,0.3747462332248688,0.0868652984499931,conch,human,skin,HSDX009,2,1.0,90
ciliated cell.,43,image,0.8209328055381775,0.0541481375694274,conch,human,skin,HSDX009,2,1.0,90
ciliated cell.,43,train_mean,0.3418886959552765,0.1038175821304321,conch,human,skin,HSDX009,2,1.0,90
cortical cell of adrenal gland.,46,image,0.7315276265144348,0.0418688282370567,conch,human,skin,HSDX009,2,1.0,90
cortical cell of adrenal gland.,46,train_mean,0.5296743512153625,0.0864431262016296,conch,human,skin,HSDX009,2,1.0,90
cultured cell.,43,image,0.6639553308486938,0.0349096171557903,conch,human,skin,HSDX009,2,1.0,90
cultured cell.,43,train_mean,0.3946563899517059,0.0822909623384475,conch,human,skin,HSDX009,2,1.0,90
endocardial cell.,25,image,0.6186892986297607,0.1793231666088104,conch,human,skin,HSDX009,2,1.0,90
endocardial cell.,25,train_mean,0.3409259021282196,0.1877464652061462,conch,human,skin,HSDX009,2,1.0,90
endothelial cell of lymphatic vessel.,136,image,0.5746187567710876,0.0410711579024791,conch,human,skin,HSDX009,2,1.0,90
endothelial cell of lymphatic vessel.,136,train_mean,0.503158688545227,0.088838092982769,conch,human,skin,HSDX009,2,1.0,90
endothelial cell of vascular tree.,396,image,0.8196311593055725,0.0381126999855041,conch,human,skin,HSDX009,2,1.0,90
endothelial cell of vascular tree.,396,train_mean,0.531574547290802,0.0736951008439064,conch,human,skin,HSDX009,2,1.0,90
endothelial cell.,2989,image,0.8109792470932007,0.0548637993633747,conch,human,skin,HSDX009,2,1.0,90
endothelial cell.,2989,train_mean,0.5509778261184692,0.0789153724908828,conch,human,skin,HSDX009,2,1.0,90
enterocyte.,380,image,0.8446176648139954,0.0944773405790329,conch,human,skin,HSDX009,2,1.0,90
enterocyte.,380,train_mean,0.3250889778137207,0.1402965933084488,conch,human,skin,HSDX009,2,1.0,90
epithelial cell of lower respiratory tract.,40,image,0.8999860286712646,0.075051836669445,conch,human,skin,HSDX009,2,1.0,90
epithelial cell of lower respiratory tract.,40,train_mean,0.4342618584632873,0.130163699388504,conch,human,skin,HSDX009,2,1.0,90
epithelial cell of proximal tubule.,43,image,0.9316661953926086,0.0766339376568794,conch,human,skin,HSDX009,2,1.0,90
epithelial cell of proximal tubule.,43,train_mean,0.4891899824142456,0.1291098296642303,conch,human,skin,HSDX009,2,1.0,90
epithelial cell.,86,image,0.8233304619789124,0.128966599702835,conch,human,skin,HSDX009,2,1.0,90
epithelial cell.,86,train_mean,0.4331242144107818,0.1699290126562118,conch,human,skin,HSDX009,2,1.0,90
fibroblast of cardiac tissue.,357,image,0.7688228487968445,0.0679267421364784,conch,human,skin,HSDX009,2,1.0,90
fibroblast of cardiac tissue.,357,train_mean,0.2849707007408142,0.1029406264424324,conch,human,skin,HSDX009,2,1.0,90
fibroblast.,1846,image,0.8671854734420776,0.0807302668690681,conch,human,skin,HSDX009,2,1.0,90
fibroblast.,1846,train_mean,0.4440690577030182,0.1015757843852043,conch,human,skin,HSDX009,2,1.0,90
glutamatergic neuron.,47,image,0.3986433744430542,0.0245242286473512,conch,human,skin,HSDX009,2,1.0,90
glutamatergic neuron.,47,train_mean,0.3576575517654419,0.0917871668934822,conch,human,skin,HSDX009,2,1.0,90
goblet cell.,68,image,0.8800293207168579,0.1000152304768562,conch,human,skin,HSDX009,2,1.0,90
goblet cell.,68,train_mean,0.4673104286193847,0.1446421891450882,conch,human,skin,HSDX009,2,1.0,90
immature innate lymphoid cell.,24,image,0.5169112682342529,0.0818406268954277,conch,human,skin,HSDX009,2,1.0,90
immature innate lymphoid cell.,24,train_mean,0.3896889090538025,0.0937922075390815,conch,human,skin,HSDX009,2,1.0,90
intestinal epithelial cell.,75,image,0.7891403436660767,0.0645444169640541,conch,human,skin,HSDX009,2,1.0,90
intestinal epithelial cell.,75,train_mean,0.3764332234859466,0.1083520725369453,conch,human,skin,HSDX009,2,1.0,90
kidney collecting duct principal cell.,89,image,0.7607723474502563,0.0607064105570316,conch,human,skin,HSDX009,2,1.0,90
kidney collecting duct principal cell.,89,train_mean,0.4350175559520721,0.0958485379815101,conch,human,skin,HSDX009,2,1.0,90
kidney loop of Henle thick ascending limb epithelial cell.,60,image,0.4437223672866821,0.033242791891098,conch,human,skin,HSDX009,2,1.0,90
kidney loop of Henle thick ascending limb epithelial cell.,60,train_mean,0.4238218665122986,0.0877548828721046,conch,human,skin,HSDX009,2,1.0,90
kidney proximal convoluted tubule epithelial cell.,55,image,0.6943880319595337,0.0252391193062067,conch,human,skin,HSDX009,2,1.0,90
kidney proximal convoluted tubule epithelial cell.,55,train_mean,0.4301066994667053,0.0893354192376136,conch,human,skin,HSDX009,2,1.0,90
macrophage.,719,image,0.3858267366886139,0.0630624070763588,conch,human,skin,HSDX009,2,1.0,90
macrophage.,719,train_mean,0.354141891002655,0.0844107717275619,conch,human,skin,HSDX009,2,1.0,90
malignant cell.,117,image,0.9006006717681885,0.0588662140071392,conch,human,skin,HSDX009,2,1.0,90
malignant cell.,117,train_mean,0.5189099311828613,0.104864478111267,conch,human,skin,HSDX009,2,1.0,90
myeloid cell.,108,image,0.3959041535854339,0.0661951750516891,conch,human,skin,HSDX009,2,1.0,90
myeloid cell.,108,train_mean,0.3754634261131286,0.0827705040574073,conch,human,skin,HSDX009,2,1.0,90
native cell.,26,image,0.4168269336223602,0.0436408594250679,conch,human,skin,HSDX009,2,1.0,90
native cell.,26,train_mean,0.3683190047740936,0.088832713663578,conch,human,skin,HSDX009,2,1.0,90
natural killer cell.,27,image,0.1749734729528427,0.0534038543701171,conch,human,skin,HSDX009,2,1.0,90
natural killer cell.,27,train_mean,0.1387088298797607,0.0896246433258056,conch,human,skin,HSDX009,2,1.0,90
neuron.,36,image,0.2281641364097595,0.040744598954916,conch,human,skin,HSDX009,2,1.0,90
neuron.,36,train_mean,0.230259358882904,0.0945275649428367,conch,human,skin,HSDX009,2,1.0,90
smooth muscle cell.,522,image,0.869895339012146,0.0402337685227394,conch,human,skin,HSDX009,2,1.0,90
smooth muscle cell.,522,train_mean,0.4907865524291992,0.07900071144104,conch,human,skin,HSDX009,2,1.0,90
stromal cell of ovary.,107,image,0.4842370152473449,0.030427211895585,conch,human,skin,HSDX009,2,1.0,90
stromal cell of ovary.,107,train_mean,0.27397221326828,0.0890478566288948,conch,human,skin,HSDX009,2,1.0,90
stromal cell.,659,image,0.8952333927154541,0.0379707254469394,conch,human,skin,HSDX009,2,1.0,90
stromal cell.,659,train_mean,0.5556285977363586,0.07469392567873,conch,human,skin,HSDX009,2,1.0,90
unknown,12000,image,0.9256018996238708,0.0380641296505928,conch,human,skin,HSDX009_2,0,1.0,90
unknown,12000,train_mean,0.6281773447990417,0.0725802779197692,conch,human,skin,HSDX009_2,0,1.0,90
unknown,12000,image,0.9295447468757628,0.0381582081317901,conch,human,skin,HSDX009_2,1,1.0,90
unknown,12000,train_mean,0.6281773447990417,0.0725802779197692,conch,human,skin,HSDX009_2,1,1.0,90
unknown,12000,image,0.9254956245422364,0.0384999066591262,conch,human,skin,HSDX009_2,2,1.0,90
unknown,12000,train_mean,0.6281773447990417,0.0725802779197692,conch,human,skin,HSDX009_2,2,1.0,90
B cell.,24,image,0.1050151288509368,0.1654756367206573,conch,human,skin,HSPD012,0,1.0,87
B cell.,24,train_mean,-0.0120187420397996,0.1742883026599884,conch,human,skin,HSPD012,0,1.0,87
"CD8-positive, alpha-beta T cell.",112,image,0.2794499397277832,0.1338472515344619,conch,human,skin,HSPD012,0,1.0,87
"CD8-positive, alpha-beta T cell.",112,train_mean,0.0081585980951786,0.1502919644117355,conch,human,skin,HSPD012,0,1.0,87
T cell.,1486,image,0.2862828075885772,0.1676235347986221,conch,human,skin,HSPD012,0,1.0,87
T cell.,1486,train_mean,0.0400407277047634,0.1855966001749038,conch,human,skin,HSPD012,0,1.0,87
basal cell of epidermis.,239,image,0.7360880374908447,0.2636135220527649,conch,human,skin,HSPD012,0,1.0,87
basal cell of epidermis.,239,train_mean,0.6986440420150757,0.2886134088039398,conch,human,skin,HSPD012,0,1.0,87
basal cell.,64,image,0.7536017894744873,0.2315627932548523,conch,human,skin,HSPD012,0,1.0,87
basal cell.,64,train_mean,0.8139244318008423,0.2503560483455658,conch,human,skin,HSPD012,0,1.0,87
classical monocyte.,92,image,0.216388925909996,0.136752113699913,conch,human,skin,HSPD012,0,1.0,87
classical monocyte.,92,train_mean,-0.0037928787060081,0.1511126309633255,conch,human,skin,HSPD012,0,1.0,87
cultured cell.,52,image,0.7770819067955017,0.2210958153009414,conch,human,skin,HSPD012,0,1.0,87
cultured cell.,52,train_mean,0.6464555859565735,0.2588857114315033,conch,human,skin,HSPD012,0,1.0,87
dendritic cell.,53,image,0.2064579576253891,0.1558399498462677,conch,human,skin,HSPD012,0,1.0,87
dendritic cell.,53,train_mean,0.0316740497946739,0.1701329052448272,conch,human,skin,HSPD012,0,1.0,87
endothelial cell of vascular tree.,49,image,0.711919367313385,0.1316718161106109,conch,human,skin,HSPD012,0,1.0,87
endothelial cell of vascular tree.,49,train_mean,0.6249434351921082,0.1437762826681137,conch,human,skin,HSPD012,0,1.0,87
endothelial cell.,1051,image,0.6474511027336121,0.143993854522705,conch,human,skin,HSPD012,0,1.0,87
endothelial cell.,1051,train_mean,0.5060316324234009,0.1600343436002731,conch,human,skin,HSPD012,0,1.0,87
epithelial cell of esophagus.,283,image,0.8463907837867737,0.061138167977333,conch,human,skin,HSPD012,0,1.0,87
epithelial cell of esophagus.,283,train_mean,0.5096076726913452,0.093254804611206,conch,human,skin,HSPD012,0,1.0,87
epithelial cell of proximal tubule.,33,image,0.7455509901046753,0.1301513910293579,conch,human,skin,HSPD012,0,1.0,87
epithelial cell of proximal tubule.,33,train_mean,0.2674174010753631,0.1640030741691589,conch,human,skin,HSPD012,0,1.0,87
epithelial cell.,69,image,0.7788300514221191,0.1337893605232238,conch,human,skin,HSPD012,0,1.0,87
epithelial cell.,69,train_mean,0.7834240794181824,0.1521755903959274,conch,human,skin,HSPD012,0,1.0,87
fibroblast of cardiac tissue.,157,image,0.7958420515060425,0.1468568295240402,conch,human,skin,HSPD012,0,1.0,87
fibroblast of cardiac tissue.,157,train_mean,0.5816805958747864,0.1660058051347732,conch,human,skin,HSPD012,0,1.0,87
fibroblast.,1862,image,0.7470889091491699,0.1373388469219207,conch,human,skin,HSPD012,0,1.0,87
fibroblast.,1862,train_mean,0.6321830153465271,0.1534193754196167,conch,human,skin,HSPD012,0,1.0,87
immature innate lymphoid cell.,26,image,0.5327588319778442,0.1689271479845047,conch,human,skin,HSPD012,0,1.0,87
immature innate lymphoid cell.,26,train_mean,0.362434834241867,0.1869386881589889,conch,human,skin,HSPD012,0,1.0,87
keratinocyte.,171,image,0.8576250672340393,0.0822017565369606,conch,human,skin,HSPD012,0,1.0,87
keratinocyte.,171,train_mean,0.6392829418182373,0.1044283285737037,conch,human,skin,HSPD012,0,1.0,87
macrophage.,2784,image,0.5935357809066772,0.1505021303892135,conch,human,skin,HSPD012,0,1.0,87
macrophage.,2784,train_mean,0.4680110216140747,0.1705531477928161,conch,human,skin,HSPD012,0,1.0,87
malignant cell.,1416,image,0.6885379552841187,0.2507869005203247,conch,human,skin,HSPD012,0,1.0,87
malignant cell.,1416,train_mean,0.6215333342552185,0.2884954512119293,conch,human,skin,HSPD012,0,1.0,87
melanocyte.,972,image,0.6412465572357178,0.29677414894104,conch,human,skin,HSPD012,0,1.0,87
melanocyte.,972,train_mean,0.6012484431266785,0.335483968257904,conch,human,skin,HSPD012,0,1.0,87
monocyte.,230,image,0.2939495146274566,0.2106506526470184,conch,human,skin,HSPD012,0,1.0,87
monocyte.,230,train_mean,0.0914468243718147,0.2285334169864654,conch,human,skin,HSPD012,0,1.0,87
natural killer cell.,102,image,0.1242365688085556,0.1682290732860565,conch,human,skin,HSPD012,0,1.0,87
natural killer cell.,102,train_mean,-0.0625655353069305,0.1811670362949371,conch,human,skin,HSPD012,0,1.0,87
oligodendrocyte.,412,image,0.6254242062568665,0.2573859691619873,conch,human,skin,HSPD012,0,1.0,87
oligodendrocyte.,412,train_mean,0.5614548921585083,0.2925345599651336,conch,human,skin,HSPD012,0,1.0,87
smooth muscle cell.,82,image,0.7395172715187073,0.0770267322659492,conch,human,skin,HSPD012,0,1.0,87
smooth muscle cell.,82,train_mean,0.825516402721405,0.0742927193641662,conch,human,skin,HSPD012,0,1.0,87
stratified epithelial cell.,42,image,0.4198609888553619,0.1900108903646469,conch,human,skin,HSPD012,0,1.0,87
stratified epithelial cell.,42,train_mean,0.3538283109664917,0.2010978758335113,conch,human,skin,HSPD012,0,1.0,87
B cell.,24,image,0.0982181429862976,0.1661811769008636,conch,human,skin,HSPD012,1,1.0,87
B cell.,24,train_mean,-0.0120187420397996,0.1742883026599884,conch,human,skin,HSPD012,1,1.0,87
"CD8-positive, alpha-beta T cell.",112,image,0.2675970196723938,0.1346812546253204,conch,human,skin,HSPD012,1,1.0,87
"CD8-positive, alpha-beta T cell.",112,train_mean,0.0081585980951786,0.1502919644117355,conch,human,skin,HSPD012,1,1.0,87
T cell.,1486,image,0.2709731757640838,0.1682090908288955,conch,human,skin,HSPD012,1,1.0,87
T cell.,1486,train_mean,0.0400407277047634,0.1855966001749038,conch,human,skin,HSPD012,1,1.0,87
basal cell of epidermis.,239,image,0.743328332901001,0.2608579993247986,conch,human,skin,HSPD012,1,1.0,87
basal cell of epidermis.,239,train_mean,0.6986440420150757,0.2886134088039398,conch,human,skin,HSPD012,1,1.0,87
basal cell.,64,image,0.7685885429382324,0.2284564524888992,conch,human,skin,HSPD012,1,1.0,87
basal cell.,64,train_mean,0.8139244318008423,0.2503560483455658,conch,human,skin,HSPD012,1,1.0,87
classical monocyte.,92,image,0.201748326420784,0.137731060385704,conch,human,skin,HSPD012,1,1.0,87
classical monocyte.,92,train_mean,-0.0037928787060081,0.1511126309633255,conch,human,skin,HSPD012,1,1.0,87
cultured cell.,52,image,0.7830494046211243,0.218560591340065,conch,human,skin,HSPD012,1,1.0,87
cultured cell.,52,train_mean,0.6464555859565735,0.2588857114315033,conch,human,skin,HSPD012,1,1.0,87
dendritic cell.,53,image,0.1954314559698104,0.1563409119844436,conch,human,skin,HSPD012,1,1.0,87
dendritic cell.,53,train_mean,0.0316740497946739,0.1701329052448272,conch,human,skin,HSPD012,1,1.0,87
endothelial cell of vascular tree.,49,image,0.7051701545715332,0.1316123008728027,conch,human,skin,HSPD012,1,1.0,87
endothelial cell of vascular tree.,49,train_mean,0.6249434351921082,0.1437762826681137,conch,human,skin,HSPD012,1,1.0,87
endothelial cell.,1051,image,0.6452865600585938,0.1435233056545257,conch,human,skin,HSPD012,1,1.0,87
endothelial cell.,1051,train_mean,0.5060316324234009,0.1600343436002731,conch,human,skin,HSPD012,1,1.0,87
epithelial cell of esophagus.,283,image,0.8324857354164124,0.0618955940008163,conch,human,skin,HSPD012,1,1.0,87
epithelial cell of esophagus.,283,train_mean,0.5096076726913452,0.093254804611206,conch,human,skin,HSPD012,1,1.0,87
epithelial cell of proximal tubule.,33,image,0.7272587418556213,0.1305676251649856,conch,human,skin,HSPD012,1,1.0,87
epithelial cell of proximal tubule.,33,train_mean,0.2674174010753631,0.1640030741691589,conch,human,skin,HSPD012,1,1.0,87
epithelial cell.,69,image,0.7854650616645813,0.1317255049943924,conch,human,skin,HSPD012,1,1.0,87
epithelial cell.,69,train_mean,0.7834240794181824,0.1521755903959274,conch,human,skin,HSPD012,1,1.0,87
fibroblast of cardiac tissue.,157,image,0.7871060371398926,0.1475536525249481,conch,human,skin,HSPD012,1,1.0,87
fibroblast of cardiac tissue.,157,train_mean,0.5816805958747864,0.1660058051347732,conch,human,skin,HSPD012,1,1.0,87
fibroblast.,1862,image,0.7389512658119202,0.1376227140426635,conch,human,skin,HSPD012,1,1.0,87
fibroblast.,1862,train_mean,0.6321830153465271,0.1534193754196167,conch,human,skin,HSPD012,1,1.0,87
immature innate lymphoid cell.,26,image,0.5207410454750061,0.1696045249700546,conch,human,skin,HSPD012,1,1.0,87
immature innate lymphoid cell.,26,train_mean,0.362434834241867,0.1869386881589889,conch,human,skin,HSPD012,1,1.0,87
keratinocyte.,171,image,0.8575630784034729,0.0809474885463714,conch,human,skin,HSPD012,1,1.0,87
keratinocyte.,171,train_mean,0.6392829418182373,0.1044283285737037,conch,human,skin,HSPD012,1,1.0,87
macrophage.,2784,image,0.5909509062767029,0.149783506989479,conch,human,skin,HSPD012,1,1.0,87
macrophage.,2784,train_mean,0.4680110216140747,0.1705531477928161,conch,human,skin,HSPD012,1,1.0,87
malignant cell.,1416,image,0.7048489451408386,0.2462367266416549,conch,human,skin,HSPD012,1,1.0,87
malignant cell.,1416,train_mean,0.6215333342552185,0.2884954512119293,conch,human,skin,HSPD012,1,1.0,87
melanocyte.,972,image,0.6591760516166687,0.2917881906032562,conch,human,skin,HSPD012,1,1.0,87
melanocyte.,972,train_mean,0.6012484431266785,0.335483968257904,conch,human,skin,HSPD012,1,1.0,87
monocyte.,230,image,0.2816987037658691,0.2109088003635406,conch,human,skin,HSPD012,1,1.0,87
monocyte.,230,train_mean,0.0914468243718147,0.2285334169864654,conch,human,skin,HSPD012,1,1.0,87
natural killer cell.,102,image,0.1154694259166717,0.1687766313552856,conch,human,skin,HSPD012,1,1.0,87
natural killer cell.,102,train_mean,-0.0625655353069305,0.1811670362949371,conch,human,skin,HSPD012,1,1.0,87
oligodendrocyte.,412,image,0.6438805460929871,0.2528378367424011,conch,human,skin,HSPD012,1,1.0,87
oligodendrocyte.,412,train_mean,0.5614548921585083,0.2925345599651336,conch,human,skin,HSPD012,1,1.0,87
smooth muscle cell.,82,image,0.724830687046051,0.0781643837690353,conch,human,skin,HSPD012,1,1.0,87
smooth muscle cell.,82,train_mean,0.825516402721405,0.0742927193641662,conch,human,skin,HSPD012,1,1.0,87
stratified epithelial cell.,42,image,0.4237679839134216,0.1894018352031707,conch,human,skin,HSPD012,1,1.0,87
stratified epithelial cell.,42,train_mean,0.3538283109664917,0.2010978758335113,conch,human,skin,HSPD012,1,1.0,87
B cell.,24,image,0.0891949832439422,0.1671843379735946,conch,human,skin,HSPD012,2,1.0,87
B cell.,24,train_mean,-0.0120187420397996,0.1742883026599884,conch,human,skin,HSPD012,2,1.0,87
"CD8-positive, alpha-beta T cell.",112,image,0.2338109761476516,0.1368844658136367,conch,human,skin,HSPD012,2,1.0,87
"CD8-positive, alpha-beta T cell.",112,train_mean,0.0081585980951786,0.1502919644117355,conch,human,skin,HSPD012,2,1.0,87
T cell.,1486,image,0.2489395290613174,0.1694181710481643,conch,human,skin,HSPD012,2,1.0,87
T cell.,1486,train_mean,0.0400407277047634,0.1855966001749038,conch,human,skin,HSPD012,2,1.0,87
basal cell of epidermis.,239,image,0.7465524077415466,0.2607239484786987,conch,human,skin,HSPD012,2,1.0,87
basal cell of epidermis.,239,train_mean,0.6986440420150757,0.2886134088039398,conch,human,skin,HSPD012,2,1.0,87
basal cell.,64,image,0.7713289260864258,0.2285822033882141,conch,human,skin,HSPD012,2,1.0,87
basal cell.,64,train_mean,0.8139244318008423,0.2503560483455658,conch,human,skin,HSPD012,2,1.0,87
classical monocyte.,92,image,0.1728760153055191,0.1399920582771301,conch,human,skin,HSPD012,2,1.0,87
classical monocyte.,92,train_mean,-0.0037928787060081,0.1511126309633255,conch,human,skin,HSPD012,2,1.0,87
cultured cell.,52,image,0.7881253957748413,0.2169971168041229,conch,human,skin,HSPD012,2,1.0,87
cultured cell.,52,train_mean,0.6464555859565735,0.2588857114315033,conch,human,skin,HSPD012,2,1.0,87
dendritic cell.,53,image,0.1695117950439453,0.1579969674348831,conch,human,skin,HSPD012,2,1.0,87
dendritic cell.,53,train_mean,0.0316740497946739,0.1701329052448272,conch,human,skin,HSPD012,2,1.0,87
endothelial cell of vascular tree.,49,image,0.7044228911399841,0.1322470009326934,conch,human,skin,HSPD012,2,1.0,87
endothelial cell of vascular tree.,49,train_mean,0.6249434351921082,0.1437762826681137,conch,human,skin,HSPD012,2,1.0,87
endothelial cell.,1051,image,0.630265474319458,0.1446180939674377,conch,human,skin,HSPD012,2,1.0,87
endothelial cell.,1051,train_mean,0.5060316324234009,0.1600343436002731,conch,human,skin,HSPD012,2,1.0,87
epithelial cell of esophagus.,283,image,0.8352643847465515,0.0615684241056442,conch,human,skin,HSPD012,2,1.0,87
epithelial cell of esophagus.,283,train_mean,0.5096076726913452,0.093254804611206,conch,human,skin,HSPD012,2,1.0,87
epithelial cell of proximal tubule.,33,image,0.7218682765960693,0.131667286157608,conch,human,skin,HSPD012,2,1.0,87
epithelial cell of proximal tubule.,33,train_mean,0.2674174010753631,0.1640030741691589,conch,human,skin,HSPD012,2,1.0,87
epithelial cell.,69,image,0.790600597858429,0.1315019279718399,conch,human,skin,HSPD012,2,1.0,87
epithelial cell.,69,train_mean,0.7834240794181824,0.1521755903959274,conch,human,skin,HSPD012,2,1.0,87
fibroblast of cardiac tissue.,157,image,0.7866897583007812,0.1478169858455658,conch,human,skin,HSPD012,2,1.0,87
fibroblast of cardiac tissue.,157,train_mean,0.5816805958747864,0.1660058051347732,conch,human,skin,HSPD012,2,1.0,87
fibroblast.,1862,image,0.7318816184997559,0.1378761380910873,conch,human,skin,HSPD012,2,1.0,87
fibroblast.,1862,train_mean,0.6321830153465271,0.1534193754196167,conch,human,skin,HSPD012,2,1.0,87
immature innate lymphoid cell.,26,image,0.4932253956794739,0.171098381280899,conch,human,skin,HSPD012,2,1.0,87
immature innate lymphoid cell.,26,train_mean,0.362434834241867,0.1869386881589889,conch,human,skin,HSPD012,2,1.0,87
keratinocyte.,171,image,0.8659019470214844,0.0799153894186019,conch,human,skin,HSPD012,2,1.0,87
keratinocyte.,171,train_mean,0.6392829418182373,0.1044283285737037,conch,human,skin,HSPD012,2,1.0,87
macrophage.,2784,image,0.5828326940536499,0.1503417491912841,conch,human,skin,HSPD012,2,1.0,87
macrophage.,2784,train_mean,0.4680110216140747,0.1705531477928161,conch,human,skin,HSPD012,2,1.0,87
malignant cell.,1416,image,0.7160441875457764,0.2457710206508636,conch,human,skin,HSPD012,2,1.0,87
malignant cell.,1416,train_mean,0.6215333342552185,0.2884954512119293,conch,human,skin,HSPD012,2,1.0,87
melanocyte.,972,image,0.6710623502731323,0.2912818193435669,conch,human,skin,HSPD012,2,1.0,87
melanocyte.,972,train_mean,0.6012484431266785,0.335483968257904,conch,human,skin,HSPD012,2,1.0,87
monocyte.,230,image,0.2498397231101989,0.2128056287765503,conch,human,skin,HSPD012,2,1.0,87
monocyte.,230,train_mean,0.0914468243718147,0.2285334169864654,conch,human,skin,HSPD012,2,1.0,87
natural killer cell.,102,image,0.0978163853287696,0.1702225357294082,conch,human,skin,HSPD012,2,1.0,87
natural killer cell.,102,train_mean,-0.0625655353069305,0.1811670362949371,conch,human,skin,HSPD012,2,1.0,87
oligodendrocyte.,412,image,0.6556775569915771,0.2519711256027221,conch,human,skin,HSPD012,2,1.0,87
oligodendrocyte.,412,train_mean,0.5614548921585083,0.2925345599651336,conch,human,skin,HSPD012,2,1.0,87
smooth muscle cell.,82,image,0.7321035265922546,0.0775500833988189,conch,human,skin,HSPD012,2,1.0,87
smooth muscle cell.,82,train_mean,0.825516402721405,0.0742927193641662,conch,human,skin,HSPD012,2,1.0,87
stratified epithelial cell.,42,image,0.4203971922397613,0.189981609582901,conch,human,skin,HSPD012,2,1.0,87
stratified epithelial cell.,42,train_mean,0.3538283109664917,0.2010978758335113,conch,human,skin,HSPD012,2,1.0,87
B cell.,70,image,0.1519650220870971,0.0900102406740188,conch,human,skin,PDHS029,0,1.0,89
B cell.,70,train_mean,-0.0442772284150123,0.1146222129464149,conch,human,skin,PDHS029,0,1.0,89
"CD4-positive, alpha-beta T cell.",42,image,0.3186428546905517,0.0532927475869655,conch,human,skin,PDHS029,0,1.0,89
"CD4-positive, alpha-beta T cell.",42,train_mean,0.0509521439671516,0.088737852871418,conch,human,skin,PDHS029,0,1.0,89
"CD8-positive, alpha-beta T cell.",367,image,0.3174241781234741,0.0877390429377555,conch,human,skin,PDHS029,0,1.0,89
"CD8-positive, alpha-beta T cell.",367,train_mean,0.1269341111183166,0.1087596714496612,conch,human,skin,PDHS029,0,1.0,89
"CD8-positive, alpha-beta memory T cell.",68,image,0.3111801147460937,0.1019691005349159,conch,human,skin,PDHS029,0,1.0,89
"CD8-positive, alpha-beta memory T cell.",68,train_mean,0.1342276781797409,0.1191909909248352,conch,human,skin,PDHS029,0,1.0,89
GABAergic neuron.,85,image,0.098178893327713,0.0581725127995014,conch,human,skin,PDHS029,0,1.0,89
GABAergic neuron.,85,train_mean,0.155485525727272,0.0875914692878723,conch,human,skin,PDHS029,0,1.0,89
T cell.,340,image,0.3024998903274536,0.0875909999012947,conch,human,skin,PDHS029,0,1.0,89
T cell.,340,train_mean,0.127982035279274,0.1054864823818206,conch,human,skin,PDHS029,0,1.0,89
astrocyte.,54,image,-0.0005368092679418,0.0613354295492172,conch,human,skin,PDHS029,0,1.0,89
astrocyte.,54,train_mean,0.030050316825509,0.0878865122795105,conch,human,skin,PDHS029,0,1.0,89
cultured cell.,950,image,0.6105571985244751,0.1371033191680908,conch,human,skin,PDHS029,0,1.0,89
cultured cell.,950,train_mean,0.4897663295269012,0.1513756513595581,conch,human,skin,PDHS029,0,1.0,89
endothelial cell of lymphatic vessel.,78,image,0.6708531379699707,0.0610512569546699,conch,human,skin,PDHS029,0,1.0,89
endothelial cell of lymphatic vessel.,78,train_mean,0.5402998328208923,0.0731178820133209,conch,human,skin,PDHS029,0,1.0,89
endothelial cell of vascular tree.,1618,image,0.6093239188194275,0.135708674788475,conch,human,skin,PDHS029,0,1.0,89
endothelial cell of vascular tree.,1618,train_mean,0.5178923010826111,0.146890714764595,conch,human,skin,PDHS029,0,1.0,89
endothelial cell.,2110,image,0.6145105361938477,0.0722935423254966,conch,human,skin,PDHS029,0,1.0,89
endothelial cell.,2110,train_mean,0.6139563322067261,0.0735412091016769,conch,human,skin,PDHS029,0,1.0,89
enterocyte.,38,image,0.2873246073722839,0.10887311398983,conch,human,skin,PDHS029,0,1.0,89
enterocyte.,38,train_mean,0.098242200911045,0.0989733412861824,conch,human,skin,PDHS029,0,1.0,89
epithelial cell of lower respiratory tract.,891,image,0.6117516160011292,0.1176781058311462,conch,human,skin,PDHS029,0,1.0,89
epithelial cell of lower respiratory tract.,891,train_mean,0.5110876560211182,0.128227949142456,conch,human,skin,PDHS029,0,1.0,89
epithelial cell of proximal tubule.,112,image,0.6125526428222656,0.064097374677658,conch,human,skin,PDHS029,0,1.0,89
epithelial cell of proximal tubule.,112,train_mean,0.4708165228366852,0.0742618963122367,conch,human,skin,PDHS029,0,1.0,89
epithelial cell.,326,image,0.6103459000587463,0.1185804009437561,conch,human,skin,PDHS029,0,1.0,89
epithelial cell.,326,train_mean,0.5105302929878235,0.1289402395486831,conch,human,skin,PDHS029,0,1.0,89
erythroblast.,40,image,0.2904125154018402,0.0610388778150081,conch,human,skin,PDHS029,0,1.0,89
erythroblast.,40,train_mean,0.2068945467472076,0.0797758623957634,conch,human,skin,PDHS029,0,1.0,89
fibroblast.,743,image,0.2941259443759918,0.1972973793745041,conch,human,skin,PDHS029,0,1.0,89
fibroblast.,743,train_mean,0.2869705259799957,0.1964962780475616,conch,human,skin,PDHS029,0,1.0,89
glutamatergic neuron.,63,image,0.0511743947863578,0.0604345463216304,conch,human,skin,PDHS029,0,1.0,89
glutamatergic neuron.,63,train_mean,0.0485128611326217,0.087736889719963,conch,human,skin,PDHS029,0,1.0,89
innate lymphoid cell.,104,image,0.423804223537445,0.0504658296704292,conch,human,skin,PDHS029,0,1.0,89
innate lymphoid cell.,104,train_mean,0.1847020387649536,0.080094538629055,conch,human,skin,PDHS029,0,1.0,89
intestinal epithelial cell.,52,image,0.2660330533981323,0.1275404840707779,conch,human,skin,PDHS029,0,1.0,89
intestinal epithelial cell.,52,train_mean,0.0505870357155799,0.1264726519584655,conch,human,skin,PDHS029,0,1.0,89
macrophage.,1713,image,0.2875615060329437,0.1009059771895408,conch,human,skin,PDHS029,0,1.0,89
macrophage.,1713,train_mean,0.2223944664001464,0.1101196780800819,conch,human,skin,PDHS029,0,1.0,89
malignant cell.,332,image,0.5737517476081848,0.1688847839832306,conch,human,skin,PDHS029,0,1.0,89
malignant cell.,332,train_mean,0.4650960564613342,0.1821520626544952,conch,human,skin,PDHS029,0,1.0,89
mammary alveolar cell.,35,image,0.1765168905258178,0.1846693605184555,conch,human,skin,PDHS029,0,1.0,89
mammary alveolar cell.,35,train_mean,0.3172855675220489,0.1757235676050186,conch,human,skin,PDHS029,0,1.0,89
mast cell.,20,image,0.1803251802921295,0.0660227835178375,conch,human,skin,PDHS029,0,1.0,89
mast cell.,20,train_mean,0.0198041666299104,0.0887830778956413,conch,human,skin,PDHS029,0,1.0,89
microglial cell.,22,image,0.0621531456708908,0.0579369813203811,conch,human,skin,PDHS029,0,1.0,89
microglial cell.,22,train_mean,0.0671129524707794,0.0865029990673065,conch,human,skin,PDHS029,0,1.0,89
monocyte.,113,image,0.2781256139278412,0.0955445989966392,conch,human,skin,PDHS029,0,1.0,89
monocyte.,113,train_mean,0.2110157459974289,0.1063184887170791,conch,human,skin,PDHS029,0,1.0,89
myeloid cell.,50,image,0.2791989147663116,0.0521591491997242,conch,human,skin,PDHS029,0,1.0,89
myeloid cell.,50,train_mean,0.2126578241586685,0.0768312290310859,conch,human,skin,PDHS029,0,1.0,89
native cell.,66,image,0.4234786331653595,0.0627331584692001,conch,human,skin,PDHS029,0,1.0,89
native cell.,66,train_mean,0.4891005158424377,0.0705843344330787,conch,human,skin,PDHS029,0,1.0,89
natural killer cell.,139,image,0.3762403726577759,0.053089328110218,conch,human,skin,PDHS029,0,1.0,89
natural killer cell.,139,train_mean,0.1518904715776443,0.0816330984234809,conch,human,skin,PDHS029,0,1.0,89
neutrophil.,268,image,0.515960693359375,0.0573362000286579,conch,human,skin,PDHS029,0,1.0,89
neutrophil.,268,train_mean,0.4341722726821899,0.0697344467043876,conch,human,skin,PDHS029,0,1.0,89
oligodendrocyte.,30,image,0.0163906384259462,0.0578663274645805,conch,human,skin,PDHS029,0,1.0,89
oligodendrocyte.,30,train_mean,0.0676145926117897,0.0869496390223503,conch,human,skin,PDHS029,0,1.0,89
plasma cell.,235,image,0.0413094460964202,0.123779758810997,conch,human,skin,PDHS029,0,1.0,89
plasma cell.,235,train_mean,-0.0621027611196041,0.1424637883901596,conch,human,skin,PDHS029,0,1.0,89
smooth muscle cell.,57,image,0.3139967024326324,0.1914625763893127,conch,human,skin,PDHS029,0,1.0,89
smooth muscle cell.,57,train_mean,0.4685249626636505,0.1786888539791107,conch,human,skin,PDHS029,0,1.0,89
stromal cell.,450,image,0.3917923867702484,0.0949592217803001,conch,human,skin,PDHS029,0,1.0,89
stromal cell.,450,train_mean,0.4447074234485626,0.0955441072583198,conch,human,skin,PDHS029,0,1.0,89
B cell.,70,image,0.1257802546024322,0.0915728583931922,conch,human,skin,PDHS029,1,1.0,89
B cell.,70,train_mean,-0.0442772284150123,0.1146222129464149,conch,human,skin,PDHS029,1,1.0,89
"CD4-positive, alpha-beta T cell.",42,image,0.2994860112667084,0.0559745766222476,conch,human,skin,PDHS029,1,1.0,89
"CD4-positive, alpha-beta T cell.",42,train_mean,0.0509521439671516,0.088737852871418,conch,human,skin,PDHS029,1,1.0,89
"CD8-positive, alpha-beta T cell.",367,image,0.3028272092342376,0.0892338752746582,conch,human,skin,PDHS029,1,1.0,89
"CD8-positive, alpha-beta T cell.",367,train_mean,0.1269341111183166,0.1087596714496612,conch,human,skin,PDHS029,1,1.0,89
"CD8-positive, alpha-beta memory T cell.",68,image,0.2912335693836212,0.1035559624433517,conch,human,skin,PDHS029,1,1.0,89
"CD8-positive, alpha-beta memory T cell.",68,train_mean,0.1342276781797409,0.1191909909248352,conch,human,skin,PDHS029,1,1.0,89
GABAergic neuron.,85,image,0.1027838587760925,0.0576091334223747,conch,human,skin,PDHS029,1,1.0,89
GABAergic neuron.,85,train_mean,0.155485525727272,0.0875914692878723,conch,human,skin,PDHS029,1,1.0,89
T cell.,340,image,0.2786576747894287,0.0897755026817321,conch,human,skin,PDHS029,1,1.0,89
T cell.,340,train_mean,0.127982035279274,0.1054864823818206,conch,human,skin,PDHS029,1,1.0,89
astrocyte.,54,image,0.0020258834119886,0.0612660609185695,conch,human,skin,PDHS029,1,1.0,89
astrocyte.,54,train_mean,0.030050316825509,0.0878865122795105,conch,human,skin,PDHS029,1,1.0,89
cultured cell.,950,image,0.6022742986679077,0.1379305869340896,conch,human,skin,PDHS029,1,1.0,89
cultured cell.,950,train_mean,0.4897663295269012,0.1513756513595581,conch,human,skin,PDHS029,1,1.0,89
endothelial cell of lymphatic vessel.,78,image,0.6713098883628845,0.0631871595978736,conch,human,skin,PDHS029,1,1.0,89
endothelial cell of lymphatic vessel.,78,train_mean,0.5402998328208923,0.0731178820133209,conch,human,skin,PDHS029,1,1.0,89
endothelial cell of vascular tree.,1618,image,0.6032219529151917,0.1360486298799514,conch,human,skin,PDHS029,1,1.0,89
endothelial cell of vascular tree.,1618,train_mean,0.5178923010826111,0.146890714764595,conch,human,skin,PDHS029,1,1.0,89
endothelial cell.,2110,image,0.6134732961654663,0.0729480758309364,conch,human,skin,PDHS029,1,1.0,89
endothelial cell.,2110,train_mean,0.6139563322067261,0.0735412091016769,conch,human,skin,PDHS029,1,1.0,89
enterocyte.,38,image,0.2962103188037872,0.1125891804695129,conch,human,skin,PDHS029,1,1.0,89
enterocyte.,38,train_mean,0.098242200911045,0.0989733412861824,conch,human,skin,PDHS029,1,1.0,89
epithelial cell of lower respiratory tract.,891,image,0.6060779690742493,0.1186558604240417,conch,human,skin,PDHS029,1,1.0,89
epithelial cell of lower respiratory tract.,891,train_mean,0.5110876560211182,0.128227949142456,conch,human,skin,PDHS029,1,1.0,89
epithelial cell of proximal tubule.,112,image,0.610935628414154,0.0673412382602691,conch,human,skin,PDHS029,1,1.0,89
epithelial cell of proximal tubule.,112,train_mean,0.4708165228366852,0.0742618963122367,conch,human,skin,PDHS029,1,1.0,89
epithelial cell.,326,image,0.604059636592865,0.119408831000328,conch,human,skin,PDHS029,1,1.0,89
epithelial cell.,326,train_mean,0.5105302929878235,0.1289402395486831,conch,human,skin,PDHS029,1,1.0,89
erythroblast.,40,image,0.2695733308792114,0.0641821846365928,conch,human,skin,PDHS029,1,1.0,89
erythroblast.,40,train_mean,0.2068945467472076,0.0797758623957634,conch,human,skin,PDHS029,1,1.0,89
fibroblast.,743,image,0.3147279918193817,0.1957660168409347,conch,human,skin,PDHS029,1,1.0,89
fibroblast.,743,train_mean,0.2869705259799957,0.1964962780475616,conch,human,skin,PDHS029,1,1.0,89
glutamatergic neuron.,63,image,0.0461749844253063,0.0600051283836364,conch,human,skin,PDHS029,1,1.0,89
glutamatergic neuron.,63,train_mean,0.0485128611326217,0.087736889719963,conch,human,skin,PDHS029,1,1.0,89
innate lymphoid cell.,104,image,0.4102115929126739,0.0529160313308239,conch,human,skin,PDHS029,1,1.0,89
innate lymphoid cell.,104,train_mean,0.1847020387649536,0.080094538629055,conch,human,skin,PDHS029,1,1.0,89
intestinal epithelial cell.,52,image,0.2774156033992767,0.1295479387044906,conch,human,skin,PDHS029,1,1.0,89
intestinal epithelial cell.,52,train_mean,0.0505870357155799,0.1264726519584655,conch,human,skin,PDHS029,1,1.0,89
macrophage.,1713,image,0.2765665352344513,0.1024854108691215,conch,human,skin,PDHS029,1,1.0,89
macrophage.,1713,train_mean,0.2223944664001464,0.1101196780800819,conch,human,skin,PDHS029,1,1.0,89
malignant cell.,332,image,0.5629057884216309,0.169487327337265,conch,human,skin,PDHS029,1,1.0,89
malignant cell.,332,train_mean,0.4650960564613342,0.1821520626544952,conch,human,skin,PDHS029,1,1.0,89
mammary alveolar cell.,35,image,0.2086035162210464,0.1828217208385467,conch,human,skin,PDHS029,1,1.0,89
mammary alveolar cell.,35,train_mean,0.3172855675220489,0.1757235676050186,conch,human,skin,PDHS029,1,1.0,89
mast cell.,20,image,0.1640007495880127,0.0681939795613288,conch,human,skin,PDHS029,1,1.0,89
mast cell.,20,train_mean,0.0198041666299104,0.0887830778956413,conch,human,skin,PDHS029,1,1.0,89
microglial cell.,22,image,0.0553018525242805,0.0591674707829952,conch,human,skin,PDHS029,1,1.0,89
microglial cell.,22,train_mean,0.0671129524707794,0.0865029990673065,conch,human,skin,PDHS029,1,1.0,89
monocyte.,113,image,0.2584559917449951,0.0974679514765739,conch,human,skin,PDHS029,1,1.0,89
monocyte.,113,train_mean,0.2110157459974289,0.1063184887170791,conch,human,skin,PDHS029,1,1.0,89
myeloid cell.,50,image,0.2655861973762512,0.055827859789133,conch,human,skin,PDHS029,1,1.0,89
myeloid cell.,50,train_mean,0.2126578241586685,0.0768312290310859,conch,human,skin,PDHS029,1,1.0,89
native cell.,66,image,0.4293835163116455,0.0647369176149368,conch,human,skin,PDHS029,1,1.0,89
native cell.,66,train_mean,0.4891005158424377,0.0705843344330787,conch,human,skin,PDHS029,1,1.0,89
natural killer cell.,139,image,0.3548823297023773,0.0560247786343097,conch,human,skin,PDHS029,1,1.0,89
natural killer cell.,139,train_mean,0.1518904715776443,0.0816330984234809,conch,human,skin,PDHS029,1,1.0,89
neutrophil.,268,image,0.4872769117355346,0.0610319301486015,conch,human,skin,PDHS029,1,1.0,89
neutrophil.,268,train_mean,0.4341722726821899,0.0697344467043876,conch,human,skin,PDHS029,1,1.0,89
oligodendrocyte.,30,image,0.0164262000471353,0.0562467388808727,conch,human,skin,PDHS029,1,1.0,89
oligodendrocyte.,30,train_mean,0.0676145926117897,0.0869496390223503,conch,human,skin,PDHS029,1,1.0,89
plasma cell.,235,image,0.0187465213239192,0.1248464956879615,conch,human,skin,PDHS029,1,1.0,89
plasma cell.,235,train_mean,-0.0621027611196041,0.1424637883901596,conch,human,skin,PDHS029,1,1.0,89
smooth muscle cell.,57,image,0.3471392393112182,0.1890628635883331,conch,human,skin,PDHS029,1,1.0,89
smooth muscle cell.,57,train_mean,0.4685249626636505,0.1786888539791107,conch,human,skin,PDHS029,1,1.0,89
stromal cell.,450,image,0.4142727553844452,0.0939557626843452,conch,human,skin,PDHS029,1,1.0,89
stromal cell.,450,train_mean,0.4447074234485626,0.0955441072583198,conch,human,skin,PDHS029,1,1.0,89
B cell.,70,image,0.1123997345566749,0.0921716764569282,conch,human,skin,PDHS029,2,1.0,89
B cell.,70,train_mean,-0.0442772284150123,0.1146222129464149,conch,human,skin,PDHS029,2,1.0,89
"CD4-positive, alpha-beta T cell.",42,image,0.2804323434829712,0.0560497865080833,conch,human,skin,PDHS029,2,1.0,89
"CD4-positive, alpha-beta T cell.",42,train_mean,0.0509521439671516,0.088737852871418,conch,human,skin,PDHS029,2,1.0,89
"CD8-positive, alpha-beta T cell.",367,image,0.2680847644805908,0.0910333544015884,conch,human,skin,PDHS029,2,1.0,89
"CD8-positive, alpha-beta T cell.",367,train_mean,0.1269341111183166,0.1087596714496612,conch,human,skin,PDHS029,2,1.0,89
"CD8-positive, alpha-beta memory T cell.",68,image,0.2480012625455856,0.1059198379516601,conch,human,skin,PDHS029,2,1.0,89
"CD8-positive, alpha-beta memory T cell.",68,train_mean,0.1342276781797409,0.1191909909248352,conch,human,skin,PDHS029,2,1.0,89
GABAergic neuron.,85,image,0.1025160178542137,0.0618562698364257,conch,human,skin,PDHS029,2,1.0,89
GABAergic neuron.,85,train_mean,0.155485525727272,0.0875914692878723,conch,human,skin,PDHS029,2,1.0,89
T cell.,340,image,0.2484515756368637,0.09125517308712,conch,human,skin,PDHS029,2,1.0,89
T cell.,340,train_mean,0.127982035279274,0.1054864823818206,conch,human,skin,PDHS029,2,1.0,89
astrocyte.,54,image,0.0084788324311375,0.0655962973833084,conch,human,skin,PDHS029,2,1.0,89
astrocyte.,54,train_mean,0.030050316825509,0.0878865122795105,conch,human,skin,PDHS029,2,1.0,89
cultured cell.,950,image,0.6043655872344971,0.1376427412033081,conch,human,skin,PDHS029,2,1.0,89
cultured cell.,950,train_mean,0.4897663295269012,0.1513756513595581,conch,human,skin,PDHS029,2,1.0,89
endothelial cell of lymphatic vessel.,78,image,0.670707106590271,0.0633054673671722,conch,human,skin,PDHS029,2,1.0,89
endothelial cell of lymphatic vessel.,78,train_mean,0.5402998328208923,0.0731178820133209,conch,human,skin,PDHS029,2,1.0,89
endothelial cell of vascular tree.,1618,image,0.6035047173500061,0.1359769850969314,conch,human,skin,PDHS029,2,1.0,89
endothelial cell of vascular tree.,1618,train_mean,0.5178923010826111,0.146890714764595,conch,human,skin,PDHS029,2,1.0,89
endothelial cell.,2110,image,0.614057183265686,0.0730728954076767,conch,human,skin,PDHS029,2,1.0,89
endothelial cell.,2110,train_mean,0.6139563322067261,0.0735412091016769,conch,human,skin,PDHS029,2,1.0,89
enterocyte.,38,image,0.2736550867557525,0.1152438893914222,conch,human,skin,PDHS029,2,1.0,89
enterocyte.,38,train_mean,0.098242200911045,0.0989733412861824,conch,human,skin,PDHS029,2,1.0,89
epithelial cell of lower respiratory tract.,891,image,0.6060801148414612,0.118699237704277,conch,human,skin,PDHS029,2,1.0,89
epithelial cell of lower respiratory tract.,891,train_mean,0.5110876560211182,0.128227949142456,conch,human,skin,PDHS029,2,1.0,89
epithelial cell of proximal tubule.,112,image,0.5997067093849182,0.0700818449258804,conch,human,skin,PDHS029,2,1.0,89
epithelial cell of proximal tubule.,112,train_mean,0.4708165228366852,0.0742618963122367,conch,human,skin,PDHS029,2,1.0,89
epithelial cell.,326,image,0.6046263575553894,0.1193801015615463,conch,human,skin,PDHS029,2,1.0,89
epithelial cell.,326,train_mean,0.5105302929878235,0.1289402395486831,conch,human,skin,PDHS029,2,1.0,89
erythroblast.,40,image,0.2701469659805298,0.064678244292736,conch,human,skin,PDHS029,2,1.0,89
erythroblast.,40,train_mean,0.2068945467472076,0.0797758623957634,conch,human,skin,PDHS029,2,1.0,89
fibroblast.,743,image,0.3187017738819122,0.1952902972698211,conch,human,skin,PDHS029,2,1.0,89
fibroblast.,743,train_mean,0.2869705259799957,0.1964962780475616,conch,human,skin,PDHS029,2,1.0,89
glutamatergic neuron.,63,image,0.0430205389857292,0.0639349371194839,conch,human,skin,PDHS029,2,1.0,89
glutamatergic neuron.,63,train_mean,0.0485128611326217,0.087736889719963,conch,human,skin,PDHS029,2,1.0,89
innate lymphoid cell.,104,image,0.3733673989772796,0.0543315820395946,conch,human,skin,PDHS029,2,1.0,89
innate lymphoid cell.,104,train_mean,0.1847020387649536,0.080094538629055,conch,human,skin,PDHS029,2,1.0,89
intestinal epithelial cell.,52,image,0.2476142197847366,0.1344636529684066,conch,human,skin,PDHS029,2,1.0,89
intestinal epithelial cell.,52,train_mean,0.0505870357155799,0.1264726519584655,conch,human,skin,PDHS029,2,1.0,89
macrophage.,1713,image,0.2566007971763611,0.1041389107704162,conch,human,skin,PDHS029,2,1.0,89
macrophage.,1713,train_mean,0.2223944664001464,0.1101196780800819,conch,human,skin,PDHS029,2,1.0,89
malignant cell.,332,image,0.5641975998878479,0.169277161359787,conch,human,skin,PDHS029,2,1.0,89
malignant cell.,332,train_mean,0.4650960564613342,0.1821520626544952,conch,human,skin,PDHS029,2,1.0,89
mammary alveolar cell.,35,image,0.1952015608549118,0.1838623136281967,conch,human,skin,PDHS029,2,1.0,89
mammary alveolar cell.,35,train_mean,0.3172855675220489,0.1757235676050186,conch,human,skin,PDHS029,2,1.0,89
mast cell.,20,image,0.1542123705148697,0.0715048387646675,conch,human,skin,PDHS029,2,1.0,89
mast cell.,20,train_mean,0.0198041666299104,0.0887830778956413,conch,human,skin,PDHS029,2,1.0,89
microglial cell.,22,image,0.0675305277109146,0.0629244670271873,conch,human,skin,PDHS029,2,1.0,89
microglial cell.,22,train_mean,0.0671129524707794,0.0865029990673065,conch,human,skin,PDHS029,2,1.0,89
monocyte.,113,image,0.2319607138633728,0.0993361920118331,conch,human,skin,PDHS029,2,1.0,89
monocyte.,113,train_mean,0.2110157459974289,0.1063184887170791,conch,human,skin,PDHS029,2,1.0,89
myeloid cell.,50,image,0.2569478452205658,0.0567765794694423,conch,human,skin,PDHS029,2,1.0,89
myeloid cell.,50,train_mean,0.2126578241586685,0.0768312290310859,conch,human,skin,PDHS029,2,1.0,89
native cell.,66,image,0.4251971840858459,0.0668303221464157,conch,human,skin,PDHS029,2,1.0,89
native cell.,66,train_mean,0.4891005158424377,0.0705843344330787,conch,human,skin,PDHS029,2,1.0,89
natural killer cell.,139,image,0.313543438911438,0.0570997036993503,conch,human,skin,PDHS029,2,1.0,89
natural killer cell.,139,train_mean,0.1518904715776443,0.0816330984234809,conch,human,skin,PDHS029,2,1.0,89
neutrophil.,268,image,0.4605807960033417,0.0622676610946655,conch,human,skin,PDHS029,2,1.0,89
neutrophil.,268,train_mean,0.4341722726821899,0.0697344467043876,conch,human,skin,PDHS029,2,1.0,89
oligodendrocyte.,30,image,0.0273415111005306,0.060807216912508,conch,human,skin,PDHS029,2,1.0,89
oligodendrocyte.,30,train_mean,0.0676145926117897,0.0869496390223503,conch,human,skin,PDHS029,2,1.0,89
plasma cell.,235,image,0.0183072797954082,0.1251775175333023,conch,human,skin,PDHS029,2,1.0,89
plasma cell.,235,train_mean,-0.0621027611196041,0.1424637883901596,conch,human,skin,PDHS029,2,1.0,89
smooth muscle cell.,57,image,0.3592817485332489,0.1883822232484817,conch,human,skin,PDHS029,2,1.0,89
smooth muscle cell.,57,train_mean,0.4685249626636505,0.1786888539791107,conch,human,skin,PDHS029,2,1.0,89
stromal cell.,450,image,0.4195583462715149,0.0939575880765914,conch,human,skin,PDHS029,2,1.0,89
stromal cell.,450,train_mean,0.4447074234485626,0.0955441072583198,conch,human,skin,PDHS029,2,1.0,89
GABAergic neuron.,374,image,0.7572943568229675,0.3694282174110412,conch,mouse,whole_pup,WMPP017,0,1.0,153
GABAergic neuron.,374,train_mean,0.0693929493427276,0.4377723038196563,conch,mouse,whole_pup,WMPP017,0,1.0,153
astrocyte.,90,image,0.7069619297981262,0.2310031354427337,conch,mouse,whole_pup,WMPP017,0,1.0,153
astrocyte.,90,train_mean,0.3152490854263305,0.2532323896884918,conch,mouse,whole_pup,WMPP017,0,1.0,153
basal cell of epidermis.,51,image,0.7971000075340271,0.2957075536251068,conch,mouse,whole_pup,WMPP017,0,1.0,153
basal cell of epidermis.,51,train_mean,0.4282801151275635,0.3225551843643188,conch,mouse,whole_pup,WMPP017,0,1.0,153
basal cell of prostate epithelium.,73,image,0.907234251499176,0.2876195609569549,conch,mouse,whole_pup,WMPP017,0,1.0,153
basal cell of prostate epithelium.,73,train_mean,0.4991964101791382,0.3252919018268585,conch,mouse,whole_pup,WMPP017,0,1.0,153
basal cell.,44,image,0.8496935367584229,0.2618352770805359,conch,mouse,whole_pup,WMPP017,0,1.0,153
basal cell.,44,train_mean,0.661004364490509,0.2723318338394165,conch,mouse,whole_pup,WMPP017,0,1.0,153
capillary endothelial cell.,129,image,0.3902245461940765,0.322435200214386,conch,mouse,whole_pup,WMPP017,0,1.0,153
capillary endothelial cell.,129,train_mean,0.677191436290741,0.2981885373592376,conch,mouse,whole_pup,WMPP017,0,1.0,153
cardiac endothelial cell.,78,image,0.9047363996505736,0.4148250818252563,conch,mouse,whole_pup,WMPP017,0,1.0,153
cardiac endothelial cell.,78,train_mean,0.6800168752670288,0.4776545166969299,conch,mouse,whole_pup,WMPP017,0,1.0,153
cardiac muscle cell.,382,image,0.9123801589012146,0.3440352380275726,conch,mouse,whole_pup,WMPP017,0,1.0,153
cardiac muscle cell.,382,train_mean,0.5712072253227234,0.4182042479515075,conch,mouse,whole_pup,WMPP017,0,1.0,153
cardiac muscle myoblast.,513,image,0.9146793484687804,0.4038208723068237,conch,mouse,whole_pup,WMPP017,0,1.0,153
cardiac muscle myoblast.,513,train_mean,0.6226165294647217,0.4732925593852997,conch,mouse,whole_pup,WMPP017,0,1.0,153
chondrocyte.,194,image,0.8902401328086853,0.1701408922672271,conch,mouse,whole_pup,WMPP017,0,1.0,153
chondrocyte.,194,train_mean,0.6897294521331787,0.1832856237888336,conch,mouse,whole_pup,WMPP017,0,1.0,153
ciliated cell.,42,image,0.8739771842956543,0.1729135811328888,conch,mouse,whole_pup,WMPP017,0,1.0,153
ciliated cell.,42,train_mean,0.3720153570175171,0.2156153619289398,conch,mouse,whole_pup,WMPP017,0,1.0,153
endothelial cell of lymphatic vessel.,23,image,0.8508411049842834,0.1724031865596771,conch,mouse,whole_pup,WMPP017,0,1.0,153
endothelial cell of lymphatic vessel.,23,train_mean,0.5369552373886108,0.1955025643110275,conch,mouse,whole_pup,WMPP017,0,1.0,153
endothelial cell of vascular tree.,230,image,0.8480397462844849,0.1659742593765258,conch,mouse,whole_pup,WMPP017,0,1.0,153
endothelial cell of vascular tree.,230,train_mean,0.8021500110626221,0.1628197729587555,conch,mouse,whole_pup,WMPP017,0,1.0,153
endothelial cell.,2892,image,0.7044323682785034,0.2282939851284027,conch,mouse,whole_pup,WMPP017,0,1.0,153
endothelial cell.,2892,train_mean,0.7702031135559082,0.2117497771978378,conch,mouse,whole_pup,WMPP017,0,1.0,153
enterocyte.,303,image,0.5006211400032043,0.3841716051101684,conch,mouse,whole_pup,WMPP017,0,1.0,153
enterocyte.,303,train_mean,0.1907404661178589,0.3987448513507843,conch,mouse,whole_pup,WMPP017,0,1.0,153
epithelial cell of alveolus of lung.,23,image,0.6419985890388489,0.3139141201972961,conch,mouse,whole_pup,WMPP017,0,1.0,153
epithelial cell of alveolus of lung.,23,train_mean,0.5271297693252563,0.3140546381473541,conch,mouse,whole_pup,WMPP017,0,1.0,153
epithelial cell of lung.,75,image,0.9001792073249817,0.260176807641983,conch,mouse,whole_pup,WMPP017,0,1.0,153
epithelial cell of lung.,75,train_mean,0.5125393867492676,0.2972833812236786,conch,mouse,whole_pup,WMPP017,0,1.0,153
epithelial cell of proximal tubule.,138,image,0.8965272307395935,0.2325848340988159,conch,mouse,whole_pup,WMPP017,0,1.0,153
epithelial cell of proximal tubule.,138,train_mean,0.4949858486652374,0.2637235224246979,conch,mouse,whole_pup,WMPP017,0,1.0,153
epithelial cell.,191,image,0.8630427718162537,0.2194656580686569,conch,mouse,whole_pup,WMPP017,0,1.0,153
epithelial cell.,191,train_mean,0.5969922542572021,0.2310879677534103,conch,mouse,whole_pup,WMPP017,0,1.0,153
erythroblast.,52,image,0.8444998264312744,0.2044327408075332,conch,mouse,whole_pup,WMPP017,0,1.0,153
erythroblast.,52,train_mean,0.2129980623722076,0.25318643450737,conch,mouse,whole_pup,WMPP017,0,1.0,153
erythrocyte.,105,image,0.814415454864502,0.243668332695961,conch,mouse,whole_pup,WMPP017,0,1.0,153
erythrocyte.,105,train_mean,0.1987206041812896,0.2950495481491089,conch,mouse,whole_pup,WMPP017,0,1.0,153
fibroblast of cardiac tissue.,347,image,0.8982927799224854,0.2129430025815963,conch,mouse,whole_pup,WMPP017,0,1.0,153
fibroblast of cardiac tissue.,347,train_mean,0.8565084338188171,0.2166809886693954,conch,mouse,whole_pup,WMPP017,0,1.0,153
fibroblast.,2558,image,0.9204740524291992,0.1480047106742859,conch,mouse,whole_pup,WMPP017,0,1.0,153
fibroblast.,2558,train_mean,0.7830011248588562,0.1588663458824157,conch,mouse,whole_pup,WMPP017,0,1.0,153
glioblast.,22,image,0.6029277443885803,0.2346339523792266,conch,mouse,whole_pup,WMPP017,0,1.0,153
glioblast.,22,train_mean,0.1865416020154953,0.2620773613452911,conch,mouse,whole_pup,WMPP017,0,1.0,153
glutamatergic neuron.,420,image,0.7617418169975281,0.2807691395282745,conch,mouse,whole_pup,WMPP017,0,1.0,153
glutamatergic neuron.,420,train_mean,0.0781518071889877,0.3389675319194793,conch,mouse,whole_pup,WMPP017,0,1.0,153
hepatocyte.,85,image,0.5305749177932739,0.3286303281784057,conch,mouse,whole_pup,WMPP017,0,1.0,153
hepatocyte.,85,train_mean,0.1523108333349228,0.3524643182754516,conch,mouse,whole_pup,WMPP017,0,1.0,153
immature innate lymphoid cell.,37,image,0.5794925093650818,0.2661562860012054,conch,mouse,whole_pup,WMPP017,0,1.0,153
immature innate lymphoid cell.,37,train_mean,0.5587418079376221,0.2671233117580414,conch,mouse,whole_pup,WMPP017,0,1.0,153
kidney collecting duct principal cell.,121,image,0.6689081192016602,0.2283682823181152,conch,mouse,whole_pup,WMPP017,0,1.0,153
kidney collecting duct principal cell.,121,train_mean,0.3539093434810638,0.240044966340065,conch,mouse,whole_pup,WMPP017,0,1.0,153
kidney loop of Henle medullary thick ascending limb epithelial cell.,30,image,0.8939942717552185,0.2610149383544922,conch,mouse,whole_pup,WMPP017,0,1.0,153
kidney loop of Henle medullary thick ascending limb epithelial cell.,30,train_mean,0.4686887860298157,0.2936709821224212,conch,mouse,whole_pup,WMPP017,0,1.0,153
kidney loop of Henle thick ascending limb epithelial cell.,82,image,0.5777124762535095,0.2128922343254089,conch,mouse,whole_pup,WMPP017,0,1.0,153
kidney loop of Henle thick ascending limb epithelial cell.,82,train_mean,0.3276977837085724,0.2189342677593231,conch,mouse,whole_pup,WMPP017,0,1.0,153
kidney proximal convoluted tubule epithelial cell.,94,image,0.5109815001487732,0.2619513571262359,conch,mouse,whole_pup,WMPP017,0,1.0,153
kidney proximal convoluted tubule epithelial cell.,94,train_mean,0.2291823327541351,0.2742187082767486,conch,mouse,whole_pup,WMPP017,0,1.0,153
macrophage.,199,image,0.5960094332695007,0.1989571154117584,conch,mouse,whole_pup,WMPP017,0,1.0,153
macrophage.,199,train_mean,0.3182084858417511,0.2122812718153,conch,mouse,whole_pup,WMPP017,0,1.0,153
malignant cell.,74,image,0.8123116493225098,0.125450313091278,conch,mouse,whole_pup,WMPP017,0,1.0,153
malignant cell.,74,train_mean,0.5593280792236328,0.1411718428134918,conch,mouse,whole_pup,WMPP017,0,1.0,153
megakaryocyte.,72,image,0.7089511752128601,0.231711134314537,conch,mouse,whole_pup,WMPP017,0,1.0,153
megakaryocyte.,72,train_mean,0.2681286633014679,0.2602398097515106,conch,mouse,whole_pup,WMPP017,0,1.0,153
monocyte.,22,image,0.4928071200847626,0.1890832632780075,conch,mouse,whole_pup,WMPP017,0,1.0,153
monocyte.,22,train_mean,0.2370059043169021,0.2042459547519683,conch,mouse,whole_pup,WMPP017,0,1.0,153
neural cell.,108,image,0.8361122012138367,0.1642797738313675,conch,mouse,whole_pup,WMPP017,0,1.0,153
neural cell.,108,train_mean,0.7169961333274841,0.1713703870773315,conch,mouse,whole_pup,WMPP017,0,1.0,153
neural stem cell.,26,image,0.6977556347846985,0.2040365189313888,conch,mouse,whole_pup,WMPP017,0,1.0,153
neural stem cell.,26,train_mean,0.5376787185668945,0.2081052660942077,conch,mouse,whole_pup,WMPP017,0,1.0,153
neutrophil.,59,image,0.6025660634040833,0.1620541960000991,conch,mouse,whole_pup,WMPP017,0,1.0,153
neutrophil.,59,train_mean,0.3151316344738006,0.1774119734764099,conch,mouse,whole_pup,WMPP017,0,1.0,153
oligodendrocyte.,37,image,0.6266559958457947,0.1842928528785705,conch,mouse,whole_pup,WMPP017,0,1.0,153
oligodendrocyte.,37,train_mean,0.5332849025726318,0.1883934289216995,conch,mouse,whole_pup,WMPP017,0,1.0,153
podocyte.,21,image,0.7668999433517456,0.188663899898529,conch,mouse,whole_pup,WMPP017,0,1.0,153
podocyte.,21,train_mean,0.70240318775177,0.182833656668663,conch,mouse,whole_pup,WMPP017,0,1.0,153
smooth muscle cell.,913,image,0.9069069623947144,0.2238972634077072,conch,mouse,whole_pup,WMPP017,0,1.0,153
smooth muscle cell.,913,train_mean,0.8261849284172058,0.2317955195903778,conch,mouse,whole_pup,WMPP017,0,1.0,153
stromal cell.,56,image,0.8441657423973083,0.085941694676876,conch,mouse,whole_pup,WMPP017,0,1.0,153
stromal cell.,56,train_mean,0.5345668792724609,0.1106967478990554,conch,mouse,whole_pup,WMPP017,0,1.0,153
type I pneumocyte.,206,image,0.6821286082267761,0.282496839761734,conch,mouse,whole_pup,WMPP017,0,1.0,153
type I pneumocyte.,206,train_mean,0.5388360023498535,0.2852745950222015,conch,mouse,whole_pup,WMPP017,0,1.0,153
type II pneumocyte.,23,image,0.5579010248184204,0.2738284468650818,conch,mouse,whole_pup,WMPP017,0,1.0,153
type II pneumocyte.,23,train_mean,0.3356939554214477,0.2788748145103454,conch,mouse,whole_pup,WMPP017,0,1.0,153
GABAergic neuron.,374,image,0.7658675909042358,0.3682774901390075,conch,mouse,whole_pup,WMPP017,1,1.0,153
GABAergic neuron.,374,train_mean,0.0693929493427276,0.4377723038196563,conch,mouse,whole_pup,WMPP017,1,1.0,153
astrocyte.,90,image,0.7114747762680054,0.2307324856519699,conch,mouse,whole_pup,WMPP017,1,1.0,153
astrocyte.,90,train_mean,0.3152490854263305,0.2532323896884918,conch,mouse,whole_pup,WMPP017,1,1.0,153
basal cell of epidermis.,51,image,0.7999219298362732,0.295574426651001,conch,mouse,whole_pup,WMPP017,1,1.0,153
basal cell of epidermis.,51,train_mean,0.4282801151275635,0.3225551843643188,conch,mouse,whole_pup,WMPP017,1,1.0,153
basal cell of prostate epithelium.,73,image,0.910245716571808,0.2869618535041809,conch,mouse,whole_pup,WMPP017,1,1.0,153
basal cell of prostate epithelium.,73,train_mean,0.4991964101791382,0.3252919018268585,conch,mouse,whole_pup,WMPP017,1,1.0,153
basal cell.,44,image,0.8599548935890198,0.2587391436100006,conch,mouse,whole_pup,WMPP017,1,1.0,153
basal cell.,44,train_mean,0.661004364490509,0.2723318338394165,conch,mouse,whole_pup,WMPP017,1,1.0,153
capillary endothelial cell.,129,image,0.432866632938385,0.3206126987934112,conch,mouse,whole_pup,WMPP017,1,1.0,153
capillary endothelial cell.,129,train_mean,0.677191436290741,0.2981885373592376,conch,mouse,whole_pup,WMPP017,1,1.0,153
cardiac endothelial cell.,78,image,0.9057362675666808,0.4158395826816559,conch,mouse,whole_pup,WMPP017,1,1.0,153
cardiac endothelial cell.,78,train_mean,0.6800168752670288,0.4776545166969299,conch,mouse,whole_pup,WMPP017,1,1.0,153
cardiac muscle cell.,382,image,0.9113624691963196,0.34579798579216,conch,mouse,whole_pup,WMPP017,1,1.0,153
cardiac muscle cell.,382,train_mean,0.5712072253227234,0.4182042479515075,conch,mouse,whole_pup,WMPP017,1,1.0,153
cardiac muscle myoblast.,513,image,0.91456139087677,0.4049196243286133,conch,mouse,whole_pup,WMPP017,1,1.0,153
cardiac muscle myoblast.,513,train_mean,0.6226165294647217,0.4732925593852997,conch,mouse,whole_pup,WMPP017,1,1.0,153
chondrocyte.,194,image,0.8898295760154724,0.1695046573877334,conch,mouse,whole_pup,WMPP017,1,1.0,153
chondrocyte.,194,train_mean,0.6897294521331787,0.1832856237888336,conch,mouse,whole_pup,WMPP017,1,1.0,153
ciliated cell.,42,image,0.8780359029769897,0.1725635081529617,conch,mouse,whole_pup,WMPP017,1,1.0,153
ciliated cell.,42,train_mean,0.3720153570175171,0.2156153619289398,conch,mouse,whole_pup,WMPP017,1,1.0,153
endothelial cell of lymphatic vessel.,23,image,0.8546281456947327,0.1722978353500366,conch,mouse,whole_pup,WMPP017,1,1.0,153
endothelial cell of lymphatic vessel.,23,train_mean,0.5369552373886108,0.1955025643110275,conch,mouse,whole_pup,WMPP017,1,1.0,153
endothelial cell of vascular tree.,230,image,0.8513551354408264,0.1647555977106094,conch,mouse,whole_pup,WMPP017,1,1.0,153
endothelial cell of vascular tree.,230,train_mean,0.8021500110626221,0.1628197729587555,conch,mouse,whole_pup,WMPP017,1,1.0,153
endothelial cell.,2892,image,0.7207750678062439,0.227073922753334,conch,mouse,whole_pup,WMPP017,1,1.0,153
endothelial cell.,2892,train_mean,0.7702031135559082,0.2117497771978378,conch,mouse,whole_pup,WMPP017,1,1.0,153
enterocyte.,303,image,0.4827169179916382,0.384689062833786,conch,mouse,whole_pup,WMPP017,1,1.0,153
enterocyte.,303,train_mean,0.1907404661178589,0.3987448513507843,conch,mouse,whole_pup,WMPP017,1,1.0,153
epithelial cell of alveolus of lung.,23,image,0.6466243863105774,0.312930703163147,conch,mouse,whole_pup,WMPP017,1,1.0,153
epithelial cell of alveolus of lung.,23,train_mean,0.5271297693252563,0.3140546381473541,conch,mouse,whole_pup,WMPP017,1,1.0,153
epithelial cell of lung.,75,image,0.9044108390808104,0.2583532631397247,conch,mouse,whole_pup,WMPP017,1,1.0,153
epithelial cell of lung.,75,train_mean,0.5125393867492676,0.2972833812236786,conch,mouse,whole_pup,WMPP017,1,1.0,153
epithelial cell of proximal tubule.,138,image,0.8994447588920593,0.2313493639230728,conch,mouse,whole_pup,WMPP017,1,1.0,153
epithelial cell of proximal tubule.,138,train_mean,0.4949858486652374,0.2637235224246979,conch,mouse,whole_pup,WMPP017,1,1.0,153
epithelial cell.,191,image,0.8671981692314148,0.2188667804002761,conch,mouse,whole_pup,WMPP017,1,1.0,153
epithelial cell.,191,train_mean,0.5969922542572021,0.2310879677534103,conch,mouse,whole_pup,WMPP017,1,1.0,153
erythroblast.,52,image,0.8435951471328735,0.2044760584831237,conch,mouse,whole_pup,WMPP017,1,1.0,153
erythroblast.,52,train_mean,0.2129980623722076,0.25318643450737,conch,mouse,whole_pup,WMPP017,1,1.0,153
erythrocyte.,105,image,0.8144086599349976,0.2436216622591018,conch,mouse,whole_pup,WMPP017,1,1.0,153
erythrocyte.,105,train_mean,0.1987206041812896,0.2950495481491089,conch,mouse,whole_pup,WMPP017,1,1.0,153
fibroblast of cardiac tissue.,347,image,0.8980904817581177,0.212640181183815,conch,mouse,whole_pup,WMPP017,1,1.0,153
fibroblast of cardiac tissue.,347,train_mean,0.8565084338188171,0.2166809886693954,conch,mouse,whole_pup,WMPP017,1,1.0,153
fibroblast.,2558,image,0.9195643067359924,0.1472964137792587,conch,mouse,whole_pup,WMPP017,1,1.0,153
fibroblast.,2558,train_mean,0.7830011248588562,0.1588663458824157,conch,mouse,whole_pup,WMPP017,1,1.0,153
glioblast.,22,image,0.6109618544578552,0.2342162728309631,conch,mouse,whole_pup,WMPP017,1,1.0,153
glioblast.,22,train_mean,0.1865416020154953,0.2620773613452911,conch,mouse,whole_pup,WMPP017,1,1.0,153
glutamatergic neuron.,420,image,0.762593150138855,0.2809243202209472,conch,mouse,whole_pup,WMPP017,1,1.0,153
glutamatergic neuron.,420,train_mean,0.0781518071889877,0.3389675319194793,conch,mouse,whole_pup,WMPP017,1,1.0,153
hepatocyte.,85,image,0.5321521162986755,0.328695684671402,conch,mouse,whole_pup,WMPP017,1,1.0,153
hepatocyte.,85,train_mean,0.1523108333349228,0.3524643182754516,conch,mouse,whole_pup,WMPP017,1,1.0,153
immature innate lymphoid cell.,37,image,0.5789497494697571,0.2664187550544739,conch,mouse,whole_pup,WMPP017,1,1.0,153
immature innate lymphoid cell.,37,train_mean,0.5587418079376221,0.2671233117580414,conch,mouse,whole_pup,WMPP017,1,1.0,153
kidney collecting duct principal cell.,121,image,0.6710208058357239,0.2283378392457962,conch,mouse,whole_pup,WMPP017,1,1.0,153
kidney collecting duct principal cell.,121,train_mean,0.3539093434810638,0.240044966340065,conch,mouse,whole_pup,WMPP017,1,1.0,153
kidney loop of Henle medullary thick ascending limb epithelial cell.,30,image,0.8961445689201355,0.2613392174243927,conch,mouse,whole_pup,WMPP017,1,1.0,153
kidney loop of Henle medullary thick ascending limb epithelial cell.,30,train_mean,0.4686887860298157,0.2936709821224212,conch,mouse,whole_pup,WMPP017,1,1.0,153
kidney loop of Henle thick ascending limb epithelial cell.,82,image,0.5795339345932007,0.212976187467575,conch,mouse,whole_pup,WMPP017,1,1.0,153
kidney loop of Henle thick ascending limb epithelial cell.,82,train_mean,0.3276977837085724,0.2189342677593231,conch,mouse,whole_pup,WMPP017,1,1.0,153
kidney proximal convoluted tubule epithelial cell.,94,image,0.5012783408164978,0.2623030841350555,conch,mouse,whole_pup,WMPP017,1,1.0,153
kidney proximal convoluted tubule epithelial cell.,94,train_mean,0.2291823327541351,0.2742187082767486,conch,mouse,whole_pup,WMPP017,1,1.0,153
macrophage.,199,image,0.5915133357048035,0.1992663741111755,conch,mouse,whole_pup,WMPP017,1,1.0,153
macrophage.,199,train_mean,0.3182084858417511,0.2122812718153,conch,mouse,whole_pup,WMPP017,1,1.0,153
malignant cell.,74,image,0.817899227142334,0.1251325160264969,conch,mouse,whole_pup,WMPP017,1,1.0,153
malignant cell.,74,train_mean,0.5593280792236328,0.1411718428134918,conch,mouse,whole_pup,WMPP017,1,1.0,153
megakaryocyte.,72,image,0.7103409767150879,0.2315939515829086,conch,mouse,whole_pup,WMPP017,1,1.0,153
megakaryocyte.,72,train_mean,0.2681286633014679,0.2602398097515106,conch,mouse,whole_pup,WMPP017,1,1.0,153
monocyte.,22,image,0.4840946495532989,0.1897876113653183,conch,mouse,whole_pup,WMPP017,1,1.0,153
monocyte.,22,train_mean,0.2370059043169021,0.2042459547519683,conch,mouse,whole_pup,WMPP017,1,1.0,153
neural cell.,108,image,0.8396910429000854,0.1642656326293945,conch,mouse,whole_pup,WMPP017,1,1.0,153
neural cell.,108,train_mean,0.7169961333274841,0.1713703870773315,conch,mouse,whole_pup,WMPP017,1,1.0,153
neural stem cell.,26,image,0.7003927230834961,0.2036250978708267,conch,mouse,whole_pup,WMPP017,1,1.0,153
neural stem cell.,26,train_mean,0.5376787185668945,0.2081052660942077,conch,mouse,whole_pup,WMPP017,1,1.0,153
neutrophil.,59,image,0.5967751741409302,0.162242978811264,conch,mouse,whole_pup,WMPP017,1,1.0,153
neutrophil.,59,train_mean,0.3151316344738006,0.1774119734764099,conch,mouse,whole_pup,WMPP017,1,1.0,153
oligodendrocyte.,37,image,0.6209147572517395,0.1848346292972564,conch,mouse,whole_pup,WMPP017,1,1.0,153
oligodendrocyte.,37,train_mean,0.5332849025726318,0.1883934289216995,conch,mouse,whole_pup,WMPP017,1,1.0,153
podocyte.,21,image,0.7699326276779175,0.188182458281517,conch,mouse,whole_pup,WMPP017,1,1.0,153
podocyte.,21,train_mean,0.70240318775177,0.182833656668663,conch,mouse,whole_pup,WMPP017,1,1.0,153
smooth muscle cell.,913,image,0.906648337841034,0.2237902730703354,conch,mouse,whole_pup,WMPP017,1,1.0,153
smooth muscle cell.,913,train_mean,0.8261849284172058,0.2317955195903778,conch,mouse,whole_pup,WMPP017,1,1.0,153
stromal cell.,56,image,0.8443409204483032,0.0855127424001693,conch,mouse,whole_pup,WMPP017,1,1.0,153
stromal cell.,56,train_mean,0.5345668792724609,0.1106967478990554,conch,mouse,whole_pup,WMPP017,1,1.0,153
type I pneumocyte.,206,image,0.6943560838699341,0.2805061936378479,conch,mouse,whole_pup,WMPP017,1,1.0,153
type I pneumocyte.,206,train_mean,0.5388360023498535,0.2852745950222015,conch,mouse,whole_pup,WMPP017,1,1.0,153
type II pneumocyte.,23,image,0.5622283816337585,0.273291140794754,conch,mouse,whole_pup,WMPP017,1,1.0,153
type II pneumocyte.,23,train_mean,0.3356939554214477,0.2788748145103454,conch,mouse,whole_pup,WMPP017,1,1.0,153
GABAergic neuron.,374,image,0.7604570388793945,0.3687579333782196,conch,mouse,whole_pup,WMPP017,2,1.0,153
GABAergic neuron.,374,train_mean,0.0693929493427276,0.4377723038196563,conch,mouse,whole_pup,WMPP017,2,1.0,153
astrocyte.,90,image,0.7045477032661438,0.2312684655189514,conch,mouse,whole_pup,WMPP017,2,1.0,153
astrocyte.,90,train_mean,0.3152490854263305,0.2532323896884918,conch,mouse,whole_pup,WMPP017,2,1.0,153
basal cell of epidermis.,51,image,0.8019289374351501,0.2950409054756164,conch,mouse,whole_pup,WMPP017,2,1.0,153
basal cell of epidermis.,51,train_mean,0.4282801151275635,0.3225551843643188,conch,mouse,whole_pup,WMPP017,2,1.0,153
basal cell of prostate epithelium.,73,image,0.9097945690155028,0.2864066660404205,conch,mouse,whole_pup,WMPP017,2,1.0,153
basal cell of prostate epithelium.,73,train_mean,0.4991964101791382,0.3252919018268585,conch,mouse,whole_pup,WMPP017,2,1.0,153
basal cell.,44,image,0.8616253733634949,0.2591757178306579,conch,mouse,whole_pup,WMPP017,2,1.0,153
basal cell.,44,train_mean,0.661004364490509,0.2723318338394165,conch,mouse,whole_pup,WMPP017,2,1.0,153
capillary endothelial cell.,129,image,0.4254700541496277,0.3217439949512481,conch,mouse,whole_pup,WMPP017,2,1.0,153
capillary endothelial cell.,129,train_mean,0.677191436290741,0.2981885373592376,conch,mouse,whole_pup,WMPP017,2,1.0,153
cardiac endothelial cell.,78,image,0.904946267604828,0.4154455065727234,conch,mouse,whole_pup,WMPP017,2,1.0,153
cardiac endothelial cell.,78,train_mean,0.6800168752670288,0.4776545166969299,conch,mouse,whole_pup,WMPP017,2,1.0,153
cardiac muscle cell.,382,image,0.9107275009155272,0.3453646600246429,conch,mouse,whole_pup,WMPP017,2,1.0,153
cardiac muscle cell.,382,train_mean,0.5712072253227234,0.4182042479515075,conch,mouse,whole_pup,WMPP017,2,1.0,153
cardiac muscle myoblast.,513,image,0.9137055277824402,0.4052042067050934,conch,mouse,whole_pup,WMPP017,2,1.0,153
cardiac muscle myoblast.,513,train_mean,0.6226165294647217,0.4732925593852997,conch,mouse,whole_pup,WMPP017,2,1.0,153
chondrocyte.,194,image,0.8886622786521912,0.1695773750543594,conch,mouse,whole_pup,WMPP017,2,1.0,153
chondrocyte.,194,train_mean,0.6897294521331787,0.1832856237888336,conch,mouse,whole_pup,WMPP017,2,1.0,153
ciliated cell.,42,image,0.8734140396118164,0.1717073023319244,conch,mouse,whole_pup,WMPP017,2,1.0,153
ciliated cell.,42,train_mean,0.3720153570175171,0.2156153619289398,conch,mouse,whole_pup,WMPP017,2,1.0,153
endothelial cell of lymphatic vessel.,23,image,0.851597249507904,0.1718722283840179,conch,mouse,whole_pup,WMPP017,2,1.0,153
endothelial cell of lymphatic vessel.,23,train_mean,0.5369552373886108,0.1955025643110275,conch,mouse,whole_pup,WMPP017,2,1.0,153
endothelial cell of vascular tree.,230,image,0.8476687669754028,0.1655178219079971,conch,mouse,whole_pup,WMPP017,2,1.0,153
endothelial cell of vascular tree.,230,train_mean,0.8021500110626221,0.1628197729587555,conch,mouse,whole_pup,WMPP017,2,1.0,153
endothelial cell.,2892,image,0.7127909660339355,0.227804958820343,conch,mouse,whole_pup,WMPP017,2,1.0,153
endothelial cell.,2892,train_mean,0.7702031135559082,0.2117497771978378,conch,mouse,whole_pup,WMPP017,2,1.0,153
enterocyte.,303,image,0.4967675805091858,0.384379506111145,conch,mouse,whole_pup,WMPP017,2,1.0,153
enterocyte.,303,train_mean,0.1907404661178589,0.3987448513507843,conch,mouse,whole_pup,WMPP017,2,1.0,153
epithelial cell of alveolus of lung.,23,image,0.6421870589256287,0.3132753074169159,conch,mouse,whole_pup,WMPP017,2,1.0,153
epithelial cell of alveolus of lung.,23,train_mean,0.5271297693252563,0.3140546381473541,conch,mouse,whole_pup,WMPP017,2,1.0,153
epithelial cell of lung.,75,image,0.9048715233802797,0.2594177424907684,conch,mouse,whole_pup,WMPP017,2,1.0,153
epithelial cell of lung.,75,train_mean,0.5125393867492676,0.2972833812236786,conch,mouse,whole_pup,WMPP017,2,1.0,153
epithelial cell of proximal tubule.,138,image,0.8974306583404541,0.2318089455366134,conch,mouse,whole_pup,WMPP017,2,1.0,153
epithelial cell of proximal tubule.,138,train_mean,0.4949858486652374,0.2637235224246979,conch,mouse,whole_pup,WMPP017,2,1.0,153
epithelial cell.,191,image,0.8630613088607788,0.2192848473787307,conch,mouse,whole_pup,WMPP017,2,1.0,153
epithelial cell.,191,train_mean,0.5969922542572021,0.2310879677534103,conch,mouse,whole_pup,WMPP017,2,1.0,153
erythroblast.,52,image,0.8387370705604553,0.2048224955797195,conch,mouse,whole_pup,WMPP017,2,1.0,153
erythroblast.,52,train_mean,0.2129980623722076,0.25318643450737,conch,mouse,whole_pup,WMPP017,2,1.0,153
erythrocyte.,105,image,0.8081717491149902,0.2437229454517364,conch,mouse,whole_pup,WMPP017,2,1.0,153
erythrocyte.,105,train_mean,0.1987206041812896,0.2950495481491089,conch,mouse,whole_pup,WMPP017,2,1.0,153
fibroblast of cardiac tissue.,347,image,0.8965222835540771,0.2126199454069137,conch,mouse,whole_pup,WMPP017,2,1.0,153
fibroblast of cardiac tissue.,347,train_mean,0.8565084338188171,0.2166809886693954,conch,mouse,whole_pup,WMPP017,2,1.0,153
fibroblast.,2558,image,0.9186036586761476,0.1474331170320511,conch,mouse,whole_pup,WMPP017,2,1.0,153
fibroblast.,2558,train_mean,0.7830011248588562,0.1588663458824157,conch,mouse,whole_pup,WMPP017,2,1.0,153
glioblast.,22,image,0.602221667766571,0.2346632629632949,conch,mouse,whole_pup,WMPP017,2,1.0,153
glioblast.,22,train_mean,0.1865416020154953,0.2620773613452911,conch,mouse,whole_pup,WMPP017,2,1.0,153
glutamatergic neuron.,420,image,0.7549803853034973,0.2821283936500549,conch,mouse,whole_pup,WMPP017,2,1.0,153
glutamatergic neuron.,420,train_mean,0.0781518071889877,0.3389675319194793,conch,mouse,whole_pup,WMPP017,2,1.0,153
hepatocyte.,85,image,0.525784969329834,0.3288731276988983,conch,mouse,whole_pup,WMPP017,2,1.0,153
hepatocyte.,85,train_mean,0.1523108333349228,0.3524643182754516,conch,mouse,whole_pup,WMPP017,2,1.0,153
immature innate lymphoid cell.,37,image,0.5819493532180786,0.2662288248538971,conch,mouse,whole_pup,WMPP017,2,1.0,153
immature innate lymphoid cell.,37,train_mean,0.5587418079376221,0.2671233117580414,conch,mouse,whole_pup,WMPP017,2,1.0,153
kidney collecting duct principal cell.,121,image,0.6702224612236023,0.2284711003303527,conch,mouse,whole_pup,WMPP017,2,1.0,153
kidney collecting duct principal cell.,121,train_mean,0.3539093434810638,0.240044966340065,conch,mouse,whole_pup,WMPP017,2,1.0,153
kidney loop of Henle medullary thick ascending limb epithelial cell.,30,image,0.8962095379829407,0.2617498636245727,conch,mouse,whole_pup,WMPP017,2,1.0,153
kidney loop of Henle medullary thick ascending limb epithelial cell.,30,train_mean,0.4686887860298157,0.2936709821224212,conch,mouse,whole_pup,WMPP017,2,1.0,153
kidney loop of Henle thick ascending limb epithelial cell.,82,image,0.5730419158935547,0.2135981619358062,conch,mouse,whole_pup,WMPP017,2,1.0,153
kidney loop of Henle thick ascending limb epithelial cell.,82,train_mean,0.3276977837085724,0.2189342677593231,conch,mouse,whole_pup,WMPP017,2,1.0,153
kidney proximal convoluted tubule epithelial cell.,94,image,0.5072882771492004,0.2621777057647705,conch,mouse,whole_pup,WMPP017,2,1.0,153
kidney proximal convoluted tubule epithelial cell.,94,train_mean,0.2291823327541351,0.2742187082767486,conch,mouse,whole_pup,WMPP017,2,1.0,153
macrophage.,199,image,0.5920143723487854,0.1989816278219223,conch,mouse,whole_pup,WMPP017,2,1.0,153
macrophage.,199,train_mean,0.3182084858417511,0.2122812718153,conch,mouse,whole_pup,WMPP017,2,1.0,153
malignant cell.,74,image,0.8125607371330261,0.1257924288511276,conch,mouse,whole_pup,WMPP017,2,1.0,153
malignant cell.,74,train_mean,0.5593280792236328,0.1411718428134918,conch,mouse,whole_pup,WMPP017,2,1.0,153
megakaryocyte.,72,image,0.7026377320289612,0.2317899018526077,conch,mouse,whole_pup,WMPP017,2,1.0,153
megakaryocyte.,72,train_mean,0.2681286633014679,0.2602398097515106,conch,mouse,whole_pup,WMPP017,2,1.0,153
monocyte.,22,image,0.4915990233421325,0.1893842071294784,conch,mouse,whole_pup,WMPP017,2,1.0,153
monocyte.,22,train_mean,0.2370059043169021,0.2042459547519683,conch,mouse,whole_pup,WMPP017,2,1.0,153
neural cell.,108,image,0.8327417373657227,0.1643648594617843,conch,mouse,whole_pup,WMPP017,2,1.0,153
neural cell.,108,train_mean,0.7169961333274841,0.1713703870773315,conch,mouse,whole_pup,WMPP017,2,1.0,153
neural stem cell.,26,image,0.6945937275886536,0.2041478753089904,conch,mouse,whole_pup,WMPP017,2,1.0,153
neural stem cell.,26,train_mean,0.5376787185668945,0.2081052660942077,conch,mouse,whole_pup,WMPP017,2,1.0,153
neutrophil.,59,image,0.6001136302947998,0.1620659530162811,conch,mouse,whole_pup,WMPP017,2,1.0,153
neutrophil.,59,train_mean,0.3151316344738006,0.1774119734764099,conch,mouse,whole_pup,WMPP017,2,1.0,153
oligodendrocyte.,37,image,0.6080505847930908,0.185359850525856,conch,mouse,whole_pup,WMPP017,2,1.0,153
oligodendrocyte.,37,train_mean,0.5332849025726318,0.1883934289216995,conch,mouse,whole_pup,WMPP017,2,1.0,153
podocyte.,21,image,0.7673011422157288,0.1891950070858001,conch,mouse,whole_pup,WMPP017,2,1.0,153
podocyte.,21,train_mean,0.70240318775177,0.182833656668663,conch,mouse,whole_pup,WMPP017,2,1.0,153
smooth muscle cell.,913,image,0.9060184955596924,0.2236513793468475,conch,mouse,whole_pup,WMPP017,2,1.0,153
smooth muscle cell.,913,train_mean,0.8261849284172058,0.2317955195903778,conch,mouse,whole_pup,WMPP017,2,1.0,153
stromal cell.,56,image,0.8384487628936768,0.0861343741416931,conch,mouse,whole_pup,WMPP017,2,1.0,153
stromal cell.,56,train_mean,0.5345668792724609,0.1106967478990554,conch,mouse,whole_pup,WMPP017,2,1.0,153
type I pneumocyte.,206,image,0.6901057958602905,0.2814605236053467,conch,mouse,whole_pup,WMPP017,2,1.0,153
type I pneumocyte.,206,train_mean,0.5388360023498535,0.2852745950222015,conch,mouse,whole_pup,WMPP017,2,1.0,153
type II pneumocyte.,23,image,0.5552104711532593,0.274001806974411,conch,mouse,whole_pup,WMPP017,2,1.0,153
type II pneumocyte.,23,train_mean,0.3356939554214477,0.2788748145103454,conch,mouse,whole_pup,WMPP017,2,1.0,153
B cell.,25,image,0.5063202977180481,0.1908192932605743,conch,mouse,whole_pup,WMPW025,0,1.0,162
B cell.,25,train_mean,0.2160792499780655,0.189713716506958,conch,mouse,whole_pup,WMPW025,0,1.0,162
GABAergic neuron.,25,image,0.6703418493270874,0.1605589389801025,conch,mouse,whole_pup,WMPW025,0,1.0,162
GABAergic neuron.,25,train_mean,0.1438384354114532,0.2116615772247314,conch,mouse,whole_pup,WMPW025,0,1.0,162
astrocyte.,28,image,0.5454440712928772,0.2045921981334686,conch,mouse,whole_pup,WMPW025,0,1.0,162
astrocyte.,28,train_mean,0.2214720100164413,0.1878513693809509,conch,mouse,whole_pup,WMPW025,0,1.0,162
cardiac endothelial cell.,23,image,0.8915465474128723,0.2305944561958313,conch,mouse,whole_pup,WMPW025,0,1.0,162
cardiac endothelial cell.,23,train_mean,0.5598313212394714,0.2370203137397766,conch,mouse,whole_pup,WMPW025,0,1.0,162
cardiac muscle cell.,234,image,0.8596161007881165,0.254041850566864,conch,mouse,whole_pup,WMPW025,0,1.0,162
cardiac muscle cell.,234,train_mean,0.4405009746551513,0.2396546304225921,conch,mouse,whole_pup,WMPW025,0,1.0,162
cardiac muscle myoblast.,275,image,0.8803229928016663,0.2332982569932937,conch,mouse,whole_pup,WMPW025,0,1.0,162
cardiac muscle myoblast.,275,train_mean,0.478108137845993,0.2687551975250244,conch,mouse,whole_pup,WMPW025,0,1.0,162
cell of skeletal muscle.,63,image,0.8833425045013428,0.2465796321630478,conch,mouse,whole_pup,WMPW025,0,1.0,162
cell of skeletal muscle.,63,train_mean,0.4682291746139526,0.2301815599203109,conch,mouse,whole_pup,WMPW025,0,1.0,162
cortical cell of adrenal gland.,86,image,0.6390914916992188,0.2780503928661346,conch,mouse,whole_pup,WMPW025,0,1.0,162
cortical cell of adrenal gland.,86,train_mean,0.4781458973884582,0.1933212727308273,conch,mouse,whole_pup,WMPW025,0,1.0,162
cultured cell.,242,image,0.7211800813674927,0.1612055599689483,conch,mouse,whole_pup,WMPW025,0,1.0,162
cultured cell.,242,train_mean,0.3633540570735931,0.1764684617519378,conch,mouse,whole_pup,WMPW025,0,1.0,162
endothelial cell of lymphatic vessel.,40,image,0.4965371191501617,0.1555303633213043,conch,mouse,whole_pup,WMPW025,0,1.0,162
endothelial cell of lymphatic vessel.,40,train_mean,0.4995243847370147,0.1858866810798645,conch,mouse,whole_pup,WMPW025,0,1.0,162
endothelial cell of vascular tree.,1529,image,0.8148238062858582,0.1951602548360824,conch,mouse,whole_pup,WMPW025,0,1.0,162
endothelial cell of vascular tree.,1529,train_mean,0.8343279957771301,0.1314495503902435,conch,mouse,whole_pup,WMPW025,0,1.0,162
endothelial cell.,1436,image,0.7425814270973206,0.1765748113393783,conch,mouse,whole_pup,WMPW025,0,1.0,162
endothelial cell.,1436,train_mean,0.6993504762649536,0.1411209851503372,conch,mouse,whole_pup,WMPW025,0,1.0,162
enterocyte.,25,image,0.4426876902580261,0.2098873406648636,conch,mouse,whole_pup,WMPW025,0,1.0,162
enterocyte.,25,train_mean,0.0667898580431938,0.1958820521831512,conch,mouse,whole_pup,WMPW025,0,1.0,162
epithelial cell of lower respiratory tract.,1050,image,0.8545785546302795,0.1637511998414993,conch,mouse,whole_pup,WMPW025,0,1.0,162
epithelial cell of lower respiratory tract.,1050,train_mean,0.6301445960998535,0.1514280438423156,conch,mouse,whole_pup,WMPW025,0,1.0,162
epithelial cell of proximal tubule.,32,image,0.6320146322250366,0.1720543503761291,conch,mouse,whole_pup,WMPW025,0,1.0,162
epithelial cell of proximal tubule.,32,train_mean,0.4732964038848877,0.1702965646982193,conch,mouse,whole_pup,WMPW025,0,1.0,162
epithelial cell.,34,image,0.7493796944618225,0.1598142981529235,conch,mouse,whole_pup,WMPW025,0,1.0,162
epithelial cell.,34,train_mean,0.5074895620346069,0.1608473658561706,conch,mouse,whole_pup,WMPW025,0,1.0,162
erythroblast.,174,image,0.402312159538269,0.2187310755252838,conch,mouse,whole_pup,WMPW025,0,1.0,162
erythroblast.,174,train_mean,0.0866800770163536,0.2163711786270141,conch,mouse,whole_pup,WMPW025,0,1.0,162
fibroblast of cardiac tissue.,62,image,0.8070182800292969,0.2348309308290481,conch,mouse,whole_pup,WMPW025,0,1.0,162
fibroblast of cardiac tissue.,62,train_mean,0.6970307230949402,0.1416771560907364,conch,mouse,whole_pup,WMPW025,0,1.0,162
fibroblast.,285,image,0.8883442878723145,0.1641049832105636,conch,mouse,whole_pup,WMPW025,0,1.0,162
fibroblast.,285,train_mean,0.7978881001472473,0.1364063918590545,conch,mouse,whole_pup,WMPW025,0,1.0,162
glutamatergic neuron.,476,image,0.7411273717880249,0.1793837249279022,conch,mouse,whole_pup,WMPW025,0,1.0,162
glutamatergic neuron.,476,train_mean,0.1565728634595871,0.2505725622177124,conch,mouse,whole_pup,WMPW025,0,1.0,162
hepatoblast.,22,image,0.736586332321167,0.232898011803627,conch,mouse,whole_pup,WMPW025,0,1.0,162
hepatoblast.,22,train_mean,0.2156871855258941,0.1903066784143448,conch,mouse,whole_pup,WMPW025,0,1.0,162
hepatocyte.,181,image,0.7366434335708618,0.234686940908432,conch,mouse,whole_pup,WMPW025,0,1.0,162
hepatocyte.,181,train_mean,0.1276407390832901,0.2028187811374664,conch,mouse,whole_pup,WMPW025,0,1.0,162
intestinal epithelial cell.,422,image,0.6106260418891907,0.2057963758707046,conch,mouse,whole_pup,WMPW025,0,1.0,162
intestinal epithelial cell.,422,train_mean,0.1816675066947937,0.1907625049352646,conch,mouse,whole_pup,WMPW025,0,1.0,162
macrophage.,97,image,0.4775473773479461,0.1958400756120681,conch,mouse,whole_pup,WMPW025,0,1.0,162
macrophage.,97,train_mean,0.3883426189422607,0.1765530556440353,conch,mouse,whole_pup,WMPW025,0,1.0,162
mammary alveolar cell.,48,image,0.8301513195037842,0.1614836007356643,conch,mouse,whole_pup,WMPW025,0,1.0,162
mammary alveolar cell.,48,train_mean,0.6685678362846375,0.1413181275129318,conch,mouse,whole_pup,WMPW025,0,1.0,162
mast cell.,29,image,0.4537661671638489,0.2438106685876846,conch,mouse,whole_pup,WMPW025,0,1.0,162
mast cell.,29,train_mean,0.3881978094577789,0.1848404854536056,conch,mouse,whole_pup,WMPW025,0,1.0,162
mesangial cell.,55,image,0.6876869201660156,0.2561341226100921,conch,mouse,whole_pup,WMPW025,0,1.0,162
mesangial cell.,55,train_mean,0.7032443284988403,0.1621418446302414,conch,mouse,whole_pup,WMPW025,0,1.0,162
mesenchymal cell.,24,image,0.83110511302948,0.2421977221965789,conch,mouse,whole_pup,WMPW025,0,1.0,162
mesenchymal cell.,24,train_mean,0.6947804689407349,0.1624990850687027,conch,mouse,whole_pup,WMPW025,0,1.0,162
myeloid cell.,83,image,0.4164410829544067,0.2071230560541153,conch,mouse,whole_pup,WMPW025,0,1.0,162
myeloid cell.,83,train_mean,0.3186898231506347,0.1806496530771255,conch,mouse,whole_pup,WMPW025,0,1.0,162
native cell.,130,image,0.4922291040420532,0.1917557418346405,conch,mouse,whole_pup,WMPW025,0,1.0,162
native cell.,130,train_mean,0.3656122386455536,0.1815819442272186,conch,mouse,whole_pup,WMPW025,0,1.0,162
neoplastic cell.,20,image,0.5390914678573608,0.2251350730657577,conch,mouse,whole_pup,WMPW025,0,1.0,162
neoplastic cell.,20,train_mean,0.0864414498209953,0.1972115337848663,conch,mouse,whole_pup,WMPW025,0,1.0,162
neutrophil.,20,image,0.4402146339416504,0.1995546817779541,conch,mouse,whole_pup,WMPW025,0,1.0,162
neutrophil.,20,train_mean,0.150970920920372,0.2012234032154083,conch,mouse,whole_pup,WMPW025,0,1.0,162
plasma cell.,31,image,0.6486010551452637,0.1823112517595291,conch,mouse,whole_pup,WMPW025,0,1.0,162
plasma cell.,31,train_mean,0.5928438901901245,0.1775804013013839,conch,mouse,whole_pup,WMPW025,0,1.0,162
smooth muscle cell.,430,image,0.8515138030052185,0.2367553561925888,conch,mouse,whole_pup,WMPW025,0,1.0,162
smooth muscle cell.,430,train_mean,0.5781925320625305,0.1675354689359665,conch,mouse,whole_pup,WMPW025,0,1.0,162
stromal cell.,3881,image,0.8674415349960327,0.1814807951450348,conch,mouse,whole_pup,WMPW025,0,1.0,162
stromal cell.,3881,train_mean,0.768107533454895,0.1470998674631118,conch,mouse,whole_pup,WMPW025,0,1.0,162
B cell.,25,image,0.506561279296875,0.1921075582504272,conch,mouse,whole_pup,WMPW025,1,1.0,162
B cell.,25,train_mean,0.2160792499780655,0.189713716506958,conch,mouse,whole_pup,WMPW025,1,1.0,162
GABAergic neuron.,25,image,0.6713893413543701,0.1601768583059311,conch,mouse,whole_pup,WMPW025,1,1.0,162
GABAergic neuron.,25,train_mean,0.1438384354114532,0.2116615772247314,conch,mouse,whole_pup,WMPW025,1,1.0,162
astrocyte.,28,image,0.5462538003921509,0.2053952664136886,conch,mouse,whole_pup,WMPW025,1,1.0,162
astrocyte.,28,train_mean,0.2214720100164413,0.1878513693809509,conch,mouse,whole_pup,WMPW025,1,1.0,162
cardiac endothelial cell.,23,image,0.8949277400970459,0.2339235097169876,conch,mouse,whole_pup,WMPW025,1,1.0,162
cardiac endothelial cell.,23,train_mean,0.5598313212394714,0.2370203137397766,conch,mouse,whole_pup,WMPW025,1,1.0,162
cardiac muscle cell.,234,image,0.8627427816390991,0.2568186521530151,conch,mouse,whole_pup,WMPW025,1,1.0,162
cardiac muscle cell.,234,train_mean,0.4405009746551513,0.2396546304225921,conch,mouse,whole_pup,WMPW025,1,1.0,162
cardiac muscle myoblast.,275,image,0.882632315158844,0.2356963008642196,conch,mouse,whole_pup,WMPW025,1,1.0,162
cardiac muscle myoblast.,275,train_mean,0.478108137845993,0.2687551975250244,conch,mouse,whole_pup,WMPW025,1,1.0,162
cell of skeletal muscle.,63,image,0.8860130906105042,0.2504608035087585,conch,mouse,whole_pup,WMPW025,1,1.0,162
cell of skeletal muscle.,63,train_mean,0.4682291746139526,0.2301815599203109,conch,mouse,whole_pup,WMPW025,1,1.0,162
cortical cell of adrenal gland.,86,image,0.6417393684387207,0.280940443277359,conch,mouse,whole_pup,WMPW025,1,1.0,162
cortical cell of adrenal gland.,86,train_mean,0.4781458973884582,0.1933212727308273,conch,mouse,whole_pup,WMPW025,1,1.0,162
cultured cell.,242,image,0.7197237014770508,0.1617608666419983,conch,mouse,whole_pup,WMPW025,1,1.0,162
cultured cell.,242,train_mean,0.3633540570735931,0.1764684617519378,conch,mouse,whole_pup,WMPW025,1,1.0,162
endothelial cell of lymphatic vessel.,40,image,0.4893200695514679,0.1559083610773086,conch,mouse,whole_pup,WMPW025,1,1.0,162
endothelial cell of lymphatic vessel.,40,train_mean,0.4995243847370147,0.1858866810798645,conch,mouse,whole_pup,WMPW025,1,1.0,162
endothelial cell of vascular tree.,1529,image,0.8131421208381653,0.1966847777366638,conch,mouse,whole_pup,WMPW025,1,1.0,162
endothelial cell of vascular tree.,1529,train_mean,0.8343279957771301,0.1314495503902435,conch,mouse,whole_pup,WMPW025,1,1.0,162
endothelial cell.,1436,image,0.7431857585906982,0.1771296113729477,conch,mouse,whole_pup,WMPW025,1,1.0,162
endothelial cell.,1436,train_mean,0.6993504762649536,0.1411209851503372,conch,mouse,whole_pup,WMPW025,1,1.0,162
enterocyte.,25,image,0.441026359796524,0.2138488739728927,conch,mouse,whole_pup,WMPW025,1,1.0,162
enterocyte.,25,train_mean,0.0667898580431938,0.1958820521831512,conch,mouse,whole_pup,WMPW025,1,1.0,162
epithelial cell of lower respiratory tract.,1050,image,0.8521237373352051,0.1643840223550796,conch,mouse,whole_pup,WMPW025,1,1.0,162
epithelial cell of lower respiratory tract.,1050,train_mean,0.6301445960998535,0.1514280438423156,conch,mouse,whole_pup,WMPW025,1,1.0,162
epithelial cell of proximal tubule.,32,image,0.6344121694564819,0.1710874885320663,conch,mouse,whole_pup,WMPW025,1,1.0,162
epithelial cell of proximal tubule.,32,train_mean,0.4732964038848877,0.1702965646982193,conch,mouse,whole_pup,WMPW025,1,1.0,162
epithelial cell.,34,image,0.747578501701355,0.1607160866260528,conch,mouse,whole_pup,WMPW025,1,1.0,162
epithelial cell.,34,train_mean,0.5074895620346069,0.1608473658561706,conch,mouse,whole_pup,WMPW025,1,1.0,162
erythroblast.,174,image,0.4064069986343384,0.2193664759397506,conch,mouse,whole_pup,WMPW025,1,1.0,162
erythroblast.,174,train_mean,0.0866800770163536,0.2163711786270141,conch,mouse,whole_pup,WMPW025,1,1.0,162
fibroblast of cardiac tissue.,62,image,0.803602933883667,0.2378242760896682,conch,mouse,whole_pup,WMPW025,1,1.0,162
fibroblast of cardiac tissue.,62,train_mean,0.6970307230949402,0.1416771560907364,conch,mouse,whole_pup,WMPW025,1,1.0,162
fibroblast.,285,image,0.8850187063217163,0.1648776531219482,conch,mouse,whole_pup,WMPW025,1,1.0,162
fibroblast.,285,train_mean,0.7978881001472473,0.1364063918590545,conch,mouse,whole_pup,WMPW025,1,1.0,162
glutamatergic neuron.,476,image,0.7470676302909851,0.1788224279880523,conch,mouse,whole_pup,WMPW025,1,1.0,162
glutamatergic neuron.,476,train_mean,0.1565728634595871,0.2505725622177124,conch,mouse,whole_pup,WMPW025,1,1.0,162
hepatoblast.,22,image,0.7395918369293213,0.2353662401437759,conch,mouse,whole_pup,WMPW025,1,1.0,162
hepatoblast.,22,train_mean,0.2156871855258941,0.1903066784143448,conch,mouse,whole_pup,WMPW025,1,1.0,162
hepatocyte.,181,image,0.7413327097892761,0.2356630265712738,conch,mouse,whole_pup,WMPW025,1,1.0,162
hepatocyte.,181,train_mean,0.1276407390832901,0.2028187811374664,conch,mouse,whole_pup,WMPW025,1,1.0,162
intestinal epithelial cell.,422,image,0.6157501339912415,0.2074351906776428,conch,mouse,whole_pup,WMPW025,1,1.0,162
intestinal epithelial cell.,422,train_mean,0.1816675066947937,0.1907625049352646,conch,mouse,whole_pup,WMPW025,1,1.0,162
macrophage.,97,image,0.4770443141460418,0.1968196928501129,conch,mouse,whole_pup,WMPW025,1,1.0,162
macrophage.,97,train_mean,0.3883426189422607,0.1765530556440353,conch,mouse,whole_pup,WMPW025,1,1.0,162
mammary alveolar cell.,48,image,0.8283527493476868,0.1612526923418045,conch,mouse,whole_pup,WMPW025,1,1.0,162
mammary alveolar cell.,48,train_mean,0.6685678362846375,0.1413181275129318,conch,mouse,whole_pup,WMPW025,1,1.0,162
mast cell.,29,image,0.4537568390369415,0.2442391216754913,conch,mouse,whole_pup,WMPW025,1,1.0,162
mast cell.,29,train_mean,0.3881978094577789,0.1848404854536056,conch,mouse,whole_pup,WMPW025,1,1.0,162
mesangial cell.,55,image,0.685456395149231,0.2587383985519409,conch,mouse,whole_pup,WMPW025,1,1.0,162
mesangial cell.,55,train_mean,0.7032443284988403,0.1621418446302414,conch,mouse,whole_pup,WMPW025,1,1.0,162
mesenchymal cell.,24,image,0.8282842636108398,0.2463201433420181,conch,mouse,whole_pup,WMPW025,1,1.0,162
mesenchymal cell.,24,train_mean,0.6947804689407349,0.1624990850687027,conch,mouse,whole_pup,WMPW025,1,1.0,162
myeloid cell.,83,image,0.4147686064243316,0.2078122347593307,conch,mouse,whole_pup,WMPW025,1,1.0,162
myeloid cell.,83,train_mean,0.3186898231506347,0.1806496530771255,conch,mouse,whole_pup,WMPW025,1,1.0,162
native cell.,130,image,0.4902903437614441,0.1940806955099105,conch,mouse,whole_pup,WMPW025,1,1.0,162
native cell.,130,train_mean,0.3656122386455536,0.1815819442272186,conch,mouse,whole_pup,WMPW025,1,1.0,162
neoplastic cell.,20,image,0.5411176085472107,0.2273047566413879,conch,mouse,whole_pup,WMPW025,1,1.0,162
neoplastic cell.,20,train_mean,0.0864414498209953,0.1972115337848663,conch,mouse,whole_pup,WMPW025,1,1.0,162
neutrophil.,20,image,0.4392170906066894,0.2000650018453598,conch,mouse,whole_pup,WMPW025,1,1.0,162
neutrophil.,20,train_mean,0.150970920920372,0.2012234032154083,conch,mouse,whole_pup,WMPW025,1,1.0,162
plasma cell.,31,image,0.6419188976287842,0.182149589061737,conch,mouse,whole_pup,WMPW025,1,1.0,162
plasma cell.,31,train_mean,0.5928438901901245,0.1775804013013839,conch,mouse,whole_pup,WMPW025,1,1.0,162
smooth muscle cell.,430,image,0.854214072227478,0.2393324375152588,conch,mouse,whole_pup,WMPW025,1,1.0,162
smooth muscle cell.,430,train_mean,0.5781925320625305,0.1675354689359665,conch,mouse,whole_pup,WMPW025,1,1.0,162
stromal cell.,3881,image,0.8624826073646545,0.1828893721103668,conch,mouse,whole_pup,WMPW025,1,1.0,162
stromal cell.,3881,train_mean,0.768107533454895,0.1470998674631118,conch,mouse,whole_pup,WMPW025,1,1.0,162
B cell.,25,image,0.5032244920730591,0.1884302943944931,conch,mouse,whole_pup,WMPW025,2,1.0,162
B cell.,25,train_mean,0.2160792499780655,0.189713716506958,conch,mouse,whole_pup,WMPW025,2,1.0,162
GABAergic neuron.,25,image,0.6676679849624634,0.1622654050588607,conch,mouse,whole_pup,WMPW025,2,1.0,162
GABAergic neuron.,25,train_mean,0.1438384354114532,0.2116615772247314,conch,mouse,whole_pup,WMPW025,2,1.0,162
astrocyte.,28,image,0.5454452633857727,0.2044463455677032,conch,mouse,whole_pup,WMPW025,2,1.0,162
astrocyte.,28,train_mean,0.2214720100164413,0.1878513693809509,conch,mouse,whole_pup,WMPW025,2,1.0,162
cardiac endothelial cell.,23,image,0.8953201770782471,0.2321963012218475,conch,mouse,whole_pup,WMPW025,2,1.0,162
cardiac endothelial cell.,23,train_mean,0.5598313212394714,0.2370203137397766,conch,mouse,whole_pup,WMPW025,2,1.0,162
cardiac muscle cell.,234,image,0.8637494444847107,0.2547061443328857,conch,mouse,whole_pup,WMPW025,2,1.0,162
cardiac muscle cell.,234,train_mean,0.4405009746551513,0.2396546304225921,conch,mouse,whole_pup,WMPW025,2,1.0,162
cardiac muscle myoblast.,275,image,0.8845404982566833,0.2339838147163391,conch,mouse,whole_pup,WMPW025,2,1.0,162
cardiac muscle myoblast.,275,train_mean,0.478108137845993,0.2687551975250244,conch,mouse,whole_pup,WMPW025,2,1.0,162
cell of skeletal muscle.,63,image,0.8876259922981262,0.2488388568162918,conch,mouse,whole_pup,WMPW025,2,1.0,162
cell of skeletal muscle.,63,train_mean,0.4682291746139526,0.2301815599203109,conch,mouse,whole_pup,WMPW025,2,1.0,162
cortical cell of adrenal gland.,86,image,0.6412674188613892,0.2795053422451019,conch,mouse,whole_pup,WMPW025,2,1.0,162
cortical cell of adrenal gland.,86,train_mean,0.4781458973884582,0.1933212727308273,conch,mouse,whole_pup,WMPW025,2,1.0,162
cultured cell.,242,image,0.7198653221130371,0.1618216931819915,conch,mouse,whole_pup,WMPW025,2,1.0,162
cultured cell.,242,train_mean,0.3633540570735931,0.1764684617519378,conch,mouse,whole_pup,WMPW025,2,1.0,162
endothelial cell of lymphatic vessel.,40,image,0.486449122428894,0.1560070365667343,conch,mouse,whole_pup,WMPW025,2,1.0,162
endothelial cell of lymphatic vessel.,40,train_mean,0.4995243847370147,0.1858866810798645,conch,mouse,whole_pup,WMPW025,2,1.0,162
endothelial cell of vascular tree.,1529,image,0.8112902641296387,0.1958235949277877,conch,mouse,whole_pup,WMPW025,2,1.0,162
endothelial cell of vascular tree.,1529,train_mean,0.8343279957771301,0.1314495503902435,conch,mouse,whole_pup,WMPW025,2,1.0,162
endothelial cell.,1436,image,0.7380962371826172,0.176873505115509,conch,mouse,whole_pup,WMPW025,2,1.0,162
endothelial cell.,1436,train_mean,0.6993504762649536,0.1411209851503372,conch,mouse,whole_pup,WMPW025,2,1.0,162
enterocyte.,25,image,0.4539338052272796,0.213958203792572,conch,mouse,whole_pup,WMPW025,2,1.0,162
enterocyte.,25,train_mean,0.0667898580431938,0.1958820521831512,conch,mouse,whole_pup,WMPW025,2,1.0,162
epithelial cell of lower respiratory tract.,1050,image,0.8533405065536499,0.1641347855329513,conch,mouse,whole_pup,WMPW025,2,1.0,162
epithelial cell of lower respiratory tract.,1050,train_mean,0.6301445960998535,0.1514280438423156,conch,mouse,whole_pup,WMPW025,2,1.0,162
epithelial cell of proximal tubule.,32,image,0.629469633102417,0.173339158296585,conch,mouse,whole_pup,WMPW025,2,1.0,162
epithelial cell of proximal tubule.,32,train_mean,0.4732964038848877,0.1702965646982193,conch,mouse,whole_pup,WMPW025,2,1.0,162
epithelial cell.,34,image,0.7509021759033203,0.1601629108190536,conch,mouse,whole_pup,WMPW025,2,1.0,162
epithelial cell.,34,train_mean,0.5074895620346069,0.1608473658561706,conch,mouse,whole_pup,WMPW025,2,1.0,162
erythroblast.,174,image,0.4042012393474579,0.2180011719465255,conch,mouse,whole_pup,WMPW025,2,1.0,162
erythroblast.,174,train_mean,0.0866800770163536,0.2163711786270141,conch,mouse,whole_pup,WMPW025,2,1.0,162
fibroblast of cardiac tissue.,62,image,0.8047595024108887,0.2362351715564727,conch,mouse,whole_pup,WMPW025,2,1.0,162
fibroblast of cardiac tissue.,62,train_mean,0.6970307230949402,0.1416771560907364,conch,mouse,whole_pup,WMPW025,2,1.0,162
fibroblast.,285,image,0.8861260414123535,0.1650718301534652,conch,mouse,whole_pup,WMPW025,2,1.0,162
fibroblast.,285,train_mean,0.7978881001472473,0.1364063918590545,conch,mouse,whole_pup,WMPW025,2,1.0,162
glutamatergic neuron.,476,image,0.7437273859977722,0.1787342578172683,conch,mouse,whole_pup,WMPW025,2,1.0,162
glutamatergic neuron.,476,train_mean,0.1565728634595871,0.2505725622177124,conch,mouse,whole_pup,WMPW025,2,1.0,162
hepatoblast.,22,image,0.7396568655967712,0.2327768504619598,conch,mouse,whole_pup,WMPW025,2,1.0,162
hepatoblast.,22,train_mean,0.2156871855258941,0.1903066784143448,conch,mouse,whole_pup,WMPW025,2,1.0,162
hepatocyte.,181,image,0.7394106984138489,0.2332482635974884,conch,mouse,whole_pup,WMPW025,2,1.0,162
hepatocyte.,181,train_mean,0.1276407390832901,0.2028187811374664,conch,mouse,whole_pup,WMPW025,2,1.0,162
intestinal epithelial cell.,422,image,0.612436830997467,0.2062480449676513,conch,mouse,whole_pup,WMPW025,2,1.0,162
intestinal epithelial cell.,422,train_mean,0.1816675066947937,0.1907625049352646,conch,mouse,whole_pup,WMPW025,2,1.0,162
macrophage.,97,image,0.4775616824626922,0.1964802145957946,conch,mouse,whole_pup,WMPW025,2,1.0,162
macrophage.,97,train_mean,0.3883426189422607,0.1765530556440353,conch,mouse,whole_pup,WMPW025,2,1.0,162
mammary alveolar cell.,48,image,0.8292129039764404,0.1617185175418853,conch,mouse,whole_pup,WMPW025,2,1.0,162
mammary alveolar cell.,48,train_mean,0.6685678362846375,0.1413181275129318,conch,mouse,whole_pup,WMPW025,2,1.0,162
mast cell.,29,image,0.4559556543827057,0.2461782842874527,conch,mouse,whole_pup,WMPW025,2,1.0,162
mast cell.,29,train_mean,0.3881978094577789,0.1848404854536056,conch,mouse,whole_pup,WMPW025,2,1.0,162
mesangial cell.,55,image,0.6852396130561829,0.2590900659561157,conch,mouse,whole_pup,WMPW025,2,1.0,162
mesangial cell.,55,train_mean,0.7032443284988403,0.1621418446302414,conch,mouse,whole_pup,WMPW025,2,1.0,162
mesenchymal cell.,24,image,0.8291304707527161,0.2419083714485168,conch,mouse,whole_pup,WMPW025,2,1.0,162
mesenchymal cell.,24,train_mean,0.6947804689407349,0.1624990850687027,conch,mouse,whole_pup,WMPW025,2,1.0,162
myeloid cell.,83,image,0.4174250066280365,0.206973984837532,conch,mouse,whole_pup,WMPW025,2,1.0,162
myeloid cell.,83,train_mean,0.3186898231506347,0.1806496530771255,conch,mouse,whole_pup,WMPW025,2,1.0,162
native cell.,130,image,0.4849529266357422,0.1927645653486251,conch,mouse,whole_pup,WMPW025,2,1.0,162
native cell.,130,train_mean,0.3656122386455536,0.1815819442272186,conch,mouse,whole_pup,WMPW025,2,1.0,162
neoplastic cell.,20,image,0.5383303165435791,0.2257176041603088,conch,mouse,whole_pup,WMPW025,2,1.0,162
neoplastic cell.,20,train_mean,0.0864414498209953,0.1972115337848663,conch,mouse,whole_pup,WMPW025,2,1.0,162
neutrophil.,20,image,0.4394928216934204,0.1996195316314697,conch,mouse,whole_pup,WMPW025,2,1.0,162
neutrophil.,20,train_mean,0.150970920920372,0.2012234032154083,conch,mouse,whole_pup,WMPW025,2,1.0,162
plasma cell.,31,image,0.6436598300933838,0.1812009364366531,conch,mouse,whole_pup,WMPW025,2,1.0,162
plasma cell.,31,train_mean,0.5928438901901245,0.1775804013013839,conch,mouse,whole_pup,WMPW025,2,1.0,162
smooth muscle cell.,430,image,0.8546515107154846,0.2380750477313995,conch,mouse,whole_pup,WMPW025,2,1.0,162
smooth muscle cell.,430,train_mean,0.5781925320625305,0.1675354689359665,conch,mouse,whole_pup,WMPW025,2,1.0,162
stromal cell.,3881,image,0.8651900887489319,0.1827079355716705,conch,mouse,whole_pup,WMPW025,2,1.0,162
stromal cell.,3881,train_mean,0.768107533454895,0.1470998674631118,conch,mouse,whole_pup,WMPW025,2,1.0,162
