sample,encoder,seed,split_axis,split_side,ratio,model,gene_set,n_train,n_test,n_genes,pearson_gene_macro,spearman_gene_macro,r2_gene_macro,rmse_log1p,mae_log1p,pearson_cell_macro,sensitivity_gene_macro,specificity_gene_macro,balanced_accuracy_gene_macro,f1_gene_macro,auprc_gene_macro
HHDX011,resnet50,0,x,high,0.05,train_mean,top50_hvg,446,2400,50,-8.443437401695064e-08,,-0.0137723508081035,0.4769745469093323,0.3565840125083923,0.7241367024307692,0.18,0.82,0.5,0.1447975962904332,0.3049083333333333
HHDX011,resnet50,0,x,high,0.05,train_mean,top200_hvg,446,2400,200,-1.5291717151422192e-08,,-0.0077031987188092,0.2756686508655548,0.1398294121026992,0.713001436457079,0.045,0.955,0.5,0.0361993990726083,0.1094583333333333
HHDX011,resnet50,0,x,high,0.05,train_mean,marker_hvg_overlap,446,2400,171,-1.5205129434549118e-07,,-0.008428082888979,0.2773587703704834,0.1387030184268951,0.731011248461801,0.0409356725146198,0.95906432748538,0.5,0.034069881841428,0.1072685185185185
HHDX011,resnet50,0,x,high,0.05,coordinate,top50_hvg,446,2400,50,0.0050173833570443,0.0045825600797751,-0.0904817843576893,0.5088410377502441,0.360087901353836,0.7193974623202036,0.2969785049950083,0.7100913505959952,0.5035349277955017,0.221250630156182,0.2978425187089226
HHDX011,resnet50,0,x,high,0.05,coordinate,top200_hvg,446,2400,200,0.0008809962550003,0.0009227861239181,-0.1052974245340738,0.2931374609470367,0.1490418910980224,0.7047105957981831,0.074244626248752,0.9275205524570428,0.5008825893528974,0.0553126575390455,0.1098457982691809
HHDX011,resnet50,0,x,high,0.05,coordinate,marker_hvg_overlap,446,2400,171,0.0012235474147784,0.0016292323140481,-0.1117204550901504,0.2959528863430023,0.1477975249290466,0.7235586251347765,0.0678854746113001,0.93313555131834,0.50051051296482,0.0516546495239898,0.1088004543290976
HHDX011,resnet50,0,x,high,0.05,image,top50_hvg,446,2400,50,0.1402200822718441,0.1262724800351985,-0.2159545383416116,0.4772806763648987,0.3506698310375213,0.6830758783495954,0.3220970018432071,0.7633603556680926,0.5427286787556498,0.3209191885335847,0.353156263059507
HHDX011,resnet50,0,x,high,0.05,image,top200_hvg,446,2400,200,0.0466746898807468,0.0403695597699015,-0.307655785116367,0.2857864201068878,0.1607792377471923,0.6623525927983388,0.0855094614538417,0.9383316707593432,0.5119205661065923,0.0879002717271845,0.1282888203665551
HHDX011,resnet50,0,x,high,0.05,image,marker_hvg_overlap,446,2400,171,0.0456563906457509,0.0385976952797468,-0.3147777200224455,0.2851406931877136,0.1595141589641571,0.6836244622312266,0.0822698299309089,0.940645189168035,0.5114575095494719,0.0852184638031181,0.1253508853370807
HHDX011,resnet50,0,x,high,0.05,spatial_knn,top50_hvg,446,2400,50,0.064995506813284,0.0465333505410842,-0.1027693827242183,0.4850600957870483,0.3424116969108581,0.708558271209328,0.2577870340234177,0.7458462848513383,0.501816659437378,0.2225977703936205,0.3209517303624738
HHDX011,resnet50,0,x,high,0.05,spatial_knn,top200_hvg,446,2400,200,0.0220097184947614,0.0152972525177055,-0.1443507806019988,0.2837143838405609,0.1354901641607284,0.6941526653264284,0.0645921073430637,0.9364077112487412,0.5004999092959025,0.0558981988173106,0.113828805676878
HHDX011,resnet50,0,x,high,0.05,spatial_knn,marker_hvg_overlap,446,2400,171,0.0238337650394166,0.0161833186312893,-0.1499324308542622,0.284207135438919,0.1351070404052734,0.7138662690006339,0.0618480809025187,0.9391157558355387,0.5004819183690288,0.0546209612501866,0.1116507519718225
HHDX011,resnet50,0,x,high,0.1,train_mean,top50_hvg,891,2400,50,-3.205458077459866e-07,,-0.0101898026008325,0.4758428931236267,0.3553203642368316,0.7249039692958331,0.18,0.82,0.5,0.1447975962904332,0.3049083333333333
HHDX011,resnet50,0,x,high,0.1,train_mean,top200_hvg,891,2400,200,-6.063950363843773e-08,,-0.0066652388341339,0.2751431763172149,0.1399115622043609,0.7138512073837597,0.045,0.955,0.5,0.0361993990726083,0.1094583333333333
HHDX011,resnet50,0,x,high,0.1,train_mean,marker_hvg_overlap,891,2400,171,-1.1835320888893108e-07,,-0.0074071270360747,0.2768012583255768,0.1386397033929824,0.7317854876044773,0.0409356725146198,0.95906432748538,0.5,0.034069881841428,0.1072685185185185
HHDX011,resnet50,0,x,high,0.1,coordinate,top50_hvg,891,2400,50,0.0466660354053601,0.0417373628633511,-0.0418850457808002,0.4786849915981293,0.3386310636997223,0.7189702528494492,0.2094599231654788,0.7997200003767042,0.5045899617710914,0.1849939914376043,0.3184421941518207
HHDX011,resnet50,0,x,high,0.1,coordinate,top200_hvg,891,2400,200,0.0171714369341498,0.0160181931137757,-0.050082947127812,0.2780417799949646,0.1359205842018127,0.7062481783422222,0.0523649807913697,0.9499300000941762,0.5011474904427728,0.046248497859401,0.1162221662835438
HHDX011,resnet50,0,x,high,0.1,coordinate,marker_hvg_overlap,891,2400,171,0.0193077426855465,0.0179021656961063,-0.0510594764331557,0.278953343629837,0.1336884647607803,0.7252193546724717,0.0450675157493407,0.957822492654375,0.5014450042018579,0.0417553702002206,0.1154256560747656
HHDX011,resnet50,0,x,high,0.1,image,top50_hvg,891,2400,50,0.1552344764769077,0.138128321977974,-0.1109803213458508,0.460846483707428,0.3361196517944336,0.6974232950555075,0.2656834080800333,0.8225461458778976,0.5441147769789654,0.2797404146257908,0.3574442175327522
HHDX011,resnet50,0,x,high,0.1,image,top200_hvg,891,2400,200,0.0525775779028117,0.0455919307114521,-0.1984555975242983,0.2751674354076385,0.1492823213338852,0.6779509026320393,0.0694103883939877,0.9547203103322824,0.5120653493631351,0.073994294634521,0.1299450486115694
HHDX011,resnet50,0,x,high,0.1,image,marker_hvg_overlap,891,2400,171,0.0525651934261114,0.0444673856639571,-0.2075310846455722,0.2753550410270691,0.1482425928115844,0.698387472274337,0.0677371204992121,0.9566930588760896,0.5122150896876508,0.0723469407302116,0.1274094891321372
HHDX011,resnet50,0,x,high,0.1,spatial_knn,top50_hvg,891,2400,50,0.0120158376218751,0.0107640166362764,-0.1190046327072195,0.4951678514480591,0.3438005745410919,0.703602552875451,0.200594449948115,0.8040273835167452,0.5023109167324301,0.1899782861879935,0.3104116842969781
HHDX011,resnet50,0,x,high,0.1,spatial_knn,top200_hvg,891,2400,200,0.0044153368698738,0.0033142701891297,-0.1523193631850881,0.2889151573181152,0.1369965523481369,0.6841931380565708,0.0502507759485672,0.9509198545783164,0.5005853152634419,0.0476638888682144,0.1113511256433413
HHDX011,resnet50,0,x,high,0.1,spatial_knn,marker_hvg_overlap,891,2400,171,0.0055575878679957,0.0039213867550395,-0.1606853045809099,0.2905716896057129,0.1368385255336761,0.7038656859543154,0.0467570639577653,0.9538390257254212,0.5002980448415933,0.0443988658942758,0.1092464817453624
HHDX011,resnet50,0,x,high,0.25,train_mean,top50_hvg,2228,2400,50,8.650379621318577e-07,,-0.0100237774595007,0.4760203957557678,0.3555259108543396,0.7248596582827279,0.18,0.82,0.5,0.1447975962904332,0.3049083333333333
HHDX011,resnet50,0,x,high,0.25,train_mean,top200_hvg,2228,2400,200,2.1000208361154907e-07,,-0.0052318983378859,0.2751904129981994,0.1392858177423477,0.7138073350264393,0.045,0.955,0.5,0.0361993990726083,0.1094583333333333
HHDX011,resnet50,0,x,high,0.25,train_mean,marker_hvg_overlap,2228,2400,171,1.9472055878103569e-07,,-0.0058098837744209,0.2768726646900177,0.1380525827407837,0.7316778502963184,0.0409356725146198,0.95906432748538,0.5,0.034069881841428,0.1072685185185185
HHDX011,resnet50,0,x,high,0.25,coordinate,top50_hvg,2228,2400,50,0.0608840172580676,0.0516622387842503,-0.0383574178069829,0.4777277112007141,0.3557674884796142,0.7229888587981567,0.2482959975067617,0.7643407888163111,0.5063183931615363,0.2063189648158393,0.322421146565971
HHDX011,resnet50,0,x,high,0.25,coordinate,top200_hvg,2228,2400,200,0.0211512697612852,0.0191283644032302,-0.0323416058052134,0.2768679559230804,0.1394769251346588,0.7107325506899034,0.0620739993766904,0.9410851972040776,0.501579598290384,0.0515797412039598,0.117162859415954
HHDX011,resnet50,0,x,high,0.25,coordinate,marker_hvg_overlap,2228,2400,171,0.0210314865890132,0.0186444236756004,-0.034443812811242,0.2784364521503448,0.1391547620296478,0.7290146429563383,0.057877598706925,0.9456883392868604,0.5017829689968928,0.0495787438610171,0.1149088429718883
HHDX011,resnet50,0,x,high,0.25,image,top50_hvg,2228,2400,50,0.1821030065417289,0.1637263388395386,-0.0138788276258856,0.4385407269001007,0.3211733400821686,0.7229551479103486,0.2631308761144481,0.8219454133679488,0.5425381447411985,0.2716124865905271,0.3672374921836089
HHDX011,resnet50,0,x,high,0.25,image,top200_hvg,2228,2400,200,0.0674683820974314,0.0600779171776638,-0.0777244917536154,0.2618607878684997,0.1366212964057922,0.706223019559573,0.0690731639446215,0.9551470352799282,0.5121100996122749,0.0714149370723143,0.1345539769899948
HHDX011,resnet50,0,x,high,0.25,image,marker_hvg_overlap,2228,2400,171,0.0671684727738529,0.0590387278843051,-0.0812679281872179,0.2611654698848724,0.1354586780071258,0.7261160757517566,0.0678369223748921,0.957153734004828,0.51249532818986,0.0708008916231321,0.1317658475350984
HHDX011,resnet50,0,x,high,0.25,spatial_knn,top50_hvg,2228,2400,50,0.0298554106557276,0.0224440685766623,-0.1397679508663714,0.497813880443573,0.3554388284683227,0.6967533180738288,0.2356916292317446,0.7737825487573131,0.5047370889945288,0.2221158731451039,0.3156361949181068
HHDX011,resnet50,0,x,high,0.25,spatial_knn,top200_hvg,2228,2400,200,0.0079530596127909,0.0057551026968183,-0.1526119211444165,0.2897252738475799,0.1385836601257324,0.6794753464825964,0.0598311450358766,0.9426491551133698,0.5012401500746233,0.0564086770211606,0.1126958169498692
HHDX011,resnet50,0,x,high,0.25,spatial_knn,marker_hvg_overlap,2228,2400,171,0.0075560054005902,0.0056989966050331,-0.1563387159135584,0.2913268208503723,0.1394711285829544,0.7003170457438689,0.0589544806403967,0.9433708844573768,0.5011626825488869,0.0569949274228238,0.1104442371458384
HHDX011,resnet50,0,x,high,1.0,train_mean,top50_hvg,8912,2400,50,-3.8881988952965683e-07,,-0.0086251411237753,0.4756816029548645,0.3542315065860748,0.7250876500095869,0.18,0.82,0.5,0.1447975962904332,0.3049083333333333
HHDX011,resnet50,0,x,high,1.0,train_mean,top200_hvg,8912,2400,200,-1.1830372087295874e-07,,-0.0043196214696001,0.2750072479248047,0.1387629210948944,0.7141314302068481,0.045,0.955,0.5,0.0361993990726083,0.1094583333333333
HHDX011,resnet50,0,x,high,1.0,train_mean,marker_hvg_overlap,8912,2400,171,-1.34366718879347e-07,,-0.0048221967483987,0.2766627073287964,0.1374684423208236,0.7320389627393573,0.0409356725146198,0.95906432748538,0.5,0.034069881841428,0.1072685185185185
HHDX011,resnet50,0,x,high,1.0,coordinate,top50_hvg,8912,2400,50,0.0584959296351007,0.0506605736672947,-0.018189150491089,0.4779948890209198,0.3454809486865997,0.7234225395583395,0.219900043909285,0.7945789339705694,0.5072394889399272,0.1875333211191376,0.3257401197561799
HHDX011,resnet50,0,x,high,1.0,coordinate,top200_hvg,8912,2400,200,0.0200903349019972,0.0167834142088031,-0.0165456708046986,0.2764813005924225,0.1337402015924453,0.7116025687373774,0.0549750109773212,0.9486447334926424,0.5018098722349819,0.0468833302797844,0.1178005686167579
HHDX011,resnet50,0,x,high,1.0,coordinate,marker_hvg_overlap,8912,2400,171,0.0199533043538948,0.0163327004296711,-0.0175930305414905,0.2782763540744781,0.1321878731250763,0.7298237979169253,0.0513827498468589,0.952536836283264,0.5019597930650616,0.0447443948158745,0.1154702324694149
HHDX011,resnet50,0,x,high,1.0,image,top50_hvg,8912,2400,50,0.2105988236609846,0.1901257837685198,0.0410877370624803,0.4267565011978149,0.3135186433792114,0.7342427311628584,0.2485275972933452,0.8425824406711014,0.5455550189822234,0.2555447222659244,0.3788165846925972
HHDX011,resnet50,0,x,high,1.0,image,top200_hvg,8912,2400,200,0.0855248090418172,0.0753584474697364,-0.01239242456184,0.2547591626644134,0.1291666328907013,0.7197744180048722,0.064995333276678,0.9605290609633236,0.5127621971200008,0.0672447630692496,0.1413415778272538
HHDX011,resnet50,0,x,high,1.0,image,marker_hvg_overlap,8912,2400,171,0.0839674693797115,0.0726756967638496,-0.0142830955712206,0.2540555894374847,0.1278146356344223,0.7381886862201853,0.0628516700425989,0.9628024401058888,0.5128270550742438,0.0658379095051334,0.1380506767958956
HHDX011,resnet50,0,x,high,1.0,spatial_knn,top50_hvg,8912,2400,50,-0.0024943807069212,-0.0057187004503245,-0.2196212741732597,0.5314375758171082,0.3580845892429352,0.6744344391435938,0.2346985735132317,0.762340697732717,0.4985196356229743,0.2249108682401323,0.3070724927055227
HHDX011,resnet50,0,x,high,1.0,spatial_knn,top200_hvg,8912,2400,200,-0.0029768512902766,-0.0033581730233272,-0.154898145836778,0.3038350343704223,0.1368006616830825,0.664236575295201,0.0595252839848499,0.939959337109851,0.4997423105473505,0.0575312938222408,0.1103314511861858
HHDX011,resnet50,0,x,high,1.0,spatial_knn,marker_hvg_overlap,8912,2400,171,-0.0032251914429744,-0.0032416879968506,-0.158641860754997,0.3069269955158233,0.1366091519594192,0.6844200578668774,0.0596367308877473,0.9397893969429636,0.4997130639153556,0.0575401109699126,0.1081626447882004
HHDX011,resnet50,1,y,high,0.05,train_mean,top50_hvg,447,2400,50,2.917890419951164e-07,,-0.1031420266321219,0.5923330187797546,0.4066446423530578,0.444589274109274,0.18,0.82,0.5,0.1210999915740229,0.2861083333333333
HHDX011,resnet50,1,y,high,0.05,train_mean,top200_hvg,447,2400,200,6.333692379110682e-08,,-0.035399383910194,0.3430512249469757,0.1587852537631988,0.4750922027758153,0.045,0.955,0.5,0.0302749978935057,0.1162083333333333
HHDX011,resnet50,1,y,high,0.05,train_mean,marker_hvg_overlap,447,2400,170,6.175761444644136e-08,,-0.0373151930191852,0.3523688614368438,0.1602640300989151,0.48577642211063,0.0411764705882352,0.9588235294117649,0.5,0.0281657714983354,0.1163480392156862
HHDX011,resnet50,1,y,high,0.05,coordinate,top50_hvg,447,2400,50,-0.0371863234008196,-0.0385819468481245,-0.2305924167437479,0.6473962068557739,0.4272196888923645,0.4270328235350895,0.3040351418608261,0.6929630053312741,0.4984990735960501,0.1808856283814444,0.2720791559875615
HHDX011,resnet50,1,y,high,0.05,coordinate,top200_hvg,447,2400,200,-0.014604853435733,-0.0151759361608337,-0.104762513172609,0.3690041601657867,0.1689120531082153,0.4585074982780794,0.0763121562517233,0.922522081256092,0.4994171187539078,0.0455799728324128,0.1141969163103254
HHDX011,resnet50,1,y,high,0.05,coordinate,marker_hvg_overlap,447,2400,170,-0.0144518714249354,-0.0144957811611029,-0.1028449141155065,0.3796437978744507,0.1682033389806747,0.468854973517952,0.0601837761539035,0.9388812486232536,0.4995325123885786,0.0387538405445188,0.1144761839918314
HHDX011,resnet50,1,y,high,0.05,image,top50_hvg,447,2400,50,0.1458718778402544,0.1479352289485029,-0.2218821349740028,0.5288162231445312,0.3805996179580688,0.4243467181754987,0.2946710568541447,0.7842824664310742,0.5394767616426095,0.2893799646073077,0.3505971097000135
HHDX011,resnet50,1,y,high,0.05,image,top200_hvg,447,2400,200,0.0461021966340246,0.0467715514880969,-0.2757351098884828,0.3262002766132355,0.1803393512964248,0.4378399428080876,0.0793380660428563,0.9418332768290542,0.5105856714359552,0.0815029769510138,0.1382524160698662
HHDX011,resnet50,1,y,high,0.05,image,marker_hvg_overlap,447,2400,170,0.0459896962800904,0.0462594123385667,-0.2699098412084448,0.3297334313392639,0.1817214339971542,0.4513778007251088,0.0802467685869239,0.9400493603786316,0.5101480644827779,0.0811015726141143,0.1376363649863074
HHDX011,resnet50,1,y,high,0.05,spatial_knn,top50_hvg,447,2400,50,0.0086318272362404,0.0054138997696093,-0.2599032650142908,0.6442622542381287,0.4197500348091125,0.4316862243480693,0.263755861971795,0.739244650556278,0.5015002562640366,0.2059737881847706,0.291481389172034
HHDX011,resnet50,1,y,high,0.05,spatial_knn,top200_hvg,447,2400,200,0.0103461512704831,0.0084923248077647,-0.1406043062801472,0.3687854409217834,0.1628346145153045,0.4588818615208891,0.0673418918435721,0.9335248453731656,0.5004333686083688,0.0530472512072257,0.1195715095171505
HHDX011,resnet50,1,y,high,0.05,spatial_knn,marker_hvg_overlap,447,2400,170,0.0085604479456045,0.0067370701865353,-0.1416572554886122,0.3789474070072174,0.1634383797645568,0.4707103501067359,0.0584693467410254,0.9419835405569412,0.5002264436489833,0.0479649889511714,0.1190910490974265
HHDX011,resnet50,1,y,high,0.1,train_mean,top50_hvg,895,2400,50,-4.329276734293272e-07,,-0.1059438497707015,0.5952413082122803,0.4093342423439026,0.4455920243536445,0.2,0.8,0.5,0.1303110242873007,0.2861083333333333
HHDX011,resnet50,1,y,high,0.1,train_mean,top200_hvg,895,2400,200,-9.580631096346393e-08,,-0.0348860207257621,0.3442979753017425,0.1593353897333145,0.4759271846006722,0.05,0.95,0.5,0.0325777560718251,0.1162083333333333
HHDX011,resnet50,1,y,high,0.1,train_mean,marker_hvg_overlap,895,2400,170,-3.0154404711639035e-08,,-0.0376609854383787,0.3539723455905914,0.1610835045576095,0.4861751829817795,0.0470588235294117,0.9529411764705882,0.5,0.0308748987669466,0.1163480392156862
HHDX011,resnet50,1,y,high,0.1,coordinate,top50_hvg,895,2400,50,-0.1166933863330632,-0.1171231566198331,-0.2774458093888824,0.6619228720664978,0.4547191262245178,0.4395614900785765,0.3052187303975123,0.6800672549525675,0.4926429926750398,0.1866744167002055,0.2485485115833999
HHDX011,resnet50,1,y,high,0.1,coordinate,top200_hvg,895,2400,200,-0.0381757911934105,-0.0387454877258345,-0.1031877174512192,0.3746144473552704,0.1790252476930618,0.4725506358405653,0.0763271545094904,0.919876148776505,0.4981016516429977,0.0467084448125015,0.107755794899655
HHDX011,resnet50,1,y,high,0.1,coordinate,marker_hvg_overlap,895,2400,170,-0.0341231262868617,-0.0348569820898588,-0.09720227661772,0.3830352127552032,0.1787118911743164,0.4822848656869537,0.0681322752811702,0.9305063472348676,0.4993193112580189,0.0426011542546234,0.1090550067783456
HHDX011,resnet50,1,y,high,0.1,image,top50_hvg,895,2400,50,0.163024864194449,0.1697045428050311,-0.1129718710761517,0.5039396286010742,0.3643801510334015,0.4654890935529041,0.2977165389609171,0.7865789047932313,0.5421477218770743,0.2898298120453408,0.3569419330900769
HHDX011,resnet50,1,y,high,0.1,image,top200_hvg,895,2400,200,0.0543909646446662,0.0565267132482012,-0.1591684950049966,0.3118038773536682,0.1682610511779785,0.4742512690324088,0.0765566004482056,0.9445871125391192,0.5105718564936624,0.0761118707157739,0.1404327119958202
HHDX011,resnet50,1,y,high,0.1,image,marker_hvg_overlap,895,2400,170,0.055014389091772,0.0565795339781415,-0.1568234538714237,0.3149648904800415,0.1698869466781616,0.4834213058142289,0.0767530846865292,0.9434197169896902,0.5100864008381097,0.0752522516970044,0.1393777709985586
HHDX011,resnet50,1,y,high,0.1,spatial_knn,top50_hvg,895,2400,50,0.006905203894712,0.0054730459341094,-0.2410999921709299,0.6321285367012024,0.4255121052265167,0.4344203215009374,0.2722658041919016,0.730240333722252,0.5012530689570768,0.2213708497410783,0.2915033245517599
HHDX011,resnet50,1,y,high,0.1,spatial_knn,top200_hvg,895,2400,200,0.0011426969226256,0.0002291199369157,-0.1425966131803579,0.3641272783279419,0.1652020066976547,0.4618349454890341,0.0691949787672706,0.931192399453983,0.5001936891106269,0.0567783829837725,0.1181777501782816
HHDX011,resnet50,1,y,high,0.1,spatial_knn,marker_hvg_overlap,895,2400,170,0.001008628582562,0.0002276307327868,-0.1401560923933763,0.3729073107242584,0.165858507156372,0.4745303789672827,0.0632109721404508,0.9379972014832096,0.5006040868118302,0.0525719556107949,0.1183318841289958
HHDX011,resnet50,1,y,high,0.25,train_mean,top50_hvg,2237,2400,50,-4.08612421196608e-07,,-0.0916673749608162,0.5874961614608765,0.4034759104251861,0.4474776723713197,0.18,0.82,0.5,0.1210999915740229,0.2861083333333333
HHDX011,resnet50,1,y,high,0.25,train_mean,top200_hvg,2237,2400,200,-1.355088770027546e-07,,-0.0305491050888213,0.340872049331665,0.1575439274311065,0.4770860140124994,0.045,0.955,0.5,0.0302749978935057,0.1162083333333333
HHDX011,resnet50,1,y,high,0.25,train_mean,marker_hvg_overlap,2237,2400,170,-1.3559346661290765e-07,,-0.0326855279363585,0.3500197529792785,0.1593561470508575,0.4875561168140338,0.0411764705882352,0.9588235294117649,0.5,0.0281657714983354,0.1163480392156862
HHDX011,resnet50,1,y,high,0.25,coordinate,top50_hvg,2237,2400,50,-0.099160010414198,-0.1017353016318107,-0.2080599275231361,0.643487811088562,0.4346476793289184,0.4390976552335685,0.2652853485427753,0.7191184164853689,0.4922018825140721,0.1685387993124602,0.2521406243314902
HHDX011,resnet50,1,y,high,0.25,coordinate,top200_hvg,2237,2400,200,-0.0289257272879331,-0.0296190987162604,-0.1090043373042863,0.3665270805358886,0.1731866151094436,0.4690856702484677,0.06633257309075,0.9296568419730046,0.4979947075318773,0.0421549427430948,0.109810412391024
HHDX011,resnet50,1,y,high,0.25,coordinate,marker_hvg_overlap,2237,2400,170,-0.0287148393593858,-0.0290520377621859,-0.0965882835622966,0.376873254776001,0.1727844625711441,0.4790242601357599,0.0552606072626617,0.941176900102064,0.4982187536823629,0.0372518441839456,0.1102481868974701
HHDX011,resnet50,1,y,high,0.25,image,top50_hvg,2237,2400,50,0.1916792580299079,0.1978857220434628,-0.0111745002050884,0.4802394211292267,0.3403038382530212,0.495648845609357,0.2525035360315146,0.8409893426501753,0.546746439340845,0.2551933384580221,0.3739026070809854
HHDX011,resnet50,1,y,high,0.25,image,top200_hvg,2237,2400,200,0.0714548113662749,0.0735091711707446,-0.0734186284214956,0.2980461418628692,0.1532222479581833,0.504092752912837,0.0641885025182812,0.9597846919033262,0.5119865972108038,0.0653973775462551,0.1475210832981615
HHDX011,resnet50,1,y,high,0.25,image,marker_hvg_overlap,2237,2400,170,0.0706724691848434,0.0722344328161338,-0.0648596015368478,0.3011604249477386,0.1548290103673935,0.5122009034637871,0.0632953385065605,0.9593878771551176,0.511341607830839,0.0638400465345061,0.1461002765308552
HHDX011,resnet50,1,y,high,0.25,spatial_knn,top50_hvg,2237,2400,50,-0.0042111286474391,-0.0081317509455022,-0.2240700984001159,0.6346858143806458,0.4173030853271484,0.4330542017596416,0.2547274211400669,0.7448085133046699,0.4997679672223684,0.2175118155854843,0.2866951197971004
HHDX011,resnet50,1,y,high,0.25,spatial_knn,top200_hvg,2237,2400,200,-0.002618167044954,-0.0028937565401104,-0.2339968529203906,0.3661408722400665,0.162177175283432,0.4576689576274232,0.0658961612102456,0.9345628146706058,0.5002294879404258,0.0561873668283712,0.1168871027480463
HHDX011,resnet50,1,y,high,0.25,spatial_knn,marker_hvg_overlap,2237,2400,170,-0.0020997285753,-0.0023339391952584,-0.1979232365210705,0.3758132457733154,0.1632247120141983,0.4693472385651587,0.0619513015379019,0.9388727586070325,0.5004120300724673,0.0529534896205943,0.117001400943925
HHDX011,resnet50,1,y,high,1.0,train_mean,top50_hvg,8948,2400,50,8.572514751037375e-07,,-0.0970968907089172,0.5906395316123962,0.4066059291362762,0.4468192111681907,0.18,0.82,0.5,0.1210999915740229,0.2861083333333333
HHDX011,resnet50,1,y,high,1.0,train_mean,top200_hvg,8948,2400,200,2.446010019829803e-07,,-0.0315593595694167,0.3421954810619354,0.1587889343500137,0.4769829120017035,0.045,0.955,0.5,0.0302749978935057,0.1162083333333333
HHDX011,resnet50,1,y,high,1.0,train_mean,marker_hvg_overlap,8948,2400,170,2.707534308610913e-07,,-0.0337256107205682,0.3514973819255829,0.1605189442634582,0.4874114817938362,0.0411764705882352,0.9588235294117649,0.5,0.0281657714983354,0.1163480392156862
HHDX011,resnet50,1,y,high,1.0,coordinate,top50_hvg,8948,2400,50,-0.1260577988997101,-0.1268514065001241,-0.2903115339763462,0.6641568541526794,0.4601915180683136,0.436291524281988,0.3254025275842812,0.6615821576299317,0.4934923426071064,0.1952265590325032,0.2456612483636228
HHDX011,resnet50,1,y,high,1.0,coordinate,top200_hvg,8948,2400,200,-0.0397021415020572,-0.039836914581445,-0.1090462879607093,0.375174731016159,0.184133768081665,0.4707717713355716,0.0813506318960703,0.9153597337808844,0.4983551828384774,0.0488066397581258,0.1066350370151803
HHDX011,resnet50,1,y,high,1.0,coordinate,marker_hvg_overlap,8948,2400,170,-0.0379134409102227,-0.0377418570158353,-0.1001274923005279,0.385698914527893,0.1842126846313476,0.4800248205580657,0.0712558816069998,0.9259122384814946,0.4985840600442473,0.0442250937915705,0.1072924504777891
HHDX011,resnet50,1,y,high,1.0,image,top50_hvg,8948,2400,50,0.2277828149072593,0.2308150339550934,0.0350387857318855,0.4690687954425812,0.3330486118793487,0.5061681941036812,0.2439970911559829,0.859980666919786,0.5519888790378845,0.2444826948922726,0.3928306450823751
HHDX011,resnet50,1,y,high,1.0,image,top200_hvg,8948,2400,200,0.0903577613972424,0.0912920055123759,-0.0163905242602049,0.2914688885211944,0.1454580575227737,0.5174401926157357,0.0612072150568119,0.9648061167102112,0.5130066658835117,0.0614607773530276,0.1556901191769734
HHDX011,resnet50,1,y,high,1.0,image,marker_hvg_overlap,8948,2400,170,0.089015075650238,0.0894006299566628,-0.0117817700051305,0.2947777211666107,0.147409901022911,0.5249979214609213,0.0605515816987526,0.9641076886350448,0.5123296351668987,0.0600933764173895,0.1536445357044332
HHDX011,resnet50,1,y,high,1.0,spatial_knn,top50_hvg,8948,2400,50,0.0012420580186881,-0.001566619523266,-0.2938928591459989,0.6431277990341187,0.4238843023777008,0.4222413635250928,0.2757193622174043,0.7286529662056916,0.5021861642115479,0.2360756377360723,0.2876955172440219
HHDX011,resnet50,1,y,high,1.0,spatial_knn,top200_hvg,8948,2400,200,-0.0001148162119352,-0.0002169655699945,-0.3813824358209967,0.3713981807231903,0.1672087460756302,0.4483592298232763,0.0712930144258006,0.9296908728004512,0.5004919436131259,0.0620286205594517,0.11745100636419
HHDX011,resnet50,1,y,high,1.0,spatial_knn,marker_hvg_overlap,8948,2400,170,0.0007477108716985,0.0002809488882712,-0.2885857653749339,0.3789353370666504,0.1677907109260559,0.4616163953182277,0.0660904607132023,0.9350585932870488,0.5005745270001256,0.0585760235607918,0.117586198481293
HHDX011,resnet50,2,x,low,0.05,train_mean,top50_hvg,446,2400,50,-1.0633497457490649e-06,,-0.0090096182149272,0.5014491677284241,0.3646308481693268,0.6752747853066391,0.18,0.82,0.5,0.1451177623665971,0.3205916666666667
HHDX011,resnet50,2,x,low,0.05,train_mean,top200_hvg,446,2400,200,-2.5904257448639e-07,,-0.004847139591109,0.2950272560119629,0.1443876773118972,0.6807492775014786,0.045,0.955,0.5,0.0362794405916492,0.11976875
HHDX011,resnet50,2,x,low,0.05,train_mean,marker_hvg_overlap,446,2400,169,-3.0231914833729705e-07,,-0.0048632435176193,0.2990195751190185,0.1446032673120498,0.6965126451731097,0.0414201183431952,0.9585798816568049,0.5,0.0343864848350801,0.1190532544378698
HHDX011,resnet50,2,x,low,0.05,coordinate,top50_hvg,446,2400,50,0.1067652428848669,0.0875791559508093,-0.0011309848877135,0.491321861743927,0.3723190724849701,0.6828677661666673,0.2426335997935579,0.7748560621146029,0.5087448309540804,0.1988716006043639,0.3561349972630874
HHDX011,resnet50,2,x,low,0.05,coordinate,top200_hvg,446,2400,200,0.0495228508986474,0.0405623513180835,-0.020755136785865,0.2915222644805908,0.1526990830898285,0.6844564306508012,0.0606583999483894,0.9437140155286506,0.5021862077385201,0.0497179001510909,0.1415432470902062
HHDX011,resnet50,2,x,low,0.05,coordinate,marker_hvg_overlap,446,2400,169,0.0493143692787615,0.0390299569013565,-0.0207551187043587,0.2949674427509308,0.1532875746488571,0.6996590212358084,0.0599633410388771,0.9451817638194512,0.5025725524291641,0.0502877956747806,0.1410909760984464
HHDX011,resnet50,2,x,low,0.05,image,top50_hvg,446,2400,50,0.1483893687650561,0.1369486400204932,-0.1335943979863077,0.4867171943187713,0.3570127189159393,0.66464263381602,0.318956042429093,0.7740569748350228,0.5465065086320579,0.3271521460759755,0.370385952069691
HHDX011,resnet50,2,x,low,0.05,image,top200_hvg,446,2400,200,0.0540432340031839,0.0499626060160124,-0.2041126165934838,0.297288566827774,0.1650533378124237,0.6526615898482365,0.0846844825607879,0.9409235011550048,0.5128039918578965,0.0896952445802565,0.1417221020212931
HHDX011,resnet50,2,x,low,0.05,image,marker_hvg_overlap,446,2400,169,0.0557511303489118,0.0507699399233599,-0.1990071053054602,0.2983019351959228,0.1643857657909393,0.6715877901764179,0.0817106777403674,0.9441689458929894,0.5129398118166785,0.0874756760862814,0.1412364168113398
HHDX011,resnet50,2,x,low,0.05,spatial_knn,top50_hvg,446,2400,50,0.0562143268482759,0.0461059650051805,-0.1102571299485862,0.516560435295105,0.3835023939609527,0.6617501967570327,0.3475381846538116,0.6768124111720948,0.5121752979129532,0.2933254598252104,0.3395032819217329
HHDX011,resnet50,2,x,low,0.05,spatial_knn,top200_hvg,446,2400,200,0.0215338006699987,0.0173842660513296,-0.1268864088482223,0.3068994581699371,0.1569630205631256,0.6632550321843398,0.0883063166215074,0.917435703682254,0.5028710101518807,0.0744249326405992,0.1256495702360344
HHDX011,resnet50,2,x,low,0.05,spatial_knn,marker_hvg_overlap,446,2400,169,0.0224339268748245,0.0176683108456229,-0.1242972215880039,0.3105312287807464,0.157287985086441,0.680940002545946,0.0898091531369916,0.9159435986085304,0.502876375872761,0.0743080827585905,0.1248555368664821
HHDX011,resnet50,2,x,low,0.1,train_mean,top50_hvg,893,2400,50,-4.667452340711975e-07,,-0.0032552717557564,0.5002036690711975,0.3661065697669983,0.6761416054286095,0.18,0.82,0.5,0.1451177623665971,0.3205916666666667
HHDX011,resnet50,2,x,low,0.1,train_mean,top200_hvg,893,2400,200,-8.739546433763486e-08,,-0.0027746046592562,0.2944451570510864,0.145480141043663,0.6815066571857581,0.045,0.955,0.5,0.0362794405916492,0.11976875
HHDX011,resnet50,2,x,low,0.1,train_mean,marker_hvg_overlap,893,2400,169,-1.7683672401612294e-07,,-0.002779609145053,0.2984665036201477,0.1460421830415725,0.6971776944652326,0.0414201183431952,0.9585798816568049,0.5,0.0343864848350801,0.1190532544378698
HHDX011,resnet50,2,x,low,0.1,coordinate,top50_hvg,893,2400,50,0.1309780823905021,0.102809178002748,0.0091911082732258,0.4866219758987427,0.3593497574329376,0.6851945894677677,0.252608315846896,0.7733621150188946,0.5129852154328954,0.2090525182789366,0.3617436049695929
HHDX011,resnet50,2,x,low,0.1,coordinate,top200_hvg,893,2400,200,0.0664299356335686,0.0535519629998774,-0.0123501624281016,0.2891892492771148,0.146076500415802,0.6873858523867117,0.063152078961724,0.9433405287547236,0.5032463038582238,0.0522631295697341,0.1465928499727487
HHDX011,resnet50,2,x,low,0.1,coordinate,marker_hvg_overlap,893,2400,169,0.0683534845738904,0.0539071851009581,-0.012866552862384,0.2925802171230316,0.147098496556282,0.7028311229054209,0.0636057517582332,0.9437993974146798,0.5037025745864566,0.0534301797308664,0.1468298543806298
HHDX011,resnet50,2,x,low,0.1,image,top50_hvg,893,2400,50,0.1755796224623918,0.1651897521540244,-0.0390661939047276,0.4665470421314239,0.3454793393611908,0.6888522446053199,0.3242408483399582,0.7782134193575037,0.5512271338487309,0.3278930266286358,0.3829776463028371
HHDX011,resnet50,2,x,low,0.1,image,top200_hvg,893,2400,200,0.0686475707664067,0.0627510623464455,-0.1231861180765554,0.2850461602210998,0.1542071551084518,0.6793356513350348,0.0830648390823042,0.9436759491300788,0.5133703941061916,0.0855902283271651,0.1474938625262098
HHDX011,resnet50,2,x,low,0.1,image,marker_hvg_overlap,893,2400,169,0.0699245585850233,0.0624175881101533,-0.1166538389223302,0.2861905395984649,0.1540107280015945,0.696558977875975,0.0815326333736155,0.9453251729207364,0.5134289031471759,0.0843014192401157,0.1468819155928291
HHDX011,resnet50,2,x,low,0.1,spatial_knn,top50_hvg,893,2400,50,0.1075506338686682,0.0935229096951901,-0.0726823186990805,0.5040416121482849,0.3623005151748657,0.6716565058150931,0.3061468127919401,0.7321373213223468,0.5191420670571435,0.2796093578198046,0.3545088702060741
HHDX011,resnet50,2,x,low,0.1,spatial_knn,top200_hvg,893,2400,200,0.0476088440509989,0.0426305339188472,-0.1084108596405712,0.3001917600631714,0.1466151922941208,0.6701930834743325,0.0775516604629423,0.9323642507569264,0.5049579556099343,0.071040515211902,0.1334279445872976
HHDX011,resnet50,2,x,low,0.1,spatial_knn,marker_hvg_overlap,893,2400,169,0.0481841989731529,0.0423430234951631,-0.1118645223970773,0.3030853867530823,0.1474680304527282,0.6873467734183456,0.0774349312213977,0.9334781722351276,0.5054565517282626,0.070683918396649,0.1335562058583901
HHDX011,resnet50,2,x,low,0.25,train_mean,top50_hvg,2232,2400,50,9.683686316819265e-07,,-0.0041577308224987,0.5003527998924255,0.3654287457466125,0.6756960703631921,0.18,0.82,0.5,0.1451177623665971,0.3205916666666667
HHDX011,resnet50,2,x,low,0.25,train_mean,top200_hvg,2232,2400,200,2.7298917801621416e-07,,-0.0028510957535729,0.2945187091827392,0.1446079760789871,0.6812647020868584,0.045,0.955,0.5,0.0362794405916492,0.11976875
HHDX011,resnet50,2,x,low,0.25,train_mean,marker_hvg_overlap,2232,2400,169,3.1044347405965724e-07,,-0.0028889216486258,0.2985590398311615,0.1451173573732376,0.6969654196534733,0.0414201183431952,0.9585798816568049,0.5,0.0343864848350801,0.1190532544378698
HHDX011,resnet50,2,x,low,0.25,coordinate,top50_hvg,2232,2400,50,0.1213915012637153,0.0970168345084106,-0.0004568527423543,0.4933434128761291,0.3591283559799194,0.6863691905101162,0.2388332088616964,0.7846593495559943,0.5117462792088453,0.1982256284900812,0.3613082237567795
HHDX011,resnet50,2,x,low,0.25,coordinate,top200_hvg,2232,2400,200,0.0666891007029335,0.0534002474882693,-0.0064237935857568,0.2915209531784057,0.1466367989778518,0.6890402797000328,0.0597083022154241,0.9461648373889986,0.5029365698022112,0.0495564071225203,0.1437718108898697
HHDX011,resnet50,2,x,low,0.25,coordinate,marker_hvg_overlap,2232,2400,169,0.0679757107106401,0.0539152608290157,-0.0065794846660758,0.2952070832252502,0.1474125981330871,0.7043185381344665,0.0590997696823231,0.9475899189600832,0.5033448443212033,0.0499701437111091,0.1436128501173914
HHDX011,resnet50,2,x,low,0.25,image,top50_hvg,2232,2400,50,0.2059867059811949,0.1912171970542247,0.034929221371276,0.448727011680603,0.3311059474945068,0.7042040304451965,0.2909918354786044,0.8108325760959909,0.5509122057872977,0.2953288504435939,0.3983070057434224
HHDX011,resnet50,2,x,low,0.25,image,top200_hvg,2232,2400,200,0.0854459861780924,0.0767391889524701,-0.0316553198322435,0.274299681186676,0.1423336267471313,0.69803143164434,0.0759679367322757,0.9525342474782056,0.5142510921052407,0.0782354316583852,0.1556895133641319
HHDX011,resnet50,2,x,low,0.25,image,marker_hvg_overlap,2232,2400,169,0.0872498259315826,0.0768148410477544,-0.02836211540392,0.2754490971565246,0.1421273797750473,0.7139080676732313,0.0743316145471546,0.9544502735614993,0.5143909440543271,0.0773614644936371,0.1551920512344374
HHDX011,resnet50,2,x,low,0.25,spatial_knn,top50_hvg,2232,2400,50,0.093325748774223,0.0820449329309119,-0.0731577627221122,0.5025745630264282,0.3606140613555908,0.665922115015516,0.2954029660304565,0.7422304431272715,0.5188167045788641,0.2816024103351491,0.3540432341760355
HHDX011,resnet50,2,x,low,0.25,spatial_knn,top200_hvg,2232,2400,200,0.0424218201112514,0.0379117526177073,-0.0950675113650504,0.2999651432037353,0.1462919265031814,0.6654865309536884,0.077996891841266,0.9328485269051718,0.505422709373219,0.0741666418729458,0.1313308231983763
HHDX011,resnet50,2,x,low,0.25,spatial_knn,marker_hvg_overlap,2232,2400,169,0.0469476100480393,0.0417752121594609,-0.0944502721278867,0.3033765852451324,0.1463645845651626,0.6832281954576683,0.0737627556837165,0.9364027222308854,0.5050827389573009,0.0711318431674647,0.1310688816950218
HHDX011,resnet50,2,x,low,1.0,train_mean,top50_hvg,8928,2400,50,4.789204770005995e-07,,-0.0036363007060663,0.5002087354660034,0.3657086491584778,0.675844819213744,0.18,0.82,0.5,0.1451177623665971,0.3205916666666667
HHDX011,resnet50,2,x,low,1.0,train_mean,top200_hvg,8928,2400,200,1.4908847161709818e-07,,-0.002788907881229,0.294443815946579,0.1448932737112045,0.6814093172600026,0.045,0.955,0.5,0.0362794405916492,0.11976875
HHDX011,resnet50,2,x,low,1.0,train_mean,marker_hvg_overlap,8928,2400,169,4.778050706699349e-08,,-0.0028239467925667,0.2984852790832519,0.1452580392360687,0.6970887978509673,0.0414201183431952,0.9585798816568049,0.5,0.0343864848350801,0.1190532544378698
HHDX011,resnet50,2,x,low,1.0,coordinate,top50_hvg,8928,2400,50,0.1112778025597799,0.0967228776628053,0.0025135836191475,0.4982796013355255,0.3636364936828613,0.6867796448535227,0.2209611313211436,0.8026680520532133,0.5118145916871785,0.1920774356701179,0.3616365410792118
HHDX011,resnet50,2,x,low,1.0,coordinate,top200_hvg,8928,2400,200,0.0700847502668335,0.0586500054287466,-0.0184796878530295,0.2934841215610504,0.1497894376516342,0.6895934644606314,0.0552402828302859,0.9506670130133034,0.5029536479217946,0.0480193589175294,0.146530952520011
HHDX011,resnet50,2,x,low,1.0,coordinate,marker_hvg_overlap,8928,2400,169,0.0732839304379321,0.0605647032964675,-0.0140249978539261,0.297495037317276,0.150320678949356,0.7048842791228526,0.0564501375491403,0.950019172223382,0.5032346548862611,0.0490735370876621,0.1465722091605552
HHDX011,resnet50,2,x,low,1.0,image,top50_hvg,8928,2400,50,0.2361201687157154,0.2164212268408896,0.0770296709937974,0.4392856359481811,0.3266062140464782,0.7168345712632678,0.2843260019961149,0.8232597380984916,0.5537928700473033,0.2867251702919851,0.4135209856732064
HHDX011,resnet50,2,x,low,1.0,image,top200_hvg,8928,2400,200,0.1128496505865132,0.0973245937322787,-0.0079963779304489,0.2686927616596222,0.1374127864837646,0.7126410951754466,0.0741641756682704,0.9556935625179148,0.5149288690930924,0.0755895819657257,0.1670553145822446
HHDX011,resnet50,2,x,low,1.0,image,marker_hvg_overlap,8928,2400,169,0.115371686501247,0.0975526478421042,0.0008234148465564,0.2696855068206787,0.1368461400270462,0.7280355288012652,0.071794231404402,0.9584336332627396,0.5151139323335708,0.0743324908252307,0.1672655716961464
HHDX011,resnet50,2,x,low,1.0,spatial_knn,top50_hvg,8928,2400,50,0.0938122547950479,0.0799413398853849,-0.0944550481438636,0.5115945935249329,0.356235146522522,0.6660339061911024,0.2754869440933551,0.7770490557726424,0.5262679999329988,0.2764967434512616,0.3492968812328026
HHDX011,resnet50,2,x,low,1.0,spatial_knn,top200_hvg,8928,2400,200,0.0326084756901415,0.0282360107865228,-0.0943015967891551,0.3030296862125397,0.1410185247659683,0.6636763330622246,0.0702412320542315,0.9438013749561796,0.5070213035052056,0.0704784600373226,0.1313734246331249
HHDX011,resnet50,2,x,low,1.0,spatial_knn,marker_hvg_overlap,8928,2400,169,0.0308309376234102,0.0258655092193157,-0.0913904683785678,0.3060232102870941,0.1408229619264602,0.6821686105943627,0.0693599204442752,0.9441457898107156,0.5067528551274956,0.0688249383924528,0.1305169681885483
HHDX011,resnet50,3,y,low,0.05,train_mean,top50_hvg,445,2400,50,-3.417637288549713e-07,,-0.0455882755004131,0.5023159980773926,0.3671377897262573,0.7298360149264519,0.18,0.82,0.5,0.1506107620366943,0.3331083333333333
HHDX011,resnet50,3,y,low,0.05,train_mean,top200_hvg,445,2400,200,-6.861636379085211e-08,,-0.0164639784195546,0.2928338944911957,0.1450312882661819,0.7237533500909099,0.045,0.955,0.5,0.0376526905091735,0.1226208333333333
HHDX011,resnet50,3,y,low,0.05,train_mean,marker_hvg_overlap,445,2400,170,-1.028002441342203e-09,,-0.0125825890830753,0.2980479896068573,0.1452671140432357,0.7423398447628458,0.0411764705882352,0.9588235294117649,0.5,0.0358770913943442,0.1230294117647059
HHDX011,resnet50,3,y,low,0.05,coordinate,top50_hvg,445,2400,50,0.0017262610455509,0.0033506808476284,-0.0516360656538745,0.5033178329467773,0.3512714505195617,0.7294433373963348,0.1729321025090316,0.8284618797170299,0.5006969911130308,0.1536019478879272,0.3308908934821721
HHDX011,resnet50,3,y,low,0.05,coordinate,top200_hvg,445,2400,200,-0.0005788320425199,0.0001147773015133,-0.0481087371891044,0.294479489326477,0.1372098922729492,0.7196522500846906,0.0432330256272579,0.9571154699292574,0.5001742477782577,0.0384004869719818,0.1232269243533336
HHDX011,resnet50,3,y,low,0.05,coordinate,marker_hvg_overlap,445,2400,170,-0.001577967573779,-0.0009678821772895,-0.043486426328908,0.2995008826255798,0.1374575048685073,0.738083305964698,0.0429044251329337,0.9575119210007128,0.5002081730668232,0.0384194031506423,0.1234796080533783
HHDX011,resnet50,3,y,low,0.05,image,top50_hvg,445,2400,50,0.1245390799595043,0.1184027962573632,-0.2992511608824134,0.5034120082855225,0.3743994832038879,0.6722683583846624,0.3257309403254789,0.752745210629294,0.5392380754773864,0.3331091145762925,0.3725966366797422
HHDX011,resnet50,3,y,low,0.05,image,top200_hvg,445,2400,200,0.0356260930398275,0.0330392961563988,-0.4285568438377231,0.3039076626300812,0.1741247773170471,0.6564332531203616,0.0851950009005966,0.9348724168302224,0.5100337088654094,0.0888277629303087,0.135788076788931
HHDX011,resnet50,3,y,low,0.05,image,marker_hvg_overlap,445,2400,170,0.0349620362668407,0.0323830532167765,-0.3683487507898141,0.3072723746299743,0.1748018115758896,0.6774618609266849,0.0829313292706502,0.9370375984973957,0.5099844638840229,0.0876406560649006,0.1353335938459714
HHDX011,resnet50,3,y,low,0.05,spatial_knn,top50_hvg,445,2400,50,0.012573859438167,0.0079912118983905,-0.1187780186440795,0.514644980430603,0.3539130985736847,0.7167803107873595,0.2212058918792782,0.7837134250853274,0.5024596584823029,0.2217674798987476,0.3381044546015568
HHDX011,resnet50,3,y,low,0.05,spatial_knn,top200_hvg,445,2400,200,0.0019624847611893,0.0009175231904014,-0.1085467745398637,0.3015282452106476,0.1377627551555633,0.7053663320346129,0.0553014729698195,0.9459142738310276,0.5006078734004237,0.0554418699746869,0.1241137707785022
HHDX011,resnet50,3,y,low,0.05,spatial_knn,marker_hvg_overlap,445,2400,170,0.001348767647775,3.723607606733781e-05,-0.0997866959954776,0.3063461780548095,0.1377107501029968,0.7253280770330062,0.0530599257347417,0.9474671737054468,0.5002635497200943,0.0533333818428351,0.1242249660154731
HHDX011,resnet50,3,y,low,0.1,train_mean,top50_hvg,890,2400,50,-3.3265303882146215e-07,,-0.038419615353323,0.5029419660568237,0.3674574196338653,0.7294628240391978,0.18,0.82,0.5,0.1506107620366943,0.3331083333333333
HHDX011,resnet50,3,y,low,0.1,train_mean,top200_hvg,890,2400,200,-6.674416661051064e-08,,-0.0126664204947246,0.2930936813354492,0.144331693649292,0.7235805362623446,0.045,0.955,0.5,0.0376526905091735,0.1226208333333333
HHDX011,resnet50,3,y,low,0.1,train_mean,marker_hvg_overlap,890,2400,170,-1.4891335760896746e-08,,-0.0110452172973215,0.298517107963562,0.14473856985569,0.7416107111963726,0.0411764705882352,0.9588235294117649,0.5,0.0358770913943442,0.1230294117647059
HHDX011,resnet50,3,y,low,0.1,coordinate,top50_hvg,890,2400,50,-0.000934520169103,-0.0012670981669192,-0.1096827076055342,0.511162281036377,0.3548051416873932,0.7263607682763583,0.174581720348916,0.8270869637478756,0.5008343420483959,0.1603904234798436,0.3287534784314228
HHDX011,resnet50,3,y,low,0.1,coordinate,top200_hvg,890,2400,200,-0.0034620772477501,-0.003422572157493,-0.0544277190105276,0.2976044714450836,0.1392191052436828,0.717083920073818,0.043645430087229,0.9567717409369688,0.500208585512099,0.0400976058699609,0.1224094591999638
HHDX011,resnet50,3,y,low,0.1,coordinate,marker_hvg_overlap,890,2400,170,-0.0036776360590866,-0.0036708092670139,-0.0552423693509755,0.3031331896781921,0.1402635723352432,0.7351757936902664,0.0424311870843656,0.95786187616705,0.5001465316257079,0.0397593126463462,0.1228987113496854
HHDX011,resnet50,3,y,low,0.1,image,top50_hvg,890,2400,50,0.1453231276152655,0.134375013239639,-0.1900653690798208,0.4881425201892853,0.3600847721099853,0.6963766259213628,0.2878925860642413,0.7861278664375446,0.5370102262508929,0.2979350333392948,0.3797920850032603
HHDX011,resnet50,3,y,low,0.1,image,top200_hvg,890,2400,200,0.0476987807090699,0.0452351198020355,-0.2301174069184344,0.292420893907547,0.1586649566888809,0.6832684467003501,0.073257794711806,0.945627301565222,0.509442548138514,0.0767409630611146,0.1399797377424937
HHDX011,resnet50,3,y,low,0.1,image,marker_hvg_overlap,890,2400,170,0.0480353907146576,0.0449947636826076,-0.1975270057412083,0.2958137989044189,0.1588877588510513,0.7045749170615946,0.0703726278736454,0.947612686684528,0.5089926572790867,0.0750498998221766,0.1397236601833189
HHDX011,resnet50,3,y,low,0.1,spatial_knn,top50_hvg,890,2400,50,0.0050949161476455,0.0032931125541278,-0.115934614315629,0.5174819231033325,0.3573063910007477,0.7115311031958795,0.2312086371942207,0.768912827496492,0.5000607323453565,0.235777609263719,0.3352584291597957
HHDX011,resnet50,3,y,low,0.1,spatial_knn,top200_hvg,890,2400,200,0.0001844991168835,-0.0005320251320007,-0.1062601282878313,0.3029594719409942,0.1392039209604263,0.7002396557078742,0.0578173108137067,0.9421939362733216,0.5000056235435141,0.0589745227978574,0.1236011402389372
HHDX011,resnet50,3,y,low,0.1,spatial_knn,marker_hvg_overlap,890,2400,170,0.0021461961187487,0.0015086822316142,-0.1005996230236419,0.3078937828540802,0.1393426358699798,0.7200706745362015,0.0567121335736613,0.9430865748614896,0.4998993542175755,0.0586400137457057,0.1242277187256193
HHDX011,resnet50,3,y,low,0.25,train_mean,top50_hvg,2226,2400,50,1.1835272435689603e-06,,-0.0517420150821999,0.5061067938804626,0.3718472123146057,0.7288623381072029,0.18,0.82,0.5,0.1506107620366943,0.3331083333333333
HHDX011,resnet50,3,y,low,0.25,train_mean,top200_hvg,2226,2400,200,2.814240267201562e-07,,-0.0169745663073933,0.2944237887859344,0.1462799310684204,0.7231454043240269,0.045,0.955,0.5,0.0376526905091735,0.1226208333333333
HHDX011,resnet50,3,y,low,0.25,train_mean,marker_hvg_overlap,2226,2400,170,3.255118658043569e-07,,-0.0153055645647795,0.3000567257404327,0.1470105201005935,0.741306442263404,0.0411764705882352,0.9588235294117649,0.5,0.0358770913943442,0.1230294117647059
HHDX011,resnet50,3,y,low,0.25,coordinate,top50_hvg,2226,2400,50,0.0037539010192267,0.0035883092951884,-0.3225767313712276,0.5624980330467224,0.3687307238578796,0.703628561281204,0.1206396920835501,0.8791288072140117,0.499884249648781,0.1204972721236965,0.3310947816286176
HHDX011,resnet50,3,y,low,0.25,coordinate,top200_hvg,2226,2400,200,-0.0019355751281545,-0.0015243282538616,-0.1321112919614825,0.3203070759773254,0.1410471946001052,0.6966816107285316,0.0301599230208875,0.9697822018035028,0.4999710624121952,0.0301243180309241,0.1234187430583371
HHDX011,resnet50,3,y,low,0.25,coordinate,marker_hvg_overlap,2226,2400,170,-0.002674153708572,-0.0023910533434544,-0.1311086426220272,0.3274952471256256,0.1430675387382507,0.7167101416477424,0.0316091500728839,0.968164942873037,0.4998870464729604,0.0305459603521511,0.1234374597386848
HHDX011,resnet50,3,y,low,0.25,image,top50_hvg,2226,2400,50,0.1801866242662072,0.1679698448454278,-0.1381332402629777,0.4724706709384918,0.3534834086894989,0.7163375878207323,0.2876914516701321,0.8002457675792588,0.5439686096246954,0.2945696999472922,0.3940456611502754
HHDX011,resnet50,3,y,low,0.25,image,top200_hvg,2226,2400,200,0.0656723457927,0.0601056689671411,-0.2394320173177402,0.282791405916214,0.1518613547086715,0.7055388974198176,0.0728156765723316,0.9497413970794272,0.5112785368258795,0.0741213332211933,0.1461014657662759
HHDX011,resnet50,3,y,low,0.25,image,marker_hvg_overlap,2226,2400,170,0.0665107703853316,0.0605451923860731,-0.1661355371299364,0.2865171730518341,0.1524269431829452,0.724590570745119,0.0687893837931629,0.9526941492174454,0.5107417665053042,0.0719500152501513,0.1459392888275158
HHDX011,resnet50,3,y,low,0.25,spatial_knn,top50_hvg,2226,2400,50,-0.005883198151132,-0.0056184559152165,-0.1369280834496021,0.5256291627883911,0.3516213297843933,0.7094532640156727,0.1926926924620297,0.8024171425033342,0.497554917482682,0.2021858155053088,0.3340650077087885
HHDX011,resnet50,3,y,low,0.25,spatial_knn,top200_hvg,2226,2400,200,0.0005849659082321,0.0009170215354081,-0.1050520305696409,0.3061493635177612,0.1354144215583801,0.6982143749187256,0.0482945295368638,0.950513992005913,0.4994042607713885,0.0507628020639579,0.1235891885376865
HHDX011,resnet50,3,y,low,0.25,spatial_knn,marker_hvg_overlap,2226,2400,170,-6.420416591550526e-05,0.0004279925565832,-0.1055494279970469,0.3116953074932098,0.1364719867706298,0.7181682811264988,0.0468178862146139,0.9520821620848792,0.4994500241497466,0.0497236665674122,0.1238616783786549
HHDX011,resnet50,3,y,low,1.0,train_mean,top50_hvg,8903,2400,50,-2.3861232939736965e-07,,-0.0461981647127868,0.5051557421684265,0.3709610104560852,0.7288555897896892,0.18,0.82,0.5,0.1506107620366943,0.3331083333333333
HHDX011,resnet50,3,y,low,1.0,train_mean,top200_hvg,8903,2400,200,-5.5456809697762574e-08,,-0.014590922794713,0.2939821183681488,0.1464502960443496,0.7232138109549548,0.045,0.955,0.5,0.0376526905091735,0.1226208333333333
HHDX011,resnet50,3,y,low,1.0,train_mean,marker_hvg_overlap,8903,2400,170,-8.757401563135446e-08,,-0.0125227382396067,0.2995426952838897,0.1471038460731506,0.7412889469866535,0.0411764705882352,0.9588235294117649,0.5,0.0358770913943442,0.1230294117647059
HHDX011,resnet50,3,y,low,1.0,coordinate,top50_hvg,8903,2400,50,-0.0030438377638347,-0.0022086992256531,-0.612999374717474,0.6240084171295166,0.3969053626060486,0.6210282111755274,0.1053552288784921,0.8926724304133046,0.4990138296458983,0.1014757080314562,0.3289173350891608
HHDX011,resnet50,3,y,low,1.0,coordinate,top200_hvg,8903,2400,200,-0.0060397114899387,-0.0062502488747968,-0.2136606974523647,0.3478062450885772,0.1479572355747223,0.6278792045720578,0.026338807219623,0.9731681076033262,0.4997534574114746,0.025368927007864,0.1226286932898392
HHDX011,resnet50,3,y,low,1.0,coordinate,marker_hvg_overlap,8903,2400,170,-0.0068923840372008,-0.0070274874539191,-0.2115975918422597,0.3558926284313202,0.150487944483757,0.6550679956476068,0.030807106943006,0.9685607220746304,0.4996839145088182,0.0294991382253769,0.1223293418253919
HHDX011,resnet50,3,y,low,1.0,image,top50_hvg,8903,2400,50,0.2089660109207034,0.1916482382521405,-0.0526202104100957,0.4635020792484283,0.3470586240291595,0.732048570131218,0.2672689921996612,0.8239346778420551,0.5456018350208582,0.2755778685754492,0.4085234616631906
HHDX011,resnet50,3,y,low,1.0,image,top200_hvg,8903,2400,200,0.0838360383937833,0.0760427279938351,-0.1141358696937095,0.2770421504974365,0.1448671668767929,0.7217872790734253,0.0668964022922574,0.9558984289949932,0.5113974156436253,0.0690479759157921,0.153060055581279
HHDX011,resnet50,3,y,low,1.0,image,marker_hvg_overlap,8903,2400,170,0.0838200946468586,0.0755486616327925,-0.0708885265165008,0.2807501256465912,0.1454881429672241,0.7397875180655147,0.0637797145162307,0.9584254384570804,0.5111025764866556,0.0671267447325255,0.1526524379124309
HHDX011,resnet50,3,y,low,1.0,spatial_knn,top50_hvg,8903,2400,50,-0.0098041397891938,-0.0108127762586247,-0.1337870982289314,0.5242729783058167,0.3542906045913696,0.7130740316206662,0.2148582777189033,0.7802662581667428,0.4975622679428231,0.2251319302337703,0.3322667944646654
HHDX011,resnet50,3,y,low,1.0,spatial_knn,top200_hvg,8903,2400,200,-0.0036523228816143,-0.003311293477289,-0.1096729943261016,0.3057124316692352,0.1370113641023636,0.7013706742168763,0.0538967900764626,0.9448596878864116,0.4993782389814371,0.056606593228112,0.1229154373621279
HHDX011,resnet50,3,y,low,1.0,spatial_knn,marker_hvg_overlap,8903,2400,170,-0.0046635856644483,-0.0042613612269336,-0.108970812128802,0.3109380304813385,0.1379943042993545,0.7213413580666185,0.0535995481297146,0.945468309931932,0.4995339290308234,0.0570713944625366,0.1232128957113018
HHDX011,conch,0,x,high,0.05,train_mean,top50_hvg,446,2400,50,-8.443437401695064e-08,,-0.0137723508081035,0.4769745469093323,0.3565840125083923,0.7241367024307692,0.18,0.82,0.5,0.1447975962904332,0.3049083333333333
HHDX011,conch,0,x,high,0.05,train_mean,top200_hvg,446,2400,200,-1.5291717151422192e-08,,-0.0077031987188092,0.2756686508655548,0.1398294121026992,0.713001436457079,0.045,0.955,0.5,0.0361993990726083,0.1094583333333333
HHDX011,conch,0,x,high,0.05,train_mean,marker_hvg_overlap,446,2400,171,-1.5205129434549118e-07,,-0.008428082888979,0.2773587703704834,0.1387030184268951,0.731011248461801,0.0409356725146198,0.95906432748538,0.5,0.034069881841428,0.1072685185185185
HHDX011,conch,0,x,high,0.05,coordinate,top50_hvg,446,2400,50,0.0050174103141762,0.0045824955156915,-0.0904818062204867,0.5088409781455994,0.360087901353836,0.7193974592613593,0.2969785049950083,0.7100913505959952,0.5035349277955017,0.221250630156182,0.2978424294489421
HHDX011,conch,0,x,high,0.05,coordinate,top200_hvg,446,2400,200,0.0008810047792212,0.0009226702691865,-0.1052973949587612,0.2931374609470367,0.1490418910980224,0.7047105950458564,0.074244626248752,0.9275205524570428,0.5008825893528974,0.0553126575390455,0.1098457715758705
HHDX011,conch,0,x,high,0.05,coordinate,marker_hvg_overlap,446,2400,171,0.0012235570649959,0.0016290959581819,-0.1117204103104182,0.2959528565406799,0.1477975249290466,0.7235586228191809,0.0678854746113001,0.93313555131834,0.50051051296482,0.0516546495239898,0.108800422016617
HHDX011,conch,0,x,high,0.05,image,top50_hvg,446,2400,50,0.178699059151113,0.1636192016309476,-0.2018126319861039,0.4692444801330566,0.3456069231033325,0.6807395952216743,0.3177188642860005,0.7791246108276257,0.5484217375568131,0.3262127890322712,0.3682849236884136
HHDX011,conch,0,x,high,0.05,image,top200_hvg,446,2400,200,0.0606773960986902,0.0558351360461184,-0.3369780474284198,0.283930242061615,0.1630874574184417,0.6552072184440992,0.0840742936009048,0.9420590040699984,0.5130666488354517,0.088865173986895,0.1321477176385782
HHDX011,conch,0,x,high,0.05,image,marker_hvg_overlap,446,2400,171,0.0591321065941075,0.0541232434712993,-0.3458658753191693,0.2832627296447754,0.1619751900434494,0.6770525243746736,0.0811818319383068,0.9438446246743044,0.5125132283063056,0.086186586662621,0.128852755346907
HHDX011,conch,0,x,high,0.05,spatial_knn,top50_hvg,446,2400,50,0.064995506813284,0.0465333505410842,-0.1027693827242183,0.4850600957870483,0.3424116969108581,0.708558271209328,0.2577870340234177,0.7458462848513383,0.501816659437378,0.2225977703936205,0.3209517303624738
HHDX011,conch,0,x,high,0.05,spatial_knn,top200_hvg,446,2400,200,0.0220097184947614,0.0152972525177055,-0.1443507806019988,0.2837143838405609,0.1354901641607284,0.6941526653264284,0.0645921073430637,0.9364077112487412,0.5004999092959025,0.0558981988173106,0.113828805676878
HHDX011,conch,0,x,high,0.05,spatial_knn,marker_hvg_overlap,446,2400,171,0.0238337650394166,0.0161833186312893,-0.1499324308542622,0.284207135438919,0.1351070404052734,0.7138662690006339,0.0618480809025187,0.9391157558355387,0.5004819183690288,0.0546209612501866,0.1116507519718225
HHDX011,conch,0,x,high,0.1,train_mean,top50_hvg,891,2400,50,-3.205458077459866e-07,,-0.0101898026008325,0.4758428931236267,0.3553203642368316,0.7249039692958331,0.18,0.82,0.5,0.1447975962904332,0.3049083333333333
HHDX011,conch,0,x,high,0.1,train_mean,top200_hvg,891,2400,200,-6.063950363843773e-08,,-0.0066652388341339,0.2751431763172149,0.1399115622043609,0.7138512073837597,0.045,0.955,0.5,0.0361993990726083,0.1094583333333333
HHDX011,conch,0,x,high,0.1,train_mean,marker_hvg_overlap,891,2400,171,-1.1835320888893108e-07,,-0.0074071270360747,0.2768012583255768,0.1386397033929824,0.7317854876044773,0.0409356725146198,0.95906432748538,0.5,0.034069881841428,0.1072685185185185
HHDX011,conch,0,x,high,0.1,coordinate,top50_hvg,891,2400,50,0.046666074511595,0.0417374542272084,-0.041885046637617,0.4786850214004516,0.3386310636997223,0.7189702562009799,0.2094599231654788,0.7997200003767042,0.5045899617710914,0.1849939914376043,0.3184423104046637
HHDX011,conch,0,x,high,0.1,coordinate,top200_hvg,891,2400,200,0.0171714436188631,0.0160182157768267,-0.0500829699300811,0.2780417799949646,0.1359205991029739,0.7062481808849204,0.0523649807913697,0.9499300000941762,0.5011474904427728,0.046248497859401,0.1162222083609704
HHDX011,conch,0,x,high,0.1,coordinate,marker_hvg_overlap,891,2400,171,0.0193077511077866,0.017902196650513,-0.0510595039629965,0.278953343629837,0.1336884647607803,0.725219352300874,0.0450675157493407,0.957822492654375,0.5014450042018579,0.0417553702002206,0.1154257095988881
HHDX011,conch,0,x,high,0.1,image,top50_hvg,891,2400,50,0.1998991590738296,0.178384590456765,-0.0918486275617033,0.4533701539039612,0.3343849182128906,0.6960284759419628,0.3014350052899878,0.8061167506180431,0.5537758779540155,0.3190296863729602,0.3780999346769354
HHDX011,conch,0,x,high,0.1,image,top200_hvg,891,2400,200,0.0751669431605842,0.0681502205136905,-0.1931799277872778,0.2720025777816772,0.1509182453155517,0.6762753661942725,0.0778305283562928,0.9507218748605982,0.5142762016084454,0.0836044583394455,0.1370126847048554
HHDX011,conch,0,x,high,0.1,image,marker_hvg_overlap,891,2400,171,0.0732134240179061,0.0659079835963942,-0.2007515569576961,0.2717722952365875,0.1495276838541031,0.697565083606713,0.0743575115666048,0.9528711990088812,0.513614355287743,0.0802658227233941,0.1333564178462273
HHDX011,conch,0,x,high,0.1,spatial_knn,top50_hvg,891,2400,50,0.0120158376218751,0.0107640166362764,-0.1190046327072195,0.4951678514480591,0.3438005745410919,0.703602552875451,0.200594449948115,0.8040273835167452,0.5023109167324301,0.1899782861879935,0.3104116842969781
HHDX011,conch,0,x,high,0.1,spatial_knn,top200_hvg,891,2400,200,0.0044153368698738,0.0033142701891297,-0.1523193631850881,0.2889151573181152,0.1369965523481369,0.6841931380565708,0.0502507759485672,0.9509198545783164,0.5005853152634419,0.0476638888682144,0.1113511256433413
HHDX011,conch,0,x,high,0.1,spatial_knn,marker_hvg_overlap,891,2400,171,0.0055575878679957,0.0039213867550395,-0.1606853045809099,0.2905716896057129,0.1368385255336761,0.7038656859543154,0.0467570639577653,0.9538390257254212,0.5002980448415933,0.0443988658942758,0.1092464817453624
HHDX011,conch,0,x,high,0.25,train_mean,top50_hvg,2228,2400,50,8.650379621318577e-07,,-0.0100237774595007,0.4760203957557678,0.3555259108543396,0.7248596582827279,0.18,0.82,0.5,0.1447975962904332,0.3049083333333333
HHDX011,conch,0,x,high,0.25,train_mean,top200_hvg,2228,2400,200,2.1000208361154907e-07,,-0.0052318983378859,0.2751904129981994,0.1392858177423477,0.7138073350264393,0.045,0.955,0.5,0.0361993990726083,0.1094583333333333
HHDX011,conch,0,x,high,0.25,train_mean,marker_hvg_overlap,2228,2400,171,1.9472055878103569e-07,,-0.0058098837744209,0.2768726646900177,0.1380525827407837,0.7316778502963184,0.0409356725146198,0.95906432748538,0.5,0.034069881841428,0.1072685185185185
HHDX011,conch,0,x,high,0.25,coordinate,top50_hvg,2228,2400,50,0.0608840169972972,0.0516622221765291,-0.0383574178069829,0.4777277112007141,0.3557674884796142,0.7229888586450197,0.2482959975067617,0.7643407888163111,0.5063183931615363,0.2063189648158393,0.322421146565971
HHDX011,conch,0,x,high,0.25,coordinate,top200_hvg,2228,2400,200,0.0211512697086072,0.0191283602512999,-0.0323416052464199,0.2768679559230804,0.1394769251346588,0.7107325508516021,0.0620739993766904,0.9410851972040776,0.501579598290384,0.0515797412039598,0.117162859415954
HHDX011,conch,0,x,high,0.25,coordinate,marker_hvg_overlap,2228,2400,171,0.0210314865274016,0.0186444188195416,-0.0344438121576823,0.2784364521503448,0.1391547620296478,0.7290146429237713,0.057877598706925,0.9456883392868604,0.5017829689968928,0.0495787438610171,0.1149088429718883
HHDX011,conch,0,x,high,0.25,image,top50_hvg,2228,2400,50,0.2495520853996277,0.2277343209428424,0.0386378309331485,0.4245627522468567,0.3154309391975403,0.7307868206609063,0.2957323280032733,0.8209956428167346,0.558363985410004,0.3096862841961213,0.4027411800815914
HHDX011,conch,0,x,high,0.25,image,top200_hvg,2228,2400,200,0.1011768177997146,0.0907616610620547,-0.0534828329455194,0.2554758787155151,0.1352371722459793,0.7127430023802254,0.0772693194733934,0.955015830455866,0.5161425749646297,0.08091366349348,0.1491021999410761
HHDX011,conch,0,x,high,0.25,image,marker_hvg_overlap,2228,2400,171,0.0990393489624076,0.0877220932208011,-0.0572572473639299,0.2549867630004883,0.133981317281723,0.7315680959237894,0.0745324536302052,0.9566577867817933,0.5155951202059992,0.0783429959577816,0.1453476648546295
HHDX011,conch,0,x,high,0.25,spatial_knn,top50_hvg,2228,2400,50,0.0298554106557276,0.0224440685766623,-0.1397679508663714,0.497813880443573,0.3554388284683227,0.6967533180738288,0.2356916292317446,0.7737825487573131,0.5047370889945288,0.2221158731451039,0.3156361949181068
HHDX011,conch,0,x,high,0.25,spatial_knn,top200_hvg,2228,2400,200,0.0079530596127909,0.0057551026968183,-0.1526119211444165,0.2897252738475799,0.1385836601257324,0.6794753464825964,0.0598311450358766,0.9426491551133698,0.5012401500746233,0.0564086770211606,0.1126958169498692
HHDX011,conch,0,x,high,0.25,spatial_knn,marker_hvg_overlap,2228,2400,171,0.0075560054005902,0.0056989966050331,-0.1563387159135584,0.2913268208503723,0.1394711285829544,0.7003170457438689,0.0589544806403967,0.9433708844573768,0.5011626825488869,0.0569949274228238,0.1104442371458384
HHDX011,conch,0,x,high,1.0,train_mean,top50_hvg,8912,2400,50,-3.8881988952965683e-07,,-0.0086251411237753,0.4756816029548645,0.3542315065860748,0.7250876500095869,0.18,0.82,0.5,0.1447975962904332,0.3049083333333333
HHDX011,conch,0,x,high,1.0,train_mean,top200_hvg,8912,2400,200,-1.1830372087295874e-07,,-0.0043196214696001,0.2750072479248047,0.1387629210948944,0.7141314302068481,0.045,0.955,0.5,0.0361993990726083,0.1094583333333333
HHDX011,conch,0,x,high,1.0,train_mean,marker_hvg_overlap,8912,2400,171,-1.34366718879347e-07,,-0.0048221967483987,0.2766627073287964,0.1374684423208236,0.7320389627393573,0.0409356725146198,0.95906432748538,0.5,0.034069881841428,0.1072685185185185
HHDX011,conch,0,x,high,1.0,coordinate,top50_hvg,8912,2400,50,0.058495918433764,0.0506605525853737,-0.0181891653797356,0.4779948890209198,0.3454809188842773,0.7234225419584777,0.219900043909285,0.7945789339705694,0.5072394889399272,0.1875333211191376,0.3257400174190356
HHDX011,conch,0,x,high,1.0,coordinate,top200_hvg,8912,2400,200,0.0200903318787277,0.0167834146336168,-0.0165456877314863,0.2764812707901001,0.1337401866912841,0.7116025666414643,0.0549750109773212,0.9486447334926424,0.5018098722349819,0.0468833302797844,0.1178005378124485
HHDX011,conch,0,x,high,1.0,coordinate,marker_hvg_overlap,8912,2400,171,0.0199533016780018,0.016332704607437,-0.0175930503787294,0.2782763540744781,0.1321878582239151,0.7298237972428891,0.0513827498468589,0.952536836283264,0.5019597930650616,0.0447443948158745,0.1154702005989199
HHDX011,conch,0,x,high,1.0,image,top50_hvg,8912,2400,50,0.2811482886970043,0.254946676748254,0.0860711456416174,0.414976418018341,0.3047111630439758,0.7421671083161985,0.2692054385460678,0.8473059643178442,0.558255701431956,0.2884742112558487,0.4202868690612217
HHDX011,conch,0,x,high,1.0,image,top200_hvg,8912,2400,200,0.1261457502888515,0.1130290213412359,0.0060835880716331,0.2494094371795654,0.1257240921258926,0.7259988413992177,0.0694364479089003,0.9616954014950102,0.5155659247019553,0.0744036099581742,0.1596708037284135
HHDX011,conch,0,x,high,1.0,image,marker_hvg_overlap,8912,2400,171,0.1234381795310747,0.1093951848166937,0.0037015668505922,0.2486666291952133,0.1241839602589607,0.7438068209408485,0.0666521302614477,0.9634987076850368,0.5150754189732422,0.0719833725518723,0.1556493928269172
HHDX011,conch,0,x,high,1.0,spatial_knn,top50_hvg,8912,2400,50,-0.0024943807069212,-0.0057187004503245,-0.2196212741732597,0.5314375758171082,0.3580845892429352,0.6744344391435938,0.2346985735132317,0.762340697732717,0.4985196356229743,0.2249108682401323,0.3070724927055227
HHDX011,conch,0,x,high,1.0,spatial_knn,top200_hvg,8912,2400,200,-0.0029768512902766,-0.0033581730233272,-0.154898145836778,0.3038350343704223,0.1368006616830825,0.664236575295201,0.0595252839848499,0.939959337109851,0.4997423105473505,0.0575312938222408,0.1103314511861858
HHDX011,conch,0,x,high,1.0,spatial_knn,marker_hvg_overlap,8912,2400,171,-0.0032251914429744,-0.0032416879968506,-0.158641860754997,0.3069269955158233,0.1366091519594192,0.6844200578668774,0.0596367308877473,0.9397893969429636,0.4997130639153556,0.0575401109699126,0.1081626447882004
HHDX011,conch,1,y,high,0.05,train_mean,top50_hvg,447,2400,50,2.917890419951164e-07,,-0.1031420266321219,0.5923330187797546,0.4066446423530578,0.444589274109274,0.18,0.82,0.5,0.1210999915740229,0.2861083333333333
HHDX011,conch,1,y,high,0.05,train_mean,top200_hvg,447,2400,200,6.333692379110682e-08,,-0.035399383910194,0.3430512249469757,0.1587852537631988,0.4750922027758153,0.045,0.955,0.5,0.0302749978935057,0.1162083333333333
HHDX011,conch,1,y,high,0.05,train_mean,marker_hvg_overlap,447,2400,170,6.175761444644136e-08,,-0.0373151930191852,0.3523688614368438,0.1602640300989151,0.48577642211063,0.0411764705882352,0.9588235294117649,0.5,0.0281657714983354,0.1163480392156862
HHDX011,conch,1,y,high,0.05,coordinate,top50_hvg,447,2400,50,-0.0371862812107428,-0.038581726826975,-0.2305923255952075,0.6473961472511292,0.4272196590900421,0.4270328369739903,0.3040351418608261,0.6929630053312741,0.4984990735960501,0.1808856283814444,0.2720791222643384
HHDX011,conch,1,y,high,0.05,coordinate,top200_hvg,447,2400,200,-0.0146048528775683,-0.0151759161999997,-0.104762506440893,0.3690041303634643,0.1689120531082153,0.4585075079253115,0.0763121562517233,0.922522081256092,0.4994171187539078,0.0455799728324128,0.1141968664437318
HHDX011,conch,1,y,high,0.05,coordinate,marker_hvg_overlap,447,2400,170,-0.0144518748511795,-0.0144957332561785,-0.1028449222638942,0.3796437680721283,0.1682033091783523,0.4688549801521693,0.0601837761539035,0.9388812486232536,0.4995325123885786,0.0387538405445188,0.1144761169718206
HHDX011,conch,1,y,high,0.05,image,top50_hvg,447,2400,50,0.1757609772181604,0.1724379503563627,-0.3415806457772851,0.54449862241745,0.3987055718898773,0.4464854183572435,0.3382638489067485,0.75385835273807,0.5460611008224092,0.3203167429985248,0.3580636256016348
HHDX011,conch,1,y,high,0.05,image,top200_hvg,447,2400,200,0.0583663379010655,0.0567669898825876,-0.3638729067170061,0.3356244266033172,0.1926068812608719,0.4426881525223124,0.0891080350843924,0.934948023561362,0.5120280293228773,0.0872789234149179,0.1407986053702854
HHDX011,conch,1,y,high,0.05,image,marker_hvg_overlap,447,2400,170,0.0594130168398897,0.0574116452401457,-0.3421992023119374,0.3378688395023346,0.1925198882818222,0.4600953303438268,0.0888807843261917,0.9351686445456516,0.5120247144359217,0.0872778714203733,0.1411052934859529
HHDX011,conch,1,y,high,0.05,spatial_knn,top50_hvg,447,2400,50,0.0086318272362404,0.0054138997696093,-0.2599032650142908,0.6442622542381287,0.4197500348091125,0.4316862243480693,0.263755861971795,0.739244650556278,0.5015002562640366,0.2059737881847706,0.291481389172034
HHDX011,conch,1,y,high,0.05,spatial_knn,top200_hvg,447,2400,200,0.0103461512704831,0.0084923248077647,-0.1406043062801472,0.3687854409217834,0.1628346145153045,0.4588818615208891,0.0673418918435721,0.9335248453731656,0.5004333686083688,0.0530472512072257,0.1195715095171505
HHDX011,conch,1,y,high,0.05,spatial_knn,marker_hvg_overlap,447,2400,170,0.0085604479456045,0.0067370701865353,-0.1416572554886122,0.3789474070072174,0.1634383797645568,0.4707103501067359,0.0584693467410254,0.9419835405569412,0.5002264436489833,0.0479649889511714,0.1190910490974265
HHDX011,conch,1,y,high,0.1,train_mean,top50_hvg,895,2400,50,-4.329276734293272e-07,,-0.1059438497707015,0.5952413082122803,0.4093342423439026,0.4455920243536445,0.2,0.8,0.5,0.1303110242873007,0.2861083333333333
HHDX011,conch,1,y,high,0.1,train_mean,top200_hvg,895,2400,200,-9.580631096346393e-08,,-0.0348860207257621,0.3442979753017425,0.1593353897333145,0.4759271846006722,0.05,0.95,0.5,0.0325777560718251,0.1162083333333333
HHDX011,conch,1,y,high,0.1,train_mean,marker_hvg_overlap,895,2400,170,-3.0154404711639035e-08,,-0.0376609854383787,0.3539723455905914,0.1610835045576095,0.4861751829817795,0.0470588235294117,0.9529411764705882,0.5,0.0308748987669466,0.1163480392156862
HHDX011,conch,1,y,high,0.1,coordinate,top50_hvg,895,2400,50,-0.1166932028532028,-0.1171232342744927,-0.2774454582156613,0.661922812461853,0.4547190368175506,0.4395615346258281,0.3052187303975123,0.6800672549525675,0.4926429926750398,0.1866744167002055,0.24854849243195
HHDX011,conch,1,y,high,0.1,coordinate,top200_hvg,895,2400,200,-0.0381757605095638,-0.0387455762095403,-0.103187663351855,0.3746144473552704,0.1790252327919006,0.4725506551635212,0.0763271545094904,0.919876148776505,0.4981016516429977,0.0467084448125015,0.1077557943004048
HHDX011,conch,1,y,high,0.1,coordinate,marker_hvg_overlap,895,2400,170,-0.034123080723093,-0.0348570240273268,-0.0972022506440921,0.3830352127552032,0.1787118911743164,0.4822848777363768,0.0681322752811702,0.9305063472348676,0.4993193112580189,0.0426011542546234,0.1090550219912066
HHDX011,conch,1,y,high,0.1,image,top50_hvg,895,2400,50,0.2160568903107196,0.2116795356284892,-0.1349849724926753,0.5028506517410278,0.3655855655670166,0.4792602140177173,0.3478418268043184,0.7651208876758641,0.5564813572400913,0.3285160806020664,0.3828868566650459
HHDX011,conch,1,y,high,0.1,image,top200_hvg,895,2400,200,0.0802236942807066,0.0794629604145437,-0.186097868693032,0.3121345341205597,0.1738678514957428,0.4782837203113584,0.088932201455021,0.9396642611873904,0.5142982313212058,0.0854344622751369,0.1498222049685283
HHDX011,conch,1,y,high,0.1,image,marker_hvg_overlap,895,2400,170,0.0794625959668918,0.0784392716892577,-0.1814348991398754,0.3155273199081421,0.1751299351453781,0.4876730685144682,0.0854420805951179,0.940439696323732,0.512940888459425,0.0822528257476243,0.1478847227716868
HHDX011,conch,1,y,high,0.1,spatial_knn,top50_hvg,895,2400,50,0.006905203894712,0.0054730459341094,-0.2410999921709299,0.6321285367012024,0.4255121052265167,0.4344203215009374,0.2722658041919016,0.730240333722252,0.5012530689570768,0.2213708497410783,0.2915033245517599
HHDX011,conch,1,y,high,0.1,spatial_knn,top200_hvg,895,2400,200,0.0011426969226256,0.0002291199369157,-0.1425966131803579,0.3641272783279419,0.1652020066976547,0.4618349454890341,0.0691949787672706,0.931192399453983,0.5001936891106269,0.0567783829837725,0.1181777501782816
HHDX011,conch,1,y,high,0.1,spatial_knn,marker_hvg_overlap,895,2400,170,0.001008628582562,0.0002276307327868,-0.1401560923933763,0.3729073107242584,0.165858507156372,0.4745303789672827,0.0632109721404508,0.9379972014832096,0.5006040868118302,0.0525719556107949,0.1183318841289958
HHDX011,conch,1,y,high,0.25,train_mean,top50_hvg,2237,2400,50,-4.08612421196608e-07,,-0.0916673749608162,0.5874961614608765,0.4034759104251861,0.4474776723713197,0.18,0.82,0.5,0.1210999915740229,0.2861083333333333
HHDX011,conch,1,y,high,0.25,train_mean,top200_hvg,2237,2400,200,-1.355088770027546e-07,,-0.0305491050888213,0.340872049331665,0.1575439274311065,0.4770860140124994,0.045,0.955,0.5,0.0302749978935057,0.1162083333333333
HHDX011,conch,1,y,high,0.25,train_mean,marker_hvg_overlap,2237,2400,170,-1.3559346661290765e-07,,-0.0326855279363585,0.3500197529792785,0.1593561470508575,0.4875561168140338,0.0411764705882352,0.9588235294117649,0.5,0.0281657714983354,0.1163480392156862
HHDX011,conch,1,y,high,0.25,coordinate,top50_hvg,2237,2400,50,-0.099160010414198,-0.1017353016318107,-0.2080599275231361,0.643487811088562,0.4346476793289184,0.4390976552335685,0.2652853485427753,0.7191184164853689,0.4922018825140721,0.1685387993124602,0.2521406243314902
HHDX011,conch,1,y,high,0.25,coordinate,top200_hvg,2237,2400,200,-0.0289257272879331,-0.0296190987162604,-0.1090043373042863,0.3665270805358886,0.1731866151094436,0.4690856702480792,0.06633257309075,0.9296568419730046,0.4979947075318773,0.0421549427430948,0.109810412391024
HHDX011,conch,1,y,high,0.25,coordinate,marker_hvg_overlap,2237,2400,170,-0.0287148393593858,-0.0290520377621859,-0.0965882835622966,0.376873254776001,0.1727844625711441,0.4790242601342051,0.0552606072626617,0.941176900102064,0.4982187536823629,0.0372518441839456,0.1102481868974701
HHDX011,conch,1,y,high,0.25,image,top50_hvg,2237,2400,50,0.25359152833189,0.2424244843438188,0.012593242782168,0.4702775180339813,0.3444558382034302,0.5166442005026741,0.3337582417248052,0.7962780826955479,0.5650181622101765,0.3224167436996938,0.4039992560592378
HHDX011,conch,1,y,high,0.25,image,top200_hvg,2237,2400,200,0.1075999502859849,0.102407582643752,-0.0901774768026371,0.2937590181827545,0.157631903886795,0.5206353467114412,0.0846352986266225,0.9484848603154528,0.5165600794710377,0.0815526341883246,0.1618000747921849
HHDX011,conch,1,y,high,0.25,image,marker_hvg_overlap,2237,2400,170,0.1089716724481738,0.1030261327860967,-0.0711617510062163,0.2967368364334106,0.1590767651796341,0.530717496282594,0.0825876207915006,0.9480882378000912,0.5153379292957959,0.0789911430772669,0.1610111014935485
HHDX011,conch,1,y,high,0.25,spatial_knn,top50_hvg,2237,2400,50,-0.0042111286474391,-0.0081317509455022,-0.2240700984001159,0.6346858143806458,0.4173030853271484,0.4330542017596416,0.2547274211400669,0.7448085133046699,0.4997679672223684,0.2175118155854843,0.2866951197971004
HHDX011,conch,1,y,high,0.25,spatial_knn,top200_hvg,2237,2400,200,-0.002618167044954,-0.0028937565401104,-0.2339968529203906,0.3661408722400665,0.162177175283432,0.4576689576274232,0.0658961612102456,0.9345628146706058,0.5002294879404258,0.0561873668283712,0.1168871027480463
HHDX011,conch,1,y,high,0.25,spatial_knn,marker_hvg_overlap,2237,2400,170,-0.0020997285753,-0.0023339391952584,-0.1979232365210705,0.3758132457733154,0.1632247120141983,0.4693472385651587,0.0619513015379019,0.9388727586070325,0.5004120300724673,0.0529534896205943,0.117001400943925
HHDX011,conch,1,y,high,1.0,train_mean,top50_hvg,8948,2400,50,8.572514751037375e-07,,-0.0970968907089172,0.5906395316123962,0.4066059291362762,0.4468192111681907,0.18,0.82,0.5,0.1210999915740229,0.2861083333333333
HHDX011,conch,1,y,high,1.0,train_mean,top200_hvg,8948,2400,200,2.446010019829803e-07,,-0.0315593595694167,0.3421954810619354,0.1587889343500137,0.4769829120017035,0.045,0.955,0.5,0.0302749978935057,0.1162083333333333
HHDX011,conch,1,y,high,1.0,train_mean,marker_hvg_overlap,8948,2400,170,2.707534308610913e-07,,-0.0337256107205682,0.3514973819255829,0.1605189442634582,0.4874114817938362,0.0411764705882352,0.9588235294117649,0.5,0.0281657714983354,0.1163480392156862
HHDX011,conch,1,y,high,1.0,coordinate,top50_hvg,8948,2400,50,-0.1260577962175011,-0.1268514065001241,-0.2903115323372185,0.6641568541526794,0.4601915180683136,0.4362915243989883,0.3254025275842812,0.6615821576299317,0.4934923426071064,0.1952265590325032,0.2456612483636228
HHDX011,conch,1,y,high,1.0,coordinate,top200_hvg,8948,2400,200,-0.0397021407989086,-0.039836914581445,-0.1090462875509274,0.375174731016159,0.184133768081665,0.4707717713099282,0.0813506318960703,0.9153597337808844,0.4983551828384774,0.0488066397581258,0.1066350370151803
HHDX011,conch,1,y,high,1.0,coordinate,marker_hvg_overlap,8948,2400,170,-0.0379134404774317,-0.0377418570158353,-0.1001274918184315,0.385698914527893,0.1842126846313476,0.4800248204546718,0.0712558816069998,0.9259122384814946,0.4985840600442473,0.0442250937915705,0.1072924504777891
HHDX011,conch,1,y,high,1.0,image,top50_hvg,8948,2400,50,0.2998006466217339,0.2845836585492737,0.0736622018681373,0.4573599100112915,0.3326977789402008,0.5362712019781624,0.3140061373750132,0.8232126095973885,0.5686093734862009,0.3082241668658037,0.4312671648137038
HHDX011,conch,1,y,high,1.0,image,top200_hvg,8948,2400,200,0.139522016030387,0.1321485596302076,-0.0250571016129651,0.2862716615200043,0.1473893821239471,0.5393762424848328,0.0793420174309275,0.9553102096999844,0.5173261135654559,0.0777556355916181,0.1775135228918647
HHDX011,conch,1,y,high,1.0,image,marker_hvg_overlap,8948,2400,170,0.140549341959687,0.1323862309139043,-0.0085530623650864,0.2893366813659668,0.149120420217514,0.5475642547362274,0.0776591071643307,0.9550764444671844,0.5163677758157577,0.075616555011562,0.1761703706488147
HHDX011,conch,1,y,high,1.0,spatial_knn,top50_hvg,8948,2400,50,0.0012420580186881,-0.001566619523266,-0.2938928591459989,0.6431277990341187,0.4238843023777008,0.4222413635250928,0.2757193622174043,0.7286529662056916,0.5021861642115479,0.2360756377360723,0.2876955172440219
HHDX011,conch,1,y,high,1.0,spatial_knn,top200_hvg,8948,2400,200,-0.0001148162119352,-0.0002169655699945,-0.3813824358209967,0.3713981807231903,0.1672087460756302,0.4483592298232763,0.0712930144258006,0.9296908728004512,0.5004919436131259,0.0620286205594517,0.11745100636419
HHDX011,conch,1,y,high,1.0,spatial_knn,marker_hvg_overlap,8948,2400,170,0.0007477108716985,0.0002809488882712,-0.2885857653749339,0.3789353370666504,0.1677907109260559,0.4616163953182277,0.0660904607132023,0.9350585932870488,0.5005745270001256,0.0585760235607918,0.117586198481293
HHDX011,conch,2,x,low,0.05,train_mean,top50_hvg,446,2400,50,-1.0633497457490649e-06,,-0.0090096182149272,0.5014491677284241,0.3646308481693268,0.6752747853066391,0.18,0.82,0.5,0.1451177623665971,0.3205916666666667
HHDX011,conch,2,x,low,0.05,train_mean,top200_hvg,446,2400,200,-2.5904257448639e-07,,-0.004847139591109,0.2950272560119629,0.1443876773118972,0.6807492775014786,0.045,0.955,0.5,0.0362794405916492,0.11976875
HHDX011,conch,2,x,low,0.05,train_mean,marker_hvg_overlap,446,2400,169,-3.0231914833729705e-07,,-0.0048632435176193,0.2990195751190185,0.1446032673120498,0.6965126451731097,0.0414201183431952,0.9585798816568049,0.5,0.0343864848350801,0.1190532544378698
HHDX011,conch,2,x,low,0.05,coordinate,top50_hvg,446,2400,50,0.1067651937669143,0.0875793569957236,-0.0011309927201364,0.491321861743927,0.3723191022872925,0.6828677761841937,0.2426335997935579,0.7748560621146029,0.5087448309540804,0.1988716006043639,0.3561348807432827
HHDX011,conch,2,x,low,0.05,coordinate,top200_hvg,446,2400,200,0.0495228384148504,0.0405623983224329,-0.0207551369549764,0.2915222644805908,0.1526990830898285,0.6844564323080946,0.0606583999483894,0.9437140155286506,0.5021862077385201,0.0497179001510909,0.1415432856947626
HHDX011,conch,2,x,low,0.05,coordinate,marker_hvg_overlap,446,2400,169,0.0493143544209977,0.0390300178059746,-0.0207551175736362,0.2949674725532532,0.1532876193523407,0.6996590238437541,0.0599633410388771,0.9451817638194512,0.5025725524291641,0.0502877956747806,0.1410910392418222
HHDX011,conch,2,x,low,0.05,image,top50_hvg,446,2400,50,0.1948041568603366,0.1769769505690953,-0.1083840724825859,0.4778580665588379,0.356166124343872,0.6684901238328409,0.3589338035293529,0.7620369498403078,0.5604853766848301,0.362554507047072,0.3929274017226586
HHDX011,conch,2,x,low,0.05,image,top200_hvg,446,2400,200,0.0774632513293681,0.067531218125251,-0.2070735171064734,0.2938385605812073,0.1688437312841415,0.6541972215515367,0.0976122999361297,0.937954336639781,0.5177833182879554,0.1023903402453346,0.1528964499833663
HHDX011,conch,2,x,low,0.05,image,marker_hvg_overlap,446,2400,169,0.0788704987037995,0.0676437082217886,-0.2006622171304987,0.2943390309810638,0.1682637929916381,0.6732462876373999,0.0962332320819149,0.9402645658856906,0.5182488989838029,0.1015511341685187,0.1527132253506418
HHDX011,conch,2,x,low,0.05,spatial_knn,top50_hvg,446,2400,50,0.0562143268482759,0.0461059650051805,-0.1102571299485862,0.516560435295105,0.3835023939609527,0.6617501967570327,0.3475381846538116,0.6768124111720948,0.5121752979129532,0.2933254598252104,0.3395032819217329
HHDX011,conch,2,x,low,0.05,spatial_knn,top200_hvg,446,2400,200,0.0215338006699987,0.0173842660513296,-0.1268864088482223,0.3068994581699371,0.1569630205631256,0.6632550321843398,0.0883063166215074,0.917435703682254,0.5028710101518807,0.0744249326405992,0.1256495702360344
HHDX011,conch,2,x,low,0.05,spatial_knn,marker_hvg_overlap,446,2400,169,0.0224339268748245,0.0176683108456229,-0.1242972215880039,0.3105312287807464,0.157287985086441,0.680940002545946,0.0898091531369916,0.9159435986085304,0.502876375872761,0.0743080827585905,0.1248555368664821
HHDX011,conch,2,x,low,0.1,train_mean,top50_hvg,893,2400,50,-4.667452340711975e-07,,-0.0032552717557564,0.5002036690711975,0.3661065697669983,0.6761416054286095,0.18,0.82,0.5,0.1451177623665971,0.3205916666666667
HHDX011,conch,2,x,low,0.1,train_mean,top200_hvg,893,2400,200,-8.739546433763486e-08,,-0.0027746046592562,0.2944451570510864,0.145480141043663,0.6815066571857581,0.045,0.955,0.5,0.0362794405916492,0.11976875
HHDX011,conch,2,x,low,0.1,train_mean,marker_hvg_overlap,893,2400,169,-1.7683672401612294e-07,,-0.002779609145053,0.2984665036201477,0.1460421830415725,0.6971776944652326,0.0414201183431952,0.9585798816568049,0.5,0.0343864848350801,0.1190532544378698
HHDX011,conch,2,x,low,0.1,coordinate,top50_hvg,893,2400,50,0.130978092639707,0.102809338453872,0.0091911998123396,0.4866219460964203,0.3593498170375824,0.685194598335244,0.252608315846896,0.7733621150188946,0.5129852154328954,0.2090525182789366,0.3617433768946925
HHDX011,conch,2,x,low,0.1,coordinate,top200_hvg,893,2400,200,0.0664299253507488,0.0535520003358326,-0.0123501371026759,0.2891892194747925,0.1460765302181244,0.6873858585343472,0.063152078961724,0.9433405287547236,0.5032463038582238,0.0522631295697341,0.1465927840818763
HHDX011,conch,2,x,low,0.1,coordinate,marker_hvg_overlap,893,2400,169,0.0683534799022951,0.0539072307913266,-0.0128665174392336,0.2925802171230316,0.147098496556282,0.7028311317777722,0.0636057517582332,0.9437993974146798,0.5037025745864566,0.0534301797308664,0.1468298341990827
HHDX011,conch,2,x,low,0.1,image,top50_hvg,893,2400,50,0.2349047662690281,0.2110208603049756,0.0096778436657041,0.4500944912433624,0.3344972133636474,0.6998115172936378,0.3535178576114209,0.7808739428499467,0.5671959002306839,0.3571802515000255,0.4138342131253263
HHDX011,conch,2,x,low,0.1,image,top200_hvg,893,2400,200,0.1026263950177235,0.0880968814870444,-0.1132331038557458,0.2776269316673279,0.1535832285881042,0.6873981139195773,0.0925532160809558,0.944430855292021,0.5184920356864885,0.0959245882966337,0.1644034610776049
HHDX011,conch,2,x,low,0.1,image,marker_hvg_overlap,893,2400,169,0.1066238691213336,0.0902873539410934,-0.0999486091196779,0.2781617641448974,0.153439849615097,0.7054805873609924,0.0923559255914491,0.9450739917595218,0.5187149586754854,0.0951337486035941,0.1651459047030321
HHDX011,conch,2,x,low,0.1,spatial_knn,top50_hvg,893,2400,50,0.1075506338686682,0.0935229096951901,-0.0726823186990805,0.5040416121482849,0.3623005151748657,0.6716565058150931,0.3061468127919401,0.7321373213223468,0.5191420670571435,0.2796093578198046,0.3545088702060741
HHDX011,conch,2,x,low,0.1,spatial_knn,top200_hvg,893,2400,200,0.0476088440509989,0.0426305339188472,-0.1084108596405712,0.3001917600631714,0.1466151922941208,0.6701930834743325,0.0775516604629423,0.9323642507569264,0.5049579556099343,0.071040515211902,0.1334279445872976
HHDX011,conch,2,x,low,0.1,spatial_knn,marker_hvg_overlap,893,2400,169,0.0481841989731529,0.0423430234951631,-0.1118645223970773,0.3030853867530823,0.1474680304527282,0.6873467734183456,0.0774349312213977,0.9334781722351276,0.5054565517282626,0.070683918396649,0.1335562058583901
HHDX011,conch,2,x,low,0.25,train_mean,top50_hvg,2232,2400,50,9.683686316819265e-07,,-0.0041577308224987,0.5003527998924255,0.3654287457466125,0.6756960703631921,0.18,0.82,0.5,0.1451177623665971,0.3205916666666667
HHDX011,conch,2,x,low,0.25,train_mean,top200_hvg,2232,2400,200,2.7298917801621416e-07,,-0.0028510957535729,0.2945187091827392,0.1446079760789871,0.6812647020868584,0.045,0.955,0.5,0.0362794405916492,0.11976875
HHDX011,conch,2,x,low,0.25,train_mean,marker_hvg_overlap,2232,2400,169,3.1044347405965724e-07,,-0.0028889216486258,0.2985590398311615,0.1451173573732376,0.6969654196534733,0.0414201183431952,0.9585798816568049,0.5,0.0343864848350801,0.1190532544378698
HHDX011,conch,2,x,low,0.25,coordinate,top50_hvg,2232,2400,50,0.1213914998620748,0.0970168392290846,-0.0004568560578627,0.4933434128761291,0.3591283559799194,0.6863691887607759,0.2388332088616964,0.7846593495559943,0.5117462792088453,0.1982256284900812,0.3613082128767041
HHDX011,conch,2,x,low,0.25,coordinate,top200_hvg,2232,2400,200,0.0666891002090415,0.0534002320398007,-0.0064237945310492,0.2915209531784057,0.1466367989778518,0.6890402801761714,0.0597083022154241,0.9461648373889986,0.5029365698022112,0.0495564071225203,0.1437718081698509
HHDX011,conch,2,x,low,0.25,coordinate,marker_hvg_overlap,2232,2400,169,0.0679757102749437,0.053915242546604,-0.006579485784765,0.2952070832252502,0.1474125981330871,0.7043185398848194,0.0590997696823231,0.9475899189600832,0.5033448443212033,0.0499701437111091,0.1436128468984341
HHDX011,conch,2,x,low,0.25,image,top50_hvg,2232,2400,50,0.2773848608136177,0.2449021051897588,0.0852358126733452,0.4326117038726806,0.3207932412624359,0.7171439355718515,0.3186540363066807,0.8265486621975096,0.572601349252095,0.3357473816423836,0.4373802417965421
HHDX011,conch,2,x,low,0.25,image,top200_hvg,2232,2400,200,0.1274946167499001,0.1068732690138414,-0.0303124785909312,0.2669108808040619,0.141068547964096,0.7084590316142324,0.0838999021385472,0.9563634452434115,0.5201316736909795,0.0890924875113192,0.1758168531670349
HHDX011,conch,2,x,low,0.25,image,marker_hvg_overlap,2232,2400,169,0.1303081950477597,0.1076949684930818,-0.0169964867486265,0.2674040198326111,0.1407375335693359,0.7248282163802651,0.083539663225815,0.9578380651964756,0.5206888642111455,0.088988532988803,0.1761506664138442
HHDX011,conch,2,x,low,0.25,spatial_knn,top50_hvg,2232,2400,50,0.093325748774223,0.0820449329309119,-0.0731577627221122,0.5025745630264282,0.3606140613555908,0.665922115015516,0.2954029660304565,0.7422304431272715,0.5188167045788641,0.2816024103351491,0.3540432341760355
HHDX011,conch,2,x,low,0.25,spatial_knn,top200_hvg,2232,2400,200,0.0424218201112514,0.0379117526177073,-0.0950675113650504,0.2999651432037353,0.1462919265031814,0.6654865309536884,0.077996891841266,0.9328485269051718,0.505422709373219,0.0741666418729458,0.1313308231983763
HHDX011,conch,2,x,low,0.25,spatial_knn,marker_hvg_overlap,2232,2400,169,0.0469476100480393,0.0417752121594609,-0.0944502721278867,0.3033765852451324,0.1463645845651626,0.6832281954576683,0.0737627556837165,0.9364027222308854,0.5050827389573009,0.0711318431674647,0.1310688816950218
HHDX011,conch,2,x,low,1.0,train_mean,top50_hvg,8928,2400,50,4.789204770005995e-07,,-0.0036363007060663,0.5002087354660034,0.3657086491584778,0.675844819213744,0.18,0.82,0.5,0.1451177623665971,0.3205916666666667
HHDX011,conch,2,x,low,1.0,train_mean,top200_hvg,8928,2400,200,1.4908847161709818e-07,,-0.002788907881229,0.294443815946579,0.1448932737112045,0.6814093172600026,0.045,0.955,0.5,0.0362794405916492,0.11976875
HHDX011,conch,2,x,low,1.0,train_mean,marker_hvg_overlap,8928,2400,169,4.778050706699349e-08,,-0.0028239467925667,0.2984852790832519,0.1452580392360687,0.6970887978509673,0.0414201183431952,0.9585798816568049,0.5,0.0343864848350801,0.1190532544378698
HHDX011,conch,2,x,low,1.0,coordinate,top50_hvg,8928,2400,50,0.1112778279109625,0.096722885336087,0.002513631239999,0.4982795715332031,0.3636364936828613,0.6867796472852206,0.2209611313211436,0.8026680520532133,0.5118145916871785,0.1920774356701179,0.3616365368948349
HHDX011,conch,2,x,low,1.0,coordinate,top200_hvg,8928,2400,200,0.0700847572344667,0.0586499558002475,-0.0184796674003126,0.2934841215610504,0.149789422750473,0.6895934717932445,0.0552402828302859,0.9506670130133034,0.5029536479217946,0.0480193589175294,0.1465309110155555
HHDX011,conch,2,x,low,1.0,coordinate,marker_hvg_overlap,8928,2400,169,0.0732839382705152,0.0605646729550016,-0.0140249765605994,0.297495037317276,0.150320678949356,0.7048842851352431,0.0564501375491403,0.950019172223382,0.5032346548862611,0.0490735370876621,0.1465721643017488
HHDX011,conch,2,x,low,1.0,image,top50_hvg,8928,2400,50,0.3127944500744343,0.2757468836371749,0.1245879489183425,0.422938585281372,0.3148677945137024,0.731064485424237,0.3074360920883571,0.8364071840958909,0.5719216380921239,0.321515505213057,0.4568710763121315
HHDX011,conch,2,x,low,1.0,image,top200_hvg,8928,2400,200,0.1612982320447918,0.1347062642336,-0.0244117302407539,0.2613798677921295,0.1353130489587783,0.7234339920675847,0.0806382057232071,0.9588576158983712,0.5197479108107891,0.0847869184179596,0.1917110973782726
HHDX011,conch,2,x,low,1.0,image,marker_hvg_overlap,8928,2400,169,0.1650044907576035,0.1355620337938008,-0.0040664838150125,0.2618110179901123,0.1347474157810211,0.7392465628371186,0.0795634952973668,0.960675107613833,0.5201193014555999,0.0843837386266958,0.1923890642424811
HHDX011,conch,2,x,low,1.0,spatial_knn,top50_hvg,8928,2400,50,0.0938122547950479,0.0799413398853849,-0.0944550481438636,0.5115945935249329,0.356235146522522,0.6660339061911024,0.2754869440933551,0.7770490557726424,0.5262679999329988,0.2764967434512616,0.3492968812328026
HHDX011,conch,2,x,low,1.0,spatial_knn,top200_hvg,8928,2400,200,0.0326084756901415,0.0282360107865228,-0.0943015967891551,0.3030296862125397,0.1410185247659683,0.6636763330622246,0.0702412320542315,0.9438013749561796,0.5070213035052056,0.0704784600373226,0.1313734246331249
HHDX011,conch,2,x,low,1.0,spatial_knn,marker_hvg_overlap,8928,2400,169,0.0308309376234102,0.0258655092193157,-0.0913904683785678,0.3060232102870941,0.1408229619264602,0.6821686105943627,0.0693599204442752,0.9441457898107156,0.5067528551274956,0.0688249383924528,0.1305169681885483
HHDX011,conch,3,y,low,0.05,train_mean,top50_hvg,445,2400,50,-3.417637288549713e-07,,-0.0455882755004131,0.5023159980773926,0.3671377897262573,0.7298360149264519,0.18,0.82,0.5,0.1506107620366943,0.3331083333333333
HHDX011,conch,3,y,low,0.05,train_mean,top200_hvg,445,2400,200,-6.861636379085211e-08,,-0.0164639784195546,0.2928338944911957,0.1450312882661819,0.7237533500909099,0.045,0.955,0.5,0.0376526905091735,0.1226208333333333
HHDX011,conch,3,y,low,0.05,train_mean,marker_hvg_overlap,445,2400,170,-1.028002441342203e-09,,-0.0125825890830753,0.2980479896068573,0.1452671140432357,0.7423398447628458,0.0411764705882352,0.9588235294117649,0.5,0.0358770913943442,0.1230294117647059
HHDX011,conch,3,y,low,0.05,coordinate,top50_hvg,445,2400,50,0.0017262630019104,0.0033506249852445,-0.051636077586445,0.5033178329467773,0.3512713611125946,0.7294433679139685,0.1729321025090316,0.8284618797170299,0.5006969911130308,0.1536019478879272,0.3308910634189233
HHDX011,conch,3,y,low,0.05,coordinate,top200_hvg,445,2400,200,-0.0005788389719964,0.0001148253875151,-0.0481086965400754,0.294479489326477,0.1372098624706268,0.7196522640708497,0.0432330256272579,0.9571154699292574,0.5001742477782577,0.0384004869719818,0.1232270292325223
HHDX011,conch,3,y,low,0.05,coordinate,marker_hvg_overlap,445,2400,170,-0.0015779770107816,-0.0009678558057381,-0.0434863960318205,0.2995009124279022,0.137457475066185,0.738083322980542,0.0429044251329337,0.9575119210007128,0.5002081730668232,0.0384194031506423,0.1234797140541589
HHDX011,conch,3,y,low,0.05,image,top50_hvg,445,2400,50,0.1621851162612438,0.14872180343118,-0.3343937718123198,0.5044498443603516,0.3751290142536163,0.6732471330379927,0.3275063282671873,0.7584182755325376,0.5429623018998625,0.3354988073742658,0.3855389421124608
HHDX011,conch,3,y,low,0.05,image,top200_hvg,445,2400,200,0.0618080175012801,0.0561474816368275,-0.4549070385750383,0.3048721551895141,0.1771062463521957,0.6527486209235953,0.0856875538123899,0.935915199958269,0.5108013768853295,0.0898977284237624,0.143831735849537
HHDX011,conch,3,y,low,0.05,image,marker_hvg_overlap,445,2400,170,0.0629857175246904,0.0572469371568785,-0.3903131294666844,0.3078666627407074,0.1779612600803375,0.6748589595696595,0.0851255140875384,0.9360605385484192,0.5105930263179789,0.0894060824034695,0.1437944124644234
HHDX011,conch,3,y,low,0.05,spatial_knn,top50_hvg,445,2400,50,0.012573859438167,0.0079912118983905,-0.1187780186440795,0.514644980430603,0.3539130985736847,0.7167803107873595,0.2212058918792782,0.7837134250853274,0.5024596584823029,0.2217674798987476,0.3381044546015568
HHDX011,conch,3,y,low,0.05,spatial_knn,top200_hvg,445,2400,200,0.0019624847611893,0.0009175231904014,-0.1085467745398637,0.3015282452106476,0.1377627551555633,0.7053663320346129,0.0553014729698195,0.9459142738310276,0.5006078734004237,0.0554418699746869,0.1241137707785022
HHDX011,conch,3,y,low,0.05,spatial_knn,marker_hvg_overlap,445,2400,170,0.001348767647775,3.723607606733781e-05,-0.0997866959954776,0.3063461780548095,0.1377107501029968,0.7253280770330062,0.0530599257347417,0.9474671737054468,0.5002635497200943,0.0533333818428351,0.1242249660154731
HHDX011,conch,3,y,low,0.1,train_mean,top50_hvg,890,2400,50,-3.3265303882146215e-07,,-0.038419615353323,0.5029419660568237,0.3674574196338653,0.7294628240391978,0.18,0.82,0.5,0.1506107620366943,0.3331083333333333
HHDX011,conch,3,y,low,0.1,train_mean,top200_hvg,890,2400,200,-6.674416661051064e-08,,-0.0126664204947246,0.2930936813354492,0.144331693649292,0.7235805362623446,0.045,0.955,0.5,0.0376526905091735,0.1226208333333333
HHDX011,conch,3,y,low,0.1,train_mean,marker_hvg_overlap,890,2400,170,-1.4891335760896746e-08,,-0.0110452172973215,0.298517107963562,0.14473856985569,0.7416107111963726,0.0411764705882352,0.9588235294117649,0.5,0.0358770913943442,0.1230294117647059
HHDX011,conch,3,y,low,0.1,coordinate,top50_hvg,890,2400,50,-0.0009345213908818,-0.0012671053488509,-0.1096827923716046,0.511162519454956,0.3548051714897156,0.7263606255815854,0.174581720348916,0.8270869637478756,0.5008343420483959,0.1603904234798436,0.3287533270532631
HHDX011,conch,3,y,low,0.1,coordinate,top200_hvg,890,2400,200,-0.0034620951841498,-0.0034225287854582,-0.0544277250831146,0.2976045608520508,0.1392191499471664,0.7170838180666732,0.043645430087229,0.9567717409369688,0.500208585512099,0.0400976058699609,0.1224094852992965
HHDX011,conch,3,y,low,0.1,coordinate,marker_hvg_overlap,890,2400,170,-0.0036776574182166,-0.0036707150841989,-0.0552423750439415,0.3031332790851593,0.1402635723352432,0.7351756944594491,0.0424311870843656,0.95786187616705,0.5001465316257079,0.0397593126463462,0.1228987371471044
HHDX011,conch,3,y,low,0.1,image,top50_hvg,890,2400,50,0.2008307851478457,0.1823884873975174,-0.1818750846944749,0.4768027365207672,0.3506292998790741,0.7059687100460402,0.2945797516622699,0.8043862282334271,0.5494829899478485,0.313491639518861,0.4027850864315119
HHDX011,conch,3,y,low,0.1,image,top200_hvg,890,2400,200,0.0750399026095692,0.0676836379571711,-0.2227334485715255,0.2875982522964477,0.1586874127388,0.6883111800190272,0.0750000973095712,0.9503964441479692,0.5126982707287702,0.0808196836823056,0.1495107729847583
HHDX011,conch,3,y,low,0.1,image,marker_hvg_overlap,890,2400,170,0.0755410546911127,0.067639153192518,-0.1947000016513116,0.2904006838798523,0.1590060293674469,0.709287025128117,0.0729659482443962,0.951755160711375,0.5123605544778856,0.0792208242380961,0.1493643146060012
HHDX011,conch,3,y,low,0.1,spatial_knn,top50_hvg,890,2400,50,0.0050949161476455,0.0032931125541278,-0.115934614315629,0.5174819231033325,0.3573063910007477,0.7115311031958795,0.2312086371942207,0.768912827496492,0.5000607323453565,0.235777609263719,0.3352584291597957
HHDX011,conch,3,y,low,0.1,spatial_knn,top200_hvg,890,2400,200,0.0001844991168835,-0.0005320251320007,-0.1062601282878313,0.3029594719409942,0.1392039209604263,0.7002396557078742,0.0578173108137067,0.9421939362733216,0.5000056235435141,0.0589745227978574,0.1236011402389372
HHDX011,conch,3,y,low,0.1,spatial_knn,marker_hvg_overlap,890,2400,170,0.0021461961187487,0.0015086822316142,-0.1005996230236419,0.3078937828540802,0.1393426358699798,0.7200706745362015,0.0567121335736613,0.9430865748614896,0.4998993542175755,0.0586400137457057,0.1242277187256193
HHDX011,conch,3,y,low,0.25,train_mean,top50_hvg,2226,2400,50,1.1835272435689603e-06,,-0.0517420150821999,0.5061067938804626,0.3718472123146057,0.7288623381072029,0.18,0.82,0.5,0.1506107620366943,0.3331083333333333
HHDX011,conch,3,y,low,0.25,train_mean,top200_hvg,2226,2400,200,2.814240267201562e-07,,-0.0169745663073933,0.2944237887859344,0.1462799310684204,0.7231454043240269,0.045,0.955,0.5,0.0376526905091735,0.1226208333333333
HHDX011,conch,3,y,low,0.25,train_mean,marker_hvg_overlap,2226,2400,170,3.255118658043569e-07,,-0.0153055645647795,0.3000567257404327,0.1470105201005935,0.741306442263404,0.0411764705882352,0.9588235294117649,0.5,0.0358770913943442,0.1230294117647059
HHDX011,conch,3,y,low,0.25,coordinate,top50_hvg,2226,2400,50,0.0037539010192267,0.0035883092951884,-0.3225767313712276,0.5624980330467224,0.3687307238578796,0.703628561281204,0.1206396920835501,0.8791288072140117,0.499884249648781,0.1204972721236965,0.3310947816286176
HHDX011,conch,3,y,low,0.25,coordinate,top200_hvg,2226,2400,200,-0.0019355751281545,-0.0015243282538616,-0.1321112919614825,0.3203070759773254,0.1410471946001052,0.6966816107285316,0.0301599230208875,0.9697822018035028,0.4999710624121952,0.0301243180309241,0.1234187430583371
HHDX011,conch,3,y,low,0.25,coordinate,marker_hvg_overlap,2226,2400,170,-0.002674153708572,-0.0023910533434544,-0.1311086426220272,0.3274952471256256,0.1430675387382507,0.7167101416477424,0.0316091500728839,0.968164942873037,0.4998870464729604,0.0305459603521511,0.1234374597386848
HHDX011,conch,3,y,low,0.25,image,top50_hvg,2226,2400,50,0.2448292036540806,0.2216120431972764,-0.0878261241712607,0.4556490480899811,0.3402661383152008,0.7270385458201515,0.2994732681993292,0.8119406276890294,0.5557069479441794,0.3173819779861218,0.4250511431410947
HHDX011,conch,3,y,low,0.25,image,top200_hvg,2226,2400,200,0.1009785264391393,0.0910530191614003,-0.1730725030171743,0.2751522064208984,0.1474647670984268,0.7140136572291036,0.0752713484048943,0.9528232229658568,0.5140472856853756,0.0800855209006435,0.1614524398589826
HHDX011,conch,3,y,low,0.25,image,marker_hvg_overlap,2226,2400,170,0.1018213620311786,0.0912621884488944,-0.1207923283843282,0.2778595387935638,0.1476717740297317,0.7333157975729054,0.0715143408569719,0.9555484546894996,0.5135313977732358,0.0778884628253153,0.1613300516208156
HHDX011,conch,3,y,low,0.25,spatial_knn,top50_hvg,2226,2400,50,-0.005883198151132,-0.0056184559152165,-0.1369280834496021,0.5256291627883911,0.3516213297843933,0.7094532640156727,0.1926926924620297,0.8024171425033342,0.497554917482682,0.2021858155053088,0.3340650077087885
HHDX011,conch,3,y,low,0.25,spatial_knn,top200_hvg,2226,2400,200,0.0005849659082321,0.0009170215354081,-0.1050520305696409,0.3061493635177612,0.1354144215583801,0.6982143749187256,0.0482945295368638,0.950513992005913,0.4994042607713885,0.0507628020639579,0.1235891885376865
HHDX011,conch,3,y,low,0.25,spatial_knn,marker_hvg_overlap,2226,2400,170,-6.420416591550526e-05,0.0004279925565832,-0.1055494279970469,0.3116953074932098,0.1364719867706298,0.7181682811264988,0.0468178862146139,0.9520821620848792,0.4994500241497466,0.0497236665674122,0.1238616783786549
HHDX011,conch,3,y,low,1.0,train_mean,top50_hvg,8903,2400,50,-2.3861232939736965e-07,,-0.0461981647127868,0.5051557421684265,0.3709610104560852,0.7288555897896892,0.18,0.82,0.5,0.1506107620366943,0.3331083333333333
HHDX011,conch,3,y,low,1.0,train_mean,top200_hvg,8903,2400,200,-5.5456809697762574e-08,,-0.014590922794713,0.2939821183681488,0.1464502960443496,0.7232138109549548,0.045,0.955,0.5,0.0376526905091735,0.1226208333333333
HHDX011,conch,3,y,low,1.0,train_mean,marker_hvg_overlap,8903,2400,170,-8.757401563135446e-08,,-0.0125227382396067,0.2995426952838897,0.1471038460731506,0.7412889469866535,0.0411764705882352,0.9588235294117649,0.5,0.0358770913943442,0.1230294117647059
HHDX011,conch,3,y,low,1.0,coordinate,top50_hvg,8903,2400,50,-0.003043837074656,-0.0022087197598529,-0.6129993733763694,0.6240084171295166,0.3969053626060486,0.6210282108557154,0.1053552288784921,0.8926724304133046,0.4990138296458983,0.1014757080314562,0.3289173350891608
HHDX011,conch,3,y,low,1.0,coordinate,top200_hvg,8903,2400,200,-0.0060397108545294,-0.0062502540083359,-0.2136606986118613,0.3478062450885772,0.1479572355747223,0.627879204197099,0.026338807219623,0.9731681076033262,0.4997534574114746,0.025368927007864,0.1226286932898392
HHDX011,conch,3,y,low,1.0,coordinate,marker_hvg_overlap,8903,2400,170,-0.0068923831239397,-0.007027493493495,-0.2115975932063734,0.3558925986289978,0.150487944483757,0.655067996363131,0.030807106943006,0.9685607220746304,0.4996839145088182,0.0294991382253769,0.1223293418253919
HHDX011,conch,3,y,low,1.0,image,top50_hvg,8903,2400,50,0.2758506886055693,0.2504354431878735,-0.008871970444452,0.4485034644603729,0.3338037431240082,0.7427810473800377,0.2762594697814219,0.8387607010192647,0.5575100854003434,0.2989181730667938,0.44163804871733
HHDX011,conch,3,y,low,1.0,image,top200_hvg,8903,2400,200,0.1261262214783346,0.1116914926786697,-0.0698644734378467,0.2702661454677582,0.1400035172700882,0.7306169945594823,0.0692862011401237,0.9596513684541808,0.5144687847971522,0.0751407278817047,0.1726370187784084
HHDX011,conch,3,y,low,1.0,image,marker_hvg_overlap,8903,2400,170,0.1269298709648223,0.1117554299206385,-0.040347473179538,0.2733031213283539,0.1405925303697586,0.7482901224925157,0.0665159880812954,0.9614252986125182,0.5139706433469068,0.0732787787060691,0.1725266334433124
HHDX011,conch,3,y,low,1.0,spatial_knn,top50_hvg,8903,2400,50,-0.0098041397891938,-0.0108127762586247,-0.1337870982289314,0.5242729783058167,0.3542906045913696,0.7130740316206662,0.2148582777189033,0.7802662581667428,0.4975622679428231,0.2251319302337703,0.3322667944646654
HHDX011,conch,3,y,low,1.0,spatial_knn,top200_hvg,8903,2400,200,-0.0036523228816143,-0.003311293477289,-0.1096729943261016,0.3057124316692352,0.1370113641023636,0.7013706742168763,0.0538967900764626,0.9448596878864116,0.4993782389814371,0.056606593228112,0.1229154373621279
HHDX011,conch,3,y,low,1.0,spatial_knn,marker_hvg_overlap,8903,2400,170,-0.0046635856644483,-0.0042613612269336,-0.108970812128802,0.3109380304813385,0.1379943042993545,0.7213413580666185,0.0535995481297146,0.945468309931932,0.4995339290308234,0.0570713944625366,0.1232128957113018
HHDX011,ctranspath,0,x,high,0.05,train_mean,top50_hvg,446,2400,50,-8.443437401695064e-08,,-0.0137723508081035,0.4769745469093323,0.3565840125083923,0.7241367024307692,0.18,0.82,0.5,0.1447975962904332,0.3049083333333333
HHDX011,ctranspath,0,x,high,0.05,train_mean,top200_hvg,446,2400,200,-1.5291717151422192e-08,,-0.0077031987188092,0.2756686508655548,0.1398294121026992,0.713001436457079,0.045,0.955,0.5,0.0361993990726083,0.1094583333333333
HHDX011,ctranspath,0,x,high,0.05,train_mean,marker_hvg_overlap,446,2400,171,-1.5205129434549118e-07,,-0.008428082888979,0.2773587703704834,0.1387030184268951,0.731011248461801,0.0409356725146198,0.95906432748538,0.5,0.034069881841428,0.1072685185185185
HHDX011,ctranspath,0,x,high,0.05,coordinate,top50_hvg,446,2400,50,0.0050173833570443,0.0045825600797751,-0.0904817843576893,0.5088410377502441,0.360087901353836,0.7193974623202036,0.2969785049950083,0.7100913505959952,0.5035349277955017,0.221250630156182,0.2978425187089226
HHDX011,ctranspath,0,x,high,0.05,coordinate,top200_hvg,446,2400,200,0.0008809962550003,0.0009227861239181,-0.1052974245340738,0.2931374609470367,0.1490418910980224,0.7047105957981831,0.074244626248752,0.9275205524570428,0.5008825893528974,0.0553126575390455,0.1098457982691809
HHDX011,ctranspath,0,x,high,0.05,coordinate,marker_hvg_overlap,446,2400,171,0.0012235474147784,0.0016292323140481,-0.1117204550901504,0.2959528863430023,0.1477975249290466,0.7235586251347765,0.0678854746113001,0.93313555131834,0.50051051296482,0.0516546495239898,0.1088004543290976
HHDX011,ctranspath,0,x,high,0.05,image,top50_hvg,446,2400,50,0.155018162773922,0.1392691580695044,-0.2297469099611044,0.4788312911987304,0.3534026443958282,0.6698582201626545,0.3100589303739469,0.7843259476935416,0.5471924390337443,0.3223917843885677,0.3582432319156841
HHDX011,ctranspath,0,x,high,0.05,image,top200_hvg,446,2400,200,0.0516802089585507,0.0461254382901642,-0.3398446692340076,0.2879596054553985,0.1661177724599838,0.6440785989053895,0.081089841705352,0.943742258796336,0.5124160502508441,0.0859302368256506,0.1291353248216664
HHDX011,ctranspath,0,x,high,0.05,image,marker_hvg_overlap,446,2400,171,0.0504865280314408,0.0443339844214259,-0.3468585097998903,0.2872903347015381,0.1649681776762008,0.666819596580533,0.0782445231031347,0.945770750601923,0.5120076368525288,0.083049319753078,0.1259687837939109
HHDX011,ctranspath,0,x,high,0.05,spatial_knn,top50_hvg,446,2400,50,0.064995506813284,0.0465333505410842,-0.1027693827242183,0.4850600957870483,0.3424116969108581,0.708558271209328,0.2577870340234177,0.7458462848513383,0.501816659437378,0.2225977703936205,0.3209517303624738
HHDX011,ctranspath,0,x,high,0.05,spatial_knn,top200_hvg,446,2400,200,0.0220097184947614,0.0152972525177055,-0.1443507806019988,0.2837143838405609,0.1354901641607284,0.6941526653264284,0.0645921073430637,0.9364077112487412,0.5004999092959025,0.0558981988173106,0.113828805676878
HHDX011,ctranspath,0,x,high,0.05,spatial_knn,marker_hvg_overlap,446,2400,171,0.0238337650394166,0.0161833186312893,-0.1499324308542622,0.284207135438919,0.1351070404052734,0.7138662690006339,0.0618480809025187,0.9391157558355387,0.5004819183690288,0.0546209612501866,0.1116507519718225
HHDX011,ctranspath,0,x,high,0.1,train_mean,top50_hvg,891,2400,50,-3.205458077459866e-07,,-0.0101898026008325,0.4758428931236267,0.3553203642368316,0.7249039692958331,0.18,0.82,0.5,0.1447975962904332,0.3049083333333333
HHDX011,ctranspath,0,x,high,0.1,train_mean,top200_hvg,891,2400,200,-6.063950363843773e-08,,-0.0066652388341339,0.2751431763172149,0.1399115622043609,0.7138512073837597,0.045,0.955,0.5,0.0361993990726083,0.1094583333333333
HHDX011,ctranspath,0,x,high,0.1,train_mean,marker_hvg_overlap,891,2400,171,-1.1835320888893108e-07,,-0.0074071270360747,0.2768012583255768,0.1386397033929824,0.7317854876044773,0.0409356725146198,0.95906432748538,0.5,0.034069881841428,0.1072685185185185
HHDX011,ctranspath,0,x,high,0.1,coordinate,top50_hvg,891,2400,50,0.0466660354053601,0.0417373628633511,-0.0418850457808002,0.4786849915981293,0.3386310636997223,0.7189702528494492,0.2094599231654788,0.7997200003767042,0.5045899617710914,0.1849939914376043,0.3184421941518207
HHDX011,ctranspath,0,x,high,0.1,coordinate,top200_hvg,891,2400,200,0.0171714369341498,0.0160181931137757,-0.050082947127812,0.2780417799949646,0.1359205842018127,0.7062481783422222,0.0523649807913697,0.9499300000941762,0.5011474904427728,0.046248497859401,0.1162221662835438
HHDX011,ctranspath,0,x,high,0.1,coordinate,marker_hvg_overlap,891,2400,171,0.0193077426855465,0.0179021656961063,-0.0510594764331557,0.278953343629837,0.1336884647607803,0.7252193546724717,0.0450675157493407,0.957822492654375,0.5014450042018579,0.0417553702002206,0.1154256560747656
HHDX011,ctranspath,0,x,high,0.1,image,top50_hvg,891,2400,50,0.1731934239529073,0.1553534090931278,-0.0965862198919057,0.4557585418224334,0.3350985050201416,0.6987424216158524,0.2782114292888835,0.8152729380267673,0.5467421836578253,0.2981754424462822,0.3665306066066396
HHDX011,ctranspath,0,x,high,0.1,image,top200_hvg,891,2400,200,0.0648444724200817,0.0580760831604591,-0.1871297858655452,0.2727527916431427,0.1499549001455307,0.6789871142543183,0.0720295257306735,0.9531930145374408,0.5126112701340572,0.0776951491151846,0.1344086915165097
HHDX011,ctranspath,0,x,high,0.1,image,marker_hvg_overlap,891,2400,171,0.0654732630268482,0.0576533540519072,-0.1923140797938345,0.2720755636692047,0.1484927982091903,0.7013568273104342,0.0696482896847202,0.955248965184632,0.512448627434676,0.0753166056455052,0.1322131063365974
HHDX011,ctranspath,0,x,high,0.1,spatial_knn,top50_hvg,891,2400,50,0.0120158376218751,0.0107640166362764,-0.1190046327072195,0.4951678514480591,0.3438005745410919,0.703602552875451,0.200594449948115,0.8040273835167452,0.5023109167324301,0.1899782861879935,0.3104116842969781
HHDX011,ctranspath,0,x,high,0.1,spatial_knn,top200_hvg,891,2400,200,0.0044153368698738,0.0033142701891297,-0.1523193631850881,0.2889151573181152,0.1369965523481369,0.6841931380565708,0.0502507759485672,0.9509198545783164,0.5005853152634419,0.0476638888682144,0.1113511256433413
HHDX011,ctranspath,0,x,high,0.1,spatial_knn,marker_hvg_overlap,891,2400,171,0.0055575878679957,0.0039213867550395,-0.1606853045809099,0.2905716896057129,0.1368385255336761,0.7038656859543154,0.0467570639577653,0.9538390257254212,0.5002980448415933,0.0443988658942758,0.1092464817453624
HHDX011,ctranspath,0,x,high,0.25,train_mean,top50_hvg,2228,2400,50,8.650379621318577e-07,,-0.0100237774595007,0.4760203957557678,0.3555259108543396,0.7248596582827279,0.18,0.82,0.5,0.1447975962904332,0.3049083333333333
HHDX011,ctranspath,0,x,high,0.25,train_mean,top200_hvg,2228,2400,200,2.1000208361154907e-07,,-0.0052318983378859,0.2751904129981994,0.1392858177423477,0.7138073350264393,0.045,0.955,0.5,0.0361993990726083,0.1094583333333333
HHDX011,ctranspath,0,x,high,0.25,train_mean,marker_hvg_overlap,2228,2400,171,1.9472055878103569e-07,,-0.0058098837744209,0.2768726646900177,0.1380525827407837,0.7316778502963184,0.0409356725146198,0.95906432748538,0.5,0.034069881841428,0.1072685185185185
HHDX011,ctranspath,0,x,high,0.25,coordinate,top50_hvg,2228,2400,50,0.0608840172580676,0.0516622387842503,-0.0383574178069829,0.4777277112007141,0.3557674884796142,0.7229888587981567,0.2482959975067617,0.7643407888163111,0.5063183931615363,0.2063189648158393,0.322421146565971
HHDX011,ctranspath,0,x,high,0.25,coordinate,top200_hvg,2228,2400,200,0.0211512697612852,0.0191283644032302,-0.0323416058052134,0.2768679559230804,0.1394769251346588,0.7107325506899034,0.0620739993766904,0.9410851972040776,0.501579598290384,0.0515797412039598,0.117162859415954
HHDX011,ctranspath,0,x,high,0.25,coordinate,marker_hvg_overlap,2228,2400,171,0.0210314865890132,0.0186444236756004,-0.034443812811242,0.2784364521503448,0.1391547620296478,0.7290146429563383,0.057877598706925,0.9456883392868604,0.5017829689968928,0.0495787438610171,0.1149088429718883
HHDX011,ctranspath,0,x,high,0.25,image,top50_hvg,2228,2400,50,0.2158313383907079,0.195298339943869,0.0192417986039072,0.4291526675224304,0.3135513365268707,0.7285949932328787,0.2681154479269288,0.8341914382064156,0.5511534430666722,0.2845694396841549,0.3836081620732768
HHDX011,ctranspath,0,x,high,0.25,image,top200_hvg,2228,2400,200,0.0812386316779884,0.073849024604537,-0.0587851001578383,0.2576089799404144,0.1337660253047943,0.7108694150441555,0.0689738687293705,0.9584109158769776,0.5136923923031741,0.0730410418018178,0.1398923872532937
HHDX011,ctranspath,0,x,high,0.25,image,marker_hvg_overlap,2228,2400,171,0.080118240186419,0.0719703235766285,-0.0615327902415996,0.2568385899066925,0.1325667053461074,0.7297984953614881,0.0669011259517271,0.9595726420528972,0.5132368840023122,0.0708062452111848,0.1366340807798394
HHDX011,ctranspath,0,x,high,0.25,spatial_knn,top50_hvg,2228,2400,50,0.0298554106557276,0.0224440685766623,-0.1397679508663714,0.497813880443573,0.3554388284683227,0.6967533180738288,0.2356916292317446,0.7737825487573131,0.5047370889945288,0.2221158731451039,0.3156361949181068
HHDX011,ctranspath,0,x,high,0.25,spatial_knn,top200_hvg,2228,2400,200,0.0079530596127909,0.0057551026968183,-0.1526119211444165,0.2897252738475799,0.1385836601257324,0.6794753464825964,0.0598311450358766,0.9426491551133698,0.5012401500746233,0.0564086770211606,0.1126958169498692
HHDX011,ctranspath,0,x,high,0.25,spatial_knn,marker_hvg_overlap,2228,2400,171,0.0075560054005902,0.0056989966050331,-0.1563387159135584,0.2913268208503723,0.1394711285829544,0.7003170457438689,0.0589544806403967,0.9433708844573768,0.5011626825488869,0.0569949274228238,0.1104442371458384
HHDX011,ctranspath,0,x,high,1.0,train_mean,top50_hvg,8912,2400,50,-3.8881988952965683e-07,,-0.0086251411237753,0.4756816029548645,0.3542315065860748,0.7250876500095869,0.18,0.82,0.5,0.1447975962904332,0.3049083333333333
HHDX011,ctranspath,0,x,high,1.0,train_mean,top200_hvg,8912,2400,200,-1.1830372087295874e-07,,-0.0043196214696001,0.2750072479248047,0.1387629210948944,0.7141314302068481,0.045,0.955,0.5,0.0361993990726083,0.1094583333333333
HHDX011,ctranspath,0,x,high,1.0,train_mean,marker_hvg_overlap,8912,2400,171,-1.34366718879347e-07,,-0.0048221967483987,0.2766627073287964,0.1374684423208236,0.7320389627393573,0.0409356725146198,0.95906432748538,0.5,0.034069881841428,0.1072685185185185
HHDX011,ctranspath,0,x,high,1.0,coordinate,top50_hvg,8912,2400,50,0.0584959296351007,0.0506605736672947,-0.018189150491089,0.4779948890209198,0.3454809486865997,0.7234225395583395,0.219900043909285,0.7945789339705694,0.5072394889399272,0.1875333211191376,0.3257401197561799
HHDX011,ctranspath,0,x,high,1.0,coordinate,top200_hvg,8912,2400,200,0.0200903349019972,0.0167834142088031,-0.0165456708046986,0.2764813005924225,0.1337402015924453,0.7116025687373774,0.0549750109773212,0.9486447334926424,0.5018098722349819,0.0468833302797844,0.1178005686167579
HHDX011,ctranspath,0,x,high,1.0,coordinate,marker_hvg_overlap,8912,2400,171,0.0199533043538948,0.0163327004296711,-0.0175930305414905,0.2782763540744781,0.1321878731250763,0.7298237979169253,0.0513827498468589,0.952536836283264,0.5019597930650616,0.0447443948158745,0.1154702324694149
HHDX011,ctranspath,0,x,high,1.0,image,top50_hvg,8912,2400,50,0.2466118347644806,0.2223504550476548,0.0680248996400041,0.4203343093395233,0.3063887655735016,0.7418961347844107,0.2454309865588496,0.8571581795697751,0.5512945830643124,0.2605142128733398,0.3974775798293248
HHDX011,ctranspath,0,x,high,1.0,image,top200_hvg,8912,2400,200,0.102823933478503,0.0920547262118195,-0.0006279931571771,0.2518373131752014,0.1254055947065353,0.7258706956623163,0.0630704870243278,0.9641901017117618,0.5136302943680449,0.0669597162843308,0.1481257760881384
HHDX011,ctranspath,0,x,high,1.0,image,marker_hvg_overlap,8912,2400,171,0.1016694427735433,0.0897529117002184,-0.0022530120710909,0.2510387003421783,0.1239126101136207,0.7438195585588184,0.0611428588930953,0.9656946470743802,0.5134187529837377,0.065201190045646,0.1448794981041211
HHDX011,ctranspath,0,x,high,1.0,spatial_knn,top50_hvg,8912,2400,50,-0.0024943807069212,-0.0057187004503245,-0.2196212741732597,0.5314375758171082,0.3580845892429352,0.6744344391435938,0.2346985735132317,0.762340697732717,0.4985196356229743,0.2249108682401323,0.3070724927055227
HHDX011,ctranspath,0,x,high,1.0,spatial_knn,top200_hvg,8912,2400,200,-0.0029768512902766,-0.0033581730233272,-0.154898145836778,0.3038350343704223,0.1368006616830825,0.664236575295201,0.0595252839848499,0.939959337109851,0.4997423105473505,0.0575312938222408,0.1103314511861858
HHDX011,ctranspath,0,x,high,1.0,spatial_knn,marker_hvg_overlap,8912,2400,171,-0.0032251914429744,-0.0032416879968506,-0.158641860754997,0.3069269955158233,0.1366091519594192,0.6844200578668774,0.0596367308877473,0.9397893969429636,0.4997130639153556,0.0575401109699126,0.1081626447882004
HHDX011,ctranspath,1,y,high,0.05,train_mean,top50_hvg,447,2400,50,2.917890419951164e-07,,-0.1031420266321219,0.5923330187797546,0.4066446423530578,0.444589274109274,0.18,0.82,0.5,0.1210999915740229,0.2861083333333333
HHDX011,ctranspath,1,y,high,0.05,train_mean,top200_hvg,447,2400,200,6.333692379110682e-08,,-0.035399383910194,0.3430512249469757,0.1587852537631988,0.4750922027758153,0.045,0.955,0.5,0.0302749978935057,0.1162083333333333
HHDX011,ctranspath,1,y,high,0.05,train_mean,marker_hvg_overlap,447,2400,170,6.175761444644136e-08,,-0.0373151930191852,0.3523688614368438,0.1602640300989151,0.48577642211063,0.0411764705882352,0.9588235294117649,0.5,0.0281657714983354,0.1163480392156862
HHDX011,ctranspath,1,y,high,0.05,coordinate,top50_hvg,447,2400,50,-0.0371863234008196,-0.0385819468481245,-0.2305924167437479,0.6473962068557739,0.4272196888923645,0.4270328235350895,0.3040351418608261,0.6929630053312741,0.4984990735960501,0.1808856283814444,0.2720791559875615
HHDX011,ctranspath,1,y,high,0.05,coordinate,top200_hvg,447,2400,200,-0.014604853435733,-0.0151759361608337,-0.104762513172609,0.3690041601657867,0.1689120531082153,0.4585074982780794,0.0763121562517233,0.922522081256092,0.4994171187539078,0.0455799728324128,0.1141969163103254
HHDX011,ctranspath,1,y,high,0.05,coordinate,marker_hvg_overlap,447,2400,170,-0.0144518714249354,-0.0144957811611029,-0.1028449141155065,0.3796437978744507,0.1682033389806747,0.468854973517952,0.0601837761539035,0.9388812486232536,0.4995325123885786,0.0387538405445188,0.1144761839918314
HHDX011,ctranspath,1,y,high,0.05,image,top50_hvg,447,2400,50,0.1768911368772387,0.1709379142113769,-0.1942520122183486,0.5141780972480774,0.3740755021572113,0.4355119199152989,0.3236729722747269,0.7817147646658492,0.552693868470288,0.3149756290033793,0.3681503109781754
HHDX011,ctranspath,1,y,high,0.05,image,top200_hvg,447,2400,200,0.0583589667565219,0.0566192475987141,-0.2627323657192755,0.3200082182884216,0.1808236390352249,0.4395677377954087,0.0841085076024325,0.9429650521043572,0.5135367798533949,0.0839083465056579,0.1429160438594454
HHDX011,ctranspath,1,y,high,0.05,image,marker_hvg_overlap,447,2400,170,0.0610018020952823,0.0586393995873066,-0.2469775271122617,0.3213336765766144,0.1810150444507599,0.4594507855268688,0.0849950152774459,0.9421877906390352,0.5135914029582407,0.0837443251713315,0.1434519570036472
HHDX011,ctranspath,1,y,high,0.05,spatial_knn,top50_hvg,447,2400,50,0.0086318272362404,0.0054138997696093,-0.2599032650142908,0.6442622542381287,0.4197500348091125,0.4316862243480693,0.263755861971795,0.739244650556278,0.5015002562640366,0.2059737881847706,0.291481389172034
HHDX011,ctranspath,1,y,high,0.05,spatial_knn,top200_hvg,447,2400,200,0.0103461512704831,0.0084923248077647,-0.1406043062801472,0.3687854409217834,0.1628346145153045,0.4588818615208891,0.0673418918435721,0.9335248453731656,0.5004333686083688,0.0530472512072257,0.1195715095171505
HHDX011,ctranspath,1,y,high,0.05,spatial_knn,marker_hvg_overlap,447,2400,170,0.0085604479456045,0.0067370701865353,-0.1416572554886122,0.3789474070072174,0.1634383797645568,0.4707103501067359,0.0584693467410254,0.9419835405569412,0.5002264436489833,0.0479649889511714,0.1190910490974265
HHDX011,ctranspath,1,y,high,0.1,train_mean,top50_hvg,895,2400,50,-4.329276734293272e-07,,-0.1059438497707015,0.5952413082122803,0.4093342423439026,0.4455920243536445,0.2,0.8,0.5,0.1303110242873007,0.2861083333333333
HHDX011,ctranspath,1,y,high,0.1,train_mean,top200_hvg,895,2400,200,-9.580631096346393e-08,,-0.0348860207257621,0.3442979753017425,0.1593353897333145,0.4759271846006722,0.05,0.95,0.5,0.0325777560718251,0.1162083333333333
HHDX011,ctranspath,1,y,high,0.1,train_mean,marker_hvg_overlap,895,2400,170,-3.0154404711639035e-08,,-0.0376609854383787,0.3539723455905914,0.1610835045576095,0.4861751829817795,0.0470588235294117,0.9529411764705882,0.5,0.0308748987669466,0.1163480392156862
HHDX011,ctranspath,1,y,high,0.1,coordinate,top50_hvg,895,2400,50,-0.1166933863330632,-0.1171231566198331,-0.2774458093888824,0.6619228720664978,0.4547191262245178,0.4395614900785765,0.3052187303975123,0.6800672549525675,0.4926429926750398,0.1866744167002055,0.2485485115833999
HHDX011,ctranspath,1,y,high,0.1,coordinate,top200_hvg,895,2400,200,-0.0381757911934105,-0.0387454877258345,-0.1031877174512192,0.3746144473552704,0.1790252476930618,0.4725506358405653,0.0763271545094904,0.919876148776505,0.4981016516429977,0.0467084448125015,0.107755794899655
HHDX011,ctranspath,1,y,high,0.1,coordinate,marker_hvg_overlap,895,2400,170,-0.0341231262868617,-0.0348569820898588,-0.09720227661772,0.3830352127552032,0.1787118911743164,0.4822848656869537,0.0681322752811702,0.9305063472348676,0.4993193112580189,0.0426011542546234,0.1090550067783456
HHDX011,ctranspath,1,y,high,0.1,image,top50_hvg,895,2400,50,0.1871364151639863,0.180996745473024,-0.084664439696935,0.4926138818264007,0.3594412207603454,0.4768317508382008,0.3171734391658342,0.7838182855707582,0.5504958623682962,0.3114546977986552,0.3729741516995859
HHDX011,ctranspath,1,y,high,0.1,image,top200_hvg,895,2400,200,0.0674369174324709,0.0650234794700582,-0.1426559079212893,0.3062458336353302,0.1678646057844162,0.4843791617536322,0.0802535766561181,0.945157203079594,0.5127053898678561,0.0795060645164957,0.1466315208767679
HHDX011,ctranspath,1,y,high,0.1,image,marker_hvg_overlap,895,2400,170,0.0683889101415606,0.065673227389582,-0.1383872749544132,0.3093236684799194,0.1691759973764419,0.4966759937634722,0.0794113745635142,0.9442245648171944,0.5118179696903543,0.0774977302827773,0.1462678870807513
HHDX011,ctranspath,1,y,high,0.1,spatial_knn,top50_hvg,895,2400,50,0.006905203894712,0.0054730459341094,-0.2410999921709299,0.6321285367012024,0.4255121052265167,0.4344203215009374,0.2722658041919016,0.730240333722252,0.5012530689570768,0.2213708497410783,0.2915033245517599
HHDX011,ctranspath,1,y,high,0.1,spatial_knn,top200_hvg,895,2400,200,0.0011426969226256,0.0002291199369157,-0.1425966131803579,0.3641272783279419,0.1652020066976547,0.4618349454890341,0.0691949787672706,0.931192399453983,0.5001936891106269,0.0567783829837725,0.1181777501782816
HHDX011,ctranspath,1,y,high,0.1,spatial_knn,marker_hvg_overlap,895,2400,170,0.001008628582562,0.0002276307327868,-0.1401560923933763,0.3729073107242584,0.165858507156372,0.4745303789672827,0.0632109721404508,0.9379972014832096,0.5006040868118302,0.0525719556107949,0.1183318841289958
HHDX011,ctranspath,1,y,high,0.25,train_mean,top50_hvg,2237,2400,50,-4.08612421196608e-07,,-0.0916673749608162,0.5874961614608765,0.4034759104251861,0.4474776723713197,0.18,0.82,0.5,0.1210999915740229,0.2861083333333333
HHDX011,ctranspath,1,y,high,0.25,train_mean,top200_hvg,2237,2400,200,-1.355088770027546e-07,,-0.0305491050888213,0.340872049331665,0.1575439274311065,0.4770860140124994,0.045,0.955,0.5,0.0302749978935057,0.1162083333333333
HHDX011,ctranspath,1,y,high,0.25,train_mean,marker_hvg_overlap,2237,2400,170,-1.3559346661290765e-07,,-0.0326855279363585,0.3500197529792785,0.1593561470508575,0.4875561168140338,0.0411764705882352,0.9588235294117649,0.5,0.0281657714983354,0.1163480392156862
HHDX011,ctranspath,1,y,high,0.25,coordinate,top50_hvg,2237,2400,50,-0.099160010414198,-0.1017353016318107,-0.2080599275231361,0.643487811088562,0.4346476793289184,0.4390976552335685,0.2652853485427753,0.7191184164853689,0.4922018825140721,0.1685387993124602,0.2521406243314902
HHDX011,ctranspath,1,y,high,0.25,coordinate,top200_hvg,2237,2400,200,-0.0289257272879331,-0.0296190987162604,-0.1090043373042863,0.3665270805358886,0.1731866151094436,0.4690856702484677,0.06633257309075,0.9296568419730046,0.4979947075318773,0.0421549427430948,0.109810412391024
HHDX011,ctranspath,1,y,high,0.25,coordinate,marker_hvg_overlap,2237,2400,170,-0.0287148393593858,-0.0290520377621859,-0.0965882835622966,0.376873254776001,0.1727844625711441,0.4790242601357599,0.0552606072626617,0.941176900102064,0.4982187536823629,0.0372518441839456,0.1102481868974701
HHDX011,ctranspath,1,y,high,0.25,image,top50_hvg,2237,2400,50,0.2266262902226299,0.2205791713936015,0.0189281961973756,0.4707612097263336,0.3401797115802765,0.5129527451582352,0.283307011841111,0.8339841709263683,0.5586455913837397,0.2858093315753728,0.3921714862580054
HHDX011,ctranspath,1,y,high,0.25,image,top200_hvg,2237,2400,200,0.0916409744117117,0.0882452443319189,-0.0603414233715011,0.2934701442718506,0.1549413055181503,0.5172508850633213,0.0711349693814623,0.9583455988574364,0.5147402841194494,0.0720445989985174,0.1558021949940914
HHDX011,ctranspath,1,y,high,0.25,image,marker_hvg_overlap,2237,2400,170,0.0926049065740217,0.0886591881159868,-0.0504551533050663,0.2963258326053619,0.1566854864358902,0.5262060048889771,0.0699732450452242,0.959185189646802,0.5145792173460131,0.0704699040799478,0.1548920946282022
HHDX011,ctranspath,1,y,high,0.25,spatial_knn,top50_hvg,2237,2400,50,-0.0042111286474391,-0.0081317509455022,-0.2240700984001159,0.6346858143806458,0.4173030853271484,0.4330542017596416,0.2547274211400669,0.7448085133046699,0.4997679672223684,0.2175118155854843,0.2866951197971004
HHDX011,ctranspath,1,y,high,0.25,spatial_knn,top200_hvg,2237,2400,200,-0.002618167044954,-0.0028937565401104,-0.2339968529203906,0.3661408722400665,0.162177175283432,0.4576689576274232,0.0658961612102456,0.9345628146706058,0.5002294879404258,0.0561873668283712,0.1168871027480463
HHDX011,ctranspath,1,y,high,0.25,spatial_knn,marker_hvg_overlap,2237,2400,170,-0.0020997285753,-0.0023339391952584,-0.1979232365210705,0.3758132457733154,0.1632247120141983,0.4693472385651587,0.0619513015379019,0.9388727586070325,0.5004120300724673,0.0529534896205943,0.117001400943925
HHDX011,ctranspath,1,y,high,1.0,train_mean,top50_hvg,8948,2400,50,8.572514751037375e-07,,-0.0970968907089172,0.5906395316123962,0.4066059291362762,0.4468192111681907,0.18,0.82,0.5,0.1210999915740229,0.2861083333333333
HHDX011,ctranspath,1,y,high,1.0,train_mean,top200_hvg,8948,2400,200,2.446010019829803e-07,,-0.0315593595694167,0.3421954810619354,0.1587889343500137,0.4769829120017035,0.045,0.955,0.5,0.0302749978935057,0.1162083333333333
HHDX011,ctranspath,1,y,high,1.0,train_mean,marker_hvg_overlap,8948,2400,170,2.707534308610913e-07,,-0.0337256107205682,0.3514973819255829,0.1605189442634582,0.4874114817938362,0.0411764705882352,0.9588235294117649,0.5,0.0281657714983354,0.1163480392156862
HHDX011,ctranspath,1,y,high,1.0,coordinate,top50_hvg,8948,2400,50,-0.1260577988997101,-0.1268514065001241,-0.2903115339763462,0.6641568541526794,0.4601915180683136,0.436291524281988,0.3254025275842812,0.6615821576299317,0.4934923426071064,0.1952265590325032,0.2456612483636228
HHDX011,ctranspath,1,y,high,1.0,coordinate,top200_hvg,8948,2400,200,-0.0397021415020572,-0.039836914581445,-0.1090462879607093,0.375174731016159,0.184133768081665,0.4707717713355716,0.0813506318960703,0.9153597337808844,0.4983551828384774,0.0488066397581258,0.1066350370151803
HHDX011,ctranspath,1,y,high,1.0,coordinate,marker_hvg_overlap,8948,2400,170,-0.0379134409102227,-0.0377418570158353,-0.1001274923005279,0.385698914527893,0.1842126846313476,0.4800248205580657,0.0712558816069998,0.9259122384814946,0.4985840600442473,0.0442250937915705,0.1072924504777891
HHDX011,ctranspath,1,y,high,1.0,image,top50_hvg,8948,2400,50,0.2692566888406872,0.2578737801316663,0.0701332969067152,0.4582019448280334,0.3317441642284393,0.5335047806240416,0.2783867130471817,0.8471772343028525,0.5627819736750171,0.2802146631173042,0.4184725680601459
HHDX011,ctranspath,1,y,high,1.0,image,top200_hvg,8948,2400,200,0.1154528375345398,0.1103102142320285,-0.0053110494864085,0.2865713238716125,0.145996868610382,0.5381863146665946,0.0699009563366617,0.961757171008139,0.5158290636724003,0.0706049226099271,0.1667736812136057
HHDX011,ctranspath,1,y,high,1.0,image,marker_hvg_overlap,8948,2400,170,0.1160756626854623,0.1106825796852296,0.0017384521210367,0.2895119190216064,0.147877037525177,0.5458198175672894,0.0689233588255401,0.9620052754292988,0.5154643171274194,0.0692789623853586,0.1656705147290995
HHDX011,ctranspath,1,y,high,1.0,spatial_knn,top50_hvg,8948,2400,50,0.0012420580186881,-0.001566619523266,-0.2938928591459989,0.6431277990341187,0.4238843023777008,0.4222413635250928,0.2757193622174043,0.7286529662056916,0.5021861642115479,0.2360756377360723,0.2876955172440219
HHDX011,ctranspath,1,y,high,1.0,spatial_knn,top200_hvg,8948,2400,200,-0.0001148162119352,-0.0002169655699945,-0.3813824358209967,0.3713981807231903,0.1672087460756302,0.4483592298232763,0.0712930144258006,0.9296908728004512,0.5004919436131259,0.0620286205594517,0.11745100636419
HHDX011,ctranspath,1,y,high,1.0,spatial_knn,marker_hvg_overlap,8948,2400,170,0.0007477108716985,0.0002809488882712,-0.2885857653749339,0.3789353370666504,0.1677907109260559,0.4616163953182277,0.0660904607132023,0.9350585932870488,0.5005745270001256,0.0585760235607918,0.117586198481293
HHDX011,ctranspath,2,x,low,0.05,train_mean,top50_hvg,446,2400,50,-1.0633497457490649e-06,,-0.0090096182149272,0.5014491677284241,0.3646308481693268,0.6752747853066391,0.18,0.82,0.5,0.1451177623665971,0.3205916666666667
HHDX011,ctranspath,2,x,low,0.05,train_mean,top200_hvg,446,2400,200,-2.5904257448639e-07,,-0.004847139591109,0.2950272560119629,0.1443876773118972,0.6807492775014786,0.045,0.955,0.5,0.0362794405916492,0.11976875
HHDX011,ctranspath,2,x,low,0.05,train_mean,marker_hvg_overlap,446,2400,169,-3.0231914833729705e-07,,-0.0048632435176193,0.2990195751190185,0.1446032673120498,0.6965126451731097,0.0414201183431952,0.9585798816568049,0.5,0.0343864848350801,0.1190532544378698
HHDX011,ctranspath,2,x,low,0.05,coordinate,top50_hvg,446,2400,50,0.1067652428848669,0.0875791559508093,-0.0011309848877135,0.491321861743927,0.3723190724849701,0.6828677661666673,0.2426335997935579,0.7748560621146029,0.5087448309540804,0.1988716006043639,0.3561349972630874
HHDX011,ctranspath,2,x,low,0.05,coordinate,top200_hvg,446,2400,200,0.0495228508986474,0.0405623513180835,-0.020755136785865,0.2915222644805908,0.1526990830898285,0.6844564306508012,0.0606583999483894,0.9437140155286506,0.5021862077385201,0.0497179001510909,0.1415432470902062
HHDX011,ctranspath,2,x,low,0.05,coordinate,marker_hvg_overlap,446,2400,169,0.0493143692787615,0.0390299569013565,-0.0207551187043587,0.2949674427509308,0.1532875746488571,0.6996590212358084,0.0599633410388771,0.9451817638194512,0.5025725524291641,0.0502877956747806,0.1410909760984464
HHDX011,ctranspath,2,x,low,0.05,image,top50_hvg,446,2400,50,0.1858690149337053,0.1673707909653062,-0.1046577891008928,0.4766432344913482,0.3522838652133941,0.6722298608306937,0.3407025521031365,0.7730366520001866,0.5568696020516615,0.3493765877199249,0.3883529560982369
HHDX011,ctranspath,2,x,low,0.05,image,top200_hvg,446,2400,200,0.0726455024740425,0.0631120977455036,-0.2026987523597199,0.2930653989315033,0.1669405251741409,0.6567580877761551,0.0920824321891067,0.9414919479738586,0.5167871900814827,0.0971528655207385,0.150192138323669
HHDX011,ctranspath,2,x,low,0.05,image,marker_hvg_overlap,446,2400,169,0.0749548874883609,0.0637531908322791,-0.1974356369784972,0.2937041521072387,0.1663759499788284,0.6764529479764072,0.0903131559604939,0.943949500194824,0.5171313280776589,0.0959312744716734,0.1504492035305765
HHDX011,ctranspath,2,x,low,0.05,spatial_knn,top50_hvg,446,2400,50,0.0562143268482759,0.0461059650051805,-0.1102571299485862,0.516560435295105,0.3835023939609527,0.6617501967570327,0.3475381846538116,0.6768124111720948,0.5121752979129532,0.2933254598252104,0.3395032819217329
HHDX011,ctranspath,2,x,low,0.05,spatial_knn,top200_hvg,446,2400,200,0.0215338006699987,0.0173842660513296,-0.1268864088482223,0.3068994581699371,0.1569630205631256,0.6632550321843398,0.0883063166215074,0.917435703682254,0.5028710101518807,0.0744249326405992,0.1256495702360344
HHDX011,ctranspath,2,x,low,0.05,spatial_knn,marker_hvg_overlap,446,2400,169,0.0224339268748245,0.0176683108456229,-0.1242972215880039,0.3105312287807464,0.157287985086441,0.680940002545946,0.0898091531369916,0.9159435986085304,0.502876375872761,0.0743080827585905,0.1248555368664821
HHDX011,ctranspath,2,x,low,0.1,train_mean,top50_hvg,893,2400,50,-4.667452340711975e-07,,-0.0032552717557564,0.5002036690711975,0.3661065697669983,0.6761416054286095,0.18,0.82,0.5,0.1451177623665971,0.3205916666666667
HHDX011,ctranspath,2,x,low,0.1,train_mean,top200_hvg,893,2400,200,-8.739546433763486e-08,,-0.0027746046592562,0.2944451570510864,0.145480141043663,0.6815066571857581,0.045,0.955,0.5,0.0362794405916492,0.11976875
HHDX011,ctranspath,2,x,low,0.1,train_mean,marker_hvg_overlap,893,2400,169,-1.7683672401612294e-07,,-0.002779609145053,0.2984665036201477,0.1460421830415725,0.6971776944652326,0.0414201183431952,0.9585798816568049,0.5,0.0343864848350801,0.1190532544378698
HHDX011,ctranspath,2,x,low,0.1,coordinate,top50_hvg,893,2400,50,0.1309780823905021,0.102809178002748,0.0091911082732258,0.4866219758987427,0.3593497574329376,0.6851945894677677,0.252608315846896,0.7733621150188946,0.5129852154328954,0.2090525182789366,0.3617436049695929
HHDX011,ctranspath,2,x,low,0.1,coordinate,top200_hvg,893,2400,200,0.0664299356335686,0.0535519629998774,-0.0123501624281016,0.2891892492771148,0.146076500415802,0.6873858523867117,0.063152078961724,0.9433405287547236,0.5032463038582238,0.0522631295697341,0.1465928499727487
HHDX011,ctranspath,2,x,low,0.1,coordinate,marker_hvg_overlap,893,2400,169,0.0683534845738904,0.0539071851009581,-0.012866552862384,0.2925802171230316,0.147098496556282,0.7028311229054209,0.0636057517582332,0.9437993974146798,0.5037025745864566,0.0534301797308664,0.1468298543806298
HHDX011,ctranspath,2,x,low,0.1,image,top50_hvg,893,2400,50,0.2124106850847602,0.1926069205129825,-0.0010342640662565,0.4537550806999206,0.3375324606895447,0.6966727273513,0.3401057308581189,0.7861241459069069,0.5631149383825129,0.346086160334119,0.4026422169278344
HHDX011,ctranspath,2,x,low,0.1,image,top200_hvg,893,2400,200,0.0860940002401184,0.0756091649895634,-0.1043883734347764,0.2792860567569732,0.1537283360958099,0.685020264419533,0.0864166912887801,0.9459505273910632,0.5161836093399217,0.0890715759482935,0.1547052498272363
HHDX011,ctranspath,2,x,low,0.1,image,marker_hvg_overlap,893,2400,169,0.0881074856473863,0.076075480361392,-0.0952926979513188,0.2800489068031311,0.1538053900003433,0.7022996845010009,0.0851602248266855,0.947420244323781,0.5162902345752332,0.0878618248858367,0.1542233525470306
HHDX011,ctranspath,2,x,low,0.1,spatial_knn,top50_hvg,893,2400,50,0.1075506338686682,0.0935229096951901,-0.0726823186990805,0.5040416121482849,0.3623005151748657,0.6716565058150931,0.3061468127919401,0.7321373213223468,0.5191420670571435,0.2796093578198046,0.3545088702060741
HHDX011,ctranspath,2,x,low,0.1,spatial_knn,top200_hvg,893,2400,200,0.0476088440509989,0.0426305339188472,-0.1084108596405712,0.3001917600631714,0.1466151922941208,0.6701930834743325,0.0775516604629423,0.9323642507569264,0.5049579556099343,0.071040515211902,0.1334279445872976
HHDX011,ctranspath,2,x,low,0.1,spatial_knn,marker_hvg_overlap,893,2400,169,0.0481841989731529,0.0423430234951631,-0.1118645223970773,0.3030853867530823,0.1474680304527282,0.6873467734183456,0.0774349312213977,0.9334781722351276,0.5054565517282626,0.070683918396649,0.1335562058583901
HHDX011,ctranspath,2,x,low,0.25,train_mean,top50_hvg,2232,2400,50,9.683686316819265e-07,,-0.0041577308224987,0.5003527998924255,0.3654287457466125,0.6756960703631921,0.18,0.82,0.5,0.1451177623665971,0.3205916666666667
HHDX011,ctranspath,2,x,low,0.25,train_mean,top200_hvg,2232,2400,200,2.7298917801621416e-07,,-0.0028510957535729,0.2945187091827392,0.1446079760789871,0.6812647020868584,0.045,0.955,0.5,0.0362794405916492,0.11976875
HHDX011,ctranspath,2,x,low,0.25,train_mean,marker_hvg_overlap,2232,2400,169,3.1044347405965724e-07,,-0.0028889216486258,0.2985590398311615,0.1451173573732376,0.6969654196534733,0.0414201183431952,0.9585798816568049,0.5,0.0343864848350801,0.1190532544378698
HHDX011,ctranspath,2,x,low,0.25,coordinate,top50_hvg,2232,2400,50,0.1213915012637153,0.0970168345084106,-0.0004568527423543,0.4933434128761291,0.3591283559799194,0.6863691905101162,0.2388332088616964,0.7846593495559943,0.5117462792088453,0.1982256284900812,0.3613082237567795
HHDX011,ctranspath,2,x,low,0.25,coordinate,top200_hvg,2232,2400,200,0.0666891007029335,0.0534002474882693,-0.0064237935857568,0.2915209531784057,0.1466367989778518,0.6890402797000328,0.0597083022154241,0.9461648373889986,0.5029365698022112,0.0495564071225203,0.1437718108898697
HHDX011,ctranspath,2,x,low,0.25,coordinate,marker_hvg_overlap,2232,2400,169,0.0679757107106401,0.0539152608290157,-0.0065794846660758,0.2952070832252502,0.1474125981330871,0.7043185381344665,0.0590997696823231,0.9475899189600832,0.5033448443212033,0.0499701437111091,0.1436128501173914
HHDX011,ctranspath,2,x,low,0.25,image,top50_hvg,2232,2400,50,0.2446715442836284,0.2172972097320691,0.0679655825416557,0.4376775920391083,0.3231675326824188,0.7177922148980481,0.3010106921452707,0.8197752354568548,0.5603929638010626,0.3151590431446558,0.4185579353343635
HHDX011,ctranspath,2,x,low,0.25,image,top200_hvg,2232,2400,200,0.1082155250462528,0.0931640389811614,-0.015011693527922,0.2692518830299377,0.1409318149089813,0.7081842242078468,0.078053840872383,0.9548661782852806,0.5164600095788319,0.0823094729759244,0.1656048376385418
HHDX011,ctranspath,2,x,low,0.25,image,marker_hvg_overlap,2232,2400,169,0.1112053162795794,0.0940496574334636,-0.009797263495106,0.2695812880992889,0.1405547857284546,0.7251630395183262,0.0771677222450906,0.9564114972615,0.5167896097532952,0.081787447000169,0.1659866305474183
HHDX011,ctranspath,2,x,low,0.25,spatial_knn,top50_hvg,2232,2400,50,0.093325748774223,0.0820449329309119,-0.0731577627221122,0.5025745630264282,0.3606140613555908,0.665922115015516,0.2954029660304565,0.7422304431272715,0.5188167045788641,0.2816024103351491,0.3540432341760355
HHDX011,ctranspath,2,x,low,0.25,spatial_knn,top200_hvg,2232,2400,200,0.0424218201112514,0.0379117526177073,-0.0950675113650504,0.2999651432037353,0.1462919265031814,0.6654865309536884,0.077996891841266,0.9328485269051718,0.505422709373219,0.0741666418729458,0.1313308231983763
HHDX011,ctranspath,2,x,low,0.25,spatial_knn,marker_hvg_overlap,2232,2400,169,0.0469476100480393,0.0417752121594609,-0.0944502721278867,0.3033765852451324,0.1463645845651626,0.6832281954576683,0.0737627556837165,0.9364027222308854,0.5050827389573009,0.0711318431674647,0.1310688816950218
HHDX011,ctranspath,2,x,low,1.0,train_mean,top50_hvg,8928,2400,50,4.789204770005995e-07,,-0.0036363007060663,0.5002087354660034,0.3657086491584778,0.675844819213744,0.18,0.82,0.5,0.1451177623665971,0.3205916666666667
HHDX011,ctranspath,2,x,low,1.0,train_mean,top200_hvg,8928,2400,200,1.4908847161709818e-07,,-0.002788907881229,0.294443815946579,0.1448932737112045,0.6814093172600026,0.045,0.955,0.5,0.0362794405916492,0.11976875
HHDX011,ctranspath,2,x,low,1.0,train_mean,marker_hvg_overlap,8928,2400,169,4.778050706699349e-08,,-0.0028239467925667,0.2984852790832519,0.1452580392360687,0.6970887978509673,0.0414201183431952,0.9585798816568049,0.5,0.0343864848350801,0.1190532544378698
HHDX011,ctranspath,2,x,low,1.0,coordinate,top50_hvg,8928,2400,50,0.1112778025597799,0.0967228776628053,0.0025135836191475,0.4982796013355255,0.3636364936828613,0.6867796448535227,0.2209611313211436,0.8026680520532133,0.5118145916871785,0.1920774356701179,0.3616365410792118
HHDX011,ctranspath,2,x,low,1.0,coordinate,top200_hvg,8928,2400,200,0.0700847502668335,0.0586500054287466,-0.0184796878530295,0.2934841215610504,0.1497894376516342,0.6895934644606314,0.0552402828302859,0.9506670130133034,0.5029536479217946,0.0480193589175294,0.146530952520011
HHDX011,ctranspath,2,x,low,1.0,coordinate,marker_hvg_overlap,8928,2400,169,0.0732839304379321,0.0605647032964675,-0.0140249978539261,0.297495037317276,0.150320678949356,0.7048842791228526,0.0564501375491403,0.950019172223382,0.5032346548862611,0.0490735370876621,0.1465722091605552
HHDX011,ctranspath,2,x,low,1.0,image,top50_hvg,8928,2400,50,0.2803849074244499,0.2475916215162765,0.1058417501288931,0.4287061691284179,0.3177558779716491,0.7298504186133474,0.2971670438050959,0.834055046675248,0.5656110452401719,0.3089649400438284,0.4370872914534727
HHDX011,ctranspath,2,x,low,1.0,image,top200_hvg,8928,2400,200,0.1389300515683135,0.1173175589645056,0.007650318946944,0.2639622092247009,0.135543555021286,0.722094349504138,0.0770839060905162,0.9584871437163328,0.5177855249034244,0.0806822333733176,0.1795687262011042
HHDX011,ctranspath,2,x,low,1.0,image,marker_hvg_overlap,8928,2400,169,0.1424474794350112,0.1182862125580539,0.0166265966587516,0.2644724249839782,0.1350211650133133,0.7375170327098264,0.0752076334571406,0.960703636737358,0.5179556350972494,0.0795956446970715,0.1799833186548585
HHDX011,ctranspath,2,x,low,1.0,spatial_knn,top50_hvg,8928,2400,50,0.0938122547950479,0.0799413398853849,-0.0944550481438636,0.5115945935249329,0.356235146522522,0.6660339061911024,0.2754869440933551,0.7770490557726424,0.5262679999329988,0.2764967434512616,0.3492968812328026
HHDX011,ctranspath,2,x,low,1.0,spatial_knn,top200_hvg,8928,2400,200,0.0326084756901415,0.0282360107865228,-0.0943015967891551,0.3030296862125397,0.1410185247659683,0.6636763330622246,0.0702412320542315,0.9438013749561796,0.5070213035052056,0.0704784600373226,0.1313734246331249
HHDX011,ctranspath,2,x,low,1.0,spatial_knn,marker_hvg_overlap,8928,2400,169,0.0308309376234102,0.0258655092193157,-0.0913904683785678,0.3060232102870941,0.1408229619264602,0.6821686105943627,0.0693599204442752,0.9441457898107156,0.5067528551274956,0.0688249383924528,0.1305169681885483
HHDX011,ctranspath,3,y,low,0.05,train_mean,top50_hvg,445,2400,50,-3.417637288549713e-07,,-0.0455882755004131,0.5023159980773926,0.3671377897262573,0.7298360149264519,0.18,0.82,0.5,0.1506107620366943,0.3331083333333333
HHDX011,ctranspath,3,y,low,0.05,train_mean,top200_hvg,445,2400,200,-6.861636379085211e-08,,-0.0164639784195546,0.2928338944911957,0.1450312882661819,0.7237533500909099,0.045,0.955,0.5,0.0376526905091735,0.1226208333333333
HHDX011,ctranspath,3,y,low,0.05,train_mean,marker_hvg_overlap,445,2400,170,-1.028002441342203e-09,,-0.0125825890830753,0.2980479896068573,0.1452671140432357,0.7423398447628458,0.0411764705882352,0.9588235294117649,0.5,0.0358770913943442,0.1230294117647059
HHDX011,ctranspath,3,y,low,0.05,coordinate,top50_hvg,445,2400,50,0.0017262610455509,0.0033506808476284,-0.0516360656538745,0.5033178329467773,0.3512714505195617,0.7294433373963348,0.1729321025090316,0.8284618797170299,0.5006969911130308,0.1536019478879272,0.3308908934821721
HHDX011,ctranspath,3,y,low,0.05,coordinate,top200_hvg,445,2400,200,-0.0005788320425199,0.0001147773015133,-0.0481087371891044,0.294479489326477,0.1372098922729492,0.7196522500846906,0.0432330256272579,0.9571154699292574,0.5001742477782577,0.0384004869719818,0.1232269243533336
HHDX011,ctranspath,3,y,low,0.05,coordinate,marker_hvg_overlap,445,2400,170,-0.001577967573779,-0.0009678821772895,-0.043486426328908,0.2995008826255798,0.1374575048685073,0.738083305964698,0.0429044251329337,0.9575119210007128,0.5002081730668232,0.0384194031506423,0.1234796080533783
HHDX011,ctranspath,3,y,low,0.05,image,top50_hvg,445,2400,50,0.1295695329923182,0.1197777126282581,-0.3755874960124493,0.5065580010414124,0.3808201551437378,0.6790875331191631,0.3508213978023429,0.7102897627009086,0.5305555802516257,0.3443711209710434,0.3701660641589603
HHDX011,ctranspath,3,y,low,0.05,image,top200_hvg,445,2400,200,0.0419321966133429,0.0387623553070779,-0.4754912425391376,0.3069159090518951,0.1815364956855774,0.6600259546423136,0.0910971528591939,0.9239103890791398,0.5075037709691668,0.0913967951188603,0.1362582529127486
HHDX011,ctranspath,3,y,low,0.05,image,marker_hvg_overlap,445,2400,170,0.0444708533819614,0.0409188828538809,-0.4226464359856703,0.3089346885681152,0.1817820221185684,0.6836718922003159,0.0895696889664378,0.9253576484113292,0.5074636686888835,0.0909175782559688,0.1369676161330583
HHDX011,ctranspath,3,y,low,0.05,spatial_knn,top50_hvg,445,2400,50,0.012573859438167,0.0079912118983905,-0.1187780186440795,0.514644980430603,0.3539130985736847,0.7167803107873595,0.2212058918792782,0.7837134250853274,0.5024596584823029,0.2217674798987476,0.3381044546015568
HHDX011,ctranspath,3,y,low,0.05,spatial_knn,top200_hvg,445,2400,200,0.0019624847611893,0.0009175231904014,-0.1085467745398637,0.3015282452106476,0.1377627551555633,0.7053663320346129,0.0553014729698195,0.9459142738310276,0.5006078734004237,0.0554418699746869,0.1241137707785022
HHDX011,ctranspath,3,y,low,0.05,spatial_knn,marker_hvg_overlap,445,2400,170,0.001348767647775,3.723607606733781e-05,-0.0997866959954776,0.3063461780548095,0.1377107501029968,0.7253280770330062,0.0530599257347417,0.9474671737054468,0.5002635497200943,0.0533333818428351,0.1242249660154731
HHDX011,ctranspath,3,y,low,0.1,train_mean,top50_hvg,890,2400,50,-3.3265303882146215e-07,,-0.038419615353323,0.5029419660568237,0.3674574196338653,0.7294628240391978,0.18,0.82,0.5,0.1506107620366943,0.3331083333333333
HHDX011,ctranspath,3,y,low,0.1,train_mean,top200_hvg,890,2400,200,-6.674416661051064e-08,,-0.0126664204947246,0.2930936813354492,0.144331693649292,0.7235805362623446,0.045,0.955,0.5,0.0376526905091735,0.1226208333333333
HHDX011,ctranspath,3,y,low,0.1,train_mean,marker_hvg_overlap,890,2400,170,-1.4891335760896746e-08,,-0.0110452172973215,0.298517107963562,0.14473856985569,0.7416107111963726,0.0411764705882352,0.9588235294117649,0.5,0.0358770913943442,0.1230294117647059
HHDX011,ctranspath,3,y,low,0.1,coordinate,top50_hvg,890,2400,50,-0.000934520169103,-0.0012670981669192,-0.1096827076055342,0.511162281036377,0.3548051416873932,0.7263607682763583,0.174581720348916,0.8270869637478756,0.5008343420483959,0.1603904234798436,0.3287534784314228
HHDX011,ctranspath,3,y,low,0.1,coordinate,top200_hvg,890,2400,200,-0.0034620772477501,-0.003422572157493,-0.0544277190105276,0.2976044714450836,0.1392191052436828,0.717083920073818,0.043645430087229,0.9567717409369688,0.500208585512099,0.0400976058699609,0.1224094591999638
HHDX011,ctranspath,3,y,low,0.1,coordinate,marker_hvg_overlap,890,2400,170,-0.0036776360590866,-0.0036708092670139,-0.0552423693509755,0.3031331896781921,0.1402635723352432,0.7351757936902664,0.0424311870843656,0.95786187616705,0.5001465316257079,0.0397593126463462,0.1228987113496854
HHDX011,ctranspath,3,y,low,0.1,image,top50_hvg,890,2400,50,0.1692928526736795,0.1553296904912102,-0.1956217472767457,0.4786854386329651,0.3522538542747497,0.7046030227442936,0.3079318299986608,0.777720427843836,0.5428261289212484,0.3166253648290734,0.3893524876794894
HHDX011,ctranspath,3,y,low,0.1,image,top200_hvg,890,2400,200,0.0609910079877045,0.0564295097383506,-0.2205333374754991,0.2887719869613647,0.1597564220428466,0.6878429575930978,0.0777138399058749,0.943847266207532,0.5107805530567034,0.0804790751059829,0.1435631680269797
HHDX011,ctranspath,3,y,low,0.1,image,marker_hvg_overlap,890,2400,170,0.0627664306344848,0.0577696821246809,-0.1961588360848562,0.2913031876087188,0.1601125001907348,0.7095593500648872,0.0759692593703402,0.9450757333731238,0.5105224963717321,0.0796135658825261,0.1440051808702998
HHDX011,ctranspath,3,y,low,0.1,spatial_knn,top50_hvg,890,2400,50,0.0050949161476455,0.0032931125541278,-0.115934614315629,0.5174819231033325,0.3573063910007477,0.7115311031958795,0.2312086371942207,0.768912827496492,0.5000607323453565,0.235777609263719,0.3352584291597957
HHDX011,ctranspath,3,y,low,0.1,spatial_knn,top200_hvg,890,2400,200,0.0001844991168835,-0.0005320251320007,-0.1062601282878313,0.3029594719409942,0.1392039209604263,0.7002396557078742,0.0578173108137067,0.9421939362733216,0.5000056235435141,0.0589745227978574,0.1236011402389372
HHDX011,ctranspath,3,y,low,0.1,spatial_knn,marker_hvg_overlap,890,2400,170,0.0021461961187487,0.0015086822316142,-0.1005996230236419,0.3078937828540802,0.1393426358699798,0.7200706745362015,0.0567121335736613,0.9430865748614896,0.4998993542175755,0.0586400137457057,0.1242277187256193
HHDX011,ctranspath,3,y,low,0.25,train_mean,top50_hvg,2226,2400,50,1.1835272435689603e-06,,-0.0517420150821999,0.5061067938804626,0.3718472123146057,0.7288623381072029,0.18,0.82,0.5,0.1506107620366943,0.3331083333333333
HHDX011,ctranspath,3,y,low,0.25,train_mean,top200_hvg,2226,2400,200,2.814240267201562e-07,,-0.0169745663073933,0.2944237887859344,0.1462799310684204,0.7231454043240269,0.045,0.955,0.5,0.0376526905091735,0.1226208333333333
HHDX011,ctranspath,3,y,low,0.25,train_mean,marker_hvg_overlap,2226,2400,170,3.255118658043569e-07,,-0.0153055645647795,0.3000567257404327,0.1470105201005935,0.741306442263404,0.0411764705882352,0.9588235294117649,0.5,0.0358770913943442,0.1230294117647059
HHDX011,ctranspath,3,y,low,0.25,coordinate,top50_hvg,2226,2400,50,0.0037539010192267,0.0035883092951884,-0.3225767313712276,0.5624980330467224,0.3687307238578796,0.703628561281204,0.1206396920835501,0.8791288072140117,0.499884249648781,0.1204972721236965,0.3310947816286176
HHDX011,ctranspath,3,y,low,0.25,coordinate,top200_hvg,2226,2400,200,-0.0019355751281545,-0.0015243282538616,-0.1321112919614825,0.3203070759773254,0.1410471946001052,0.6966816107285316,0.0301599230208875,0.9697822018035028,0.4999710624121952,0.0301243180309241,0.1234187430583371
HHDX011,ctranspath,3,y,low,0.25,coordinate,marker_hvg_overlap,2226,2400,170,-0.002674153708572,-0.0023910533434544,-0.1311086426220272,0.3274952471256256,0.1430675387382507,0.7167101416477424,0.0316091500728839,0.968164942873037,0.4998870464729604,0.0305459603521511,0.1234374597386848
HHDX011,ctranspath,3,y,low,0.25,image,top50_hvg,2226,2400,50,0.1988829376830835,0.1827935795156425,-0.1531688783690333,0.4610548615455627,0.3464279770851135,0.7280888925097235,0.3001955874991304,0.7836832905027695,0.54193943900095,0.3073494078318195,0.4022959904879137
HHDX011,ctranspath,3,y,low,0.25,image,top200_hvg,2226,2400,200,0.0755689754273044,0.0685203997202743,-0.1997914389055222,0.2780717015266418,0.1508225351572036,0.7159301209714235,0.0752649545183305,0.945828327946928,0.5105466412326293,0.0772559152019422,0.1494885444841532
HHDX011,ctranspath,3,y,low,0.25,image,marker_hvg_overlap,2226,2400,170,0.0767894193102085,0.0688633713730215,-0.1558930930462392,0.2810000777244568,0.151354968547821,0.7348012723665768,0.0720685278050801,0.9481549601286662,0.5101117439668732,0.0757779990431639,0.1495446498863719
HHDX011,ctranspath,3,y,low,0.25,spatial_knn,top50_hvg,2226,2400,50,-0.005883198151132,-0.0056184559152165,-0.1369280834496021,0.5256291627883911,0.3516213297843933,0.7094532640156727,0.1926926924620297,0.8024171425033342,0.497554917482682,0.2021858155053088,0.3340650077087885
HHDX011,ctranspath,3,y,low,0.25,spatial_knn,top200_hvg,2226,2400,200,0.0005849659082321,0.0009170215354081,-0.1050520305696409,0.3061493635177612,0.1354144215583801,0.6982143749187256,0.0482945295368638,0.950513992005913,0.4994042607713885,0.0507628020639579,0.1235891885376865
HHDX011,ctranspath,3,y,low,0.25,spatial_knn,marker_hvg_overlap,2226,2400,170,-6.420416591550526e-05,0.0004279925565832,-0.1055494279970469,0.3116953074932098,0.1364719867706298,0.7181682811264988,0.0468178862146139,0.9520821620848792,0.4994500241497466,0.0497236665674122,0.1238616783786549
HHDX011,ctranspath,3,y,low,1.0,train_mean,top50_hvg,8903,2400,50,-2.3861232939736965e-07,,-0.0461981647127868,0.5051557421684265,0.3709610104560852,0.7288555897896892,0.18,0.82,0.5,0.1506107620366943,0.3331083333333333
HHDX011,ctranspath,3,y,low,1.0,train_mean,top200_hvg,8903,2400,200,-5.5456809697762574e-08,,-0.014590922794713,0.2939821183681488,0.1464502960443496,0.7232138109549548,0.045,0.955,0.5,0.0376526905091735,0.1226208333333333
HHDX011,ctranspath,3,y,low,1.0,train_mean,marker_hvg_overlap,8903,2400,170,-8.757401563135446e-08,,-0.0125227382396067,0.2995426952838897,0.1471038460731506,0.7412889469866535,0.0411764705882352,0.9588235294117649,0.5,0.0358770913943442,0.1230294117647059
HHDX011,ctranspath,3,y,low,1.0,coordinate,top50_hvg,8903,2400,50,-0.0030438377638347,-0.0022086992256531,-0.612999374717474,0.6240084171295166,0.3969053626060486,0.6210282111755274,0.1053552288784921,0.8926724304133046,0.4990138296458983,0.1014757080314562,0.3289173350891608
HHDX011,ctranspath,3,y,low,1.0,coordinate,top200_hvg,8903,2400,200,-0.0060397114899387,-0.0062502488747968,-0.2136606974523647,0.3478062450885772,0.1479572355747223,0.6278792045720578,0.026338807219623,0.9731681076033262,0.4997534574114746,0.025368927007864,0.1226286932898392
HHDX011,ctranspath,3,y,low,1.0,coordinate,marker_hvg_overlap,8903,2400,170,-0.0068923840372008,-0.0070274874539191,-0.2115975918422597,0.3558926284313202,0.150487944483757,0.6550679956476068,0.030807106943006,0.9685607220746304,0.4996839145088182,0.0294991382253769,0.1223293418253919
HHDX011,ctranspath,3,y,low,1.0,image,top50_hvg,8903,2400,50,0.2408830571360886,0.2193346719283662,-0.0578678571578348,0.4521661102771759,0.3412447273731231,0.7423129465210172,0.2903663522614149,0.8050299580135544,0.5476981551374847,0.2987119588559073,0.4231584649570677
HHDX011,ctranspath,3,y,low,1.0,image,top200_hvg,8903,2400,200,0.103109262481812,0.0925414507277546,-0.0754548207757761,0.2720515727996826,0.1438146829605102,0.7310877222199327,0.0726546132754377,0.9512440599545928,0.5119493366150153,0.0748004386935686,0.160742955861078
HHDX011,ctranspath,3,y,low,1.0,image,marker_hvg_overlap,8903,2400,170,0.1040420799825155,0.0926036008145593,-0.0537235673624844,0.2750304341316223,0.1442544609308242,0.7490992394372146,0.0698002396969568,0.953032583798428,0.5114164117476925,0.0730930998403484,0.1605329500093204
HHDX011,ctranspath,3,y,low,1.0,spatial_knn,top50_hvg,8903,2400,50,-0.0098041397891938,-0.0108127762586247,-0.1337870982289314,0.5242729783058167,0.3542906045913696,0.7130740316206662,0.2148582777189033,0.7802662581667428,0.4975622679428231,0.2251319302337703,0.3322667944646654
HHDX011,ctranspath,3,y,low,1.0,spatial_knn,top200_hvg,8903,2400,200,-0.0036523228816143,-0.003311293477289,-0.1096729943261016,0.3057124316692352,0.1370113641023636,0.7013706742168763,0.0538967900764626,0.9448596878864116,0.4993782389814371,0.056606593228112,0.1229154373621279
HHDX011,ctranspath,3,y,low,1.0,spatial_knn,marker_hvg_overlap,8903,2400,170,-0.0046635856644483,-0.0042613612269336,-0.108970812128802,0.3109380304813385,0.1379943042993545,0.7213413580666185,0.0535995481297146,0.945468309931932,0.4995339290308234,0.0570713944625366,0.1232128957113018
HHDX011,hoptimus0,0,x,high,0.05,train_mean,top50_hvg,446,2400,50,-8.443437401695064e-08,,-0.0137723508081035,0.4769745469093323,0.3565840125083923,0.7241367024307692,0.18,0.82,0.5,0.1447975962904332,0.3049083333333333
HHDX011,hoptimus0,0,x,high,0.05,train_mean,top200_hvg,446,2400,200,-1.5291717151422192e-08,,-0.0077031987188092,0.2756686508655548,0.1398294121026992,0.713001436457079,0.045,0.955,0.5,0.0361993990726083,0.1094583333333333
HHDX011,hoptimus0,0,x,high,0.05,train_mean,marker_hvg_overlap,446,2400,171,-1.5205129434549118e-07,,-0.008428082888979,0.2773587703704834,0.1387030184268951,0.731011248461801,0.0409356725146198,0.95906432748538,0.5,0.034069881841428,0.1072685185185185
HHDX011,hoptimus0,0,x,high,0.05,coordinate,top50_hvg,446,2400,50,0.0050174103141762,0.0045824955156915,-0.0904818062204867,0.5088409781455994,0.360087901353836,0.7193974592613593,0.2969785049950083,0.7100913505959952,0.5035349277955017,0.221250630156182,0.2978424294489421
HHDX011,hoptimus0,0,x,high,0.05,coordinate,top200_hvg,446,2400,200,0.0008810047792212,0.0009226702691865,-0.1052973949587612,0.2931374609470367,0.1490418910980224,0.7047105950458564,0.074244626248752,0.9275205524570428,0.5008825893528974,0.0553126575390455,0.1098457715758705
HHDX011,hoptimus0,0,x,high,0.05,coordinate,marker_hvg_overlap,446,2400,171,0.0012235570649959,0.0016290959581819,-0.1117204103104182,0.2959528565406799,0.1477975249290466,0.7235586228191809,0.0678854746113001,0.93313555131834,0.50051051296482,0.0516546495239898,0.108800422016617
HHDX011,hoptimus0,0,x,high,0.05,image,top50_hvg,446,2400,50,0.2047001439286395,0.179237681051979,-0.1014239888638258,0.4501521289348602,0.3314203023910522,0.7066121304131523,0.3343993871559235,0.7827206426826017,0.5585600149192625,0.3398844974639891,0.3809956172199316
HHDX011,hoptimus0,0,x,high,0.05,image,top200_hvg,446,2400,200,0.073117217356048,0.0629745221158865,-0.236313091982156,0.2727921605110168,0.1542272269725799,0.682989802145177,0.0874227309488541,0.9442518417479724,0.5158372863484132,0.0908442823745424,0.1385455984041378
HHDX011,hoptimus0,0,x,high,0.05,image,marker_hvg_overlap,446,2400,171,0.0730575062685145,0.0621828500137539,-0.2419954003461184,0.2716827094554901,0.1530179977416992,0.7042582777933893,0.0838142406353039,0.9468813805373142,0.5153478105863091,0.0877564070822427,0.135391435248394
HHDX011,hoptimus0,0,x,high,0.05,spatial_knn,top50_hvg,446,2400,50,0.064995506813284,0.0465333505410842,-0.1027693827242183,0.4850600957870483,0.3424116969108581,0.708558271209328,0.2577870340234177,0.7458462848513383,0.501816659437378,0.2225977703936205,0.3209517303624738
HHDX011,hoptimus0,0,x,high,0.05,spatial_knn,top200_hvg,446,2400,200,0.0220097184947614,0.0152972525177055,-0.1443507806019988,0.2837143838405609,0.1354901641607284,0.6941526653264284,0.0645921073430637,0.9364077112487412,0.5004999092959025,0.0558981988173106,0.113828805676878
HHDX011,hoptimus0,0,x,high,0.05,spatial_knn,marker_hvg_overlap,446,2400,171,0.0238337650394166,0.0161833186312893,-0.1499324308542622,0.284207135438919,0.1351070404052734,0.7138662690006339,0.0618480809025187,0.9391157558355387,0.5004819183690288,0.0546209612501866,0.1116507519718225
HHDX011,hoptimus0,0,x,high,0.1,train_mean,top50_hvg,891,2400,50,-3.205458077459866e-07,,-0.0101898026008325,0.4758428931236267,0.3553203642368316,0.7249039692958331,0.18,0.82,0.5,0.1447975962904332,0.3049083333333333
HHDX011,hoptimus0,0,x,high,0.1,train_mean,top200_hvg,891,2400,200,-6.063950363843773e-08,,-0.0066652388341339,0.2751431763172149,0.1399115622043609,0.7138512073837597,0.045,0.955,0.5,0.0361993990726083,0.1094583333333333
HHDX011,hoptimus0,0,x,high,0.1,train_mean,marker_hvg_overlap,891,2400,171,-1.1835320888893108e-07,,-0.0074071270360747,0.2768012583255768,0.1386397033929824,0.7317854876044773,0.0409356725146198,0.95906432748538,0.5,0.034069881841428,0.1072685185185185
HHDX011,hoptimus0,0,x,high,0.1,coordinate,top50_hvg,891,2400,50,0.046666074511595,0.0417374542272084,-0.041885046637617,0.4786850214004516,0.3386310636997223,0.7189702562009799,0.2094599231654788,0.7997200003767042,0.5045899617710914,0.1849939914376043,0.3184423104046637
HHDX011,hoptimus0,0,x,high,0.1,coordinate,top200_hvg,891,2400,200,0.0171714436188631,0.0160182157768267,-0.0500829699300811,0.2780417799949646,0.1359205991029739,0.7062481808849204,0.0523649807913697,0.9499300000941762,0.5011474904427728,0.046248497859401,0.1162222083609704
HHDX011,hoptimus0,0,x,high,0.1,coordinate,marker_hvg_overlap,891,2400,171,0.0193077511077866,0.017902196650513,-0.0510595039629965,0.278953343629837,0.1336884647607803,0.725219352300874,0.0450675157493407,0.957822492654375,0.5014450042018579,0.0417553702002206,0.1154257095988881
HHDX011,hoptimus0,0,x,high,0.1,image,top50_hvg,891,2400,50,0.2236353695392608,0.1959294055408204,-0.019995287740603,0.4359798431396484,0.3180873095989227,0.7193943308964468,0.2950453476059141,0.8249438604087806,0.5599946040073474,0.3151426111993272,0.3905930547263723
HHDX011,hoptimus0,0,x,high,0.1,image,top200_hvg,891,2400,200,0.0853991662242333,0.0732986711398714,-0.1360180566622875,0.2632198631763458,0.1427365243434906,0.6980066558302472,0.0775195954880507,0.9557051415460822,0.5166123685170665,0.0839101876241588,0.1449833050939457
HHDX011,hoptimus0,0,x,high,0.1,image,marker_hvg_overlap,891,2400,171,0.0853028190182658,0.071499529519401,-0.142404598728563,0.262743204832077,0.1415065079927444,0.7180096357688989,0.0744464695263587,0.9584943811926506,0.5164704253595046,0.0815210230838955,0.1424278397015707
HHDX011,hoptimus0,0,x,high,0.1,spatial_knn,top50_hvg,891,2400,50,0.0120158376218751,0.0107640166362764,-0.1190046327072195,0.4951678514480591,0.3438005745410919,0.703602552875451,0.200594449948115,0.8040273835167452,0.5023109167324301,0.1899782861879935,0.3104116842969781
HHDX011,hoptimus0,0,x,high,0.1,spatial_knn,top200_hvg,891,2400,200,0.0044153368698738,0.0033142701891297,-0.1523193631850881,0.2889151573181152,0.1369965523481369,0.6841931380565708,0.0502507759485672,0.9509198545783164,0.5005853152634419,0.0476638888682144,0.1113511256433413
HHDX011,hoptimus0,0,x,high,0.1,spatial_knn,marker_hvg_overlap,891,2400,171,0.0055575878679957,0.0039213867550395,-0.1606853045809099,0.2905716896057129,0.1368385255336761,0.7038656859543154,0.0467570639577653,0.9538390257254212,0.5002980448415933,0.0443988658942758,0.1092464817453624
HHDX011,hoptimus0,0,x,high,0.25,train_mean,top50_hvg,2228,2400,50,8.650379621318577e-07,,-0.0100237774595007,0.4760203957557678,0.3555259108543396,0.7248596582827279,0.18,0.82,0.5,0.1447975962904332,0.3049083333333333
HHDX011,hoptimus0,0,x,high,0.25,train_mean,top200_hvg,2228,2400,200,2.1000208361154907e-07,,-0.0052318983378859,0.2751904129981994,0.1392858177423477,0.7138073350264393,0.045,0.955,0.5,0.0361993990726083,0.1094583333333333
HHDX011,hoptimus0,0,x,high,0.25,train_mean,marker_hvg_overlap,2228,2400,171,1.9472055878103569e-07,,-0.0058098837744209,0.2768726646900177,0.1380525827407837,0.7316778502963184,0.0409356725146198,0.95906432748538,0.5,0.034069881841428,0.1072685185185185
HHDX011,hoptimus0,0,x,high,0.25,coordinate,top50_hvg,2228,2400,50,0.0608840169972972,0.0516622221765291,-0.0383574178069829,0.4777277112007141,0.3557674884796142,0.7229888586450197,0.2482959975067617,0.7643407888163111,0.5063183931615363,0.2063189648158393,0.322421146565971
HHDX011,hoptimus0,0,x,high,0.25,coordinate,top200_hvg,2228,2400,200,0.0211512697086072,0.0191283602512999,-0.0323416052464199,0.2768679559230804,0.1394769251346588,0.7107325508516021,0.0620739993766904,0.9410851972040776,0.501579598290384,0.0515797412039598,0.117162859415954
HHDX011,hoptimus0,0,x,high,0.25,coordinate,marker_hvg_overlap,2228,2400,171,0.0210314865274016,0.0186444188195416,-0.0344438121576823,0.2784364521503448,0.1391547620296478,0.7290146429237713,0.057877598706925,0.9456883392868604,0.5017829689968928,0.0495787438610171,0.1149088429718883
HHDX011,hoptimus0,0,x,high,0.25,image,top50_hvg,2228,2400,50,0.2656586487591266,0.2348836779094502,0.0635105992632452,0.4175807535648346,0.3061740696430206,0.7393399066230807,0.2889527241966982,0.8436617850875361,0.5663072546421171,0.3110088508771533,0.4116281907288058
HHDX011,hoptimus0,0,x,high,0.25,image,top200_hvg,2228,2400,200,0.1025300816927119,0.0879760812603455,-0.0383966052692267,0.2522465288639068,0.1311012059450149,0.7195545563743801,0.075377760551321,0.960786162718496,0.5180819616349085,0.0812924390809011,0.1513006917442245
HHDX011,hoptimus0,0,x,high,0.25,image,marker_hvg_overlap,2228,2400,171,0.1031636351911226,0.0865896541643275,-0.0395008360075884,0.2509597837924957,0.1299508064985275,0.7388733266569414,0.0745199839917457,0.9618111422234216,0.5181655631075835,0.0804709218900959,0.1491728744779205
HHDX011,hoptimus0,0,x,high,0.25,spatial_knn,top50_hvg,2228,2400,50,0.0298554106557276,0.0224440685766623,-0.1397679508663714,0.497813880443573,0.3554388284683227,0.6967533180738288,0.2356916292317446,0.7737825487573131,0.5047370889945288,0.2221158731451039,0.3156361949181068
HHDX011,hoptimus0,0,x,high,0.25,spatial_knn,top200_hvg,2228,2400,200,0.0079530596127909,0.0057551026968183,-0.1526119211444165,0.2897252738475799,0.1385836601257324,0.6794753464825964,0.0598311450358766,0.9426491551133698,0.5012401500746233,0.0564086770211606,0.1126958169498692
HHDX011,hoptimus0,0,x,high,0.25,spatial_knn,marker_hvg_overlap,2228,2400,171,0.0075560054005902,0.0056989966050331,-0.1563387159135584,0.2913268208503723,0.1394711285829544,0.7003170457438689,0.0589544806403967,0.9433708844573768,0.5011626825488869,0.0569949274228238,0.1104442371458384
HHDX011,hoptimus0,0,x,high,1.0,train_mean,top50_hvg,8912,2400,50,-3.8881988952965683e-07,,-0.0086251411237753,0.4756816029548645,0.3542315065860748,0.7250876500095869,0.18,0.82,0.5,0.1447975962904332,0.3049083333333333
HHDX011,hoptimus0,0,x,high,1.0,train_mean,top200_hvg,8912,2400,200,-1.1830372087295874e-07,,-0.0043196214696001,0.2750072479248047,0.1387629210948944,0.7141314302068481,0.045,0.955,0.5,0.0361993990726083,0.1094583333333333
HHDX011,hoptimus0,0,x,high,1.0,train_mean,marker_hvg_overlap,8912,2400,171,-1.34366718879347e-07,,-0.0048221967483987,0.2766627073287964,0.1374684423208236,0.7320389627393573,0.0409356725146198,0.95906432748538,0.5,0.034069881841428,0.1072685185185185
HHDX011,hoptimus0,0,x,high,1.0,coordinate,top50_hvg,8912,2400,50,0.058495918433764,0.0506605525853737,-0.0181891653797356,0.4779948890209198,0.3454809188842773,0.7234225419584777,0.219900043909285,0.7945789339705694,0.5072394889399272,0.1875333211191376,0.3257400174190356
HHDX011,hoptimus0,0,x,high,1.0,coordinate,top200_hvg,8912,2400,200,0.0200903318787277,0.0167834146336168,-0.0165456877314863,0.2764812707901001,0.1337401866912841,0.7116025666414643,0.0549750109773212,0.9486447334926424,0.5018098722349819,0.0468833302797844,0.1178005378124485
HHDX011,hoptimus0,0,x,high,1.0,coordinate,marker_hvg_overlap,8912,2400,171,0.0199533016780018,0.016332704607437,-0.0175930503787294,0.2782763540744781,0.1321878582239151,0.7298237972428891,0.0513827498468589,0.952536836283264,0.5019597930650616,0.0447443948158745,0.1154702005989199
HHDX011,hoptimus0,0,x,high,1.0,image,top50_hvg,8912,2400,50,0.296341797709465,0.2600304981726256,0.1032236616313457,0.4101409316062927,0.2968250215053558,0.7496811105850568,0.2665146904625575,0.8626514045744338,0.5645830475184956,0.2904129230486635,0.4273013219159469
HHDX011,hoptimus0,0,x,high,1.0,image,top200_hvg,8912,2400,200,0.1317281528372768,0.1119377915437662,0.0133215106736679,0.2472068518400192,0.1220368891954422,0.7326133189367503,0.0694526992549836,0.9655696397639514,0.5175111695094674,0.0759532923487699,0.1635368325664633
HHDX011,hoptimus0,0,x,high,1.0,image,marker_hvg_overlap,8912,2400,171,0.1310449141858139,0.1089212881235622,0.0125253326478683,0.245971217751503,0.120377130806446,0.7508292479070423,0.068099119953439,0.9669192506448347,0.5175091852991369,0.0749541492189035,0.1607294798983541
HHDX011,hoptimus0,0,x,high,1.0,spatial_knn,top50_hvg,8912,2400,50,-0.0024943807069212,-0.0057187004503245,-0.2196212741732597,0.5314375758171082,0.3580845892429352,0.6744344391435938,0.2346985735132317,0.762340697732717,0.4985196356229743,0.2249108682401323,0.3070724927055227
HHDX011,hoptimus0,0,x,high,1.0,spatial_knn,top200_hvg,8912,2400,200,-0.0029768512902766,-0.0033581730233272,-0.154898145836778,0.3038350343704223,0.1368006616830825,0.664236575295201,0.0595252839848499,0.939959337109851,0.4997423105473505,0.0575312938222408,0.1103314511861858
HHDX011,hoptimus0,0,x,high,1.0,spatial_knn,marker_hvg_overlap,8912,2400,171,-0.0032251914429744,-0.0032416879968506,-0.158641860754997,0.3069269955158233,0.1366091519594192,0.6844200578668774,0.0596367308877473,0.9397893969429636,0.4997130639153556,0.0575401109699126,0.1081626447882004
HHDX011,hoptimus0,1,y,high,0.05,train_mean,top50_hvg,447,2400,50,2.917890419951164e-07,,-0.1031420266321219,0.5923330187797546,0.4066446423530578,0.444589274109274,0.18,0.82,0.5,0.1210999915740229,0.2861083333333333
HHDX011,hoptimus0,1,y,high,0.05,train_mean,top200_hvg,447,2400,200,6.333692379110682e-08,,-0.035399383910194,0.3430512249469757,0.1587852537631988,0.4750922027758153,0.045,0.955,0.5,0.0302749978935057,0.1162083333333333
HHDX011,hoptimus0,1,y,high,0.05,train_mean,marker_hvg_overlap,447,2400,170,6.175761444644136e-08,,-0.0373151930191852,0.3523688614368438,0.1602640300989151,0.48577642211063,0.0411764705882352,0.9588235294117649,0.5,0.0281657714983354,0.1163480392156862
HHDX011,hoptimus0,1,y,high,0.05,coordinate,top50_hvg,447,2400,50,-0.0371862812107428,-0.038581726826975,-0.2305923255952075,0.6473961472511292,0.4272196590900421,0.4270328369739903,0.3040351418608261,0.6929630053312741,0.4984990735960501,0.1808856283814444,0.2720791222643384
HHDX011,hoptimus0,1,y,high,0.05,coordinate,top200_hvg,447,2400,200,-0.0146048528775683,-0.0151759161999997,-0.104762506440893,0.3690041303634643,0.1689120531082153,0.4585075079253115,0.0763121562517233,0.922522081256092,0.4994171187539078,0.0455799728324128,0.1141968664437318
HHDX011,hoptimus0,1,y,high,0.05,coordinate,marker_hvg_overlap,447,2400,170,-0.0144518748511795,-0.0144957332561785,-0.1028449222638942,0.3796437680721283,0.1682033091783523,0.4688549801521693,0.0601837761539035,0.9388812486232536,0.4995325123885786,0.0387538405445188,0.1144761169718206
HHDX011,hoptimus0,1,y,high,0.05,image,top50_hvg,447,2400,50,0.2131865460495464,0.1993346945915945,-0.1388267732784152,0.5017065405845642,0.3614459931850433,0.4453190723862848,0.3316227283224055,0.7877961376787579,0.5597094330005816,0.3232269734249119,0.3875081067061508
HHDX011,hoptimus0,1,y,high,0.05,image,top200_hvg,447,2400,200,0.0791641090527904,0.0729611954311355,-0.2226610624103341,0.3131929934024811,0.1749188750982284,0.4540145925891053,0.0889329062725981,0.9440560368753398,0.5164944715739691,0.089463207428242,0.153029730406378
HHDX011,hoptimus0,1,y,high,0.05,image,marker_hvg_overlap,447,2400,170,0.0820258967307607,0.0747415699568098,-0.2153247306082288,0.3149381875991821,0.1748596578836441,0.4682763566914503,0.0845332113166329,0.9483737539693394,0.5164534826429862,0.0875659835364342,0.1533690623387517
HHDX011,hoptimus0,1,y,high,0.05,spatial_knn,top50_hvg,447,2400,50,0.0086318272362404,0.0054138997696093,-0.2599032650142908,0.6442622542381287,0.4197500348091125,0.4316862243480693,0.263755861971795,0.739244650556278,0.5015002562640366,0.2059737881847706,0.291481389172034
HHDX011,hoptimus0,1,y,high,0.05,spatial_knn,top200_hvg,447,2400,200,0.0103461512704831,0.0084923248077647,-0.1406043062801472,0.3687854409217834,0.1628346145153045,0.4588818615208891,0.0673418918435721,0.9335248453731656,0.5004333686083688,0.0530472512072257,0.1195715095171505
HHDX011,hoptimus0,1,y,high,0.05,spatial_knn,marker_hvg_overlap,447,2400,170,0.0085604479456045,0.0067370701865353,-0.1416572554886122,0.3789474070072174,0.1634383797645568,0.4707103501067359,0.0584693467410254,0.9419835405569412,0.5002264436489833,0.0479649889511714,0.1190910490974265
HHDX011,hoptimus0,1,y,high,0.1,train_mean,top50_hvg,895,2400,50,-4.329276734293272e-07,,-0.1059438497707015,0.5952413082122803,0.4093342423439026,0.4455920243536445,0.2,0.8,0.5,0.1303110242873007,0.2861083333333333
HHDX011,hoptimus0,1,y,high,0.1,train_mean,top200_hvg,895,2400,200,-9.580631096346393e-08,,-0.0348860207257621,0.3442979753017425,0.1593353897333145,0.4759271846006722,0.05,0.95,0.5,0.0325777560718251,0.1162083333333333
HHDX011,hoptimus0,1,y,high,0.1,train_mean,marker_hvg_overlap,895,2400,170,-3.0154404711639035e-08,,-0.0376609854383787,0.3539723455905914,0.1610835045576095,0.4861751829817795,0.0470588235294117,0.9529411764705882,0.5,0.0308748987669466,0.1163480392156862
HHDX011,hoptimus0,1,y,high,0.1,coordinate,top50_hvg,895,2400,50,-0.1166932028532028,-0.1171232342744927,-0.2774454582156613,0.661922812461853,0.4547190368175506,0.4395615346258281,0.3052187303975123,0.6800672549525675,0.4926429926750398,0.1866744167002055,0.24854849243195
HHDX011,hoptimus0,1,y,high,0.1,coordinate,top200_hvg,895,2400,200,-0.0381757605095638,-0.0387455762095403,-0.103187663351855,0.3746144473552704,0.1790252327919006,0.4725506551635212,0.0763271545094904,0.919876148776505,0.4981016516429977,0.0467084448125015,0.1077557943004048
HHDX011,hoptimus0,1,y,high,0.1,coordinate,marker_hvg_overlap,895,2400,170,-0.034123080723093,-0.0348570240273268,-0.0972022506440921,0.3830352127552032,0.1787118911743164,0.4822848777363768,0.0681322752811702,0.9305063472348676,0.4993193112580189,0.0426011542546234,0.1090550219912066
HHDX011,hoptimus0,1,y,high,0.1,image,top50_hvg,895,2400,50,0.2437704798579216,0.2277355483122916,-0.0514245935436338,0.4806956648826599,0.3454909324645996,0.4911717856779153,0.3266049808582293,0.809061587478898,0.5678332841685637,0.3258368471720945,0.402950529287102
HHDX011,hoptimus0,1,y,high,0.1,image,top200_hvg,895,2400,200,0.0899615605050538,0.0849205258143051,-0.1209731509326957,0.3007064163684845,0.1636331528425216,0.4910509779127132,0.0840369669643204,0.951009847964962,0.5175234074646412,0.0850729578370219,0.1572456944824458
HHDX011,hoptimus0,1,y,high,0.1,image,marker_hvg_overlap,895,2400,170,0.0919492297513774,0.0858726933075705,-0.1178066538071588,0.303097665309906,0.1645278036594391,0.5005801426292823,0.0797760127488088,0.9529027097700012,0.516339361259405,0.0814167340712598,0.1569039948036021
HHDX011,hoptimus0,1,y,high,0.1,spatial_knn,top50_hvg,895,2400,50,0.006905203894712,0.0054730459341094,-0.2410999921709299,0.6321285367012024,0.4255121052265167,0.4344203215009374,0.2722658041919016,0.730240333722252,0.5012530689570768,0.2213708497410783,0.2915033245517599
HHDX011,hoptimus0,1,y,high,0.1,spatial_knn,top200_hvg,895,2400,200,0.0011426969226256,0.0002291199369157,-0.1425966131803579,0.3641272783279419,0.1652020066976547,0.4618349454890341,0.0691949787672706,0.931192399453983,0.5001936891106269,0.0567783829837725,0.1181777501782816
HHDX011,hoptimus0,1,y,high,0.1,spatial_knn,marker_hvg_overlap,895,2400,170,0.001008628582562,0.0002276307327868,-0.1401560923933763,0.3729073107242584,0.165858507156372,0.4745303789672827,0.0632109721404508,0.9379972014832096,0.5006040868118302,0.0525719556107949,0.1183318841289958
HHDX011,hoptimus0,1,y,high,0.25,train_mean,top50_hvg,2237,2400,50,-4.08612421196608e-07,,-0.0916673749608162,0.5874961614608765,0.4034759104251861,0.4474776723713197,0.18,0.82,0.5,0.1210999915740229,0.2861083333333333
HHDX011,hoptimus0,1,y,high,0.25,train_mean,top200_hvg,2237,2400,200,-1.355088770027546e-07,,-0.0305491050888213,0.340872049331665,0.1575439274311065,0.4770860140124994,0.045,0.955,0.5,0.0302749978935057,0.1162083333333333
HHDX011,hoptimus0,1,y,high,0.25,train_mean,marker_hvg_overlap,2237,2400,170,-1.3559346661290765e-07,,-0.0326855279363585,0.3500197529792785,0.1593561470508575,0.4875561168140338,0.0411764705882352,0.9588235294117649,0.5,0.0281657714983354,0.1163480392156862
HHDX011,hoptimus0,1,y,high,0.25,coordinate,top50_hvg,2237,2400,50,-0.099160010414198,-0.1017353016318107,-0.2080599275231361,0.643487811088562,0.4346476793289184,0.4390976552335685,0.2652853485427753,0.7191184164853689,0.4922018825140721,0.1685387993124602,0.2521406243314902
HHDX011,hoptimus0,1,y,high,0.25,coordinate,top200_hvg,2237,2400,200,-0.0289257272879331,-0.0296190987162604,-0.1090043373042863,0.3665270805358886,0.1731866151094436,0.4690856702480792,0.06633257309075,0.9296568419730046,0.4979947075318773,0.0421549427430948,0.109810412391024
HHDX011,hoptimus0,1,y,high,0.25,coordinate,marker_hvg_overlap,2237,2400,170,-0.0287148393593858,-0.0290520377621859,-0.0965882835622966,0.376873254776001,0.1727844625711441,0.4790242601342051,0.0552606072626617,0.941176900102064,0.4982187536823629,0.0372518441839456,0.1102481868974701
HHDX011,hoptimus0,1,y,high,0.25,image,top50_hvg,2237,2400,50,0.274987230822444,0.2574626027590065,0.0620297633716836,0.4566186964511871,0.3266298174858093,0.5359543972549949,0.3015303543565386,0.8424310518562124,0.5719807031063755,0.3084544842620056,0.4193404502083087
HHDX011,hoptimus0,1,y,high,0.25,image,top200_hvg,2237,2400,200,0.1139198342268355,0.1058722097651048,-0.1041346985596465,0.2882146835327148,0.1518606096506118,0.5291787319831025,0.0768550644914763,0.959816599372762,0.5183358319321191,0.0780995983626442,0.1667293178110984
HHDX011,hoptimus0,1,y,high,0.25,image,marker_hvg_overlap,2237,2400,170,0.1152971440542708,0.1059622007244852,-0.0714809958240948,0.2905066311359405,0.1527241468429565,0.5390713241383837,0.0752955108481188,0.9604297138853832,0.517862612366751,0.0764801156448472,0.1663884680506063
HHDX011,hoptimus0,1,y,high,0.25,spatial_knn,top50_hvg,2237,2400,50,-0.0042111286474391,-0.0081317509455022,-0.2240700984001159,0.6346858143806458,0.4173030853271484,0.4330542017596416,0.2547274211400669,0.7448085133046699,0.4997679672223684,0.2175118155854843,0.2866951197971004
HHDX011,hoptimus0,1,y,high,0.25,spatial_knn,top200_hvg,2237,2400,200,-0.002618167044954,-0.0028937565401104,-0.2339968529203906,0.3661408722400665,0.162177175283432,0.4576689576274232,0.0658961612102456,0.9345628146706058,0.5002294879404258,0.0561873668283712,0.1168871027480463
HHDX011,hoptimus0,1,y,high,0.25,spatial_knn,marker_hvg_overlap,2237,2400,170,-0.0020997285753,-0.0023339391952584,-0.1979232365210705,0.3758132457733154,0.1632247120141983,0.4693472385651587,0.0619513015379019,0.9388727586070325,0.5004120300724673,0.0529534896205943,0.117001400943925
HHDX011,hoptimus0,1,y,high,1.0,train_mean,top50_hvg,8948,2400,50,8.572514751037375e-07,,-0.0970968907089172,0.5906395316123962,0.4066059291362762,0.4468192111681907,0.18,0.82,0.5,0.1210999915740229,0.2861083333333333
HHDX011,hoptimus0,1,y,high,1.0,train_mean,top200_hvg,8948,2400,200,2.446010019829803e-07,,-0.0315593595694167,0.3421954810619354,0.1587889343500137,0.4769829120017035,0.045,0.955,0.5,0.0302749978935057,0.1162083333333333
HHDX011,hoptimus0,1,y,high,1.0,train_mean,marker_hvg_overlap,8948,2400,170,2.707534308610913e-07,,-0.0337256107205682,0.3514973819255829,0.1605189442634582,0.4874114817938362,0.0411764705882352,0.9588235294117649,0.5,0.0281657714983354,0.1163480392156862
HHDX011,hoptimus0,1,y,high,1.0,coordinate,top50_hvg,8948,2400,50,-0.1260577962175011,-0.1268514065001241,-0.2903115323372185,0.6641568541526794,0.4601915180683136,0.4362915243989883,0.3254025275842812,0.6615821576299317,0.4934923426071064,0.1952265590325032,0.2456612483636228
HHDX011,hoptimus0,1,y,high,1.0,coordinate,top200_hvg,8948,2400,200,-0.0397021407989086,-0.039836914581445,-0.1090462875509274,0.375174731016159,0.184133768081665,0.4707717713099282,0.0813506318960703,0.9153597337808844,0.4983551828384774,0.0488066397581258,0.1066350370151803
HHDX011,hoptimus0,1,y,high,1.0,coordinate,marker_hvg_overlap,8948,2400,170,-0.0379134404774317,-0.0377418570158353,-0.1001274918184315,0.385698914527893,0.1842126846313476,0.4800248204546718,0.0712558816069998,0.9259122384814946,0.4985840600442473,0.0442250937915705,0.1072924504777891
HHDX011,hoptimus0,1,y,high,1.0,image,top50_hvg,8948,2400,50,0.3227058776281774,0.2986559343831514,0.1054183672658109,0.4465668797492981,0.3177748620510101,0.5480758746078946,0.2979435648226467,0.8581359389348694,0.5780397518787581,0.3085543432980683,0.4480402101093944
HHDX011,hoptimus0,1,y,high,1.0,image,top200_hvg,8948,2400,200,0.1464078725170111,0.1343156665492161,-0.0501063539240931,0.2821712791919708,0.1435616463422775,0.5438432990344584,0.0761455041417452,0.9638004512502876,0.5199729776960165,0.0783683180972104,0.1828033052164589
HHDX011,hoptimus0,1,y,high,1.0,image,marker_hvg_overlap,8948,2400,170,0.1466536735273514,0.1336928323191266,-0.0200012454223778,0.2845073044300079,0.1447358429431915,0.5523920747815063,0.0736682425793535,0.9646950516222836,0.5191816471008187,0.0763385494210797,0.1817551076308764
HHDX011,hoptimus0,1,y,high,1.0,spatial_knn,top50_hvg,8948,2400,50,0.0012420580186881,-0.001566619523266,-0.2938928591459989,0.6431277990341187,0.4238843023777008,0.4222413635250928,0.2757193622174043,0.7286529662056916,0.5021861642115479,0.2360756377360723,0.2876955172440219
HHDX011,hoptimus0,1,y,high,1.0,spatial_knn,top200_hvg,8948,2400,200,-0.0001148162119352,-0.0002169655699945,-0.3813824358209967,0.3713981807231903,0.1672087460756302,0.4483592298232763,0.0712930144258006,0.9296908728004512,0.5004919436131259,0.0620286205594517,0.11745100636419
HHDX011,hoptimus0,1,y,high,1.0,spatial_knn,marker_hvg_overlap,8948,2400,170,0.0007477108716985,0.0002809488882712,-0.2885857653749339,0.3789353370666504,0.1677907109260559,0.4616163953182277,0.0660904607132023,0.9350585932870488,0.5005745270001256,0.0585760235607918,0.117586198481293
HHDX011,hoptimus0,2,x,low,0.05,train_mean,top50_hvg,446,2400,50,-1.0633497457490649e-06,,-0.0090096182149272,0.5014491677284241,0.3646308481693268,0.6752747853066391,0.18,0.82,0.5,0.1451177623665971,0.3205916666666667
HHDX011,hoptimus0,2,x,low,0.05,train_mean,top200_hvg,446,2400,200,-2.5904257448639e-07,,-0.004847139591109,0.2950272560119629,0.1443876773118972,0.6807492775014786,0.045,0.955,0.5,0.0362794405916492,0.11976875
HHDX011,hoptimus0,2,x,low,0.05,train_mean,marker_hvg_overlap,446,2400,169,-3.0231914833729705e-07,,-0.0048632435176193,0.2990195751190185,0.1446032673120498,0.6965126451731097,0.0414201183431952,0.9585798816568049,0.5,0.0343864848350801,0.1190532544378698
HHDX011,hoptimus0,2,x,low,0.05,coordinate,top50_hvg,446,2400,50,0.1067651937669143,0.0875793569957236,-0.0011309927201364,0.491321861743927,0.3723191022872925,0.6828677761841937,0.2426335997935579,0.7748560621146029,0.5087448309540804,0.1988716006043639,0.3561348807432827
HHDX011,hoptimus0,2,x,low,0.05,coordinate,top200_hvg,446,2400,200,0.0495228384148504,0.0405623983224329,-0.0207551369549764,0.2915222644805908,0.1526990830898285,0.6844564323080946,0.0606583999483894,0.9437140155286506,0.5021862077385201,0.0497179001510909,0.1415432856947626
HHDX011,hoptimus0,2,x,low,0.05,coordinate,marker_hvg_overlap,446,2400,169,0.0493143544209977,0.0390300178059746,-0.0207551175736362,0.2949674725532532,0.1532876193523407,0.6996590238437541,0.0599633410388771,0.9451817638194512,0.5025725524291641,0.0502877956747806,0.1410910392418222
HHDX011,hoptimus0,2,x,low,0.05,image,top50_hvg,446,2400,50,0.2253365256637335,0.1956041799410192,-0.02300651460886,0.4579561650753021,0.3416534066200256,0.6903704006968958,0.3553884456140775,0.77549088948985,0.5654396675519638,0.3679311040436334,0.4105123902752591
HHDX011,hoptimus0,2,x,low,0.05,image,top200_hvg,446,2400,200,0.088871496131378,0.073308628836742,-0.1381563511863351,0.2830754518508911,0.1599443852901458,0.6783342594936645,0.0965443926234375,0.9422832422558634,0.5194138174396504,0.1022360714399678,0.1590541525094459
HHDX011,hoptimus0,2,x,low,0.05,image,marker_hvg_overlap,446,2400,169,0.0906335573202195,0.0732620336175383,-0.1308700686331684,0.2832327485084533,0.1590273827314376,0.6985558224955457,0.0955535266799182,0.9436859181939504,0.5196197224369343,0.1010235340387108,0.158904215339716
HHDX011,hoptimus0,2,x,low,0.05,spatial_knn,top50_hvg,446,2400,50,0.0562143268482759,0.0461059650051805,-0.1102571299485862,0.516560435295105,0.3835023939609527,0.6617501967570327,0.3475381846538116,0.6768124111720948,0.5121752979129532,0.2933254598252104,0.3395032819217329
HHDX011,hoptimus0,2,x,low,0.05,spatial_knn,top200_hvg,446,2400,200,0.0215338006699987,0.0173842660513296,-0.1268864088482223,0.3068994581699371,0.1569630205631256,0.6632550321843398,0.0883063166215074,0.917435703682254,0.5028710101518807,0.0744249326405992,0.1256495702360344
HHDX011,hoptimus0,2,x,low,0.05,spatial_knn,marker_hvg_overlap,446,2400,169,0.0224339268748245,0.0176683108456229,-0.1242972215880039,0.3105312287807464,0.157287985086441,0.680940002545946,0.0898091531369916,0.9159435986085304,0.502876375872761,0.0743080827585905,0.1248555368664821
HHDX011,hoptimus0,2,x,low,0.1,train_mean,top50_hvg,893,2400,50,-4.667452340711975e-07,,-0.0032552717557564,0.5002036690711975,0.3661065697669983,0.6761416054286095,0.18,0.82,0.5,0.1451177623665971,0.3205916666666667
HHDX011,hoptimus0,2,x,low,0.1,train_mean,top200_hvg,893,2400,200,-8.739546433763486e-08,,-0.0027746046592562,0.2944451570510864,0.145480141043663,0.6815066571857581,0.045,0.955,0.5,0.0362794405916492,0.11976875
HHDX011,hoptimus0,2,x,low,0.1,train_mean,marker_hvg_overlap,893,2400,169,-1.7683672401612294e-07,,-0.002779609145053,0.2984665036201477,0.1460421830415725,0.6971776944652326,0.0414201183431952,0.9585798816568049,0.5,0.0343864848350801,0.1190532544378698
HHDX011,hoptimus0,2,x,low,0.1,coordinate,top50_hvg,893,2400,50,0.130978092639707,0.102809338453872,0.0091911998123396,0.4866219460964203,0.3593498170375824,0.685194598335244,0.252608315846896,0.7733621150188946,0.5129852154328954,0.2090525182789366,0.3617433768946925
HHDX011,hoptimus0,2,x,low,0.1,coordinate,top200_hvg,893,2400,200,0.0664299253507488,0.0535520003358326,-0.0123501371026759,0.2891892194747925,0.1460765302181244,0.6873858585343472,0.063152078961724,0.9433405287547236,0.5032463038582238,0.0522631295697341,0.1465927840818763
HHDX011,hoptimus0,2,x,low,0.1,coordinate,marker_hvg_overlap,893,2400,169,0.0683534799022951,0.0539072307913266,-0.0128665174392336,0.2925802171230316,0.147098496556282,0.7028311317777722,0.0636057517582332,0.9437993974146798,0.5037025745864566,0.0534301797308664,0.1468298341990827
HHDX011,hoptimus0,2,x,low,0.1,image,top50_hvg,893,2400,50,0.252293686568737,0.2168046178783335,0.0440771864913403,0.442378968000412,0.3304252028465271,0.713360764765724,0.3611153553913021,0.7783185173414637,0.5697169363663828,0.3642614176173457,0.4251743181111305
HHDX011,hoptimus0,2,x,low,0.1,image,top200_hvg,893,2400,200,0.1067777137935627,0.0872581171574369,-0.0938737835007486,0.2736639678478241,0.1500725448131561,0.6999599072166408,0.0937574453056811,0.9438286704939244,0.5187930578998028,0.0968707553618057,0.1670673540710548
HHDX011,hoptimus0,2,x,low,0.1,image,marker_hvg_overlap,893,2400,169,0.1112206473839111,0.0892198126598451,-0.0763529087795694,0.2741915583610534,0.1501625478267669,0.7173308630623312,0.0940692275166819,0.9439902846924054,0.5190297561045436,0.0969294709472203,0.1680448495210837
HHDX011,hoptimus0,2,x,low,0.1,spatial_knn,top50_hvg,893,2400,50,0.1075506338686682,0.0935229096951901,-0.0726823186990805,0.5040416121482849,0.3623005151748657,0.6716565058150931,0.3061468127919401,0.7321373213223468,0.5191420670571435,0.2796093578198046,0.3545088702060741
HHDX011,hoptimus0,2,x,low,0.1,spatial_knn,top200_hvg,893,2400,200,0.0476088440509989,0.0426305339188472,-0.1084108596405712,0.3001917600631714,0.1466151922941208,0.6701930834743325,0.0775516604629423,0.9323642507569264,0.5049579556099343,0.071040515211902,0.1334279445872976
HHDX011,hoptimus0,2,x,low,0.1,spatial_knn,marker_hvg_overlap,893,2400,169,0.0481841989731529,0.0423430234951631,-0.1118645223970773,0.3030853867530823,0.1474680304527282,0.6873467734183456,0.0774349312213977,0.9334781722351276,0.5054565517282626,0.070683918396649,0.1335562058583901
HHDX011,hoptimus0,2,x,low,0.25,train_mean,top50_hvg,2232,2400,50,9.683686316819265e-07,,-0.0041577308224987,0.5003527998924255,0.3654287457466125,0.6756960703631921,0.18,0.82,0.5,0.1451177623665971,0.3205916666666667
HHDX011,hoptimus0,2,x,low,0.25,train_mean,top200_hvg,2232,2400,200,2.7298917801621416e-07,,-0.0028510957535729,0.2945187091827392,0.1446079760789871,0.6812647020868584,0.045,0.955,0.5,0.0362794405916492,0.11976875
HHDX011,hoptimus0,2,x,low,0.25,train_mean,marker_hvg_overlap,2232,2400,169,3.1044347405965724e-07,,-0.0028889216486258,0.2985590398311615,0.1451173573732376,0.6969654196534733,0.0414201183431952,0.9585798816568049,0.5,0.0343864848350801,0.1190532544378698
HHDX011,hoptimus0,2,x,low,0.25,coordinate,top50_hvg,2232,2400,50,0.1213914998620748,0.0970168392290846,-0.0004568560578627,0.4933434128761291,0.3591283559799194,0.6863691887607759,0.2388332088616964,0.7846593495559943,0.5117462792088453,0.1982256284900812,0.3613082128767041
HHDX011,hoptimus0,2,x,low,0.25,coordinate,top200_hvg,2232,2400,200,0.0666891002090415,0.0534002320398007,-0.0064237945310492,0.2915209531784057,0.1466367989778518,0.6890402801761714,0.0597083022154241,0.9461648373889986,0.5029365698022112,0.0495564071225203,0.1437718081698509
HHDX011,hoptimus0,2,x,low,0.25,coordinate,marker_hvg_overlap,2232,2400,169,0.0679757102749437,0.053915242546604,-0.006579485784765,0.2952070832252502,0.1474125981330871,0.7043185398848194,0.0590997696823231,0.9475899189600832,0.5033448443212033,0.0499701437111091,0.1436128468984341
HHDX011,hoptimus0,2,x,low,0.25,image,top50_hvg,2232,2400,50,0.2878631677478552,0.2456801230510028,0.0981469463743269,0.4303484857082367,0.3198264837265014,0.729745485507301,0.3221656279662545,0.8203528830158767,0.5712592554910656,0.3396287002441905,0.4421530963578662
HHDX011,hoptimus0,2,x,low,0.25,image,top200_hvg,2232,2400,200,0.1328272790383198,0.1052610889655023,-0.022348570516624,0.2655392587184906,0.1401844620704651,0.7196184636020917,0.0855527368761807,0.9548515371185676,0.5202021369973742,0.09129879540651,0.1803822528275983
HHDX011,hoptimus0,2,x,low,0.25,image,marker_hvg_overlap,2232,2400,169,0.1372858676136355,0.1063431140537966,-0.0086208486591311,0.2658517062664032,0.1401406824588775,0.7366237199407382,0.0857905524843457,0.9561751366912636,0.5209828445878047,0.0922926920213509,0.1815412832677161
HHDX011,hoptimus0,2,x,low,0.25,spatial_knn,top50_hvg,2232,2400,50,0.093325748774223,0.0820449329309119,-0.0731577627221122,0.5025745630264282,0.3606140613555908,0.665922115015516,0.2954029660304565,0.7422304431272715,0.5188167045788641,0.2816024103351491,0.3540432341760355
HHDX011,hoptimus0,2,x,low,0.25,spatial_knn,top200_hvg,2232,2400,200,0.0424218201112514,0.0379117526177073,-0.0950675113650504,0.2999651432037353,0.1462919265031814,0.6654865309536884,0.077996891841266,0.9328485269051718,0.505422709373219,0.0741666418729458,0.1313308231983763
HHDX011,hoptimus0,2,x,low,0.25,spatial_knn,marker_hvg_overlap,2232,2400,169,0.0469476100480393,0.0417752121594609,-0.0944502721278867,0.3033765852451324,0.1463645845651626,0.6832281954576683,0.0737627556837165,0.9364027222308854,0.5050827389573009,0.0711318431674647,0.1310688816950218
HHDX011,hoptimus0,2,x,low,1.0,train_mean,top50_hvg,8928,2400,50,4.789204770005995e-07,,-0.0036363007060663,0.5002087354660034,0.3657086491584778,0.675844819213744,0.18,0.82,0.5,0.1451177623665971,0.3205916666666667
HHDX011,hoptimus0,2,x,low,1.0,train_mean,top200_hvg,8928,2400,200,1.4908847161709818e-07,,-0.002788907881229,0.294443815946579,0.1448932737112045,0.6814093172600026,0.045,0.955,0.5,0.0362794405916492,0.11976875
HHDX011,hoptimus0,2,x,low,1.0,train_mean,marker_hvg_overlap,8928,2400,169,4.778050706699349e-08,,-0.0028239467925667,0.2984852790832519,0.1452580392360687,0.6970887978509673,0.0414201183431952,0.9585798816568049,0.5,0.0343864848350801,0.1190532544378698
HHDX011,hoptimus0,2,x,low,1.0,coordinate,top50_hvg,8928,2400,50,0.1112778279109625,0.096722885336087,0.002513631239999,0.4982795715332031,0.3636364936828613,0.6867796472852206,0.2209611313211436,0.8026680520532133,0.5118145916871785,0.1920774356701179,0.3616365368948349
HHDX011,hoptimus0,2,x,low,1.0,coordinate,top200_hvg,8928,2400,200,0.0700847572344667,0.0586499558002475,-0.0184796674003126,0.2934841215610504,0.149789422750473,0.6895934717932445,0.0552402828302859,0.9506670130133034,0.5029536479217946,0.0480193589175294,0.1465309110155555
HHDX011,hoptimus0,2,x,low,1.0,coordinate,marker_hvg_overlap,8928,2400,169,0.0732839382705152,0.0605646729550016,-0.0140249765605994,0.297495037317276,0.150320678949356,0.7048842851352431,0.0564501375491403,0.950019172223382,0.5032346548862611,0.0490735370876621,0.1465721643017488
HHDX011,hoptimus0,2,x,low,1.0,image,top50_hvg,8928,2400,50,0.3281593652069569,0.2806606046897228,0.1358189854165539,0.4212242662906647,0.3147337436676025,0.7438636215155808,0.3226991795416743,0.8261414018147777,0.574420290678226,0.3375100714085061,0.4621084297695704
HHDX011,hoptimus0,2,x,low,1.0,image,top200_hvg,8928,2400,200,0.1673618255951441,0.1334653363452052,-0.0116846854180039,0.2604014873504638,0.1353183090686798,0.7331849173114946,0.0855209634990418,0.956298111907141,0.5209095377030915,0.0903191478191843,0.1950009054553348
HHDX011,hoptimus0,2,x,low,1.0,image,marker_hvg_overlap,8928,2400,169,0.1711663024874745,0.1338336966272106,0.0062614079811417,0.2607388198375702,0.1349153667688369,0.7492750558303669,0.0844674586568485,0.9584381995638256,0.5214528291103371,0.090260138734803,0.195665514819974
HHDX011,hoptimus0,2,x,low,1.0,spatial_knn,top50_hvg,8928,2400,50,0.0938122547950479,0.0799413398853849,-0.0944550481438636,0.5115945935249329,0.356235146522522,0.6660339061911024,0.2754869440933551,0.7770490557726424,0.5262679999329988,0.2764967434512616,0.3492968812328026
HHDX011,hoptimus0,2,x,low,1.0,spatial_knn,top200_hvg,8928,2400,200,0.0326084756901415,0.0282360107865228,-0.0943015967891551,0.3030296862125397,0.1410185247659683,0.6636763330622246,0.0702412320542315,0.9438013749561796,0.5070213035052056,0.0704784600373226,0.1313734246331249
HHDX011,hoptimus0,2,x,low,1.0,spatial_knn,marker_hvg_overlap,8928,2400,169,0.0308309376234102,0.0258655092193157,-0.0913904683785678,0.3060232102870941,0.1408229619264602,0.6821686105943627,0.0693599204442752,0.9441457898107156,0.5067528551274956,0.0688249383924528,0.1305169681885483
HHDX011,hoptimus0,3,y,low,0.05,train_mean,top50_hvg,445,2400,50,-3.417637288549713e-07,,-0.0455882755004131,0.5023159980773926,0.3671377897262573,0.7298360149264519,0.18,0.82,0.5,0.1506107620366943,0.3331083333333333
HHDX011,hoptimus0,3,y,low,0.05,train_mean,top200_hvg,445,2400,200,-6.861636379085211e-08,,-0.0164639784195546,0.2928338944911957,0.1450312882661819,0.7237533500909099,0.045,0.955,0.5,0.0376526905091735,0.1226208333333333
HHDX011,hoptimus0,3,y,low,0.05,train_mean,marker_hvg_overlap,445,2400,170,-1.028002441342203e-09,,-0.0125825890830753,0.2980479896068573,0.1452671140432357,0.7423398447628458,0.0411764705882352,0.9588235294117649,0.5,0.0358770913943442,0.1230294117647059
HHDX011,hoptimus0,3,y,low,0.05,coordinate,top50_hvg,445,2400,50,0.0017262630019104,0.0033506249852445,-0.051636077586445,0.5033178329467773,0.3512713611125946,0.7294433679139685,0.1729321025090316,0.8284618797170299,0.5006969911130308,0.1536019478879272,0.3308910634189233
HHDX011,hoptimus0,3,y,low,0.05,coordinate,top200_hvg,445,2400,200,-0.0005788389719964,0.0001148253875151,-0.0481086965400754,0.294479489326477,0.1372098624706268,0.7196522640708497,0.0432330256272579,0.9571154699292574,0.5001742477782577,0.0384004869719818,0.1232270292325223
HHDX011,hoptimus0,3,y,low,0.05,coordinate,marker_hvg_overlap,445,2400,170,-0.0015779770107816,-0.0009678558057381,-0.0434863960318205,0.2995009124279022,0.137457475066185,0.738083322980542,0.0429044251329337,0.9575119210007128,0.5002081730668232,0.0384194031506423,0.1234797140541589
HHDX011,hoptimus0,3,y,low,0.05,image,top50_hvg,445,2400,50,0.175760637470521,0.1581318646211079,-0.1864729980751872,0.4868879020214081,0.3632360100746155,0.6981111726015597,0.3389790708136184,0.7565772700988477,0.547778170456233,0.3409190776204991,0.39555371473231
HHDX011,hoptimus0,3,y,low,0.05,image,top200_hvg,445,2400,200,0.0604101312713328,0.0536749330429737,-0.3274934654962271,0.2955016195774078,0.1702155768871307,0.6764120545559497,0.0877736042647121,0.9368451957369126,0.5123094000008124,0.0900015124751627,0.1457056182449603
HHDX011,hoptimus0,3,y,low,0.05,image,marker_hvg_overlap,445,2400,170,0.0619346707846863,0.0546342698578128,-0.285915536860771,0.2976900041103363,0.1705705374479293,0.6991405365021661,0.0896002339600207,0.9362460064290796,0.5129231201945502,0.0913868357604739,0.1461010132247839
HHDX011,hoptimus0,3,y,low,0.05,spatial_knn,top50_hvg,445,2400,50,0.012573859438167,0.0079912118983905,-0.1187780186440795,0.514644980430603,0.3539130985736847,0.7167803107873595,0.2212058918792782,0.7837134250853274,0.5024596584823029,0.2217674798987476,0.3381044546015568
HHDX011,hoptimus0,3,y,low,0.05,spatial_knn,top200_hvg,445,2400,200,0.0019624847611893,0.0009175231904014,-0.1085467745398637,0.3015282452106476,0.1377627551555633,0.7053663320346129,0.0553014729698195,0.9459142738310276,0.5006078734004237,0.0554418699746869,0.1241137707785022
HHDX011,hoptimus0,3,y,low,0.05,spatial_knn,marker_hvg_overlap,445,2400,170,0.001348767647775,3.723607606733781e-05,-0.0997866959954776,0.3063461780548095,0.1377107501029968,0.7253280770330062,0.0530599257347417,0.9474671737054468,0.5002635497200943,0.0533333818428351,0.1242249660154731
HHDX011,hoptimus0,3,y,low,0.1,train_mean,top50_hvg,890,2400,50,-3.3265303882146215e-07,,-0.038419615353323,0.5029419660568237,0.3674574196338653,0.7294628240391978,0.18,0.82,0.5,0.1506107620366943,0.3331083333333333
HHDX011,hoptimus0,3,y,low,0.1,train_mean,top200_hvg,890,2400,200,-6.674416661051064e-08,,-0.0126664204947246,0.2930936813354492,0.144331693649292,0.7235805362623446,0.045,0.955,0.5,0.0376526905091735,0.1226208333333333
HHDX011,hoptimus0,3,y,low,0.1,train_mean,marker_hvg_overlap,890,2400,170,-1.4891335760896746e-08,,-0.0110452172973215,0.298517107963562,0.14473856985569,0.7416107111963726,0.0411764705882352,0.9588235294117649,0.5,0.0358770913943442,0.1230294117647059
HHDX011,hoptimus0,3,y,low,0.1,coordinate,top50_hvg,890,2400,50,-0.0009345213908818,-0.0012671053488509,-0.1096827923716046,0.511162519454956,0.3548051714897156,0.7263606255815854,0.174581720348916,0.8270869637478756,0.5008343420483959,0.1603904234798436,0.3287533270532631
HHDX011,hoptimus0,3,y,low,0.1,coordinate,top200_hvg,890,2400,200,-0.0034620951841498,-0.0034225287854582,-0.0544277250831146,0.2976045608520508,0.1392191499471664,0.7170838180666732,0.043645430087229,0.9567717409369688,0.500208585512099,0.0400976058699609,0.1224094852992965
HHDX011,hoptimus0,3,y,low,0.1,coordinate,marker_hvg_overlap,890,2400,170,-0.0036776574182166,-0.0036707150841989,-0.0552423750439415,0.3031332790851593,0.1402635723352432,0.7351756944594491,0.0424311870843656,0.95786187616705,0.5001465316257079,0.0397593126463462,0.1228987371471044
HHDX011,hoptimus0,3,y,low,0.1,image,top50_hvg,890,2400,50,0.2140594083163887,0.1868154842757275,-0.0814413103740662,0.4656694531440735,0.3405839204788208,0.7259342708477828,0.3057744319571202,0.8010074266732142,0.5533909293151672,0.3252375015527242,0.4141125025671578
HHDX011,hoptimus0,3,y,low,0.1,image,top200_hvg,890,2400,200,0.0811911173800035,0.07133814352531,-0.1596570255211554,0.2820287644863128,0.1540070921182632,0.7066906147360024,0.0777667807732099,0.9497455300507656,0.5137561554119877,0.0836642193098356,0.1541520005214667
HHDX011,hoptimus0,3,y,low,0.1,image,marker_hvg_overlap,890,2400,170,0.083318013617827,0.07269625478157,-0.135702367474818,0.2845083475112915,0.1543905138969421,0.7274840601644065,0.0768728797753967,0.9510248406418444,0.5139488602086205,0.0838340947087286,0.1546475458550388
HHDX011,hoptimus0,3,y,low,0.1,spatial_knn,top50_hvg,890,2400,50,0.0050949161476455,0.0032931125541278,-0.115934614315629,0.5174819231033325,0.3573063910007477,0.7115311031958795,0.2312086371942207,0.768912827496492,0.5000607323453565,0.235777609263719,0.3352584291597957
HHDX011,hoptimus0,3,y,low,0.1,spatial_knn,top200_hvg,890,2400,200,0.0001844991168835,-0.0005320251320007,-0.1062601282878313,0.3029594719409942,0.1392039209604263,0.7002396557078742,0.0578173108137067,0.9421939362733216,0.5000056235435141,0.0589745227978574,0.1236011402389372
HHDX011,hoptimus0,3,y,low,0.1,spatial_knn,marker_hvg_overlap,890,2400,170,0.0021461961187487,0.0015086822316142,-0.1005996230236419,0.3078937828540802,0.1393426358699798,0.7200706745362015,0.0567121335736613,0.9430865748614896,0.4998993542175755,0.0586400137457057,0.1242277187256193
HHDX011,hoptimus0,3,y,low,0.25,train_mean,top50_hvg,2226,2400,50,1.1835272435689603e-06,,-0.0517420150821999,0.5061067938804626,0.3718472123146057,0.7288623381072029,0.18,0.82,0.5,0.1506107620366943,0.3331083333333333
HHDX011,hoptimus0,3,y,low,0.25,train_mean,top200_hvg,2226,2400,200,2.814240267201562e-07,,-0.0169745663073933,0.2944237887859344,0.1462799310684204,0.7231454043240269,0.045,0.955,0.5,0.0376526905091735,0.1226208333333333
HHDX011,hoptimus0,3,y,low,0.25,train_mean,marker_hvg_overlap,2226,2400,170,3.255118658043569e-07,,-0.0153055645647795,0.3000567257404327,0.1470105201005935,0.741306442263404,0.0411764705882352,0.9588235294117649,0.5,0.0358770913943442,0.1230294117647059
HHDX011,hoptimus0,3,y,low,0.25,coordinate,top50_hvg,2226,2400,50,0.0037539010192267,0.0035883092951884,-0.3225767313712276,0.5624980330467224,0.3687307238578796,0.703628561281204,0.1206396920835501,0.8791288072140117,0.499884249648781,0.1204972721236965,0.3310947816286176
HHDX011,hoptimus0,3,y,low,0.25,coordinate,top200_hvg,2226,2400,200,-0.0019355751281545,-0.0015243282538616,-0.1321112919614825,0.3203070759773254,0.1410471946001052,0.6966816107285316,0.0301599230208875,0.9697822018035028,0.4999710624121952,0.0301243180309241,0.1234187430583371
HHDX011,hoptimus0,3,y,low,0.25,coordinate,marker_hvg_overlap,2226,2400,170,-0.002674153708572,-0.0023910533434544,-0.1311086426220272,0.3274952471256256,0.1430675387382507,0.7167101416477424,0.0316091500728839,0.968164942873037,0.4998870464729604,0.0305459603521511,0.1234374597386848
HHDX011,hoptimus0,3,y,low,0.25,image,top50_hvg,2226,2400,50,0.247461808854714,0.2182866788070608,-0.0327390001481398,0.4495237171649933,0.3361214697360992,0.7413942023999,0.3272667967833021,0.7908277668348432,0.5590472818090726,0.3389406207002275,0.4277965005270591
HHDX011,hoptimus0,3,y,low,0.25,image,top200_hvg,2226,2400,200,0.0995392130583059,0.0855068053778205,-0.1095752476436609,0.2724598944187164,0.1465949118137359,0.7263258200904631,0.0825704056026457,0.9475394398171924,0.515054922709919,0.0861137487303139,0.162058938374164
HHDX011,hoptimus0,3,y,low,0.25,image,marker_hvg_overlap,2226,2400,170,0.1003786237458424,0.085161723594779,-0.0816336128259803,0.2748199105262756,0.1468598395586013,0.7452113649586574,0.0787136142149487,0.9510606146220292,0.5148871144184889,0.0847884908860476,0.1624912742579018
HHDX011,hoptimus0,3,y,low,0.25,spatial_knn,top50_hvg,2226,2400,50,-0.005883198151132,-0.0056184559152165,-0.1369280834496021,0.5256291627883911,0.3516213297843933,0.7094532640156727,0.1926926924620297,0.8024171425033342,0.497554917482682,0.2021858155053088,0.3340650077087885
HHDX011,hoptimus0,3,y,low,0.25,spatial_knn,top200_hvg,2226,2400,200,0.0005849659082321,0.0009170215354081,-0.1050520305696409,0.3061493635177612,0.1354144215583801,0.6982143749187256,0.0482945295368638,0.950513992005913,0.4994042607713885,0.0507628020639579,0.1235891885376865
HHDX011,hoptimus0,3,y,low,0.25,spatial_knn,marker_hvg_overlap,2226,2400,170,-6.420416591550526e-05,0.0004279925565832,-0.1055494279970469,0.3116953074932098,0.1364719867706298,0.7181682811264988,0.0468178862146139,0.9520821620848792,0.4994500241497466,0.0497236665674122,0.1238616783786549
HHDX011,hoptimus0,3,y,low,1.0,train_mean,top50_hvg,8903,2400,50,-2.3861232939736965e-07,,-0.0461981647127868,0.5051557421684265,0.3709610104560852,0.7288555897896892,0.18,0.82,0.5,0.1506107620366943,0.3331083333333333
HHDX011,hoptimus0,3,y,low,1.0,train_mean,top200_hvg,8903,2400,200,-5.5456809697762574e-08,,-0.014590922794713,0.2939821183681488,0.1464502960443496,0.7232138109549548,0.045,0.955,0.5,0.0376526905091735,0.1226208333333333
HHDX011,hoptimus0,3,y,low,1.0,train_mean,marker_hvg_overlap,8903,2400,170,-8.757401563135446e-08,,-0.0125227382396067,0.2995426952838897,0.1471038460731506,0.7412889469866535,0.0411764705882352,0.9588235294117649,0.5,0.0358770913943442,0.1230294117647059
HHDX011,hoptimus0,3,y,low,1.0,coordinate,top50_hvg,8903,2400,50,-0.003043837074656,-0.0022087197598529,-0.6129993733763694,0.6240084171295166,0.3969053626060486,0.6210282108557154,0.1053552288784921,0.8926724304133046,0.4990138296458983,0.1014757080314562,0.3289173350891608
HHDX011,hoptimus0,3,y,low,1.0,coordinate,top200_hvg,8903,2400,200,-0.0060397108545294,-0.0062502540083359,-0.2136606986118613,0.3478062450885772,0.1479572355747223,0.627879204197099,0.026338807219623,0.9731681076033262,0.4997534574114746,0.025368927007864,0.1226286932898392
HHDX011,hoptimus0,3,y,low,1.0,coordinate,marker_hvg_overlap,8903,2400,170,-0.0068923831239397,-0.007027493493495,-0.2115975932063734,0.3558925986289978,0.150487944483757,0.655067996363131,0.030807106943006,0.9685607220746304,0.4996839145088182,0.0294991382253769,0.1223293418253919
HHDX011,hoptimus0,3,y,low,1.0,image,top50_hvg,8903,2400,50,0.2803373413998634,0.2457314338351156,0.03093956873985,0.4438222050666809,0.3313627541065216,0.7539595521480241,0.2979966963246082,0.8210624785808757,0.559529587452742,0.3201768811913539,0.4435602685920321
HHDX011,hoptimus0,3,y,low,1.0,image,top200_hvg,8903,2400,200,0.1247422238823492,0.1062275603858619,-0.0465904260515526,0.268254667520523,0.1401964873075485,0.739543586254929,0.0751333450005717,0.955211341960107,0.5151723434803394,0.0812002110460802,0.1728074691742853
HHDX011,hoptimus0,3,y,low,1.0,image,marker_hvg_overlap,8903,2400,170,0.1263254964529016,0.1066582884411074,-0.0203328899232848,0.2708199918270111,0.1407090872526168,0.7574650504066054,0.0734179771391672,0.9568408667485644,0.5151294219438659,0.0808358060443708,0.1731580347639481
HHDX011,hoptimus0,3,y,low,1.0,spatial_knn,top50_hvg,8903,2400,50,-0.0098041397891938,-0.0108127762586247,-0.1337870982289314,0.5242729783058167,0.3542906045913696,0.7130740316206662,0.2148582777189033,0.7802662581667428,0.4975622679428231,0.2251319302337703,0.3322667944646654
HHDX011,hoptimus0,3,y,low,1.0,spatial_knn,top200_hvg,8903,2400,200,-0.0036523228816143,-0.003311293477289,-0.1096729943261016,0.3057124316692352,0.1370113641023636,0.7013706742168763,0.0538967900764626,0.9448596878864116,0.4993782389814371,0.056606593228112,0.1229154373621279
HHDX011,hoptimus0,3,y,low,1.0,spatial_knn,marker_hvg_overlap,8903,2400,170,-0.0046635856644483,-0.0042613612269336,-0.108970812128802,0.3109380304813385,0.1379943042993545,0.7213413580666185,0.0535995481297146,0.945468309931932,0.4995339290308234,0.0570713944625366,0.1232128957113018
HHDX011,phikon,0,x,high,0.05,train_mean,top50_hvg,446,2400,50,-8.443437401695064e-08,,-0.0137723508081035,0.4769745469093323,0.3565840125083923,0.7241367024307692,0.18,0.82,0.5,0.1447975962904332,0.3049083333333333
HHDX011,phikon,0,x,high,0.05,train_mean,top200_hvg,446,2400,200,-1.5291717151422192e-08,,-0.0077031987188092,0.2756686508655548,0.1398294121026992,0.713001436457079,0.045,0.955,0.5,0.0361993990726083,0.1094583333333333
HHDX011,phikon,0,x,high,0.05,train_mean,marker_hvg_overlap,446,2400,171,-1.5205129434549118e-07,,-0.008428082888979,0.2773587703704834,0.1387030184268951,0.731011248461801,0.0409356725146198,0.95906432748538,0.5,0.034069881841428,0.1072685185185185
HHDX011,phikon,0,x,high,0.05,coordinate,top50_hvg,446,2400,50,0.0050173833570443,0.0045825600797751,-0.0904817843576893,0.5088410377502441,0.360087901353836,0.7193974623202036,0.2969785049950083,0.7100913505959952,0.5035349277955017,0.221250630156182,0.2978425187089226
HHDX011,phikon,0,x,high,0.05,coordinate,top200_hvg,446,2400,200,0.0008809962550003,0.0009227861239181,-0.1052974245340738,0.2931374609470367,0.1490418910980224,0.7047105957981831,0.074244626248752,0.9275205524570428,0.5008825893528974,0.0553126575390455,0.1098457982691809
HHDX011,phikon,0,x,high,0.05,coordinate,marker_hvg_overlap,446,2400,171,0.0012235474147784,0.0016292323140481,-0.1117204550901504,0.2959528863430023,0.1477975249290466,0.7235586251347765,0.0678854746113001,0.93313555131834,0.50051051296482,0.0516546495239898,0.1088004543290976
HHDX011,phikon,0,x,high,0.05,image,top50_hvg,446,2400,50,0.164283804972656,0.144923940761504,-0.1761997307837009,0.4680804312229156,0.34467414021492,0.6902590336053558,0.313824484486985,0.7731618279646288,0.5434931562258069,0.3193283250079444,0.3602938610886775
HHDX011,phikon,0,x,high,0.05,image,top200_hvg,446,2400,200,0.055586993870238,0.0484387939856726,-0.3023163402080536,0.282316505908966,0.1616078913211822,0.6657993545360146,0.0826129693595112,0.9411886501398804,0.5119008097496958,0.0858196997563536,0.1307109140836982
HHDX011,phikon,0,x,high,0.05,image,marker_hvg_overlap,446,2400,171,0.055394218583579,0.0477340588409421,-0.3088538274822527,0.2813684344291687,0.160309612751007,0.6875416315822728,0.0797981851678071,0.9440036446127344,0.5119009148902707,0.0834745880377782,0.1282144655292529
HHDX011,phikon,0,x,high,0.05,spatial_knn,top50_hvg,446,2400,50,0.064995506813284,0.0465333505410842,-0.1027693827242183,0.4850600957870483,0.3424116969108581,0.708558271209328,0.2577870340234177,0.7458462848513383,0.501816659437378,0.2225977703936205,0.3209517303624738
HHDX011,phikon,0,x,high,0.05,spatial_knn,top200_hvg,446,2400,200,0.0220097184947614,0.0152972525177055,-0.1443507806019988,0.2837143838405609,0.1354901641607284,0.6941526653264284,0.0645921073430637,0.9364077112487412,0.5004999092959025,0.0558981988173106,0.113828805676878
HHDX011,phikon,0,x,high,0.05,spatial_knn,marker_hvg_overlap,446,2400,171,0.0238337650394166,0.0161833186312893,-0.1499324308542622,0.284207135438919,0.1351070404052734,0.7138662690006339,0.0618480809025187,0.9391157558355387,0.5004819183690288,0.0546209612501866,0.1116507519718225
HHDX011,phikon,0,x,high,0.1,train_mean,top50_hvg,891,2400,50,-3.205458077459866e-07,,-0.0101898026008325,0.4758428931236267,0.3553203642368316,0.7249039692958331,0.18,0.82,0.5,0.1447975962904332,0.3049083333333333
HHDX011,phikon,0,x,high,0.1,train_mean,top200_hvg,891,2400,200,-6.063950363843773e-08,,-0.0066652388341339,0.2751431763172149,0.1399115622043609,0.7138512073837597,0.045,0.955,0.5,0.0361993990726083,0.1094583333333333
HHDX011,phikon,0,x,high,0.1,train_mean,marker_hvg_overlap,891,2400,171,-1.1835320888893108e-07,,-0.0074071270360747,0.2768012583255768,0.1386397033929824,0.7317854876044773,0.0409356725146198,0.95906432748538,0.5,0.034069881841428,0.1072685185185185
HHDX011,phikon,0,x,high,0.1,coordinate,top50_hvg,891,2400,50,0.0466660354053601,0.0417373628633511,-0.0418850457808002,0.4786849915981293,0.3386310636997223,0.7189702528494492,0.2094599231654788,0.7997200003767042,0.5045899617710914,0.1849939914376043,0.3184421941518207
HHDX011,phikon,0,x,high,0.1,coordinate,top200_hvg,891,2400,200,0.0171714369341498,0.0160181931137757,-0.050082947127812,0.2780417799949646,0.1359205842018127,0.7062481783422222,0.0523649807913697,0.9499300000941762,0.5011474904427728,0.046248497859401,0.1162221662835438
HHDX011,phikon,0,x,high,0.1,coordinate,marker_hvg_overlap,891,2400,171,0.0193077426855465,0.0179021656961063,-0.0510594764331557,0.278953343629837,0.1336884647607803,0.7252193546724717,0.0450675157493407,0.957822492654375,0.5014450042018579,0.0417553702002206,0.1154256560747656
HHDX011,phikon,0,x,high,0.1,image,top50_hvg,891,2400,50,0.1894507678039372,0.1686795864029388,-0.0723163252696394,0.4517698287963867,0.3342421352863312,0.7040117764893834,0.297994670212998,0.8085761611629151,0.5532854156879565,0.3122297430669491,0.3761126226992787
HHDX011,phikon,0,x,high,0.1,image,top200_hvg,891,2400,200,0.0704322809330187,0.0620002994460075,-0.1698515161219984,0.2706437706947326,0.1496626734733581,0.6838660315941688,0.0769654085425357,0.9516891608389606,0.5143272846907482,0.0814100459468383,0.1377710209587782
HHDX011,phikon,0,x,high,0.1,image,marker_hvg_overlap,891,2400,171,0.0709808223386573,0.0615438777943046,-0.1757227624249127,0.2702271044254303,0.1483585983514785,0.7053028036096562,0.0740212025541745,0.9541226432427448,0.5140719228984596,0.0787192011098086,0.13559347997092
HHDX011,phikon,0,x,high,0.1,spatial_knn,top50_hvg,891,2400,50,0.0120158376218751,0.0107640166362764,-0.1190046327072195,0.4951678514480591,0.3438005745410919,0.703602552875451,0.200594449948115,0.8040273835167452,0.5023109167324301,0.1899782861879935,0.3104116842969781
HHDX011,phikon,0,x,high,0.1,spatial_knn,top200_hvg,891,2400,200,0.0044153368698738,0.0033142701891297,-0.1523193631850881,0.2889151573181152,0.1369965523481369,0.6841931380565708,0.0502507759485672,0.9509198545783164,0.5005853152634419,0.0476638888682144,0.1113511256433413
HHDX011,phikon,0,x,high,0.1,spatial_knn,marker_hvg_overlap,891,2400,171,0.0055575878679957,0.0039213867550395,-0.1606853045809099,0.2905716896057129,0.1368385255336761,0.7038656859543154,0.0467570639577653,0.9538390257254212,0.5002980448415933,0.0443988658942758,0.1092464817453624
HHDX011,phikon,0,x,high,0.25,train_mean,top50_hvg,2228,2400,50,8.650379621318577e-07,,-0.0100237774595007,0.4760203957557678,0.3555259108543396,0.7248596582827279,0.18,0.82,0.5,0.1447975962904332,0.3049083333333333
HHDX011,phikon,0,x,high,0.25,train_mean,top200_hvg,2228,2400,200,2.1000208361154907e-07,,-0.0052318983378859,0.2751904129981994,0.1392858177423477,0.7138073350264393,0.045,0.955,0.5,0.0361993990726083,0.1094583333333333
HHDX011,phikon,0,x,high,0.25,train_mean,marker_hvg_overlap,2228,2400,171,1.9472055878103569e-07,,-0.0058098837744209,0.2768726646900177,0.1380525827407837,0.7316778502963184,0.0409356725146198,0.95906432748538,0.5,0.034069881841428,0.1072685185185185
HHDX011,phikon,0,x,high,0.25,coordinate,top50_hvg,2228,2400,50,0.0608840172580676,0.0516622387842503,-0.0383574178069829,0.4777277112007141,0.3557674884796142,0.7229888587981567,0.2482959975067617,0.7643407888163111,0.5063183931615363,0.2063189648158393,0.322421146565971
HHDX011,phikon,0,x,high,0.25,coordinate,top200_hvg,2228,2400,200,0.0211512697612852,0.0191283644032302,-0.0323416058052134,0.2768679559230804,0.1394769251346588,0.7107325506899034,0.0620739993766904,0.9410851972040776,0.501579598290384,0.0515797412039598,0.117162859415954
HHDX011,phikon,0,x,high,0.25,coordinate,marker_hvg_overlap,2228,2400,171,0.0210314865890132,0.0186444236756004,-0.034443812811242,0.2784364521503448,0.1391547620296478,0.7290146429563383,0.057877598706925,0.9456883392868604,0.5017829689968928,0.0495787438610171,0.1149088429718883
HHDX011,phikon,0,x,high,0.25,image,top50_hvg,2228,2400,50,0.231360375881195,0.2043643496480706,0.0340526545606553,0.428769052028656,0.3169433772563934,0.7322188724338659,0.2749127728975508,0.825611326122617,0.5502620495100838,0.2930932396440769,0.3951791334969367
HHDX011,phikon,0,x,high,0.25,image,top200_hvg,2228,2400,200,0.0901546468530432,0.0788787259792266,-0.0500726076797582,0.2571427226066589,0.1346209645271301,0.7140050697791855,0.0712952836130702,0.9562498276108272,0.5137725556119486,0.0761774257081508,0.1449196694209932
HHDX011,phikon,0,x,high,0.25,image,marker_hvg_overlap,2228,2400,171,0.0904293470006376,0.0778735665839581,-0.0519885337388698,0.2564539313316345,0.1333036422729492,0.7330621176489701,0.0690989618365819,0.9579685971822492,0.5135337795094155,0.0743129067946217,0.1423788671170451
HHDX011,phikon,0,x,high,0.25,spatial_knn,top50_hvg,2228,2400,50,0.0298554106557276,0.0224440685766623,-0.1397679508663714,0.497813880443573,0.3554388284683227,0.6967533180738288,0.2356916292317446,0.7737825487573131,0.5047370889945288,0.2221158731451039,0.3156361949181068
HHDX011,phikon,0,x,high,0.25,spatial_knn,top200_hvg,2228,2400,200,0.0079530596127909,0.0057551026968183,-0.1526119211444165,0.2897252738475799,0.1385836601257324,0.6794753464825964,0.0598311450358766,0.9426491551133698,0.5012401500746233,0.0564086770211606,0.1126958169498692
HHDX011,phikon,0,x,high,0.25,spatial_knn,marker_hvg_overlap,2228,2400,171,0.0075560054005902,0.0056989966050331,-0.1563387159135584,0.2913268208503723,0.1394711285829544,0.7003170457438689,0.0589544806403967,0.9433708844573768,0.5011626825488869,0.0569949274228238,0.1104442371458384
HHDX011,phikon,0,x,high,1.0,train_mean,top50_hvg,8912,2400,50,-3.8881988952965683e-07,,-0.0086251411237753,0.4756816029548645,0.3542315065860748,0.7250876500095869,0.18,0.82,0.5,0.1447975962904332,0.3049083333333333
HHDX011,phikon,0,x,high,1.0,train_mean,top200_hvg,8912,2400,200,-1.1830372087295874e-07,,-0.0043196214696001,0.2750072479248047,0.1387629210948944,0.7141314302068481,0.045,0.955,0.5,0.0361993990726083,0.1094583333333333
HHDX011,phikon,0,x,high,1.0,train_mean,marker_hvg_overlap,8912,2400,171,-1.34366718879347e-07,,-0.0048221967483987,0.2766627073287964,0.1374684423208236,0.7320389627393573,0.0409356725146198,0.95906432748538,0.5,0.034069881841428,0.1072685185185185
HHDX011,phikon,0,x,high,1.0,coordinate,top50_hvg,8912,2400,50,0.0584959296351007,0.0506605736672947,-0.018189150491089,0.4779948890209198,0.3454809486865997,0.7234225395583395,0.219900043909285,0.7945789339705694,0.5072394889399272,0.1875333211191376,0.3257401197561799
HHDX011,phikon,0,x,high,1.0,coordinate,top200_hvg,8912,2400,200,0.0200903349019972,0.0167834142088031,-0.0165456708046986,0.2764813005924225,0.1337402015924453,0.7116025687373774,0.0549750109773212,0.9486447334926424,0.5018098722349819,0.0468833302797844,0.1178005686167579
HHDX011,phikon,0,x,high,1.0,coordinate,marker_hvg_overlap,8912,2400,171,0.0199533043538948,0.0163327004296711,-0.0175930305414905,0.2782763540744781,0.1321878731250763,0.7298237979169253,0.0513827498468589,0.952536836283264,0.5019597930650616,0.0447443948158745,0.1154702324694149
HHDX011,phikon,0,x,high,1.0,image,top50_hvg,8912,2400,50,0.2597130569815635,0.2288245232775682,0.0770985801066854,0.4183898866176605,0.3099915981292724,0.7449685494558442,0.2609185301764281,0.8447033843985559,0.552810957287492,0.2766034271301227,0.4070071622327106
HHDX011,phikon,0,x,high,1.0,image,top200_hvg,8912,2400,200,0.1110637872535153,0.0968637227407518,0.0026531665654874,0.2508940100669861,0.1274612993001938,0.7281362826215202,0.0672909306210301,0.9610774253541962,0.5141841779876132,0.0715910807534749,0.1527842236065152
HHDX011,phikon,0,x,high,1.0,image,marker_hvg_overlap,8912,2400,171,0.1109915290539131,0.0951434648265944,0.0013502537960597,0.249985009431839,0.125895693898201,0.7462408608176584,0.0645405479510599,0.9632736422354804,0.5139070950932701,0.0695796042643593,0.1501556568934211
HHDX011,phikon,0,x,high,1.0,spatial_knn,top50_hvg,8912,2400,50,-0.0024943807069212,-0.0057187004503245,-0.2196212741732597,0.5314375758171082,0.3580845892429352,0.6744344391435938,0.2346985735132317,0.762340697732717,0.4985196356229743,0.2249108682401323,0.3070724927055227
HHDX011,phikon,0,x,high,1.0,spatial_knn,top200_hvg,8912,2400,200,-0.0029768512902766,-0.0033581730233272,-0.154898145836778,0.3038350343704223,0.1368006616830825,0.664236575295201,0.0595252839848499,0.939959337109851,0.4997423105473505,0.0575312938222408,0.1103314511861858
HHDX011,phikon,0,x,high,1.0,spatial_knn,marker_hvg_overlap,8912,2400,171,-0.0032251914429744,-0.0032416879968506,-0.158641860754997,0.3069269955158233,0.1366091519594192,0.6844200578668774,0.0596367308877473,0.9397893969429636,0.4997130639153556,0.0575401109699126,0.1081626447882004
HHDX011,phikon,1,y,high,0.05,train_mean,top50_hvg,447,2400,50,2.917890419951164e-07,,-0.1031420266321219,0.5923330187797546,0.4066446423530578,0.444589274109274,0.18,0.82,0.5,0.1210999915740229,0.2861083333333333
HHDX011,phikon,1,y,high,0.05,train_mean,top200_hvg,447,2400,200,6.333692379110682e-08,,-0.035399383910194,0.3430512249469757,0.1587852537631988,0.4750922027758153,0.045,0.955,0.5,0.0302749978935057,0.1162083333333333
HHDX011,phikon,1,y,high,0.05,train_mean,marker_hvg_overlap,447,2400,170,6.175761444644136e-08,,-0.0373151930191852,0.3523688614368438,0.1602640300989151,0.48577642211063,0.0411764705882352,0.9588235294117649,0.5,0.0281657714983354,0.1163480392156862
HHDX011,phikon,1,y,high,0.05,coordinate,top50_hvg,447,2400,50,-0.0371863234008196,-0.0385819468481245,-0.2305924167437479,0.6473962068557739,0.4272196888923645,0.4270328235350895,0.3040351418608261,0.6929630053312741,0.4984990735960501,0.1808856283814444,0.2720791559875615
HHDX011,phikon,1,y,high,0.05,coordinate,top200_hvg,447,2400,200,-0.014604853435733,-0.0151759361608337,-0.104762513172609,0.3690041601657867,0.1689120531082153,0.4585074982780794,0.0763121562517233,0.922522081256092,0.4994171187539078,0.0455799728324128,0.1141969163103254
HHDX011,phikon,1,y,high,0.05,coordinate,marker_hvg_overlap,447,2400,170,-0.0144518714249354,-0.0144957811611029,-0.1028449141155065,0.3796437978744507,0.1682033389806747,0.468854973517952,0.0601837761539035,0.9388812486232536,0.4995325123885786,0.0387538405445188,0.1144761839918314
HHDX011,phikon,1,y,high,0.05,image,top50_hvg,447,2400,50,0.1793930704658851,0.1707954782976041,-0.2122390047926455,0.5175051093101501,0.3774082064628601,0.4379914751966139,0.3079569842275498,0.7895414819516801,0.5487492330896149,0.3013275373265746,0.3656000643729129
HHDX011,phikon,1,y,high,0.05,image,top200_hvg,447,2400,200,0.060400993160388,0.0566483370116321,-0.2647580419434234,0.3208840787410736,0.1821950823068618,0.441327460440978,0.0810023403933076,0.9447606171908172,0.5128814787920625,0.0817344356121965,0.1437437314427447
HHDX011,phikon,1,y,high,0.05,image,marker_hvg_overlap,447,2400,170,0.0615400764781199,0.057348440845777,-0.251393309402663,0.322867602109909,0.1830246597528457,0.4590758147075359,0.0827200466628761,0.9421836492743806,0.5124518479686284,0.081885666096338,0.1434513333255518
HHDX011,phikon,1,y,high,0.05,spatial_knn,top50_hvg,447,2400,50,0.0086318272362404,0.0054138997696093,-0.2599032650142908,0.6442622542381287,0.4197500348091125,0.4316862243480693,0.263755861971795,0.739244650556278,0.5015002562640366,0.2059737881847706,0.291481389172034
HHDX011,phikon,1,y,high,0.05,spatial_knn,top200_hvg,447,2400,200,0.0103461512704831,0.0084923248077647,-0.1406043062801472,0.3687854409217834,0.1628346145153045,0.4588818615208891,0.0673418918435721,0.9335248453731656,0.5004333686083688,0.0530472512072257,0.1195715095171505
HHDX011,phikon,1,y,high,0.05,spatial_knn,marker_hvg_overlap,447,2400,170,0.0085604479456045,0.0067370701865353,-0.1416572554886122,0.3789474070072174,0.1634383797645568,0.4707103501067359,0.0584693467410254,0.9419835405569412,0.5002264436489833,0.0479649889511714,0.1190910490974265
HHDX011,phikon,1,y,high,0.1,train_mean,top50_hvg,895,2400,50,-4.329276734293272e-07,,-0.1059438497707015,0.5952413082122803,0.4093342423439026,0.4455920243536445,0.2,0.8,0.5,0.1303110242873007,0.2861083333333333
HHDX011,phikon,1,y,high,0.1,train_mean,top200_hvg,895,2400,200,-9.580631096346393e-08,,-0.0348860207257621,0.3442979753017425,0.1593353897333145,0.4759271846006722,0.05,0.95,0.5,0.0325777560718251,0.1162083333333333
HHDX011,phikon,1,y,high,0.1,train_mean,marker_hvg_overlap,895,2400,170,-3.0154404711639035e-08,,-0.0376609854383787,0.3539723455905914,0.1610835045576095,0.4861751829817795,0.0470588235294117,0.9529411764705882,0.5,0.0308748987669466,0.1163480392156862
HHDX011,phikon,1,y,high,0.1,coordinate,top50_hvg,895,2400,50,-0.1166933863330632,-0.1171231566198331,-0.2774458093888824,0.6619228720664978,0.4547191262245178,0.4395614900785765,0.3052187303975123,0.6800672549525675,0.4926429926750398,0.1866744167002055,0.2485485115833999
HHDX011,phikon,1,y,high,0.1,coordinate,top200_hvg,895,2400,200,-0.0381757911934105,-0.0387454877258345,-0.1031877174512192,0.3746144473552704,0.1790252476930618,0.4725506358405653,0.0763271545094904,0.919876148776505,0.4981016516429977,0.0467084448125015,0.107755794899655
HHDX011,phikon,1,y,high,0.1,coordinate,marker_hvg_overlap,895,2400,170,-0.0341231262868617,-0.0348569820898588,-0.09720227661772,0.3830352127552032,0.1787118911743164,0.4822848656869537,0.0681322752811702,0.9305063472348676,0.4993193112580189,0.0426011542546234,0.1090550067783456
HHDX011,phikon,1,y,high,0.1,image,top50_hvg,895,2400,50,0.2081045046192594,0.1973403656445457,-0.0590909200627356,0.4877122342586517,0.3507561981678009,0.4898109149234884,0.3030531269664762,0.823269346289402,0.563161236627939,0.3093473341393437,0.3844703270499621
HHDX011,phikon,1,y,high,0.1,image,top200_hvg,895,2400,200,0.0753727539006068,0.0720536890586334,-0.1359725068113766,0.3045119941234588,0.1661817580461502,0.4839138329088469,0.076894526627546,0.9551093640135608,0.5160019453205535,0.0792421649539794,0.1493884134755853
HHDX011,phikon,1,y,high,0.1,image,marker_hvg_overlap,895,2400,170,0.0770524757757187,0.0731712775371222,-0.1280436219757094,0.3063036799430847,0.1664575636386871,0.4967004269158668,0.0745836223812108,0.957131842223052,0.5158577323021314,0.0768440715180545,0.1495561467282262
HHDX011,phikon,1,y,high,0.1,spatial_knn,top50_hvg,895,2400,50,0.006905203894712,0.0054730459341094,-0.2410999921709299,0.6321285367012024,0.4255121052265167,0.4344203215009374,0.2722658041919016,0.730240333722252,0.5012530689570768,0.2213708497410783,0.2915033245517599
HHDX011,phikon,1,y,high,0.1,spatial_knn,top200_hvg,895,2400,200,0.0011426969226256,0.0002291199369157,-0.1425966131803579,0.3641272783279419,0.1652020066976547,0.4618349454890341,0.0691949787672706,0.931192399453983,0.5001936891106269,0.0567783829837725,0.1181777501782816
HHDX011,phikon,1,y,high,0.1,spatial_knn,marker_hvg_overlap,895,2400,170,0.001008628582562,0.0002276307327868,-0.1401560923933763,0.3729073107242584,0.165858507156372,0.4745303789672827,0.0632109721404508,0.9379972014832096,0.5006040868118302,0.0525719556107949,0.1183318841289958
HHDX011,phikon,1,y,high,0.25,train_mean,top50_hvg,2237,2400,50,-4.08612421196608e-07,,-0.0916673749608162,0.5874961614608765,0.4034759104251861,0.4474776723713197,0.18,0.82,0.5,0.1210999915740229,0.2861083333333333
HHDX011,phikon,1,y,high,0.25,train_mean,top200_hvg,2237,2400,200,-1.355088770027546e-07,,-0.0305491050888213,0.340872049331665,0.1575439274311065,0.4770860140124994,0.045,0.955,0.5,0.0302749978935057,0.1162083333333333
HHDX011,phikon,1,y,high,0.25,train_mean,marker_hvg_overlap,2237,2400,170,-1.3559346661290765e-07,,-0.0326855279363585,0.3500197529792785,0.1593561470508575,0.4875561168140338,0.0411764705882352,0.9588235294117649,0.5,0.0281657714983354,0.1163480392156862
HHDX011,phikon,1,y,high,0.25,coordinate,top50_hvg,2237,2400,50,-0.099160010414198,-0.1017353016318107,-0.2080599275231361,0.643487811088562,0.4346476793289184,0.4390976552335685,0.2652853485427753,0.7191184164853689,0.4922018825140721,0.1685387993124602,0.2521406243314902
HHDX011,phikon,1,y,high,0.25,coordinate,top200_hvg,2237,2400,200,-0.0289257272879331,-0.0296190987162604,-0.1090043373042863,0.3665270805358886,0.1731866151094436,0.4690856702484677,0.06633257309075,0.9296568419730046,0.4979947075318773,0.0421549427430948,0.109810412391024
HHDX011,phikon,1,y,high,0.25,coordinate,marker_hvg_overlap,2237,2400,170,-0.0287148393593858,-0.0290520377621859,-0.0965882835622966,0.376873254776001,0.1727844625711441,0.4790242601357599,0.0552606072626617,0.941176900102064,0.4982187536823629,0.0372518441839456,0.1102481868974701
HHDX011,phikon,1,y,high,0.25,image,top50_hvg,2237,2400,50,0.2367740168329328,0.2281388239371027,0.0231381091289222,0.4680013060569763,0.3343951106071472,0.5163740359959952,0.2764888954397504,0.8488722170244136,0.562680556232082,0.2827817087504959,0.4006368236563591
HHDX011,phikon,1,y,high,0.25,image,top200_hvg,2237,2400,200,0.0971724756292314,0.0925894933084476,-0.0735198117907566,0.2927759289741516,0.1531782299280166,0.5162140673843729,0.0703944711399205,0.9618873619748328,0.5161409165573767,0.071662200315,0.1587509835122659
HHDX011,phikon,1,y,high,0.25,image,marker_hvg_overlap,2237,2400,170,0.0993712618711202,0.0943046442823179,-0.0593066679640768,0.2955765426158905,0.1544876247644424,0.5259864232071665,0.0690031972193668,0.962114823222738,0.5155590102210523,0.0698009545930485,0.15838866837757
HHDX011,phikon,1,y,high,0.25,spatial_knn,top50_hvg,2237,2400,50,-0.0042111286474391,-0.0081317509455022,-0.2240700984001159,0.6346858143806458,0.4173030853271484,0.4330542017596416,0.2547274211400669,0.7448085133046699,0.4997679672223684,0.2175118155854843,0.2866951197971004
HHDX011,phikon,1,y,high,0.25,spatial_knn,top200_hvg,2237,2400,200,-0.002618167044954,-0.0028937565401104,-0.2339968529203906,0.3661408722400665,0.162177175283432,0.4576689576274232,0.0658961612102456,0.9345628146706058,0.5002294879404258,0.0561873668283712,0.1168871027480463
HHDX011,phikon,1,y,high,0.25,spatial_knn,marker_hvg_overlap,2237,2400,170,-0.0020997285753,-0.0023339391952584,-0.1979232365210705,0.3758132457733154,0.1632247120141983,0.4693472385651587,0.0619513015379019,0.9388727586070325,0.5004120300724673,0.0529534896205943,0.117001400943925
HHDX011,phikon,1,y,high,1.0,train_mean,top50_hvg,8948,2400,50,8.572514751037375e-07,,-0.0970968907089172,0.5906395316123962,0.4066059291362762,0.4468192111681907,0.18,0.82,0.5,0.1210999915740229,0.2861083333333333
HHDX011,phikon,1,y,high,1.0,train_mean,top200_hvg,8948,2400,200,2.446010019829803e-07,,-0.0315593595694167,0.3421954810619354,0.1587889343500137,0.4769829120017035,0.045,0.955,0.5,0.0302749978935057,0.1162083333333333
HHDX011,phikon,1,y,high,1.0,train_mean,marker_hvg_overlap,8948,2400,170,2.707534308610913e-07,,-0.0337256107205682,0.3514973819255829,0.1605189442634582,0.4874114817938362,0.0411764705882352,0.9588235294117649,0.5,0.0281657714983354,0.1163480392156862
HHDX011,phikon,1,y,high,1.0,coordinate,top50_hvg,8948,2400,50,-0.1260577988997101,-0.1268514065001241,-0.2903115339763462,0.6641568541526794,0.4601915180683136,0.436291524281988,0.3254025275842812,0.6615821576299317,0.4934923426071064,0.1952265590325032,0.2456612483636228
HHDX011,phikon,1,y,high,1.0,coordinate,top200_hvg,8948,2400,200,-0.0397021415020572,-0.039836914581445,-0.1090462879607093,0.375174731016159,0.184133768081665,0.4707717713355716,0.0813506318960703,0.9153597337808844,0.4983551828384774,0.0488066397581258,0.1066350370151803
HHDX011,phikon,1,y,high,1.0,coordinate,marker_hvg_overlap,8948,2400,170,-0.0379134409102227,-0.0377418570158353,-0.1001274923005279,0.385698914527893,0.1842126846313476,0.4800248205580657,0.0712558816069998,0.9259122384814946,0.4985840600442473,0.0442250937915705,0.1072924504777891
HHDX011,phikon,1,y,high,1.0,image,top50_hvg,8948,2400,50,0.2868126258347183,0.2736670584317648,0.0713148350315168,0.4576819539070129,0.3267131745815277,0.53284823878908,0.2742714630579812,0.8651435188641261,0.5697074909610537,0.2808940006775907,0.429092968965661
HHDX011,phikon,1,y,high,1.0,image,top200_hvg,8948,2400,200,0.1309925796586321,0.1246643618513644,-0.0150080422461905,0.2862877547740936,0.145231008529663,0.5330739477112301,0.0695909877405584,0.9659418421320284,0.5177664149362935,0.071263995569119,0.1737755821703097
HHDX011,phikon,1,y,high,1.0,image,marker_hvg_overlap,8948,2400,170,0.1309784892432884,0.123805573255264,-0.0022688579887685,0.2890009582042694,0.1470179259777069,0.5409620980143652,0.0682279112919509,0.9664806667391777,0.5173542890155642,0.069839687051088,0.1727635722118572
HHDX011,phikon,1,y,high,1.0,spatial_knn,top50_hvg,8948,2400,50,0.0012420580186881,-0.001566619523266,-0.2938928591459989,0.6431277990341187,0.4238843023777008,0.4222413635250928,0.2757193622174043,0.7286529662056916,0.5021861642115479,0.2360756377360723,0.2876955172440219
HHDX011,phikon,1,y,high,1.0,spatial_knn,top200_hvg,8948,2400,200,-0.0001148162119352,-0.0002169655699945,-0.3813824358209967,0.3713981807231903,0.1672087460756302,0.4483592298232763,0.0712930144258006,0.9296908728004512,0.5004919436131259,0.0620286205594517,0.11745100636419
HHDX011,phikon,1,y,high,1.0,spatial_knn,marker_hvg_overlap,8948,2400,170,0.0007477108716985,0.0002809488882712,-0.2885857653749339,0.3789353370666504,0.1677907109260559,0.4616163953182277,0.0660904607132023,0.9350585932870488,0.5005745270001256,0.0585760235607918,0.117586198481293
HHDX011,phikon,2,x,low,0.05,train_mean,top50_hvg,446,2400,50,-1.0633497457490649e-06,,-0.0090096182149272,0.5014491677284241,0.3646308481693268,0.6752747853066391,0.18,0.82,0.5,0.1451177623665971,0.3205916666666667
HHDX011,phikon,2,x,low,0.05,train_mean,top200_hvg,446,2400,200,-2.5904257448639e-07,,-0.004847139591109,0.2950272560119629,0.1443876773118972,0.6807492775014786,0.045,0.955,0.5,0.0362794405916492,0.11976875
HHDX011,phikon,2,x,low,0.05,train_mean,marker_hvg_overlap,446,2400,169,-3.0231914833729705e-07,,-0.0048632435176193,0.2990195751190185,0.1446032673120498,0.6965126451731097,0.0414201183431952,0.9585798816568049,0.5,0.0343864848350801,0.1190532544378698
HHDX011,phikon,2,x,low,0.05,coordinate,top50_hvg,446,2400,50,0.1067652428848669,0.0875791559508093,-0.0011309848877135,0.491321861743927,0.3723190724849701,0.6828677661666673,0.2426335997935579,0.7748560621146029,0.5087448309540804,0.1988716006043639,0.3561349972630874
HHDX011,phikon,2,x,low,0.05,coordinate,top200_hvg,446,2400,200,0.0495228508986474,0.0405623513180835,-0.020755136785865,0.2915222644805908,0.1526990830898285,0.6844564306508012,0.0606583999483894,0.9437140155286506,0.5021862077385201,0.0497179001510909,0.1415432470902062
HHDX011,phikon,2,x,low,0.05,coordinate,marker_hvg_overlap,446,2400,169,0.0493143692787615,0.0390299569013565,-0.0207551187043587,0.2949674427509308,0.1532875746488571,0.6996590212358084,0.0599633410388771,0.9451817638194512,0.5025725524291641,0.0502877956747806,0.1410909760984464
HHDX011,phikon,2,x,low,0.05,image,top50_hvg,446,2400,50,0.1893901583366096,0.1693845591325989,-0.1016512207686901,0.4776985645294189,0.3596394062042236,0.6707538118418597,0.373099004972707,0.7460938531761908,0.5595964290744491,0.370310161495634,0.3943556042126601
HHDX011,phikon,2,x,low,0.05,image,top200_hvg,446,2400,200,0.0771416761411819,0.0662564278505495,-0.1936011767946183,0.2930692136287689,0.1690215319395065,0.6590711429674411,0.1005460500460027,0.9343008341554256,0.5174234421007142,0.1020738237574697,0.1534246479231707
HHDX011,phikon,2,x,low,0.05,image,marker_hvg_overlap,446,2400,169,0.079051986586071,0.0668650624028764,-0.1854365954296828,0.2935497760772705,0.1681976318359375,0.6790069606283698,0.0988235518806169,0.9368956901569736,0.5178596210187952,0.100503321915563,0.1532093313697449
HHDX011,phikon,2,x,low,0.05,spatial_knn,top50_hvg,446,2400,50,0.0562143268482759,0.0461059650051805,-0.1102571299485862,0.516560435295105,0.3835023939609527,0.6617501967570327,0.3475381846538116,0.6768124111720948,0.5121752979129532,0.2933254598252104,0.3395032819217329
HHDX011,phikon,2,x,low,0.05,spatial_knn,top200_hvg,446,2400,200,0.0215338006699987,0.0173842660513296,-0.1268864088482223,0.3068994581699371,0.1569630205631256,0.6632550321843398,0.0883063166215074,0.917435703682254,0.5028710101518807,0.0744249326405992,0.1256495702360344
HHDX011,phikon,2,x,low,0.05,spatial_knn,marker_hvg_overlap,446,2400,169,0.0224339268748245,0.0176683108456229,-0.1242972215880039,0.3105312287807464,0.157287985086441,0.680940002545946,0.0898091531369916,0.9159435986085304,0.502876375872761,0.0743080827585905,0.1248555368664821
HHDX011,phikon,2,x,low,0.1,train_mean,top50_hvg,893,2400,50,-4.667452340711975e-07,,-0.0032552717557564,0.5002036690711975,0.3661065697669983,0.6761416054286095,0.18,0.82,0.5,0.1451177623665971,0.3205916666666667
HHDX011,phikon,2,x,low,0.1,train_mean,top200_hvg,893,2400,200,-8.739546433763486e-08,,-0.0027746046592562,0.2944451570510864,0.145480141043663,0.6815066571857581,0.045,0.955,0.5,0.0362794405916492,0.11976875
HHDX011,phikon,2,x,low,0.1,train_mean,marker_hvg_overlap,893,2400,169,-1.7683672401612294e-07,,-0.002779609145053,0.2984665036201477,0.1460421830415725,0.6971776944652326,0.0414201183431952,0.9585798816568049,0.5,0.0343864848350801,0.1190532544378698
HHDX011,phikon,2,x,low,0.1,coordinate,top50_hvg,893,2400,50,0.1309780823905021,0.102809178002748,0.0091911082732258,0.4866219758987427,0.3593497574329376,0.6851945894677677,0.252608315846896,0.7733621150188946,0.5129852154328954,0.2090525182789366,0.3617436049695929
HHDX011,phikon,2,x,low,0.1,coordinate,top200_hvg,893,2400,200,0.0664299356335686,0.0535519629998774,-0.0123501624281016,0.2891892492771148,0.146076500415802,0.6873858523867117,0.063152078961724,0.9433405287547236,0.5032463038582238,0.0522631295697341,0.1465928499727487
HHDX011,phikon,2,x,low,0.1,coordinate,marker_hvg_overlap,893,2400,169,0.0683534845738904,0.0539071851009581,-0.012866552862384,0.2925802171230316,0.147098496556282,0.7028311229054209,0.0636057517582332,0.9437993974146798,0.5037025745864566,0.0534301797308664,0.1468298543806298
HHDX011,phikon,2,x,low,0.1,image,top50_hvg,893,2400,50,0.2204108805023134,0.1943150017510051,0.0037233181626652,0.4535030722618103,0.3362618088722229,0.6975081682614594,0.3511513243169888,0.7752384000168009,0.5631948621668948,0.3516818177221961,0.4082508876836289
HHDX011,phikon,2,x,low,0.1,image,top200_hvg,893,2400,200,0.0952950774896453,0.0805321391614011,-0.1218432758717244,0.2789982855319977,0.1536566764116287,0.6868595501797973,0.0909299648891314,0.943131478219446,0.5170307215542888,0.0931879002301901,0.1612803734126343
HHDX011,phikon,2,x,low,0.1,image,marker_hvg_overlap,893,2400,169,0.0986231787567827,0.0821481015927988,-0.1053686922478259,0.2799965143203735,0.153750479221344,0.703737323807242,0.0906101458452726,0.9441017008316188,0.5173559233384457,0.0928679683909333,0.1616562345128686
HHDX011,phikon,2,x,low,0.1,spatial_knn,top50_hvg,893,2400,50,0.1075506338686682,0.0935229096951901,-0.0726823186990805,0.5040416121482849,0.3623005151748657,0.6716565058150931,0.3061468127919401,0.7321373213223468,0.5191420670571435,0.2796093578198046,0.3545088702060741
HHDX011,phikon,2,x,low,0.1,spatial_knn,top200_hvg,893,2400,200,0.0476088440509989,0.0426305339188472,-0.1084108596405712,0.3001917600631714,0.1466151922941208,0.6701930834743325,0.0775516604629423,0.9323642507569264,0.5049579556099343,0.071040515211902,0.1334279445872976
HHDX011,phikon,2,x,low,0.1,spatial_knn,marker_hvg_overlap,893,2400,169,0.0481841989731529,0.0423430234951631,-0.1118645223970773,0.3030853867530823,0.1474680304527282,0.6873467734183456,0.0774349312213977,0.9334781722351276,0.5054565517282626,0.070683918396649,0.1335562058583901
HHDX011,phikon,2,x,low,0.25,train_mean,top50_hvg,2232,2400,50,9.683686316819265e-07,,-0.0041577308224987,0.5003527998924255,0.3654287457466125,0.6756960703631921,0.18,0.82,0.5,0.1451177623665971,0.3205916666666667
HHDX011,phikon,2,x,low,0.25,train_mean,top200_hvg,2232,2400,200,2.7298917801621416e-07,,-0.0028510957535729,0.2945187091827392,0.1446079760789871,0.6812647020868584,0.045,0.955,0.5,0.0362794405916492,0.11976875
HHDX011,phikon,2,x,low,0.25,train_mean,marker_hvg_overlap,2232,2400,169,3.1044347405965724e-07,,-0.0028889216486258,0.2985590398311615,0.1451173573732376,0.6969654196534733,0.0414201183431952,0.9585798816568049,0.5,0.0343864848350801,0.1190532544378698
HHDX011,phikon,2,x,low,0.25,coordinate,top50_hvg,2232,2400,50,0.1213915012637153,0.0970168345084106,-0.0004568527423543,0.4933434128761291,0.3591283559799194,0.6863691905101162,0.2388332088616964,0.7846593495559943,0.5117462792088453,0.1982256284900812,0.3613082237567795
HHDX011,phikon,2,x,low,0.25,coordinate,top200_hvg,2232,2400,200,0.0666891007029335,0.0534002474882693,-0.0064237935857568,0.2915209531784057,0.1466367989778518,0.6890402797000328,0.0597083022154241,0.9461648373889986,0.5029365698022112,0.0495564071225203,0.1437718108898697
HHDX011,phikon,2,x,low,0.25,coordinate,marker_hvg_overlap,2232,2400,169,0.0679757107106401,0.0539152608290157,-0.0065794846660758,0.2952070832252502,0.1474125981330871,0.7043185381344665,0.0590997696823231,0.9475899189600832,0.5033448443212033,0.0499701437111091,0.1436128501173914
HHDX011,phikon,2,x,low,0.25,image,top50_hvg,2232,2400,50,0.2668562211841345,0.2330100977546113,0.0801744930748827,0.4354149401187897,0.3228307068347931,0.7220080867438324,0.3174421061210675,0.8218479181997279,0.5696450121603978,0.332628730716749,0.4315100585584968
HHDX011,phikon,2,x,low,0.25,image,top200_hvg,2232,2400,200,0.1210477863004416,0.1005260441572509,-0.0274392573436489,0.2680813074111938,0.1413147449493408,0.7117009012409835,0.0833737603903981,0.9553109410006376,0.5193423506955178,0.0877032476255196,0.1728151992216796
HHDX011,phikon,2,x,low,0.25,image,marker_hvg_overlap,2232,2400,169,0.1257594318729109,0.1022749998878752,-0.0156784007489714,0.2685412764549255,0.1410760432481765,0.7285815252372171,0.0832959943043356,0.9567309232077852,0.5200134587560605,0.087929884488035,0.1739865458869406
HHDX011,phikon,2,x,low,0.25,spatial_knn,top50_hvg,2232,2400,50,0.093325748774223,0.0820449329309119,-0.0731577627221122,0.5025745630264282,0.3606140613555908,0.665922115015516,0.2954029660304565,0.7422304431272715,0.5188167045788641,0.2816024103351491,0.3540432341760355
HHDX011,phikon,2,x,low,0.25,spatial_knn,top200_hvg,2232,2400,200,0.0424218201112514,0.0379117526177073,-0.0950675113650504,0.2999651432037353,0.1462919265031814,0.6654865309536884,0.077996891841266,0.9328485269051718,0.505422709373219,0.0741666418729458,0.1313308231983763
HHDX011,phikon,2,x,low,0.25,spatial_knn,marker_hvg_overlap,2232,2400,169,0.0469476100480393,0.0417752121594609,-0.0944502721278867,0.3033765852451324,0.1463645845651626,0.6832281954576683,0.0737627556837165,0.9364027222308854,0.5050827389573009,0.0711318431674647,0.1310688816950218
HHDX011,phikon,2,x,low,1.0,train_mean,top50_hvg,8928,2400,50,4.789204770005995e-07,,-0.0036363007060663,0.5002087354660034,0.3657086491584778,0.675844819213744,0.18,0.82,0.5,0.1451177623665971,0.3205916666666667
HHDX011,phikon,2,x,low,1.0,train_mean,top200_hvg,8928,2400,200,1.4908847161709818e-07,,-0.002788907881229,0.294443815946579,0.1448932737112045,0.6814093172600026,0.045,0.955,0.5,0.0362794405916492,0.11976875
HHDX011,phikon,2,x,low,1.0,train_mean,marker_hvg_overlap,8928,2400,169,4.778050706699349e-08,,-0.0028239467925667,0.2984852790832519,0.1452580392360687,0.6970887978509673,0.0414201183431952,0.9585798816568049,0.5,0.0343864848350801,0.1190532544378698
HHDX011,phikon,2,x,low,1.0,coordinate,top50_hvg,8928,2400,50,0.1112778025597799,0.0967228776628053,0.0025135836191475,0.4982796013355255,0.3636364936828613,0.6867796448535227,0.2209611313211436,0.8026680520532133,0.5118145916871785,0.1920774356701179,0.3616365410792118
HHDX011,phikon,2,x,low,1.0,coordinate,top200_hvg,8928,2400,200,0.0700847502668335,0.0586500054287466,-0.0184796878530295,0.2934841215610504,0.1497894376516342,0.6895934644606314,0.0552402828302859,0.9506670130133034,0.5029536479217946,0.0480193589175294,0.146530952520011
HHDX011,phikon,2,x,low,1.0,coordinate,marker_hvg_overlap,8928,2400,169,0.0732839304379321,0.0605647032964675,-0.0140249978539261,0.297495037317276,0.150320678949356,0.7048842791228526,0.0564501375491403,0.950019172223382,0.5032346548862611,0.0490735370876621,0.1465722091605552
HHDX011,phikon,2,x,low,1.0,image,top50_hvg,8928,2400,50,0.3006202347576618,0.2622667252113119,0.1183749810513108,0.4259851574897766,0.3167925775051117,0.7355116077789959,0.3052114069581595,0.8350936351406741,0.5701525210494168,0.3183331943530927,0.449809188692524
HHDX011,phikon,2,x,low,1.0,image,top200_hvg,8928,2400,200,0.1516494766017422,0.1250115948240791,-0.0244899733859347,0.2627202570438385,0.1357529312372207,0.7252268835409389,0.0802364937801088,0.9585550817495538,0.5193957877648313,0.0840168444680158,0.1865441815693716
HHDX011,phikon,2,x,low,1.0,image,marker_hvg_overlap,8928,2400,169,0.1556617779844611,0.1256195923740228,-0.0051526430906099,0.2631807327270508,0.1352225244045257,0.7411145425424911,0.0793619910876543,0.960616775317413,0.5199893832025337,0.0838855601636436,0.1871621127518468
HHDX011,phikon,2,x,low,1.0,spatial_knn,top50_hvg,8928,2400,50,0.0938122547950479,0.0799413398853849,-0.0944550481438636,0.5115945935249329,0.356235146522522,0.6660339061911024,0.2754869440933551,0.7770490557726424,0.5262679999329988,0.2764967434512616,0.3492968812328026
HHDX011,phikon,2,x,low,1.0,spatial_knn,top200_hvg,8928,2400,200,0.0326084756901415,0.0282360107865228,-0.0943015967891551,0.3030296862125397,0.1410185247659683,0.6636763330622246,0.0702412320542315,0.9438013749561796,0.5070213035052056,0.0704784600373226,0.1313734246331249
HHDX011,phikon,2,x,low,1.0,spatial_knn,marker_hvg_overlap,8928,2400,169,0.0308309376234102,0.0258655092193157,-0.0913904683785678,0.3060232102870941,0.1408229619264602,0.6821686105943627,0.0693599204442752,0.9441457898107156,0.5067528551274956,0.0688249383924528,0.1305169681885483
HHDX011,phikon,3,y,low,0.05,train_mean,top50_hvg,445,2400,50,-3.417637288549713e-07,,-0.0455882755004131,0.5023159980773926,0.3671377897262573,0.7298360149264519,0.18,0.82,0.5,0.1506107620366943,0.3331083333333333
HHDX011,phikon,3,y,low,0.05,train_mean,top200_hvg,445,2400,200,-6.861636379085211e-08,,-0.0164639784195546,0.2928338944911957,0.1450312882661819,0.7237533500909099,0.045,0.955,0.5,0.0376526905091735,0.1226208333333333
HHDX011,phikon,3,y,low,0.05,train_mean,marker_hvg_overlap,445,2400,170,-1.028002441342203e-09,,-0.0125825890830753,0.2980479896068573,0.1452671140432357,0.7423398447628458,0.0411764705882352,0.9588235294117649,0.5,0.0358770913943442,0.1230294117647059
HHDX011,phikon,3,y,low,0.05,coordinate,top50_hvg,445,2400,50,0.0017262610455509,0.0033506808476284,-0.0516360656538745,0.5033178329467773,0.3512714505195617,0.7294433373963348,0.1729321025090316,0.8284618797170299,0.5006969911130308,0.1536019478879272,0.3308908934821721
HHDX011,phikon,3,y,low,0.05,coordinate,top200_hvg,445,2400,200,-0.0005788320425199,0.0001147773015133,-0.0481087371891044,0.294479489326477,0.1372098922729492,0.7196522500846906,0.0432330256272579,0.9571154699292574,0.5001742477782577,0.0384004869719818,0.1232269243533336
HHDX011,phikon,3,y,low,0.05,coordinate,marker_hvg_overlap,445,2400,170,-0.001577967573779,-0.0009678821772895,-0.043486426328908,0.2995008826255798,0.1374575048685073,0.738083305964698,0.0429044251329337,0.9575119210007128,0.5002081730668232,0.0384194031506423,0.1234796080533783
HHDX011,phikon,3,y,low,0.05,image,top50_hvg,445,2400,50,0.1395889660576358,0.1239731118350465,-0.3647141660749912,0.5038788318634033,0.3780951499938965,0.6937902268578315,0.3597413953136818,0.7085322892077319,0.5341368422607069,0.3475887448670341,0.3771644787231924
HHDX011,phikon,3,y,low,0.05,image,top200_hvg,445,2400,200,0.049356365419735,0.043041282992033,-0.4582581642270088,0.3057331144809723,0.1804450303316116,0.6708973590145044,0.0944902185983942,0.9235802873096036,0.509035252953999,0.0941222190190354,0.1399132956927154
HHDX011,phikon,3,y,low,0.05,image,marker_hvg_overlap,445,2400,170,0.050844226209772,0.0439401005279542,-0.403045508440803,0.3079318106174469,0.1804072260856628,0.6938528480756929,0.0930803871138668,0.9250015708324422,0.5090409789731545,0.0942034842918001,0.1402550829712671
HHDX011,phikon,3,y,low,0.05,spatial_knn,top50_hvg,445,2400,50,0.012573859438167,0.0079912118983905,-0.1187780186440795,0.514644980430603,0.3539130985736847,0.7167803107873595,0.2212058918792782,0.7837134250853274,0.5024596584823029,0.2217674798987476,0.3381044546015568
HHDX011,phikon,3,y,low,0.05,spatial_knn,top200_hvg,445,2400,200,0.0019624847611893,0.0009175231904014,-0.1085467745398637,0.3015282452106476,0.1377627551555633,0.7053663320346129,0.0553014729698195,0.9459142738310276,0.5006078734004237,0.0554418699746869,0.1241137707785022
HHDX011,phikon,3,y,low,0.05,spatial_knn,marker_hvg_overlap,445,2400,170,0.001348767647775,3.723607606733781e-05,-0.0997866959954776,0.3063461780548095,0.1377107501029968,0.7253280770330062,0.0530599257347417,0.9474671737054468,0.5002635497200943,0.0533333818428351,0.1242249660154731
HHDX011,phikon,3,y,low,0.1,train_mean,top50_hvg,890,2400,50,-3.3265303882146215e-07,,-0.038419615353323,0.5029419660568237,0.3674574196338653,0.7294628240391978,0.18,0.82,0.5,0.1506107620366943,0.3331083333333333
HHDX011,phikon,3,y,low,0.1,train_mean,top200_hvg,890,2400,200,-6.674416661051064e-08,,-0.0126664204947246,0.2930936813354492,0.144331693649292,0.7235805362623446,0.045,0.955,0.5,0.0376526905091735,0.1226208333333333
HHDX011,phikon,3,y,low,0.1,train_mean,marker_hvg_overlap,890,2400,170,-1.4891335760896746e-08,,-0.0110452172973215,0.298517107963562,0.14473856985569,0.7416107111963726,0.0411764705882352,0.9588235294117649,0.5,0.0358770913943442,0.1230294117647059
HHDX011,phikon,3,y,low,0.1,coordinate,top50_hvg,890,2400,50,-0.000934520169103,-0.0012670981669192,-0.1096827076055342,0.511162281036377,0.3548051416873932,0.7263607682763583,0.174581720348916,0.8270869637478756,0.5008343420483959,0.1603904234798436,0.3287534784314228
HHDX011,phikon,3,y,low,0.1,coordinate,top200_hvg,890,2400,200,-0.0034620772477501,-0.003422572157493,-0.0544277190105276,0.2976044714450836,0.1392191052436828,0.717083920073818,0.043645430087229,0.9567717409369688,0.500208585512099,0.0400976058699609,0.1224094591999638
HHDX011,phikon,3,y,low,0.1,coordinate,marker_hvg_overlap,890,2400,170,-0.0036776360590866,-0.0036708092670139,-0.0552423693509755,0.3031331896781921,0.1402635723352432,0.7351757936902664,0.0424311870843656,0.95786187616705,0.5001465316257079,0.0397593126463462,0.1228987113496854
HHDX011,phikon,3,y,low,0.1,image,top50_hvg,890,2400,50,0.1825095665827393,0.160847672373409,-0.1889434371795505,0.4772844314575195,0.3505640923976898,0.7159279190876718,0.3239344963830237,0.77070806735785,0.5473212818704369,0.3281088994501883,0.3989021766562553
HHDX011,phikon,3,y,low,0.1,image,top200_hvg,890,2400,200,0.0636180816311389,0.0564338854005881,-0.2263657108298503,0.2883318960666656,0.1596820652484893,0.6971542317670932,0.082555833214612,0.942012319886297,0.5122840765504545,0.0847647030610702,0.1465785221794733
HHDX011,phikon,3,y,low,0.1,image,marker_hvg_overlap,890,2400,170,0.0655445543830009,0.0576427299315107,-0.2018052819212351,0.2907455265522003,0.1597402691841125,0.7179941249085476,0.0806119730668528,0.9444204400704744,0.5125162065686636,0.0843018368276645,0.1471244939245406
HHDX011,phikon,3,y,low,0.1,spatial_knn,top50_hvg,890,2400,50,0.0050949161476455,0.0032931125541278,-0.115934614315629,0.5174819231033325,0.3573063910007477,0.7115311031958795,0.2312086371942207,0.768912827496492,0.5000607323453565,0.235777609263719,0.3352584291597957
HHDX011,phikon,3,y,low,0.1,spatial_knn,top200_hvg,890,2400,200,0.0001844991168835,-0.0005320251320007,-0.1062601282878313,0.3029594719409942,0.1392039209604263,0.7002396557078742,0.0578173108137067,0.9421939362733216,0.5000056235435141,0.0589745227978574,0.1236011402389372
HHDX011,phikon,3,y,low,0.1,spatial_knn,marker_hvg_overlap,890,2400,170,0.0021461961187487,0.0015086822316142,-0.1005996230236419,0.3078937828540802,0.1393426358699798,0.7200706745362015,0.0567121335736613,0.9430865748614896,0.4998993542175755,0.0586400137457057,0.1242277187256193
HHDX011,phikon,3,y,low,0.25,train_mean,top50_hvg,2226,2400,50,1.1835272435689603e-06,,-0.0517420150821999,0.5061067938804626,0.3718472123146057,0.7288623381072029,0.18,0.82,0.5,0.1506107620366943,0.3331083333333333
HHDX011,phikon,3,y,low,0.25,train_mean,top200_hvg,2226,2400,200,2.814240267201562e-07,,-0.0169745663073933,0.2944237887859344,0.1462799310684204,0.7231454043240269,0.045,0.955,0.5,0.0376526905091735,0.1226208333333333
HHDX011,phikon,3,y,low,0.25,train_mean,marker_hvg_overlap,2226,2400,170,3.255118658043569e-07,,-0.0153055645647795,0.3000567257404327,0.1470105201005935,0.741306442263404,0.0411764705882352,0.9588235294117649,0.5,0.0358770913943442,0.1230294117647059
HHDX011,phikon,3,y,low,0.25,coordinate,top50_hvg,2226,2400,50,0.0037539010192267,0.0035883092951884,-0.3225767313712276,0.5624980330467224,0.3687307238578796,0.703628561281204,0.1206396920835501,0.8791288072140117,0.499884249648781,0.1204972721236965,0.3310947816286176
HHDX011,phikon,3,y,low,0.25,coordinate,top200_hvg,2226,2400,200,-0.0019355751281545,-0.0015243282538616,-0.1321112919614825,0.3203070759773254,0.1410471946001052,0.6966816107285316,0.0301599230208875,0.9697822018035028,0.4999710624121952,0.0301243180309241,0.1234187430583371
HHDX011,phikon,3,y,low,0.25,coordinate,marker_hvg_overlap,2226,2400,170,-0.002674153708572,-0.0023910533434544,-0.1311086426220272,0.3274952471256256,0.1430675387382507,0.7167101416477424,0.0316091500728839,0.968164942873037,0.4998870464729604,0.0305459603521511,0.1234374597386848
HHDX011,phikon,3,y,low,0.25,image,top50_hvg,2226,2400,50,0.2111646880954504,0.1857708675673807,-0.1097280732262879,0.4584216773509979,0.3431982398033142,0.7339102366215454,0.313863538212598,0.7809068438750763,0.5473851910438371,0.3191978710799095,0.4114186335330238
HHDX011,phikon,3,y,low,0.25,image,top200_hvg,2226,2400,200,0.0830225948959378,0.072285198611566,-0.1843886066484265,0.2771117091178894,0.1504762768745422,0.7195465373577825,0.0793349759820811,0.9450437424272858,0.5121893592046834,0.0814279572231305,0.1538603497815661
HHDX011,phikon,3,y,low,0.25,image,marker_hvg_overlap,2226,2400,170,0.0846542787033446,0.0725835646978413,-0.1361383602324435,0.2797680199146271,0.1509110033512115,0.738774209628775,0.0763613576037703,0.94774395837553,0.5120526579896502,0.0802633752430919,0.1542780524441693
HHDX011,phikon,3,y,low,0.25,spatial_knn,top50_hvg,2226,2400,50,-0.005883198151132,-0.0056184559152165,-0.1369280834496021,0.5256291627883911,0.3516213297843933,0.7094532640156727,0.1926926924620297,0.8024171425033342,0.497554917482682,0.2021858155053088,0.3340650077087885
HHDX011,phikon,3,y,low,0.25,spatial_knn,top200_hvg,2226,2400,200,0.0005849659082321,0.0009170215354081,-0.1050520305696409,0.3061493635177612,0.1354144215583801,0.6982143749187256,0.0482945295368638,0.950513992005913,0.4994042607713885,0.0507628020639579,0.1235891885376865
HHDX011,phikon,3,y,low,0.25,spatial_knn,marker_hvg_overlap,2226,2400,170,-6.420416591550526e-05,0.0004279925565832,-0.1055494279970469,0.3116953074932098,0.1364719867706298,0.7181682811264988,0.0468178862146139,0.9520821620848792,0.4994500241497466,0.0497236665674122,0.1238616783786549
HHDX011,phikon,3,y,low,1.0,train_mean,top50_hvg,8903,2400,50,-2.3861232939736965e-07,,-0.0461981647127868,0.5051557421684265,0.3709610104560852,0.7288555897896892,0.18,0.82,0.5,0.1506107620366943,0.3331083333333333
HHDX011,phikon,3,y,low,1.0,train_mean,top200_hvg,8903,2400,200,-5.5456809697762574e-08,,-0.014590922794713,0.2939821183681488,0.1464502960443496,0.7232138109549548,0.045,0.955,0.5,0.0376526905091735,0.1226208333333333
HHDX011,phikon,3,y,low,1.0,train_mean,marker_hvg_overlap,8903,2400,170,-8.757401563135446e-08,,-0.0125227382396067,0.2995426952838897,0.1471038460731506,0.7412889469866535,0.0411764705882352,0.9588235294117649,0.5,0.0358770913943442,0.1230294117647059
HHDX011,phikon,3,y,low,1.0,coordinate,top50_hvg,8903,2400,50,-0.0030438377638347,-0.0022086992256531,-0.612999374717474,0.6240084171295166,0.3969053626060486,0.6210282111755274,0.1053552288784921,0.8926724304133046,0.4990138296458983,0.1014757080314562,0.3289173350891608
HHDX011,phikon,3,y,low,1.0,coordinate,top200_hvg,8903,2400,200,-0.0060397114899387,-0.0062502488747968,-0.2136606974523647,0.3478062450885772,0.1479572355747223,0.6278792045720578,0.026338807219623,0.9731681076033262,0.4997534574114746,0.025368927007864,0.1226286932898392
HHDX011,phikon,3,y,low,1.0,coordinate,marker_hvg_overlap,8903,2400,170,-0.0068923840372008,-0.0070274874539191,-0.2115975918422597,0.3558926284313202,0.150487944483757,0.6550679956476068,0.030807106943006,0.9685607220746304,0.4996839145088182,0.0294991382253769,0.1223293418253919
HHDX011,phikon,3,y,low,1.0,image,top50_hvg,8903,2400,50,0.2459638380259275,0.2188643072179777,-0.0272483134292997,0.4504337906837463,0.3390199244022369,0.7475698647436055,0.2999711297988341,0.7937001234539651,0.5468356266263996,0.3080299420157169,0.4266981895282672
HHDX011,phikon,3,y,low,1.0,image,top200_hvg,8903,2400,200,0.1078752909318427,0.0938886423733048,-0.0868720627343282,0.2713340222835541,0.1425322592258453,0.7349659338884668,0.0755365494656313,0.9483733810853866,0.511954965275509,0.0780179472643909,0.1643739212175519
HHDX011,phikon,3,y,low,1.0,image,marker_hvg_overlap,8903,2400,170,0.1100832017032457,0.0948140147494893,-0.0521681194618234,0.2740101516246795,0.1426805704832077,0.7532220821091429,0.0732911963962181,0.9498502104412694,0.5115707034187439,0.077034522742367,0.1651698875417031
HHDX011,phikon,3,y,low,1.0,spatial_knn,top50_hvg,8903,2400,50,-0.0098041397891938,-0.0108127762586247,-0.1337870982289314,0.5242729783058167,0.3542906045913696,0.7130740316206662,0.2148582777189033,0.7802662581667428,0.4975622679428231,0.2251319302337703,0.3322667944646654
HHDX011,phikon,3,y,low,1.0,spatial_knn,top200_hvg,8903,2400,200,-0.0036523228816143,-0.003311293477289,-0.1096729943261016,0.3057124316692352,0.1370113641023636,0.7013706742168763,0.0538967900764626,0.9448596878864116,0.4993782389814371,0.056606593228112,0.1229154373621279
HHDX011,phikon,3,y,low,1.0,spatial_knn,marker_hvg_overlap,8903,2400,170,-0.0046635856644483,-0.0042613612269336,-0.108970812128802,0.3109380304813385,0.1379943042993545,0.7213413580666185,0.0535995481297146,0.945468309931932,0.4995339290308234,0.0570713944625366,0.1232128957113018
HHDX011,uni,0,x,high,0.05,train_mean,top50_hvg,446,2400,50,-8.443437401695064e-08,,-0.0137723508081035,0.4769745469093323,0.3565840125083923,0.7241367024307692,0.18,0.82,0.5,0.1447975962904332,0.3049083333333333
HHDX011,uni,0,x,high,0.05,train_mean,top200_hvg,446,2400,200,-1.5291717151422192e-08,,-0.0077031987188092,0.2756686508655548,0.1398294121026992,0.713001436457079,0.045,0.955,0.5,0.0361993990726083,0.1094583333333333
HHDX011,uni,0,x,high,0.05,train_mean,marker_hvg_overlap,446,2400,171,-1.5205129434549118e-07,,-0.008428082888979,0.2773587703704834,0.1387030184268951,0.731011248461801,0.0409356725146198,0.95906432748538,0.5,0.034069881841428,0.1072685185185185
HHDX011,uni,0,x,high,0.05,coordinate,top50_hvg,446,2400,50,0.0050173833570443,0.0045825600797751,-0.0904817843576893,0.5088410377502441,0.360087901353836,0.7193974623202036,0.2969785049950083,0.7100913505959952,0.5035349277955017,0.221250630156182,0.2978425187089226
HHDX011,uni,0,x,high,0.05,coordinate,top200_hvg,446,2400,200,0.0008809962550003,0.0009227861239181,-0.1052974245340738,0.2931374609470367,0.1490418910980224,0.7047105957981831,0.074244626248752,0.9275205524570428,0.5008825893528974,0.0553126575390455,0.1098457982691809
HHDX011,uni,0,x,high,0.05,coordinate,marker_hvg_overlap,446,2400,171,0.0012235474147784,0.0016292323140481,-0.1117204550901504,0.2959528863430023,0.1477975249290466,0.7235586251347765,0.0678854746113001,0.93313555131834,0.50051051296482,0.0516546495239898,0.1088004543290976
HHDX011,uni,0,x,high,0.05,image,top50_hvg,446,2400,50,0.1860400813678279,0.1640233451993983,-0.1284968307241797,0.458374947309494,0.3382067680358886,0.6963134493080788,0.3271730085028123,0.7759270590924617,0.551550033797637,0.3335964239507865,0.375308718335353
HHDX011,uni,0,x,high,0.05,image,top200_hvg,446,2400,200,0.0673862275655119,0.0587969184492664,-0.2464824868459254,0.2765944302082062,0.1567725092172622,0.6732362649514875,0.085250612507782,0.942564719369548,0.513907665938665,0.0886744459936086,0.1367633675662655
HHDX011,uni,0,x,high,0.05,image,marker_hvg_overlap,446,2400,171,0.0666070984674267,0.0574140153220361,-0.2544812170450973,0.2763038575649261,0.1559290885925293,0.6944829933709632,0.0832632251508745,0.943572860801322,0.5134180429760983,0.0862458333108881,0.1338982235173081
HHDX011,uni,0,x,high,0.05,spatial_knn,top50_hvg,446,2400,50,0.064995506813284,0.0465333505410842,-0.1027693827242183,0.4850600957870483,0.3424116969108581,0.708558271209328,0.2577870340234177,0.7458462848513383,0.501816659437378,0.2225977703936205,0.3209517303624738
HHDX011,uni,0,x,high,0.05,spatial_knn,top200_hvg,446,2400,200,0.0220097184947614,0.0152972525177055,-0.1443507806019988,0.2837143838405609,0.1354901641607284,0.6941526653264284,0.0645921073430637,0.9364077112487412,0.5004999092959025,0.0558981988173106,0.113828805676878
HHDX011,uni,0,x,high,0.05,spatial_knn,marker_hvg_overlap,446,2400,171,0.0238337650394166,0.0161833186312893,-0.1499324308542622,0.284207135438919,0.1351070404052734,0.7138662690006339,0.0618480809025187,0.9391157558355387,0.5004819183690288,0.0546209612501866,0.1116507519718225
HHDX011,uni,0,x,high,0.1,train_mean,top50_hvg,891,2400,50,-3.205458077459866e-07,,-0.0101898026008325,0.4758428931236267,0.3553203642368316,0.7249039692958331,0.18,0.82,0.5,0.1447975962904332,0.3049083333333333
HHDX011,uni,0,x,high,0.1,train_mean,top200_hvg,891,2400,200,-6.063950363843773e-08,,-0.0066652388341339,0.2751431763172149,0.1399115622043609,0.7138512073837597,0.045,0.955,0.5,0.0361993990726083,0.1094583333333333
HHDX011,uni,0,x,high,0.1,train_mean,marker_hvg_overlap,891,2400,171,-1.1835320888893108e-07,,-0.0074071270360747,0.2768012583255768,0.1386397033929824,0.7317854876044773,0.0409356725146198,0.95906432748538,0.5,0.034069881841428,0.1072685185185185
HHDX011,uni,0,x,high,0.1,coordinate,top50_hvg,891,2400,50,0.0466660354053601,0.0417373628633511,-0.0418850457808002,0.4786849915981293,0.3386310636997223,0.7189702528494492,0.2094599231654788,0.7997200003767042,0.5045899617710914,0.1849939914376043,0.3184421941518207
HHDX011,uni,0,x,high,0.1,coordinate,top200_hvg,891,2400,200,0.0171714369341498,0.0160181931137757,-0.050082947127812,0.2780417799949646,0.1359205842018127,0.7062481783422222,0.0523649807913697,0.9499300000941762,0.5011474904427728,0.046248497859401,0.1162221662835438
HHDX011,uni,0,x,high,0.1,coordinate,marker_hvg_overlap,891,2400,171,0.0193077426855465,0.0179021656961063,-0.0510594764331557,0.278953343629837,0.1336884647607803,0.7252193546724717,0.0450675157493407,0.957822492654375,0.5014450042018579,0.0417553702002206,0.1154256560747656
HHDX011,uni,0,x,high,0.1,image,top50_hvg,891,2400,50,0.2085356932133436,0.1846959600452476,-0.0420440457074437,0.4448821544647217,0.3251893222332001,0.7113002667200689,0.2885025113206925,0.8229366027723413,0.5557195570465169,0.3085409269042951,0.3832438996562214
HHDX011,uni,0,x,high,0.1,image,top200_hvg,891,2400,200,0.0779476004425669,0.0674502664704384,-0.1441128744432353,0.2671256363391876,0.145981416106224,0.690061002332713,0.0751154403620536,0.9553823514123976,0.5152488958872254,0.081347439075981,0.1411266897319606
HHDX011,uni,0,x,high,0.1,image,marker_hvg_overlap,891,2400,171,0.0780482971244246,0.066106096503703,-0.1488519889188178,0.2667678892612457,0.144588440656662,0.7115199100834732,0.0714029322245766,0.958489061902398,0.5149459970634874,0.0784773383888052,0.1388335082075622
HHDX011,uni,0,x,high,0.1,spatial_knn,top50_hvg,891,2400,50,0.0120158376218751,0.0107640166362764,-0.1190046327072195,0.4951678514480591,0.3438005745410919,0.703602552875451,0.200594449948115,0.8040273835167452,0.5023109167324301,0.1899782861879935,0.3104116842969781
HHDX011,uni,0,x,high,0.1,spatial_knn,top200_hvg,891,2400,200,0.0044153368698738,0.0033142701891297,-0.1523193631850881,0.2889151573181152,0.1369965523481369,0.6841931380565708,0.0502507759485672,0.9509198545783164,0.5005853152634419,0.0476638888682144,0.1113511256433413
HHDX011,uni,0,x,high,0.1,spatial_knn,marker_hvg_overlap,891,2400,171,0.0055575878679957,0.0039213867550395,-0.1606853045809099,0.2905716896057129,0.1368385255336761,0.7038656859543154,0.0467570639577653,0.9538390257254212,0.5002980448415933,0.0443988658942758,0.1092464817453624
HHDX011,uni,0,x,high,0.25,train_mean,top50_hvg,2228,2400,50,8.650379621318577e-07,,-0.0100237774595007,0.4760203957557678,0.3555259108543396,0.7248596582827279,0.18,0.82,0.5,0.1447975962904332,0.3049083333333333
HHDX011,uni,0,x,high,0.25,train_mean,top200_hvg,2228,2400,200,2.1000208361154907e-07,,-0.0052318983378859,0.2751904129981994,0.1392858177423477,0.7138073350264393,0.045,0.955,0.5,0.0361993990726083,0.1094583333333333
HHDX011,uni,0,x,high,0.25,train_mean,marker_hvg_overlap,2228,2400,171,1.9472055878103569e-07,,-0.0058098837744209,0.2768726646900177,0.1380525827407837,0.7316778502963184,0.0409356725146198,0.95906432748538,0.5,0.034069881841428,0.1072685185185185
HHDX011,uni,0,x,high,0.25,coordinate,top50_hvg,2228,2400,50,0.0608840172580676,0.0516622387842503,-0.0383574178069829,0.4777277112007141,0.3557674884796142,0.7229888587981567,0.2482959975067617,0.7643407888163111,0.5063183931615363,0.2063189648158393,0.322421146565971
HHDX011,uni,0,x,high,0.25,coordinate,top200_hvg,2228,2400,200,0.0211512697612852,0.0191283644032302,-0.0323416058052134,0.2768679559230804,0.1394769251346588,0.7107325506899034,0.0620739993766904,0.9410851972040776,0.501579598290384,0.0515797412039598,0.117162859415954
HHDX011,uni,0,x,high,0.25,coordinate,marker_hvg_overlap,2228,2400,171,0.0210314865890132,0.0186444236756004,-0.034443812811242,0.2784364521503448,0.1391547620296478,0.7290146429563383,0.057877598706925,0.9456883392868604,0.5017829689968928,0.0495787438610171,0.1149088429718883
HHDX011,uni,0,x,high,0.25,image,top50_hvg,2228,2400,50,0.2464886064454913,0.2204066644345616,0.0461774022562894,0.422396719455719,0.3115715384483337,0.7360655947634359,0.2928777770707576,0.8249079974410292,0.5588928872558934,0.3064724979294123,0.4012436406118108
HHDX011,uni,0,x,high,0.25,image,top200_hvg,2228,2400,200,0.0974765250075142,0.0838537901632229,-0.0418587306441622,0.254253625869751,0.1334523856639862,0.7180311474231,0.0759172689839567,0.9561169930011556,0.5160171309925561,0.0799212839424764,0.1495006856507579
HHDX011,uni,0,x,high,0.25,image,marker_hvg_overlap,2228,2400,171,0.0969959006206355,0.0818271147336582,-0.043568861232022,0.2533276379108429,0.1322470158338546,0.7371909673039905,0.0745985648479734,0.9573522380855964,0.515975401466785,0.0790742403103629,0.1467962241787881
HHDX011,uni,0,x,high,0.25,spatial_knn,top50_hvg,2228,2400,50,0.0298554106557276,0.0224440685766623,-0.1397679508663714,0.497813880443573,0.3554388284683227,0.6967533180738288,0.2356916292317446,0.7737825487573131,0.5047370889945288,0.2221158731451039,0.3156361949181068
HHDX011,uni,0,x,high,0.25,spatial_knn,top200_hvg,2228,2400,200,0.0079530596127909,0.0057551026968183,-0.1526119211444165,0.2897252738475799,0.1385836601257324,0.6794753464825964,0.0598311450358766,0.9426491551133698,0.5012401500746233,0.0564086770211606,0.1126958169498692
HHDX011,uni,0,x,high,0.25,spatial_knn,marker_hvg_overlap,2228,2400,171,0.0075560054005902,0.0056989966050331,-0.1563387159135584,0.2913268208503723,0.1394711285829544,0.7003170457438689,0.0589544806403967,0.9433708844573768,0.5011626825488869,0.0569949274228238,0.1104442371458384
HHDX011,uni,0,x,high,1.0,train_mean,top50_hvg,8912,2400,50,-3.8881988952965683e-07,,-0.0086251411237753,0.4756816029548645,0.3542315065860748,0.7250876500095869,0.18,0.82,0.5,0.1447975962904332,0.3049083333333333
HHDX011,uni,0,x,high,1.0,train_mean,top200_hvg,8912,2400,200,-1.1830372087295874e-07,,-0.0043196214696001,0.2750072479248047,0.1387629210948944,0.7141314302068481,0.045,0.955,0.5,0.0361993990726083,0.1094583333333333
HHDX011,uni,0,x,high,1.0,train_mean,marker_hvg_overlap,8912,2400,171,-1.34366718879347e-07,,-0.0048221967483987,0.2766627073287964,0.1374684423208236,0.7320389627393573,0.0409356725146198,0.95906432748538,0.5,0.034069881841428,0.1072685185185185
HHDX011,uni,0,x,high,1.0,coordinate,top50_hvg,8912,2400,50,0.0584959296351007,0.0506605736672947,-0.018189150491089,0.4779948890209198,0.3454809486865997,0.7234225395583395,0.219900043909285,0.7945789339705694,0.5072394889399272,0.1875333211191376,0.3257401197561799
HHDX011,uni,0,x,high,1.0,coordinate,top200_hvg,8912,2400,200,0.0200903349019972,0.0167834142088031,-0.0165456708046986,0.2764813005924225,0.1337402015924453,0.7116025687373774,0.0549750109773212,0.9486447334926424,0.5018098722349819,0.0468833302797844,0.1178005686167579
HHDX011,uni,0,x,high,1.0,coordinate,marker_hvg_overlap,8912,2400,171,0.0199533043538948,0.0163327004296711,-0.0175930305414905,0.2782763540744781,0.1321878731250763,0.7298237979169253,0.0513827498468589,0.952536836283264,0.5019597930650616,0.0447443948158745,0.1154702324694149
HHDX011,uni,0,x,high,1.0,image,top50_hvg,8912,2400,50,0.2772475950419902,0.2446908927526382,0.0900164326874073,0.4152725040912628,0.3032042980194092,0.7476238787799566,0.2612752094400214,0.8562625366078287,0.558768873023925,0.2818113782303243,0.4156874538680876
HHDX011,uni,0,x,high,1.0,image,top200_hvg,8912,2400,200,0.1245574955485062,0.1065836338141356,0.0111005672425153,0.2493514120578766,0.1251010149717331,0.7314354420055628,0.0681226327509259,0.9639809458424036,0.5160517892966648,0.0739281279362693,0.1592384673008463
HHDX011,uni,0,x,high,1.0,image,marker_hvg_overlap,8912,2400,171,0.1236275169890842,0.1037911091230831,0.0101229199330595,0.2484093308448791,0.1235124096274375,0.7495350092770493,0.0661918089406171,0.9657977068763174,0.5159947579084674,0.0726548337388051,0.1562874701703357
HHDX011,uni,0,x,high,1.0,spatial_knn,top50_hvg,8912,2400,50,-0.0024943807069212,-0.0057187004503245,-0.2196212741732597,0.5314375758171082,0.3580845892429352,0.6744344391435938,0.2346985735132317,0.762340697732717,0.4985196356229743,0.2249108682401323,0.3070724927055227
HHDX011,uni,0,x,high,1.0,spatial_knn,top200_hvg,8912,2400,200,-0.0029768512902766,-0.0033581730233272,-0.154898145836778,0.3038350343704223,0.1368006616830825,0.664236575295201,0.0595252839848499,0.939959337109851,0.4997423105473505,0.0575312938222408,0.1103314511861858
HHDX011,uni,0,x,high,1.0,spatial_knn,marker_hvg_overlap,8912,2400,171,-0.0032251914429744,-0.0032416879968506,-0.158641860754997,0.3069269955158233,0.1366091519594192,0.6844200578668774,0.0596367308877473,0.9397893969429636,0.4997130639153556,0.0575401109699126,0.1081626447882004
HHDX011,uni,1,y,high,0.05,train_mean,top50_hvg,447,2400,50,2.917890419951164e-07,,-0.1031420266321219,0.5923330187797546,0.4066446423530578,0.444589274109274,0.18,0.82,0.5,0.1210999915740229,0.2861083333333333
HHDX011,uni,1,y,high,0.05,train_mean,top200_hvg,447,2400,200,6.333692379110682e-08,,-0.035399383910194,0.3430512249469757,0.1587852537631988,0.4750922027758153,0.045,0.955,0.5,0.0302749978935057,0.1162083333333333
HHDX011,uni,1,y,high,0.05,train_mean,marker_hvg_overlap,447,2400,170,6.175761444644136e-08,,-0.0373151930191852,0.3523688614368438,0.1602640300989151,0.48577642211063,0.0411764705882352,0.9588235294117649,0.5,0.0281657714983354,0.1163480392156862
HHDX011,uni,1,y,high,0.05,coordinate,top50_hvg,447,2400,50,-0.0371863234008196,-0.0385819468481245,-0.2305924167437479,0.6473962068557739,0.4272196888923645,0.4270328235350895,0.3040351418608261,0.6929630053312741,0.4984990735960501,0.1808856283814444,0.2720791559875615
HHDX011,uni,1,y,high,0.05,coordinate,top200_hvg,447,2400,200,-0.014604853435733,-0.0151759361608337,-0.104762513172609,0.3690041601657867,0.1689120531082153,0.4585074982780794,0.0763121562517233,0.922522081256092,0.4994171187539078,0.0455799728324128,0.1141969163103254
HHDX011,uni,1,y,high,0.05,coordinate,marker_hvg_overlap,447,2400,170,-0.0144518714249354,-0.0144957811611029,-0.1028449141155065,0.3796437978744507,0.1682033389806747,0.468854973517952,0.0601837761539035,0.9388812486232536,0.4995325123885786,0.0387538405445188,0.1144761839918314
HHDX011,uni,1,y,high,0.05,image,top50_hvg,447,2400,50,0.2021811866993084,0.1904888970234697,-0.109759215414524,0.4990746080875397,0.3580230176448822,0.4498009091198834,0.3151944211486912,0.8008919022878636,0.5580431617182774,0.3147837149946207,0.3838316639358405
HHDX011,uni,1,y,high,0.05,image,top200_hvg,447,2400,200,0.0747778928226173,0.0702032092377003,-0.1830887662037275,0.3107759952545166,0.1707099676132202,0.4548126516516716,0.0804565220156708,0.9491166312792124,0.5147865766474414,0.0816209643145056,0.1507741907338758
HHDX011,uni,1,y,high,0.05,image,marker_hvg_overlap,447,2400,170,0.0766904941906728,0.070937270015897,-0.1719821085797294,0.3133554458618164,0.171546533703804,0.4668258364568443,0.0783851578615898,0.9493975133917372,0.5138913356266636,0.0792884926807234,0.1504865604741852
HHDX011,uni,1,y,high,0.05,spatial_knn,top50_hvg,447,2400,50,0.0086318272362404,0.0054138997696093,-0.2599032650142908,0.6442622542381287,0.4197500348091125,0.4316862243480693,0.263755861971795,0.739244650556278,0.5015002562640366,0.2059737881847706,0.291481389172034
HHDX011,uni,1,y,high,0.05,spatial_knn,top200_hvg,447,2400,200,0.0103461512704831,0.0084923248077647,-0.1406043062801472,0.3687854409217834,0.1628346145153045,0.4588818615208891,0.0673418918435721,0.9335248453731656,0.5004333686083688,0.0530472512072257,0.1195715095171505
HHDX011,uni,1,y,high,0.05,spatial_knn,marker_hvg_overlap,447,2400,170,0.0085604479456045,0.0067370701865353,-0.1416572554886122,0.3789474070072174,0.1634383797645568,0.4707103501067359,0.0584693467410254,0.9419835405569412,0.5002264436489833,0.0479649889511714,0.1190910490974265
HHDX011,uni,1,y,high,0.1,train_mean,top50_hvg,895,2400,50,-4.329276734293272e-07,,-0.1059438497707015,0.5952413082122803,0.4093342423439026,0.4455920243536445,0.2,0.8,0.5,0.1303110242873007,0.2861083333333333
HHDX011,uni,1,y,high,0.1,train_mean,top200_hvg,895,2400,200,-9.580631096346393e-08,,-0.0348860207257621,0.3442979753017425,0.1593353897333145,0.4759271846006722,0.05,0.95,0.5,0.0325777560718251,0.1162083333333333
HHDX011,uni,1,y,high,0.1,train_mean,marker_hvg_overlap,895,2400,170,-3.0154404711639035e-08,,-0.0376609854383787,0.3539723455905914,0.1610835045576095,0.4861751829817795,0.0470588235294117,0.9529411764705882,0.5,0.0308748987669466,0.1163480392156862
HHDX011,uni,1,y,high,0.1,coordinate,top50_hvg,895,2400,50,-0.1166933863330632,-0.1171231566198331,-0.2774458093888824,0.6619228720664978,0.4547191262245178,0.4395614900785765,0.3052187303975123,0.6800672549525675,0.4926429926750398,0.1866744167002055,0.2485485115833999
HHDX011,uni,1,y,high,0.1,coordinate,top200_hvg,895,2400,200,-0.0381757911934105,-0.0387454877258345,-0.1031877174512192,0.3746144473552704,0.1790252476930618,0.4725506358405653,0.0763271545094904,0.919876148776505,0.4981016516429977,0.0467084448125015,0.107755794899655
HHDX011,uni,1,y,high,0.1,coordinate,marker_hvg_overlap,895,2400,170,-0.0341231262868617,-0.0348569820898588,-0.09720227661772,0.3830352127552032,0.1787118911743164,0.4822848656869537,0.0681322752811702,0.9305063472348676,0.4993193112580189,0.0426011542546234,0.1090550067783456
HHDX011,uni,1,y,high,0.1,image,top50_hvg,895,2400,50,0.2299257584102451,0.2226306119062928,-0.0291926923829305,0.4775599539279938,0.3383426964282989,0.4966976908623442,0.296199427996266,0.8292986088596987,0.5627490184279824,0.2975114421422428,0.3951563496712015
HHDX011,uni,1,y,high,0.1,image,top200_hvg,895,2400,200,0.0810200712624112,0.0780222571816411,-0.1051971856753152,0.2992154359817505,0.1589443385601043,0.4914042467727523,0.0746734187195384,0.9570891031994352,0.5158812609594868,0.0755268101017351,0.1531038927445052
HHDX011,uni,1,y,high,0.1,image,marker_hvg_overlap,895,2400,170,0.0819742614432643,0.0784654051755836,-0.100178423912867,0.3014136254787445,0.1596692055463791,0.5029317090547479,0.0714079245862372,0.95918500817112,0.5152964663786787,0.0723988354260123,0.152525496394996
HHDX011,uni,1,y,high,0.1,spatial_knn,top50_hvg,895,2400,50,0.006905203894712,0.0054730459341094,-0.2410999921709299,0.6321285367012024,0.4255121052265167,0.4344203215009374,0.2722658041919016,0.730240333722252,0.5012530689570768,0.2213708497410783,0.2915033245517599
HHDX011,uni,1,y,high,0.1,spatial_knn,top200_hvg,895,2400,200,0.0011426969226256,0.0002291199369157,-0.1425966131803579,0.3641272783279419,0.1652020066976547,0.4618349454890341,0.0691949787672706,0.931192399453983,0.5001936891106269,0.0567783829837725,0.1181777501782816
HHDX011,uni,1,y,high,0.1,spatial_knn,marker_hvg_overlap,895,2400,170,0.001008628582562,0.0002276307327868,-0.1401560923933763,0.3729073107242584,0.165858507156372,0.4745303789672827,0.0632109721404508,0.9379972014832096,0.5006040868118302,0.0525719556107949,0.1183318841289958
HHDX011,uni,1,y,high,0.25,train_mean,top50_hvg,2237,2400,50,-4.08612421196608e-07,,-0.0916673749608162,0.5874961614608765,0.4034759104251861,0.4474776723713197,0.18,0.82,0.5,0.1210999915740229,0.2861083333333333
HHDX011,uni,1,y,high,0.25,train_mean,top200_hvg,2237,2400,200,-1.355088770027546e-07,,-0.0305491050888213,0.340872049331665,0.1575439274311065,0.4770860140124994,0.045,0.955,0.5,0.0302749978935057,0.1162083333333333
HHDX011,uni,1,y,high,0.25,train_mean,marker_hvg_overlap,2237,2400,170,-1.3559346661290765e-07,,-0.0326855279363585,0.3500197529792785,0.1593561470508575,0.4875561168140338,0.0411764705882352,0.9588235294117649,0.5,0.0281657714983354,0.1163480392156862
HHDX011,uni,1,y,high,0.25,coordinate,top50_hvg,2237,2400,50,-0.099160010414198,-0.1017353016318107,-0.2080599275231361,0.643487811088562,0.4346476793289184,0.4390976552335685,0.2652853485427753,0.7191184164853689,0.4922018825140721,0.1685387993124602,0.2521406243314902
HHDX011,uni,1,y,high,0.25,coordinate,top200_hvg,2237,2400,200,-0.0289257272879331,-0.0296190987162604,-0.1090043373042863,0.3665270805358886,0.1731866151094436,0.4690856702484677,0.06633257309075,0.9296568419730046,0.4979947075318773,0.0421549427430948,0.109810412391024
HHDX011,uni,1,y,high,0.25,coordinate,marker_hvg_overlap,2237,2400,170,-0.0287148393593858,-0.0290520377621859,-0.0965882835622966,0.376873254776001,0.1727844625711441,0.4790242601357599,0.0552606072626617,0.941176900102064,0.4982187536823629,0.0372518441839456,0.1102481868974701
HHDX011,uni,1,y,high,0.25,image,top50_hvg,2237,2400,50,0.2733108424395323,0.2573943015317412,0.0570195132785011,0.4564111828804016,0.3264889121055603,0.5297344470650486,0.3005468921053079,0.8452245866595779,0.5728857393824429,0.3008980523051472,0.4201944837773108
HHDX011,uni,1,y,high,0.25,image,top200_hvg,2237,2400,200,0.1123549738881411,0.1062151111614627,-0.0717470446761581,0.2876876592636108,0.1493997573852539,0.5283174160791193,0.0755128154807433,0.960773935430028,0.5181433754553856,0.0755702634135945,0.166402274118844
HHDX011,uni,1,y,high,0.25,image,marker_hvg_overlap,2237,2400,170,0.1129804352346314,0.1060107370689138,-0.0495978175385115,0.2898058891296386,0.1504835188388824,0.5387417970136106,0.0741563078204653,0.9611325485198108,0.517644428170138,0.0738421812500138,0.1657741077971574
HHDX011,uni,1,y,high,0.25,spatial_knn,top50_hvg,2237,2400,50,-0.0042111286474391,-0.0081317509455022,-0.2240700984001159,0.6346858143806458,0.4173030853271484,0.4330542017596416,0.2547274211400669,0.7448085133046699,0.4997679672223684,0.2175118155854843,0.2866951197971004
HHDX011,uni,1,y,high,0.25,spatial_knn,top200_hvg,2237,2400,200,-0.002618167044954,-0.0028937565401104,-0.2339968529203906,0.3661408722400665,0.162177175283432,0.4576689576274232,0.0658961612102456,0.9345628146706058,0.5002294879404258,0.0561873668283712,0.1168871027480463
HHDX011,uni,1,y,high,0.25,spatial_knn,marker_hvg_overlap,2237,2400,170,-0.0020997285753,-0.0023339391952584,-0.1979232365210705,0.3758132457733154,0.1632247120141983,0.4693472385651587,0.0619513015379019,0.9388727586070325,0.5004120300724673,0.0529534896205943,0.117001400943925
HHDX011,uni,1,y,high,1.0,train_mean,top50_hvg,8948,2400,50,8.572514751037375e-07,,-0.0970968907089172,0.5906395316123962,0.4066059291362762,0.4468192111681907,0.18,0.82,0.5,0.1210999915740229,0.2861083333333333
HHDX011,uni,1,y,high,1.0,train_mean,top200_hvg,8948,2400,200,2.446010019829803e-07,,-0.0315593595694167,0.3421954810619354,0.1587889343500137,0.4769829120017035,0.045,0.955,0.5,0.0302749978935057,0.1162083333333333
HHDX011,uni,1,y,high,1.0,train_mean,marker_hvg_overlap,8948,2400,170,2.707534308610913e-07,,-0.0337256107205682,0.3514973819255829,0.1605189442634582,0.4874114817938362,0.0411764705882352,0.9588235294117649,0.5,0.0281657714983354,0.1163480392156862
HHDX011,uni,1,y,high,1.0,coordinate,top50_hvg,8948,2400,50,-0.1260577988997101,-0.1268514065001241,-0.2903115339763462,0.6641568541526794,0.4601915180683136,0.436291524281988,0.3254025275842812,0.6615821576299317,0.4934923426071064,0.1952265590325032,0.2456612483636228
HHDX011,uni,1,y,high,1.0,coordinate,top200_hvg,8948,2400,200,-0.0397021415020572,-0.039836914581445,-0.1090462879607093,0.375174731016159,0.184133768081665,0.4707717713355716,0.0813506318960703,0.9153597337808844,0.4983551828384774,0.0488066397581258,0.1066350370151803
HHDX011,uni,1,y,high,1.0,coordinate,marker_hvg_overlap,8948,2400,170,-0.0379134409102227,-0.0377418570158353,-0.1001274923005279,0.385698914527893,0.1842126846313476,0.4800248205580657,0.0712558816069998,0.9259122384814946,0.4985840600442473,0.0442250937915705,0.1072924504777891
HHDX011,uni,1,y,high,1.0,image,top50_hvg,8948,2400,50,0.3181766789406538,0.2987996083279979,0.1020633681456092,0.447378009557724,0.3196467161178589,0.5468595767873604,0.2924284534358402,0.8580495555595473,0.5752390044976938,0.2998247311203322,0.4452168840658126
HHDX011,uni,1,y,high,1.0,image,top200_hvg,8948,2400,200,0.1446950023632962,0.13495007588094,-0.016476725039156,0.2820063233375549,0.1425651460886001,0.5457273410854988,0.0738361176879643,0.9640610903834144,0.5189486040356893,0.0758969825031227,0.1815726299819479
HHDX011,uni,1,y,high,1.0,image,marker_hvg_overlap,8948,2400,170,0.1446013492627945,0.1340632167944394,0.0010457577092465,0.284494012594223,0.1441700011491775,0.5538734690758421,0.0727356461111726,0.9642629595878796,0.5184993028495262,0.0745829180322273,0.1802705694129905
HHDX011,uni,1,y,high,1.0,spatial_knn,top50_hvg,8948,2400,50,0.0012420580186881,-0.001566619523266,-0.2938928591459989,0.6431277990341187,0.4238843023777008,0.4222413635250928,0.2757193622174043,0.7286529662056916,0.5021861642115479,0.2360756377360723,0.2876955172440219
HHDX011,uni,1,y,high,1.0,spatial_knn,top200_hvg,8948,2400,200,-0.0001148162119352,-0.0002169655699945,-0.3813824358209967,0.3713981807231903,0.1672087460756302,0.4483592298232763,0.0712930144258006,0.9296908728004512,0.5004919436131259,0.0620286205594517,0.11745100636419
HHDX011,uni,1,y,high,1.0,spatial_knn,marker_hvg_overlap,8948,2400,170,0.0007477108716985,0.0002809488882712,-0.2885857653749339,0.3789353370666504,0.1677907109260559,0.4616163953182277,0.0660904607132023,0.9350585932870488,0.5005745270001256,0.0585760235607918,0.117586198481293
HHDX011,uni,2,x,low,0.05,train_mean,top50_hvg,446,2400,50,-1.0633497457490649e-06,,-0.0090096182149272,0.5014491677284241,0.3646308481693268,0.6752747853066391,0.18,0.82,0.5,0.1451177623665971,0.3205916666666667
HHDX011,uni,2,x,low,0.05,train_mean,top200_hvg,446,2400,200,-2.5904257448639e-07,,-0.004847139591109,0.2950272560119629,0.1443876773118972,0.6807492775014786,0.045,0.955,0.5,0.0362794405916492,0.11976875
HHDX011,uni,2,x,low,0.05,train_mean,marker_hvg_overlap,446,2400,169,-3.0231914833729705e-07,,-0.0048632435176193,0.2990195751190185,0.1446032673120498,0.6965126451731097,0.0414201183431952,0.9585798816568049,0.5,0.0343864848350801,0.1190532544378698
HHDX011,uni,2,x,low,0.05,coordinate,top50_hvg,446,2400,50,0.1067652428848669,0.0875791559508093,-0.0011309848877135,0.491321861743927,0.3723190724849701,0.6828677661666673,0.2426335997935579,0.7748560621146029,0.5087448309540804,0.1988716006043639,0.3561349972630874
HHDX011,uni,2,x,low,0.05,coordinate,top200_hvg,446,2400,200,0.0495228508986474,0.0405623513180835,-0.020755136785865,0.2915222644805908,0.1526990830898285,0.6844564306508012,0.0606583999483894,0.9437140155286506,0.5021862077385201,0.0497179001510909,0.1415432470902062
HHDX011,uni,2,x,low,0.05,coordinate,marker_hvg_overlap,446,2400,169,0.0493143692787615,0.0390299569013565,-0.0207551187043587,0.2949674427509308,0.1532875746488571,0.6996590212358084,0.0599633410388771,0.9451817638194512,0.5025725524291641,0.0502877956747806,0.1410909760984464
HHDX011,uni,2,x,low,0.05,image,top50_hvg,446,2400,50,0.2034883826505392,0.1784514133460483,-0.0528853176441043,0.4652675092220306,0.3475105762481689,0.6856087179002195,0.3599412904903557,0.7592890803465767,0.5596151854184663,0.3574691343202986,0.3995872393530696
HHDX011,uni,2,x,low,0.05,image,top200_hvg,446,2400,200,0.0823319933704624,0.0688400898094832,-0.1495069549581967,0.2862443625926971,0.1625286340713501,0.6735582694239565,0.0968904807017611,0.9383773387562746,0.5176339097290179,0.0991820945475483,0.1560606602830381
HHDX011,uni,2,x,low,0.05,image,marker_hvg_overlap,446,2400,169,0.0850192408117716,0.0693015861850516,-0.1429547897936809,0.2866450250148773,0.1618982851505279,0.6936044115289891,0.0971583368506568,0.939067789373122,0.5181130631118894,0.0990071319039586,0.156505314521544
HHDX011,uni,2,x,low,0.05,spatial_knn,top50_hvg,446,2400,50,0.0562143268482759,0.0461059650051805,-0.1102571299485862,0.516560435295105,0.3835023939609527,0.6617501967570327,0.3475381846538116,0.6768124111720948,0.5121752979129532,0.2933254598252104,0.3395032819217329
HHDX011,uni,2,x,low,0.05,spatial_knn,top200_hvg,446,2400,200,0.0215338006699987,0.0173842660513296,-0.1268864088482223,0.3068994581699371,0.1569630205631256,0.6632550321843398,0.0883063166215074,0.917435703682254,0.5028710101518807,0.0744249326405992,0.1256495702360344
HHDX011,uni,2,x,low,0.05,spatial_knn,marker_hvg_overlap,446,2400,169,0.0224339268748245,0.0176683108456229,-0.1242972215880039,0.3105312287807464,0.157287985086441,0.680940002545946,0.0898091531369916,0.9159435986085304,0.502876375872761,0.0743080827585905,0.1248555368664821
HHDX011,uni,2,x,low,0.1,train_mean,top50_hvg,893,2400,50,-4.667452340711975e-07,,-0.0032552717557564,0.5002036690711975,0.3661065697669983,0.6761416054286095,0.18,0.82,0.5,0.1451177623665971,0.3205916666666667
HHDX011,uni,2,x,low,0.1,train_mean,top200_hvg,893,2400,200,-8.739546433763486e-08,,-0.0027746046592562,0.2944451570510864,0.145480141043663,0.6815066571857581,0.045,0.955,0.5,0.0362794405916492,0.11976875
HHDX011,uni,2,x,low,0.1,train_mean,marker_hvg_overlap,893,2400,169,-1.7683672401612294e-07,,-0.002779609145053,0.2984665036201477,0.1460421830415725,0.6971776944652326,0.0414201183431952,0.9585798816568049,0.5,0.0343864848350801,0.1190532544378698
HHDX011,uni,2,x,low,0.1,coordinate,top50_hvg,893,2400,50,0.1309780823905021,0.102809178002748,0.0091911082732258,0.4866219758987427,0.3593497574329376,0.6851945894677677,0.252608315846896,0.7733621150188946,0.5129852154328954,0.2090525182789366,0.3617436049695929
HHDX011,uni,2,x,low,0.1,coordinate,top200_hvg,893,2400,200,0.0664299356335686,0.0535519629998774,-0.0123501624281016,0.2891892492771148,0.146076500415802,0.6873858523867117,0.063152078961724,0.9433405287547236,0.5032463038582238,0.0522631295697341,0.1465928499727487
HHDX011,uni,2,x,low,0.1,coordinate,marker_hvg_overlap,893,2400,169,0.0683534845738904,0.0539071851009581,-0.012866552862384,0.2925802171230316,0.147098496556282,0.7028311229054209,0.0636057517582332,0.9437993974146798,0.5037025745864566,0.0534301797308664,0.1468298543806298
HHDX011,uni,2,x,low,0.1,image,top50_hvg,893,2400,50,0.2384662317577749,0.2061477215641519,0.0321810986846685,0.4459726214408874,0.332173228263855,0.709594068425334,0.3548100649161735,0.7753376040877807,0.5650738345019771,0.3570174826845319,0.4189723406493962
HHDX011,uni,2,x,low,0.1,image,top200_hvg,893,2400,200,0.0969656842268887,0.0805834065916497,-0.0980826055188663,0.2752147614955902,0.1509621441364288,0.6974242537460911,0.0910447135461515,0.9432646385924432,0.5171546760692973,0.0933124236959647,0.1629028899801369
HHDX011,uni,2,x,low,0.1,image,marker_hvg_overlap,893,2400,169,0.1003348858880303,0.0812508767918682,-0.0829261263209731,0.2758764624595642,0.151065856218338,0.7149194226745749,0.0909248730072528,0.94366526630292,0.5172950696550864,0.0931329272961446,0.1635994616970514
HHDX011,uni,2,x,low,0.1,spatial_knn,top50_hvg,893,2400,50,0.1075506338686682,0.0935229096951901,-0.0726823186990805,0.5040416121482849,0.3623005151748657,0.6716565058150931,0.3061468127919401,0.7321373213223468,0.5191420670571435,0.2796093578198046,0.3545088702060741
HHDX011,uni,2,x,low,0.1,spatial_knn,top200_hvg,893,2400,200,0.0476088440509989,0.0426305339188472,-0.1084108596405712,0.3001917600631714,0.1466151922941208,0.6701930834743325,0.0775516604629423,0.9323642507569264,0.5049579556099343,0.071040515211902,0.1334279445872976
HHDX011,uni,2,x,low,0.1,spatial_knn,marker_hvg_overlap,893,2400,169,0.0481841989731529,0.0423430234951631,-0.1118645223970773,0.3030853867530823,0.1474680304527282,0.6873467734183456,0.0774349312213977,0.9334781722351276,0.5054565517282626,0.070683918396649,0.1335562058583901
HHDX011,uni,2,x,low,0.25,train_mean,top50_hvg,2232,2400,50,9.683686316819265e-07,,-0.0041577308224987,0.5003527998924255,0.3654287457466125,0.6756960703631921,0.18,0.82,0.5,0.1451177623665971,0.3205916666666667
HHDX011,uni,2,x,low,0.25,train_mean,top200_hvg,2232,2400,200,2.7298917801621416e-07,,-0.0028510957535729,0.2945187091827392,0.1446079760789871,0.6812647020868584,0.045,0.955,0.5,0.0362794405916492,0.11976875
HHDX011,uni,2,x,low,0.25,train_mean,marker_hvg_overlap,2232,2400,169,3.1044347405965724e-07,,-0.0028889216486258,0.2985590398311615,0.1451173573732376,0.6969654196534733,0.0414201183431952,0.9585798816568049,0.5,0.0343864848350801,0.1190532544378698
HHDX011,uni,2,x,low,0.25,coordinate,top50_hvg,2232,2400,50,0.1213915012637153,0.0970168345084106,-0.0004568527423543,0.4933434128761291,0.3591283559799194,0.6863691905101162,0.2388332088616964,0.7846593495559943,0.5117462792088453,0.1982256284900812,0.3613082237567795
HHDX011,uni,2,x,low,0.25,coordinate,top200_hvg,2232,2400,200,0.0666891007029335,0.0534002474882693,-0.0064237935857568,0.2915209531784057,0.1466367989778518,0.6890402797000328,0.0597083022154241,0.9461648373889986,0.5029365698022112,0.0495564071225203,0.1437718108898697
HHDX011,uni,2,x,low,0.25,coordinate,marker_hvg_overlap,2232,2400,169,0.0679757107106401,0.0539152608290157,-0.0065794846660758,0.2952070832252502,0.1474125981330871,0.7043185381344665,0.0590997696823231,0.9475899189600832,0.5033448443212033,0.0499701437111091,0.1436128501173914
HHDX011,uni,2,x,low,0.25,image,top50_hvg,2232,2400,50,0.2809513693302869,0.239896650069294,0.0926681133720558,0.4319469332695007,0.318595826625824,0.7272893731850976,0.3220743056851058,0.8158324420155421,0.568953373850324,0.3388698501426898,0.437439203920468
HHDX011,uni,2,x,low,0.25,image,top200_hvg,2232,2400,200,0.1282016292308253,0.1034402303363935,-0.012896725416358,0.2662602663040161,0.1399751305580139,0.7173276935034665,0.0848086272176456,0.9538498588148944,0.5193292430162699,0.0897466342268868,0.1778083144902287
HHDX011,uni,2,x,low,0.25,image,marker_hvg_overlap,2232,2400,169,0.1322220123756832,0.1044202890163199,-0.0034520133069892,0.2666245996952057,0.1397805213928222,0.7344625842330667,0.0842753709474079,0.9552167931069112,0.5197460820271594,0.0898525086130534,0.1787367583310209
HHDX011,uni,2,x,low,0.25,spatial_knn,top50_hvg,2232,2400,50,0.093325748774223,0.0820449329309119,-0.0731577627221122,0.5025745630264282,0.3606140613555908,0.665922115015516,0.2954029660304565,0.7422304431272715,0.5188167045788641,0.2816024103351491,0.3540432341760355
HHDX011,uni,2,x,low,0.25,spatial_knn,top200_hvg,2232,2400,200,0.0424218201112514,0.0379117526177073,-0.0950675113650504,0.2999651432037353,0.1462919265031814,0.6654865309536884,0.077996891841266,0.9328485269051718,0.505422709373219,0.0741666418729458,0.1313308231983763
HHDX011,uni,2,x,low,0.25,spatial_knn,marker_hvg_overlap,2232,2400,169,0.0469476100480393,0.0417752121594609,-0.0944502721278867,0.3033765852451324,0.1463645845651626,0.6832281954576683,0.0737627556837165,0.9364027222308854,0.5050827389573009,0.0711318431674647,0.1310688816950218
HHDX011,uni,2,x,low,1.0,train_mean,top50_hvg,8928,2400,50,4.789204770005995e-07,,-0.0036363007060663,0.5002087354660034,0.3657086491584778,0.675844819213744,0.18,0.82,0.5,0.1451177623665971,0.3205916666666667
HHDX011,uni,2,x,low,1.0,train_mean,top200_hvg,8928,2400,200,1.4908847161709818e-07,,-0.002788907881229,0.294443815946579,0.1448932737112045,0.6814093172600026,0.045,0.955,0.5,0.0362794405916492,0.11976875
HHDX011,uni,2,x,low,1.0,train_mean,marker_hvg_overlap,8928,2400,169,4.778050706699349e-08,,-0.0028239467925667,0.2984852790832519,0.1452580392360687,0.6970887978509673,0.0414201183431952,0.9585798816568049,0.5,0.0343864848350801,0.1190532544378698
HHDX011,uni,2,x,low,1.0,coordinate,top50_hvg,8928,2400,50,0.1112778025597799,0.0967228776628053,0.0025135836191475,0.4982796013355255,0.3636364936828613,0.6867796448535227,0.2209611313211436,0.8026680520532133,0.5118145916871785,0.1920774356701179,0.3616365410792118
HHDX011,uni,2,x,low,1.0,coordinate,top200_hvg,8928,2400,200,0.0700847502668335,0.0586500054287466,-0.0184796878530295,0.2934841215610504,0.1497894376516342,0.6895934644606314,0.0552402828302859,0.9506670130133034,0.5029536479217946,0.0480193589175294,0.146530952520011
HHDX011,uni,2,x,low,1.0,coordinate,marker_hvg_overlap,8928,2400,169,0.0732839304379321,0.0605647032964675,-0.0140249978539261,0.297495037317276,0.150320678949356,0.7048842791228526,0.0564501375491403,0.950019172223382,0.5032346548862611,0.0490735370876621,0.1465722091605552
HHDX011,uni,2,x,low,1.0,image,top50_hvg,8928,2400,50,0.314890533387661,0.270309013941089,0.1278268694039434,0.4234366416931152,0.3149853646755218,0.7387173430734159,0.3136258157202963,0.8230356723729332,0.5683307440466148,0.326810286833704,0.4555097571215776
HHDX011,uni,2,x,low,1.0,image,top200_hvg,8928,2400,200,0.1583638914212497,0.1281216926310818,-0.0272814359892799,0.2615264356136322,0.1354333758354187,0.7291660388035234,0.0825339119585766,0.9554827460024242,0.5190083289805004,0.0864715907383983,0.1894251904650062
HHDX011,uni,2,x,low,1.0,image,marker_hvg_overlap,8928,2400,169,0.1625792715129664,0.1288830997885111,-0.005558123178167,0.2619242966175079,0.1349550038576126,0.7453884253503444,0.0816174835054227,0.9569538903361174,0.5192856869207702,0.0863045765004863,0.1903391563683276
HHDX011,uni,2,x,low,1.0,spatial_knn,top50_hvg,8928,2400,50,0.0938122547950479,0.0799413398853849,-0.0944550481438636,0.5115945935249329,0.356235146522522,0.6660339061911024,0.2754869440933551,0.7770490557726424,0.5262679999329988,0.2764967434512616,0.3492968812328026
HHDX011,uni,2,x,low,1.0,spatial_knn,top200_hvg,8928,2400,200,0.0326084756901415,0.0282360107865228,-0.0943015967891551,0.3030296862125397,0.1410185247659683,0.6636763330622246,0.0702412320542315,0.9438013749561796,0.5070213035052056,0.0704784600373226,0.1313734246331249
HHDX011,uni,2,x,low,1.0,spatial_knn,marker_hvg_overlap,8928,2400,169,0.0308309376234102,0.0258655092193157,-0.0913904683785678,0.3060232102870941,0.1408229619264602,0.6821686105943627,0.0693599204442752,0.9441457898107156,0.5067528551274956,0.0688249383924528,0.1305169681885483
HHDX011,uni,3,y,low,0.05,train_mean,top50_hvg,445,2400,50,-3.417637288549713e-07,,-0.0455882755004131,0.5023159980773926,0.3671377897262573,0.7298360149264519,0.18,0.82,0.5,0.1506107620366943,0.3331083333333333
HHDX011,uni,3,y,low,0.05,train_mean,top200_hvg,445,2400,200,-6.861636379085211e-08,,-0.0164639784195546,0.2928338944911957,0.1450312882661819,0.7237533500909099,0.045,0.955,0.5,0.0376526905091735,0.1226208333333333
HHDX011,uni,3,y,low,0.05,train_mean,marker_hvg_overlap,445,2400,170,-1.028002441342203e-09,,-0.0125825890830753,0.2980479896068573,0.1452671140432357,0.7423398447628458,0.0411764705882352,0.9588235294117649,0.5,0.0358770913943442,0.1230294117647059
HHDX011,uni,3,y,low,0.05,coordinate,top50_hvg,445,2400,50,0.0017262610455509,0.0033506808476284,-0.0516360656538745,0.5033178329467773,0.3512714505195617,0.7294433373963348,0.1729321025090316,0.8284618797170299,0.5006969911130308,0.1536019478879272,0.3308908934821721
HHDX011,uni,3,y,low,0.05,coordinate,top200_hvg,445,2400,200,-0.0005788320425199,0.0001147773015133,-0.0481087371891044,0.294479489326477,0.1372098922729492,0.7196522500846906,0.0432330256272579,0.9571154699292574,0.5001742477782577,0.0384004869719818,0.1232269243533336
HHDX011,uni,3,y,low,0.05,coordinate,marker_hvg_overlap,445,2400,170,-0.001577967573779,-0.0009678821772895,-0.043486426328908,0.2995008826255798,0.1374575048685073,0.738083305964698,0.0429044251329337,0.9575119210007128,0.5002081730668232,0.0384194031506423,0.1234796080533783
HHDX011,uni,3,y,low,0.05,image,top50_hvg,445,2400,50,0.1602332004182972,0.1442305568272854,-0.2242186154332012,0.4868270456790924,0.3632746934890747,0.7013786933636148,0.3428209806038116,0.7438121943150573,0.5433165874594345,0.3418218400893751,0.3870441427870503
HHDX011,uni,3,y,low,0.05,image,top200_hvg,445,2400,200,0.0527402712510956,0.0464059791310788,-0.4144424358825199,0.2964861094951629,0.172234445810318,0.6786251618289971,0.0895296345794831,0.933149049806426,0.5113393421929545,0.0913433865676616,0.1424822217132623
HHDX011,uni,3,y,low,0.05,image,marker_hvg_overlap,445,2400,170,0.0542297775358961,0.0473919605464426,-0.3308562187340987,0.2989655435085296,0.1725205034017563,0.7005728353049991,0.0893900339557166,0.933695706526128,0.5115428702409223,0.0914962093224788,0.1426886559708985
HHDX011,uni,3,y,low,0.05,spatial_knn,top50_hvg,445,2400,50,0.012573859438167,0.0079912118983905,-0.1187780186440795,0.514644980430603,0.3539130985736847,0.7167803107873595,0.2212058918792782,0.7837134250853274,0.5024596584823029,0.2217674798987476,0.3381044546015568
HHDX011,uni,3,y,low,0.05,spatial_knn,top200_hvg,445,2400,200,0.0019624847611893,0.0009175231904014,-0.1085467745398637,0.3015282452106476,0.1377627551555633,0.7053663320346129,0.0553014729698195,0.9459142738310276,0.5006078734004237,0.0554418699746869,0.1241137707785022
HHDX011,uni,3,y,low,0.05,spatial_knn,marker_hvg_overlap,445,2400,170,0.001348767647775,3.723607606733781e-05,-0.0997866959954776,0.3063461780548095,0.1377107501029968,0.7253280770330062,0.0530599257347417,0.9474671737054468,0.5002635497200943,0.0533333818428351,0.1242249660154731
HHDX011,uni,3,y,low,0.1,train_mean,top50_hvg,890,2400,50,-3.3265303882146215e-07,,-0.038419615353323,0.5029419660568237,0.3674574196338653,0.7294628240391978,0.18,0.82,0.5,0.1506107620366943,0.3331083333333333
HHDX011,uni,3,y,low,0.1,train_mean,top200_hvg,890,2400,200,-6.674416661051064e-08,,-0.0126664204947246,0.2930936813354492,0.144331693649292,0.7235805362623446,0.045,0.955,0.5,0.0376526905091735,0.1226208333333333
HHDX011,uni,3,y,low,0.1,train_mean,marker_hvg_overlap,890,2400,170,-1.4891335760896746e-08,,-0.0110452172973215,0.298517107963562,0.14473856985569,0.7416107111963726,0.0411764705882352,0.9588235294117649,0.5,0.0358770913943442,0.1230294117647059
HHDX011,uni,3,y,low,0.1,coordinate,top50_hvg,890,2400,50,-0.000934520169103,-0.0012670981669192,-0.1096827076055342,0.511162281036377,0.3548051416873932,0.7263607682763583,0.174581720348916,0.8270869637478756,0.5008343420483959,0.1603904234798436,0.3287534784314228
HHDX011,uni,3,y,low,0.1,coordinate,top200_hvg,890,2400,200,-0.0034620772477501,-0.003422572157493,-0.0544277190105276,0.2976044714450836,0.1392191052436828,0.717083920073818,0.043645430087229,0.9567717409369688,0.500208585512099,0.0400976058699609,0.1224094591999638
HHDX011,uni,3,y,low,0.1,coordinate,marker_hvg_overlap,890,2400,170,-0.0036776360590866,-0.0036708092670139,-0.0552423693509755,0.3031331896781921,0.1402635723352432,0.7351757936902664,0.0424311870843656,0.95786187616705,0.5001465316257079,0.0397593126463462,0.1228987113496854
HHDX011,uni,3,y,low,0.1,image,top50_hvg,890,2400,50,0.1949686521571129,0.1717608122247051,-0.1248873132295557,0.4720556735992431,0.3457626700401306,0.7187557235611312,0.3063847050216338,0.7965554534724055,0.5514700792470197,0.3171297932906933,0.4036996153305472
HHDX011,uni,3,y,low,0.1,image,top200_hvg,890,2400,200,0.0729377731754357,0.0641641855933413,-0.1958881733151065,0.2849116027355194,0.1558770537376403,0.7012229712133718,0.0780329984809445,0.9486913211378708,0.5133621598094078,0.0817529889709045,0.150302248398724
HHDX011,uni,3,y,low,0.1,image,marker_hvg_overlap,890,2400,170,0.0740041958172429,0.0642626442627776,-0.1672219269036705,0.2877872884273529,0.1565358191728592,0.7216435456299516,0.0784403499025522,0.94887864129478,0.5136594955986661,0.0826236328916712,0.1503035836452174
HHDX011,uni,3,y,low,0.1,spatial_knn,top50_hvg,890,2400,50,0.0050949161476455,0.0032931125541278,-0.115934614315629,0.5174819231033325,0.3573063910007477,0.7115311031958795,0.2312086371942207,0.768912827496492,0.5000607323453565,0.235777609263719,0.3352584291597957
HHDX011,uni,3,y,low,0.1,spatial_knn,top200_hvg,890,2400,200,0.0001844991168835,-0.0005320251320007,-0.1062601282878313,0.3029594719409942,0.1392039209604263,0.7002396557078742,0.0578173108137067,0.9421939362733216,0.5000056235435141,0.0589745227978574,0.1236011402389372
HHDX011,uni,3,y,low,0.1,spatial_knn,marker_hvg_overlap,890,2400,170,0.0021461961187487,0.0015086822316142,-0.1005996230236419,0.3078937828540802,0.1393426358699798,0.7200706745362015,0.0567121335736613,0.9430865748614896,0.4998993542175755,0.0586400137457057,0.1242277187256193
HHDX011,uni,3,y,low,0.25,train_mean,top50_hvg,2226,2400,50,1.1835272435689603e-06,,-0.0517420150821999,0.5061067938804626,0.3718472123146057,0.7288623381072029,0.18,0.82,0.5,0.1506107620366943,0.3331083333333333
HHDX011,uni,3,y,low,0.25,train_mean,top200_hvg,2226,2400,200,2.814240267201562e-07,,-0.0169745663073933,0.2944237887859344,0.1462799310684204,0.7231454043240269,0.045,0.955,0.5,0.0376526905091735,0.1226208333333333
HHDX011,uni,3,y,low,0.25,train_mean,marker_hvg_overlap,2226,2400,170,3.255118658043569e-07,,-0.0153055645647795,0.3000567257404327,0.1470105201005935,0.741306442263404,0.0411764705882352,0.9588235294117649,0.5,0.0358770913943442,0.1230294117647059
HHDX011,uni,3,y,low,0.25,coordinate,top50_hvg,2226,2400,50,0.0037539010192267,0.0035883092951884,-0.3225767313712276,0.5624980330467224,0.3687307238578796,0.703628561281204,0.1206396920835501,0.8791288072140117,0.499884249648781,0.1204972721236965,0.3310947816286176
HHDX011,uni,3,y,low,0.25,coordinate,top200_hvg,2226,2400,200,-0.0019355751281545,-0.0015243282538616,-0.1321112919614825,0.3203070759773254,0.1410471946001052,0.6966816107285316,0.0301599230208875,0.9697822018035028,0.4999710624121952,0.0301243180309241,0.1234187430583371
HHDX011,uni,3,y,low,0.25,coordinate,marker_hvg_overlap,2226,2400,170,-0.002674153708572,-0.0023910533434544,-0.1311086426220272,0.3274952471256256,0.1430675387382507,0.7167101416477424,0.0316091500728839,0.968164942873037,0.4998870464729604,0.0305459603521511,0.1234374597386848
HHDX011,uni,3,y,low,0.25,image,top50_hvg,2226,2400,50,0.2359737210301682,0.2076202750742281,-0.0840401900978758,0.4556973278522491,0.3415449857711792,0.7375846114159232,0.3133633744328053,0.7941495047209638,0.5537564395768846,0.3237902329879738,0.4208820540186713
HHDX011,uni,3,y,low,0.25,image,top200_hvg,2226,2400,200,0.0922557817338383,0.0795801271019598,-0.1897272120218258,0.2753501534461975,0.1479977816343307,0.7229183945603913,0.0790186804383125,0.9483818104450102,0.5137002454416614,0.0822170302097184,0.1581045551855305
HHDX011,uni,3,y,low,0.25,image,marker_hvg_overlap,2226,2400,170,0.0952610492980217,0.0810056147082963,-0.1254944656030548,0.2776524722576141,0.1480448842048645,0.743017707129813,0.0753290078609609,0.9522500278281546,0.5137895178445577,0.0809415054374277,0.1591013615883985
HHDX011,uni,3,y,low,0.25,spatial_knn,top50_hvg,2226,2400,50,-0.005883198151132,-0.0056184559152165,-0.1369280834496021,0.5256291627883911,0.3516213297843933,0.7094532640156727,0.1926926924620297,0.8024171425033342,0.497554917482682,0.2021858155053088,0.3340650077087885
HHDX011,uni,3,y,low,0.25,spatial_knn,top200_hvg,2226,2400,200,0.0005849659082321,0.0009170215354081,-0.1050520305696409,0.3061493635177612,0.1354144215583801,0.6982143749187256,0.0482945295368638,0.950513992005913,0.4994042607713885,0.0507628020639579,0.1235891885376865
HHDX011,uni,3,y,low,0.25,spatial_knn,marker_hvg_overlap,2226,2400,170,-6.420416591550526e-05,0.0004279925565832,-0.1055494279970469,0.3116953074932098,0.1364719867706298,0.7181682811264988,0.0468178862146139,0.9520821620848792,0.4994500241497466,0.0497236665674122,0.1238616783786549
HHDX011,uni,3,y,low,1.0,train_mean,top50_hvg,8903,2400,50,-2.3861232939736965e-07,,-0.0461981647127868,0.5051557421684265,0.3709610104560852,0.7288555897896892,0.18,0.82,0.5,0.1506107620366943,0.3331083333333333
HHDX011,uni,3,y,low,1.0,train_mean,top200_hvg,8903,2400,200,-5.5456809697762574e-08,,-0.014590922794713,0.2939821183681488,0.1464502960443496,0.7232138109549548,0.045,0.955,0.5,0.0376526905091735,0.1226208333333333
HHDX011,uni,3,y,low,1.0,train_mean,marker_hvg_overlap,8903,2400,170,-8.757401563135446e-08,,-0.0125227382396067,0.2995426952838897,0.1471038460731506,0.7412889469866535,0.0411764705882352,0.9588235294117649,0.5,0.0358770913943442,0.1230294117647059
HHDX011,uni,3,y,low,1.0,coordinate,top50_hvg,8903,2400,50,-0.0030438377638347,-0.0022086992256531,-0.612999374717474,0.6240084171295166,0.3969053626060486,0.6210282111755274,0.1053552288784921,0.8926724304133046,0.4990138296458983,0.1014757080314562,0.3289173350891608
HHDX011,uni,3,y,low,1.0,coordinate,top200_hvg,8903,2400,200,-0.0060397114899387,-0.0062502488747968,-0.2136606974523647,0.3478062450885772,0.1479572355747223,0.6278792045720578,0.026338807219623,0.9731681076033262,0.4997534574114746,0.025368927007864,0.1226286932898392
HHDX011,uni,3,y,low,1.0,coordinate,marker_hvg_overlap,8903,2400,170,-0.0068923840372008,-0.0070274874539191,-0.2115975918422597,0.3558926284313202,0.150487944483757,0.6550679956476068,0.030807106943006,0.9685607220746304,0.4996839145088182,0.0294991382253769,0.1223293418253919
HHDX011,uni,3,y,low,1.0,image,top50_hvg,8903,2400,50,0.2704783034976571,0.239454823338776,0.0005599047336727,0.4479356706142425,0.3340605795383453,0.7512766359947349,0.2814951286692596,0.8284128794767276,0.5549540040729937,0.3010040553973827,0.4373170310719336
HHDX011,uni,3,y,low,1.0,image,top200_hvg,8903,2400,200,0.1189124067889497,0.1023033181066261,-0.0913128609926207,0.2701830863952636,0.1411996036767959,0.7372298659415243,0.0708965407798763,0.957038678780368,0.5139676097801221,0.0762219408212641,0.1695308869577275
HHDX011,uni,3,y,low,1.0,image,marker_hvg_overlap,8903,2400,170,0.1206750328132115,0.1026861670639518,-0.0494934921303544,0.2730529606342315,0.1418325453996658,0.7552481225101741,0.0688079402561814,0.9590100164548888,0.5139089783555352,0.0756199135572505,0.1699287859037851
HHDX011,uni,3,y,low,1.0,spatial_knn,top50_hvg,8903,2400,50,-0.0098041397891938,-0.0108127762586247,-0.1337870982289314,0.5242729783058167,0.3542906045913696,0.7130740316206662,0.2148582777189033,0.7802662581667428,0.4975622679428231,0.2251319302337703,0.3322667944646654
HHDX011,uni,3,y,low,1.0,spatial_knn,top200_hvg,8903,2400,200,-0.0036523228816143,-0.003311293477289,-0.1096729943261016,0.3057124316692352,0.1370113641023636,0.7013706742168763,0.0538967900764626,0.9448596878864116,0.4993782389814371,0.056606593228112,0.1229154373621279
HHDX011,uni,3,y,low,1.0,spatial_knn,marker_hvg_overlap,8903,2400,170,-0.0046635856644483,-0.0042613612269336,-0.108970812128802,0.3109380304813385,0.1379943042993545,0.7213413580666185,0.0535995481297146,0.945468309931932,0.4995339290308234,0.0570713944625366,0.1232128957113018
HHDX011,uni2,0,x,high,0.05,train_mean,top50_hvg,446,2400,50,-8.443437401695064e-08,,-0.0137723508081035,0.4769745469093323,0.3565840125083923,0.7241367024307692,0.18,0.82,0.5,0.1447975962904332,0.3049083333333333
HHDX011,uni2,0,x,high,0.05,train_mean,top200_hvg,446,2400,200,-1.5291717151422192e-08,,-0.0077031987188092,0.2756686508655548,0.1398294121026992,0.713001436457079,0.045,0.955,0.5,0.0361993990726083,0.1094583333333333
HHDX011,uni2,0,x,high,0.05,train_mean,marker_hvg_overlap,446,2400,171,-1.5205129434549118e-07,,-0.008428082888979,0.2773587703704834,0.1387030184268951,0.731011248461801,0.0409356725146198,0.95906432748538,0.5,0.034069881841428,0.1072685185185185
HHDX011,uni2,0,x,high,0.05,coordinate,top50_hvg,446,2400,50,0.0050174103141762,0.0045824955156915,-0.0904818062204867,0.5088409781455994,0.360087901353836,0.7193974592613593,0.2969785049950083,0.7100913505959952,0.5035349277955017,0.221250630156182,0.2978424294489421
HHDX011,uni2,0,x,high,0.05,coordinate,top200_hvg,446,2400,200,0.0008810047792212,0.0009226702691865,-0.1052973949587612,0.2931374609470367,0.1490418910980224,0.7047105950458564,0.074244626248752,0.9275205524570428,0.5008825893528974,0.0553126575390455,0.1098457715758705
HHDX011,uni2,0,x,high,0.05,coordinate,marker_hvg_overlap,446,2400,171,0.0012235570649959,0.0016290959581819,-0.1117204103104182,0.2959528565406799,0.1477975249290466,0.7235586228191809,0.0678854746113001,0.93313555131834,0.50051051296482,0.0516546495239898,0.108800422016617
HHDX011,uni2,0,x,high,0.05,image,top50_hvg,446,2400,50,0.19365463424474,0.1704251889817002,-0.1217014856170863,0.4551999568939209,0.3348708748817444,0.7020800291725057,0.3304824339832399,0.7880150679962948,0.5592487509897673,0.3368314301467821,0.3774335151184612
HHDX011,uni2,0,x,high,0.05,image,top200_hvg,446,2400,200,0.0699758088822272,0.0597362097644051,-0.2344919527950696,0.2747179567813873,0.1550080776214599,0.677987046499593,0.0870433426714253,0.9455277831567912,0.5162855629141082,0.0907410230688405,0.1371825209856047
HHDX011,uni2,0,x,high,0.05,image,marker_hvg_overlap,446,2400,171,0.0702763313635379,0.0588490836811463,-0.2406146776132634,0.2736752033233642,0.1540474444627761,0.6995687043673936,0.0840539280501409,0.9481576621122236,0.5161057950811823,0.0883992481661612,0.1346199990297942
HHDX011,uni2,0,x,high,0.05,spatial_knn,top50_hvg,446,2400,50,0.064995506813284,0.0465333505410842,-0.1027693827242183,0.4850600957870483,0.3424116969108581,0.708558271209328,0.2577870340234177,0.7458462848513383,0.501816659437378,0.2225977703936205,0.3209517303624738
HHDX011,uni2,0,x,high,0.05,spatial_knn,top200_hvg,446,2400,200,0.0220097184947614,0.0152972525177055,-0.1443507806019988,0.2837143838405609,0.1354901641607284,0.6941526653264284,0.0645921073430637,0.9364077112487412,0.5004999092959025,0.0558981988173106,0.113828805676878
HHDX011,uni2,0,x,high,0.05,spatial_knn,marker_hvg_overlap,446,2400,171,0.0238337650394166,0.0161833186312893,-0.1499324308542622,0.284207135438919,0.1351070404052734,0.7138662690006339,0.0618480809025187,0.9391157558355387,0.5004819183690288,0.0546209612501866,0.1116507519718225
HHDX011,uni2,0,x,high,0.1,train_mean,top50_hvg,891,2400,50,-3.205458077459866e-07,,-0.0101898026008325,0.4758428931236267,0.3553203642368316,0.7249039692958331,0.18,0.82,0.5,0.1447975962904332,0.3049083333333333
HHDX011,uni2,0,x,high,0.1,train_mean,top200_hvg,891,2400,200,-6.063950363843773e-08,,-0.0066652388341339,0.2751431763172149,0.1399115622043609,0.7138512073837597,0.045,0.955,0.5,0.0361993990726083,0.1094583333333333
HHDX011,uni2,0,x,high,0.1,train_mean,marker_hvg_overlap,891,2400,171,-1.1835320888893108e-07,,-0.0074071270360747,0.2768012583255768,0.1386397033929824,0.7317854876044773,0.0409356725146198,0.95906432748538,0.5,0.034069881841428,0.1072685185185185
HHDX011,uni2,0,x,high,0.1,coordinate,top50_hvg,891,2400,50,0.046666074511595,0.0417374542272084,-0.041885046637617,0.4786850214004516,0.3386310636997223,0.7189702562009799,0.2094599231654788,0.7997200003767042,0.5045899617710914,0.1849939914376043,0.3184423104046637
HHDX011,uni2,0,x,high,0.1,coordinate,top200_hvg,891,2400,200,0.0171714436188631,0.0160182157768267,-0.0500829699300811,0.2780417799949646,0.1359205991029739,0.7062481808849204,0.0523649807913697,0.9499300000941762,0.5011474904427728,0.046248497859401,0.1162222083609704
HHDX011,uni2,0,x,high,0.1,coordinate,marker_hvg_overlap,891,2400,171,0.0193077511077866,0.017902196650513,-0.0510595039629965,0.278953343629837,0.1336884647607803,0.725219352300874,0.0450675157493407,0.957822492654375,0.5014450042018579,0.0417553702002206,0.1154257095988881
HHDX011,uni2,0,x,high,0.1,image,top50_hvg,891,2400,50,0.2165264147520065,0.1904055889204778,-0.0252386591059621,0.438660204410553,0.321315050125122,0.7190255624072778,0.3040230548069138,0.8123471790940736,0.5581851169504937,0.3209319050483683,0.3876312394975787
HHDX011,uni2,0,x,high,0.1,image,top200_hvg,891,2400,200,0.0809786056879966,0.0696610523422631,-0.1332653059679432,0.264288067817688,0.1435219943523407,0.6978214201316252,0.0786379411578923,0.9526210368735428,0.5156294890157177,0.0840690852826617,0.142588556805713
HHDX011,uni2,0,x,high,0.1,image,marker_hvg_overlap,891,2400,171,0.0805946219324785,0.0678947610789213,-0.1379462013368995,0.2635903060436249,0.1422557085752487,0.7185077626923574,0.0750530612450908,0.9552672398124544,0.5151601505287726,0.0812865854312569,0.140030602439016
HHDX011,uni2,0,x,high,0.1,spatial_knn,top50_hvg,891,2400,50,0.0120158376218751,0.0107640166362764,-0.1190046327072195,0.4951678514480591,0.3438005745410919,0.703602552875451,0.200594449948115,0.8040273835167452,0.5023109167324301,0.1899782861879935,0.3104116842969781
HHDX011,uni2,0,x,high,0.1,spatial_knn,top200_hvg,891,2400,200,0.0044153368698738,0.0033142701891297,-0.1523193631850881,0.2889151573181152,0.1369965523481369,0.6841931380565708,0.0502507759485672,0.9509198545783164,0.5005853152634419,0.0476638888682144,0.1113511256433413
HHDX011,uni2,0,x,high,0.1,spatial_knn,marker_hvg_overlap,891,2400,171,0.0055575878679957,0.0039213867550395,-0.1606853045809099,0.2905716896057129,0.1368385255336761,0.7038656859543154,0.0467570639577653,0.9538390257254212,0.5002980448415933,0.0443988658942758,0.1092464817453624
HHDX011,uni2,0,x,high,0.25,train_mean,top50_hvg,2228,2400,50,8.650379621318577e-07,,-0.0100237774595007,0.4760203957557678,0.3555259108543396,0.7248596582827279,0.18,0.82,0.5,0.1447975962904332,0.3049083333333333
HHDX011,uni2,0,x,high,0.25,train_mean,top200_hvg,2228,2400,200,2.1000208361154907e-07,,-0.0052318983378859,0.2751904129981994,0.1392858177423477,0.7138073350264393,0.045,0.955,0.5,0.0361993990726083,0.1094583333333333
HHDX011,uni2,0,x,high,0.25,train_mean,marker_hvg_overlap,2228,2400,171,1.9472055878103569e-07,,-0.0058098837744209,0.2768726646900177,0.1380525827407837,0.7316778502963184,0.0409356725146198,0.95906432748538,0.5,0.034069881841428,0.1072685185185185
HHDX011,uni2,0,x,high,0.25,coordinate,top50_hvg,2228,2400,50,0.0608840169972972,0.0516622221765291,-0.0383574178069829,0.4777277112007141,0.3557674884796142,0.7229888586450197,0.2482959975067617,0.7643407888163111,0.5063183931615363,0.2063189648158393,0.322421146565971
HHDX011,uni2,0,x,high,0.25,coordinate,top200_hvg,2228,2400,200,0.0211512697086072,0.0191283602512999,-0.0323416052464199,0.2768679559230804,0.1394769251346588,0.7107325508516021,0.0620739993766904,0.9410851972040776,0.501579598290384,0.0515797412039598,0.117162859415954
HHDX011,uni2,0,x,high,0.25,coordinate,marker_hvg_overlap,2228,2400,171,0.0210314865274016,0.0186444188195416,-0.0344438121576823,0.2784364521503448,0.1391547620296478,0.7290146429237713,0.057877598706925,0.9456883392868604,0.5017829689968928,0.0495787438610171,0.1149088429718883
HHDX011,uni2,0,x,high,0.25,image,top50_hvg,2228,2400,50,0.2476169939339161,0.2197858978338009,0.0516883162806334,0.4223414063453674,0.3095820844173431,0.737979144689173,0.2894548452341497,0.8307611091766524,0.560107977205401,0.3067407445784631,0.4015777779883268
HHDX011,uni2,0,x,high,0.25,image,top200_hvg,2228,2400,200,0.0982219442876521,0.0846413035669248,-0.0357896129926302,0.2540822029113769,0.1320466250181198,0.7199453296374416,0.0752616086039971,0.9575644075519444,0.5164130080779707,0.0800389064925375,0.1488289504040172
HHDX011,uni2,0,x,high,0.25,image,marker_hvg_overlap,2228,2400,171,0.0977418366914931,0.082393642913236,-0.0373849177423984,0.2531943321228027,0.1308004409074783,0.7390762724416886,0.0731892876573156,0.9592191980705564,0.5162042428639361,0.0785662185545479,0.1461730274820601
HHDX011,uni2,0,x,high,0.25,spatial_knn,top50_hvg,2228,2400,50,0.0298554106557276,0.0224440685766623,-0.1397679508663714,0.497813880443573,0.3554388284683227,0.6967533180738288,0.2356916292317446,0.7737825487573131,0.5047370889945288,0.2221158731451039,0.3156361949181068
HHDX011,uni2,0,x,high,0.25,spatial_knn,top200_hvg,2228,2400,200,0.0079530596127909,0.0057551026968183,-0.1526119211444165,0.2897252738475799,0.1385836601257324,0.6794753464825964,0.0598311450358766,0.9426491551133698,0.5012401500746233,0.0564086770211606,0.1126958169498692
HHDX011,uni2,0,x,high,0.25,spatial_knn,marker_hvg_overlap,2228,2400,171,0.0075560054005902,0.0056989966050331,-0.1563387159135584,0.2913268208503723,0.1394711285829544,0.7003170457438689,0.0589544806403967,0.9433708844573768,0.5011626825488869,0.0569949274228238,0.1104442371458384
HHDX011,uni2,0,x,high,1.0,train_mean,top50_hvg,8912,2400,50,-3.8881988952965683e-07,,-0.0086251411237753,0.4756816029548645,0.3542315065860748,0.7250876500095869,0.18,0.82,0.5,0.1447975962904332,0.3049083333333333
HHDX011,uni2,0,x,high,1.0,train_mean,top200_hvg,8912,2400,200,-1.1830372087295874e-07,,-0.0043196214696001,0.2750072479248047,0.1387629210948944,0.7141314302068481,0.045,0.955,0.5,0.0361993990726083,0.1094583333333333
HHDX011,uni2,0,x,high,1.0,train_mean,marker_hvg_overlap,8912,2400,171,-1.34366718879347e-07,,-0.0048221967483987,0.2766627073287964,0.1374684423208236,0.7320389627393573,0.0409356725146198,0.95906432748538,0.5,0.034069881841428,0.1072685185185185
HHDX011,uni2,0,x,high,1.0,coordinate,top50_hvg,8912,2400,50,0.058495918433764,0.0506605525853737,-0.0181891653797356,0.4779948890209198,0.3454809188842773,0.7234225419584777,0.219900043909285,0.7945789339705694,0.5072394889399272,0.1875333211191376,0.3257400174190356
HHDX011,uni2,0,x,high,1.0,coordinate,top200_hvg,8912,2400,200,0.0200903318787277,0.0167834146336168,-0.0165456877314863,0.2764812707901001,0.1337401866912841,0.7116025666414643,0.0549750109773212,0.9486447334926424,0.5018098722349819,0.0468833302797844,0.1178005378124485
HHDX011,uni2,0,x,high,1.0,coordinate,marker_hvg_overlap,8912,2400,171,0.0199533016780018,0.016332704607437,-0.0175930503787294,0.2782763540744781,0.1321878582239151,0.7298237972428891,0.0513827498468589,0.952536836283264,0.5019597930650616,0.0447443948158745,0.1154702005989199
HHDX011,uni2,0,x,high,1.0,image,top50_hvg,8912,2400,50,0.2827991296350955,0.2498070330042089,0.0959137144684791,0.4126941859722137,0.3002650141716003,0.7480361612922067,0.2733414045955936,0.8479806848186846,0.5606610447071391,0.2904352390858983,0.419097676942223
HHDX011,uni2,0,x,high,1.0,image,top200_hvg,8912,2400,200,0.1239726998077458,0.1060069760621183,0.0121289169920055,0.2483093440532684,0.1238933950662612,0.7318004061890072,0.0709250027882426,0.9619212988419312,0.5164231508150869,0.0758994460301754,0.1591338861485916
HHDX011,uni2,0,x,high,1.0,image,marker_hvg_overlap,8912,2400,171,0.1228787191514703,0.1029410838879661,0.0111486730056001,0.247306689620018,0.1222107410430908,0.7499398256227104,0.068339580674868,0.9638247952090728,0.5160821879419704,0.0740010501463976,0.1562933231603935
HHDX011,uni2,0,x,high,1.0,spatial_knn,top50_hvg,8912,2400,50,-0.0024943807069212,-0.0057187004503245,-0.2196212741732597,0.5314375758171082,0.3580845892429352,0.6744344391435938,0.2346985735132317,0.762340697732717,0.4985196356229743,0.2249108682401323,0.3070724927055227
HHDX011,uni2,0,x,high,1.0,spatial_knn,top200_hvg,8912,2400,200,-0.0029768512902766,-0.0033581730233272,-0.154898145836778,0.3038350343704223,0.1368006616830825,0.664236575295201,0.0595252839848499,0.939959337109851,0.4997423105473505,0.0575312938222408,0.1103314511861858
HHDX011,uni2,0,x,high,1.0,spatial_knn,marker_hvg_overlap,8912,2400,171,-0.0032251914429744,-0.0032416879968506,-0.158641860754997,0.3069269955158233,0.1366091519594192,0.6844200578668774,0.0596367308877473,0.9397893969429636,0.4997130639153556,0.0575401109699126,0.1081626447882004
HHDX011,uni2,1,y,high,0.05,train_mean,top50_hvg,447,2400,50,2.917890419951164e-07,,-0.1031420266321219,0.5923330187797546,0.4066446423530578,0.444589274109274,0.18,0.82,0.5,0.1210999915740229,0.2861083333333333
HHDX011,uni2,1,y,high,0.05,train_mean,top200_hvg,447,2400,200,6.333692379110682e-08,,-0.035399383910194,0.3430512249469757,0.1587852537631988,0.4750922027758153,0.045,0.955,0.5,0.0302749978935057,0.1162083333333333
HHDX011,uni2,1,y,high,0.05,train_mean,marker_hvg_overlap,447,2400,170,6.175761444644136e-08,,-0.0373151930191852,0.3523688614368438,0.1602640300989151,0.48577642211063,0.0411764705882352,0.9588235294117649,0.5,0.0281657714983354,0.1163480392156862
HHDX011,uni2,1,y,high,0.05,coordinate,top50_hvg,447,2400,50,-0.0371862812107428,-0.038581726826975,-0.2305923255952075,0.6473961472511292,0.4272196590900421,0.4270328369739903,0.3040351418608261,0.6929630053312741,0.4984990735960501,0.1808856283814444,0.2720791222643384
HHDX011,uni2,1,y,high,0.05,coordinate,top200_hvg,447,2400,200,-0.0146048528775683,-0.0151759161999997,-0.104762506440893,0.3690041303634643,0.1689120531082153,0.4585075079253115,0.0763121562517233,0.922522081256092,0.4994171187539078,0.0455799728324128,0.1141968664437318
HHDX011,uni2,1,y,high,0.05,coordinate,marker_hvg_overlap,447,2400,170,-0.0144518748511795,-0.0144957332561785,-0.1028449222638942,0.3796437680721283,0.1682033091783523,0.4688549801521693,0.0601837761539035,0.9388812486232536,0.4995325123885786,0.0387538405445188,0.1144761169718206
HHDX011,uni2,1,y,high,0.05,image,top50_hvg,447,2400,50,0.2093045004550367,0.1961854367613474,-0.0925290295667946,0.5010987520217896,0.3471401333808899,0.423563453622453,0.2713302759445311,0.8530134977522562,0.5621718868483937,0.2915400695536344,0.3896279968710124
HHDX011,uni2,1,y,high,0.05,image,top200_hvg,447,2400,200,0.0711076136048995,0.0665638936039129,-0.1694251285144128,0.3112317323684692,0.165655106306076,0.4290700605423059,0.0713924113610302,0.9616009493736136,0.516496680367322,0.0780649123836586,0.1516567637336477
HHDX011,uni2,1,y,high,0.05,image,marker_hvg_overlap,447,2400,170,0.0696919171219504,0.0641877403898503,-0.1651593167910023,0.3147313892841339,0.1670761555433273,0.4418432348127419,0.0691560355252914,0.9612217854869785,0.515188910506135,0.0748774247039323,0.1498032924887954
HHDX011,uni2,1,y,high,0.05,spatial_knn,top50_hvg,447,2400,50,0.0086318272362404,0.0054138997696093,-0.2599032650142908,0.6442622542381287,0.4197500348091125,0.4316862243480693,0.263755861971795,0.739244650556278,0.5015002562640366,0.2059737881847706,0.291481389172034
HHDX011,uni2,1,y,high,0.05,spatial_knn,top200_hvg,447,2400,200,0.0103461512704831,0.0084923248077647,-0.1406043062801472,0.3687854409217834,0.1628346145153045,0.4588818615208891,0.0673418918435721,0.9335248453731656,0.5004333686083688,0.0530472512072257,0.1195715095171505
HHDX011,uni2,1,y,high,0.05,spatial_knn,marker_hvg_overlap,447,2400,170,0.0085604479456045,0.0067370701865353,-0.1416572554886122,0.3789474070072174,0.1634383797645568,0.4707103501067359,0.0584693467410254,0.9419835405569412,0.5002264436489833,0.0479649889511714,0.1190910490974265
HHDX011,uni2,1,y,high,0.1,train_mean,top50_hvg,895,2400,50,-4.329276734293272e-07,,-0.1059438497707015,0.5952413082122803,0.4093342423439026,0.4455920243536445,0.2,0.8,0.5,0.1303110242873007,0.2861083333333333
HHDX011,uni2,1,y,high,0.1,train_mean,top200_hvg,895,2400,200,-9.580631096346393e-08,,-0.0348860207257621,0.3442979753017425,0.1593353897333145,0.4759271846006722,0.05,0.95,0.5,0.0325777560718251,0.1162083333333333
HHDX011,uni2,1,y,high,0.1,train_mean,marker_hvg_overlap,895,2400,170,-3.0154404711639035e-08,,-0.0376609854383787,0.3539723455905914,0.1610835045576095,0.4861751829817795,0.0470588235294117,0.9529411764705882,0.5,0.0308748987669466,0.1163480392156862
HHDX011,uni2,1,y,high,0.1,coordinate,top50_hvg,895,2400,50,-0.1166932028532028,-0.1171232342744927,-0.2774454582156613,0.661922812461853,0.4547190368175506,0.4395615346258281,0.3052187303975123,0.6800672549525675,0.4926429926750398,0.1866744167002055,0.24854849243195
HHDX011,uni2,1,y,high,0.1,coordinate,top200_hvg,895,2400,200,-0.0381757605095638,-0.0387455762095403,-0.103187663351855,0.3746144473552704,0.1790252327919006,0.4725506551635212,0.0763271545094904,0.919876148776505,0.4981016516429977,0.0467084448125015,0.1077557943004048
HHDX011,uni2,1,y,high,0.1,coordinate,marker_hvg_overlap,895,2400,170,-0.034123080723093,-0.0348570240273268,-0.0972022506440921,0.3830352127552032,0.1787118911743164,0.4822848777363768,0.0681322752811702,0.9305063472348676,0.4993193112580189,0.0426011542546234,0.1090550219912066
HHDX011,uni2,1,y,high,0.1,image,top50_hvg,895,2400,50,0.2431516296695917,0.2290741678325465,0.0029821569425985,0.4713632762432098,0.3341303169727325,0.5127981528407133,0.3041404257489565,0.8280632677608005,0.5661018467548785,0.3123320977943651,0.4069850019230262
HHDX011,uni2,1,y,high,0.1,image,top200_hvg,895,2400,200,0.0841819383577653,0.0796902396385255,-0.0853587316710036,0.2962554693222046,0.1561716943979263,0.5059341756482142,0.0766089811581693,0.9567882298723144,0.5166986055152418,0.0791527301160525,0.1560916862187047
HHDX011,uni2,1,y,high,0.1,image,marker_hvg_overlap,895,2400,170,0.0851718808197796,0.0799828851488574,-0.0835602274260429,0.2985791862010956,0.157208502292633,0.5172841597610076,0.0742009291850459,0.9578818404188144,0.5160413848019302,0.0766684835516947,0.1555043882565293
HHDX011,uni2,1,y,high,0.1,spatial_knn,top50_hvg,895,2400,50,0.006905203894712,0.0054730459341094,-0.2410999921709299,0.6321285367012024,0.4255121052265167,0.4344203215009374,0.2722658041919016,0.730240333722252,0.5012530689570768,0.2213708497410783,0.2915033245517599
HHDX011,uni2,1,y,high,0.1,spatial_knn,top200_hvg,895,2400,200,0.0011426969226256,0.0002291199369157,-0.1425966131803579,0.3641272783279419,0.1652020066976547,0.4618349454890341,0.0691949787672706,0.931192399453983,0.5001936891106269,0.0567783829837725,0.1181777501782816
HHDX011,uni2,1,y,high,0.1,spatial_knn,marker_hvg_overlap,895,2400,170,0.001008628582562,0.0002276307327868,-0.1401560923933763,0.3729073107242584,0.165858507156372,0.4745303789672827,0.0632109721404508,0.9379972014832096,0.5006040868118302,0.0525719556107949,0.1183318841289958
HHDX011,uni2,1,y,high,0.25,train_mean,top50_hvg,2237,2400,50,-4.08612421196608e-07,,-0.0916673749608162,0.5874961614608765,0.4034759104251861,0.4474776723713197,0.18,0.82,0.5,0.1210999915740229,0.2861083333333333
HHDX011,uni2,1,y,high,0.25,train_mean,top200_hvg,2237,2400,200,-1.355088770027546e-07,,-0.0305491050888213,0.340872049331665,0.1575439274311065,0.4770860140124994,0.045,0.955,0.5,0.0302749978935057,0.1162083333333333
HHDX011,uni2,1,y,high,0.25,train_mean,marker_hvg_overlap,2237,2400,170,-1.3559346661290765e-07,,-0.0326855279363585,0.3500197529792785,0.1593561470508575,0.4875561168140338,0.0411764705882352,0.9588235294117649,0.5,0.0281657714983354,0.1163480392156862
HHDX011,uni2,1,y,high,0.25,coordinate,top50_hvg,2237,2400,50,-0.099160010414198,-0.1017353016318107,-0.2080599275231361,0.643487811088562,0.4346476793289184,0.4390976552335685,0.2652853485427753,0.7191184164853689,0.4922018825140721,0.1685387993124602,0.2521406243314902
HHDX011,uni2,1,y,high,0.25,coordinate,top200_hvg,2237,2400,200,-0.0289257272879331,-0.0296190987162604,-0.1090043373042863,0.3665270805358886,0.1731866151094436,0.4690856702480792,0.06633257309075,0.9296568419730046,0.4979947075318773,0.0421549427430948,0.109810412391024
HHDX011,uni2,1,y,high,0.25,coordinate,marker_hvg_overlap,2237,2400,170,-0.0287148393593858,-0.0290520377621859,-0.0965882835622966,0.376873254776001,0.1727844625711441,0.4790242601342051,0.0552606072626617,0.941176900102064,0.4982187536823629,0.0372518441839456,0.1102481868974701
HHDX011,uni2,1,y,high,0.25,image,top50_hvg,2237,2400,50,0.2713512228429317,0.2516932685216507,0.065274156795931,0.4574925005435943,0.3195757269859314,0.5348673448676999,0.2529529968913505,0.8742978911808983,0.5636254440361244,0.2699276785117243,0.420662218505369
HHDX011,uni2,1,y,high,0.25,image,top200_hvg,2237,2400,200,0.1123490619659423,0.1034250898610317,-0.0521311716231139,0.2877252697944641,0.1459482461214065,0.5296847661804645,0.0642085573460869,0.968109349765732,0.5161589535559095,0.0681018853747044,0.1673970412450423
HHDX011,uni2,1,y,high,0.25,image,marker_hvg_overlap,2237,2400,170,0.1109838839250561,0.1010097763045045,-0.0376123217710889,0.2905860245227813,0.1472835540771484,0.5376461832141184,0.0623980995823382,0.968266890677542,0.5153324951299402,0.0660025025437763,0.1656398143729144
HHDX011,uni2,1,y,high,0.25,spatial_knn,top50_hvg,2237,2400,50,-0.0042111286474391,-0.0081317509455022,-0.2240700984001159,0.6346858143806458,0.4173030853271484,0.4330542017596416,0.2547274211400669,0.7448085133046699,0.4997679672223684,0.2175118155854843,0.2866951197971004
HHDX011,uni2,1,y,high,0.25,spatial_knn,top200_hvg,2237,2400,200,-0.002618167044954,-0.0028937565401104,-0.2339968529203906,0.3661408722400665,0.162177175283432,0.4576689576274232,0.0658961612102456,0.9345628146706058,0.5002294879404258,0.0561873668283712,0.1168871027480463
HHDX011,uni2,1,y,high,0.25,spatial_knn,marker_hvg_overlap,2237,2400,170,-0.0020997285753,-0.0023339391952584,-0.1979232365210705,0.3758132457733154,0.1632247120141983,0.4693472385651587,0.0619513015379019,0.9388727586070325,0.5004120300724673,0.0529534896205943,0.117001400943925
HHDX011,uni2,1,y,high,1.0,train_mean,top50_hvg,8948,2400,50,8.572514751037375e-07,,-0.0970968907089172,0.5906395316123962,0.4066059291362762,0.4468192111681907,0.18,0.82,0.5,0.1210999915740229,0.2861083333333333
HHDX011,uni2,1,y,high,1.0,train_mean,top200_hvg,8948,2400,200,2.446010019829803e-07,,-0.0315593595694167,0.3421954810619354,0.1587889343500137,0.4769829120017035,0.045,0.955,0.5,0.0302749978935057,0.1162083333333333
HHDX011,uni2,1,y,high,1.0,train_mean,marker_hvg_overlap,8948,2400,170,2.707534308610913e-07,,-0.0337256107205682,0.3514973819255829,0.1605189442634582,0.4874114817938362,0.0411764705882352,0.9588235294117649,0.5,0.0281657714983354,0.1163480392156862
HHDX011,uni2,1,y,high,1.0,coordinate,top50_hvg,8948,2400,50,-0.1260577962175011,-0.1268514065001241,-0.2903115323372185,0.6641568541526794,0.4601915180683136,0.4362915243989883,0.3254025275842812,0.6615821576299317,0.4934923426071064,0.1952265590325032,0.2456612483636228
HHDX011,uni2,1,y,high,1.0,coordinate,top200_hvg,8948,2400,200,-0.0397021407989086,-0.039836914581445,-0.1090462875509274,0.375174731016159,0.184133768081665,0.4707717713099282,0.0813506318960703,0.9153597337808844,0.4983551828384774,0.0488066397581258,0.1066350370151803
HHDX011,uni2,1,y,high,1.0,coordinate,marker_hvg_overlap,8948,2400,170,-0.0379134404774317,-0.0377418570158353,-0.1001274918184315,0.385698914527893,0.1842126846313476,0.4800248204546718,0.0712558816069998,0.9259122384814946,0.4985840600442473,0.0442250937915705,0.1072924504777891
HHDX011,uni2,1,y,high,1.0,image,top50_hvg,8948,2400,50,0.3179258526861667,0.2935341968084438,0.101423526635408,0.4492199122905731,0.3135107159614563,0.5485183984485499,0.2574198150492242,0.8745577680921456,0.5659887915706849,0.2722211418028062,0.4493909387197879
HHDX011,uni2,1,y,high,1.0,image,top200_hvg,8948,2400,200,0.1448753765912261,0.1328192732817849,-0.0090256607881565,0.282705157995224,0.1398704051971435,0.5476829252980143,0.0655070800673735,0.9682764784308704,0.516891779249122,0.0690497901643308,0.1821170775125643
HHDX011,uni2,1,y,high,1.0,image,marker_hvg_overlap,8948,2400,170,0.1451288878958782,0.1321353133045789,0.0046750516169327,0.2853932380676269,0.1412980705499649,0.5560510894225833,0.0634292579153717,0.9683198223179004,0.5158745401166361,0.0669093275293157,0.1810844361511883
HHDX011,uni2,1,y,high,1.0,spatial_knn,top50_hvg,8948,2400,50,0.0012420580186881,-0.001566619523266,-0.2938928591459989,0.6431277990341187,0.4238843023777008,0.4222413635250928,0.2757193622174043,0.7286529662056916,0.5021861642115479,0.2360756377360723,0.2876955172440219
HHDX011,uni2,1,y,high,1.0,spatial_knn,top200_hvg,8948,2400,200,-0.0001148162119352,-0.0002169655699945,-0.3813824358209967,0.3713981807231903,0.1672087460756302,0.4483592298232763,0.0712930144258006,0.9296908728004512,0.5004919436131259,0.0620286205594517,0.11745100636419
HHDX011,uni2,1,y,high,1.0,spatial_knn,marker_hvg_overlap,8948,2400,170,0.0007477108716985,0.0002809488882712,-0.2885857653749339,0.3789353370666504,0.1677907109260559,0.4616163953182277,0.0660904607132023,0.9350585932870488,0.5005745270001256,0.0585760235607918,0.117586198481293
HHDX011,uni2,2,x,low,0.05,train_mean,top50_hvg,446,2400,50,-1.0633497457490649e-06,,-0.0090096182149272,0.5014491677284241,0.3646308481693268,0.6752747853066391,0.18,0.82,0.5,0.1451177623665971,0.3205916666666667
HHDX011,uni2,2,x,low,0.05,train_mean,top200_hvg,446,2400,200,-2.5904257448639e-07,,-0.004847139591109,0.2950272560119629,0.1443876773118972,0.6807492775014786,0.045,0.955,0.5,0.0362794405916492,0.11976875
HHDX011,uni2,2,x,low,0.05,train_mean,marker_hvg_overlap,446,2400,169,-3.0231914833729705e-07,,-0.0048632435176193,0.2990195751190185,0.1446032673120498,0.6965126451731097,0.0414201183431952,0.9585798816568049,0.5,0.0343864848350801,0.1190532544378698
HHDX011,uni2,2,x,low,0.05,coordinate,top50_hvg,446,2400,50,0.1067651937669143,0.0875793569957236,-0.0011309927201364,0.491321861743927,0.3723191022872925,0.6828677761841937,0.2426335997935579,0.7748560621146029,0.5087448309540804,0.1988716006043639,0.3561348807432827
HHDX011,uni2,2,x,low,0.05,coordinate,top200_hvg,446,2400,200,0.0495228384148504,0.0405623983224329,-0.0207551369549764,0.2915222644805908,0.1526990830898285,0.6844564323080946,0.0606583999483894,0.9437140155286506,0.5021862077385201,0.0497179001510909,0.1415432856947626
HHDX011,uni2,2,x,low,0.05,coordinate,marker_hvg_overlap,446,2400,169,0.0493143544209977,0.0390300178059746,-0.0207551175736362,0.2949674725532532,0.1532876193523407,0.6996590238437541,0.0599633410388771,0.9451817638194512,0.5025725524291641,0.0502877956747806,0.1410910392418222
HHDX011,uni2,2,x,low,0.05,image,top50_hvg,446,2400,50,0.2133525441214442,0.1889381924600533,-0.0227132248692214,0.4589751362800598,0.3396859467029571,0.6911067911242329,0.3435037859133257,0.7790264765555165,0.5612651312344211,0.3534093169514173,0.4024179621550749
HHDX011,uni2,2,x,low,0.05,image,top200_hvg,446,2400,200,0.0847300175787131,0.0706519291125281,-0.1211976795224472,0.2827216386795044,0.1573522835969925,0.6791604908767234,0.0921390858116902,0.943806173705096,0.5179726297583931,0.0970815730556454,0.156309707480352
HHDX011,uni2,2,x,low,0.05,image,marker_hvg_overlap,446,2400,169,0.0877534465123315,0.0715822471968299,-0.1159655509527618,0.2830972373485565,0.1567160189151764,0.6985283250647384,0.0911606279805711,0.945689546034459,0.5184250870075151,0.0963489661113281,0.1564915431911804
HHDX011,uni2,2,x,low,0.05,spatial_knn,top50_hvg,446,2400,50,0.0562143268482759,0.0461059650051805,-0.1102571299485862,0.516560435295105,0.3835023939609527,0.6617501967570327,0.3475381846538116,0.6768124111720948,0.5121752979129532,0.2933254598252104,0.3395032819217329
HHDX011,uni2,2,x,low,0.05,spatial_knn,top200_hvg,446,2400,200,0.0215338006699987,0.0173842660513296,-0.1268864088482223,0.3068994581699371,0.1569630205631256,0.6632550321843398,0.0883063166215074,0.917435703682254,0.5028710101518807,0.0744249326405992,0.1256495702360344
HHDX011,uni2,2,x,low,0.05,spatial_knn,marker_hvg_overlap,446,2400,169,0.0224339268748245,0.0176683108456229,-0.1242972215880039,0.3105312287807464,0.157287985086441,0.680940002545946,0.0898091531369916,0.9159435986085304,0.502876375872761,0.0743080827585905,0.1248555368664821
HHDX011,uni2,2,x,low,0.1,train_mean,top50_hvg,893,2400,50,-4.667452340711975e-07,,-0.0032552717557564,0.5002036690711975,0.3661065697669983,0.6761416054286095,0.18,0.82,0.5,0.1451177623665971,0.3205916666666667
HHDX011,uni2,2,x,low,0.1,train_mean,top200_hvg,893,2400,200,-8.739546433763486e-08,,-0.0027746046592562,0.2944451570510864,0.145480141043663,0.6815066571857581,0.045,0.955,0.5,0.0362794405916492,0.11976875
HHDX011,uni2,2,x,low,0.1,train_mean,marker_hvg_overlap,893,2400,169,-1.7683672401612294e-07,,-0.002779609145053,0.2984665036201477,0.1460421830415725,0.6971776944652326,0.0414201183431952,0.9585798816568049,0.5,0.0343864848350801,0.1190532544378698
HHDX011,uni2,2,x,low,0.1,coordinate,top50_hvg,893,2400,50,0.130978092639707,0.102809338453872,0.0091911998123396,0.4866219460964203,0.3593498170375824,0.685194598335244,0.252608315846896,0.7733621150188946,0.5129852154328954,0.2090525182789366,0.3617433768946925
HHDX011,uni2,2,x,low,0.1,coordinate,top200_hvg,893,2400,200,0.0664299253507488,0.0535520003358326,-0.0123501371026759,0.2891892194747925,0.1460765302181244,0.6873858585343472,0.063152078961724,0.9433405287547236,0.5032463038582238,0.0522631295697341,0.1465927840818763
HHDX011,uni2,2,x,low,0.1,coordinate,marker_hvg_overlap,893,2400,169,0.0683534799022951,0.0539072307913266,-0.0128665174392336,0.2925802171230316,0.147098496556282,0.7028311317777722,0.0636057517582332,0.9437993974146798,0.5037025745864566,0.0534301797308664,0.1468298341990827
HHDX011,uni2,2,x,low,0.1,image,top50_hvg,893,2400,50,0.2445421428978443,0.2129851362181055,0.0455326235410757,0.4444296360015869,0.3286753594875335,0.7122886636020849,0.3441047730908907,0.7907143396522058,0.5674095563715483,0.3495641033480466,0.4201496082479991
HHDX011,uni2,2,x,low,0.1,image,top200_hvg,893,2400,200,0.1060519711755478,0.0864723557383533,-0.0763261414028238,0.2738341093063354,0.1482624113559723,0.7004671894005635,0.0897280124404768,0.9471181820078912,0.5184230972241839,0.0932731428309364,0.1662312943928511
HHDX011,uni2,2,x,low,0.1,image,marker_hvg_overlap,893,2400,169,0.1092534234400972,0.0874209767471675,-0.0634053769678472,0.2745591998100281,0.1482989639043808,0.7169442586025495,0.0896437112779636,0.9480772981620248,0.5188605047199942,0.0933900163826653,0.1669207455585257
HHDX011,uni2,2,x,low,0.1,spatial_knn,top50_hvg,893,2400,50,0.1075506338686682,0.0935229096951901,-0.0726823186990805,0.5040416121482849,0.3623005151748657,0.6716565058150931,0.3061468127919401,0.7321373213223468,0.5191420670571435,0.2796093578198046,0.3545088702060741
HHDX011,uni2,2,x,low,0.1,spatial_knn,top200_hvg,893,2400,200,0.0476088440509989,0.0426305339188472,-0.1084108596405712,0.3001917600631714,0.1466151922941208,0.6701930834743325,0.0775516604629423,0.9323642507569264,0.5049579556099343,0.071040515211902,0.1334279445872976
HHDX011,uni2,2,x,low,0.1,spatial_knn,marker_hvg_overlap,893,2400,169,0.0481841989731529,0.0423430234951631,-0.1118645223970773,0.3030853867530823,0.1474680304527282,0.6873467734183456,0.0774349312213977,0.9334781722351276,0.5054565517282626,0.070683918396649,0.1335562058583901
HHDX011,uni2,2,x,low,0.25,train_mean,top50_hvg,2232,2400,50,9.683686316819265e-07,,-0.0041577308224987,0.5003527998924255,0.3654287457466125,0.6756960703631921,0.18,0.82,0.5,0.1451177623665971,0.3205916666666667
HHDX011,uni2,2,x,low,0.25,train_mean,top200_hvg,2232,2400,200,2.7298917801621416e-07,,-0.0028510957535729,0.2945187091827392,0.1446079760789871,0.6812647020868584,0.045,0.955,0.5,0.0362794405916492,0.11976875
HHDX011,uni2,2,x,low,0.25,train_mean,marker_hvg_overlap,2232,2400,169,3.1044347405965724e-07,,-0.0028889216486258,0.2985590398311615,0.1451173573732376,0.6969654196534733,0.0414201183431952,0.9585798816568049,0.5,0.0343864848350801,0.1190532544378698
HHDX011,uni2,2,x,low,0.25,coordinate,top50_hvg,2232,2400,50,0.1213914998620748,0.0970168392290846,-0.0004568560578627,0.4933434128761291,0.3591283559799194,0.6863691887607759,0.2388332088616964,0.7846593495559943,0.5117462792088453,0.1982256284900812,0.3613082128767041
HHDX011,uni2,2,x,low,0.25,coordinate,top200_hvg,2232,2400,200,0.0666891002090415,0.0534002320398007,-0.0064237945310492,0.2915209531784057,0.1466367989778518,0.6890402801761714,0.0597083022154241,0.9461648373889986,0.5029365698022112,0.0495564071225203,0.1437718081698509
HHDX011,uni2,2,x,low,0.25,coordinate,marker_hvg_overlap,2232,2400,169,0.0679757102749437,0.053915242546604,-0.006579485784765,0.2952070832252502,0.1474125981330871,0.7043185398848194,0.0590997696823231,0.9475899189600832,0.5033448443212033,0.0499701437111091,0.1436128468984341
HHDX011,uni2,2,x,low,0.25,image,top50_hvg,2232,2400,50,0.2831292298436165,0.2451970880888884,0.0980941278673708,0.4312336444854736,0.3184684813022613,0.7306057095222543,0.3131987741349666,0.820085647524266,0.5666422108296164,0.3291252460653037,0.4391924704562761
HHDX011,uni2,2,x,low,0.25,image,top200_hvg,2232,2400,200,0.1295952687493991,0.1047630657590314,-0.0100574552773468,0.2657321095466614,0.1391693502664566,0.7207278205865684,0.0826798777081747,0.9548829171317368,0.5187813974199558,0.0877273855421154,0.17742718229583
HHDX011,uni2,2,x,low,0.25,image,marker_hvg_overlap,2232,2400,169,0.1323488570829666,0.10485914653611,-0.0006947622037066,0.2662911713123321,0.1392652690410614,0.7369183492994247,0.082621113905063,0.9560736897527844,0.5193474018289237,0.0885018154699412,0.177666010225919
HHDX011,uni2,2,x,low,0.25,spatial_knn,top50_hvg,2232,2400,50,0.093325748774223,0.0820449329309119,-0.0731577627221122,0.5025745630264282,0.3606140613555908,0.665922115015516,0.2954029660304565,0.7422304431272715,0.5188167045788641,0.2816024103351491,0.3540432341760355
HHDX011,uni2,2,x,low,0.25,spatial_knn,top200_hvg,2232,2400,200,0.0424218201112514,0.0379117526177073,-0.0950675113650504,0.2999651432037353,0.1462919265031814,0.6654865309536884,0.077996891841266,0.9328485269051718,0.505422709373219,0.0741666418729458,0.1313308231983763
HHDX011,uni2,2,x,low,0.25,spatial_knn,marker_hvg_overlap,2232,2400,169,0.0469476100480393,0.0417752121594609,-0.0944502721278867,0.3033765852451324,0.1463645845651626,0.6832281954576683,0.0737627556837165,0.9364027222308854,0.5050827389573009,0.0711318431674647,0.1310688816950218
HHDX011,uni2,2,x,low,1.0,train_mean,top50_hvg,8928,2400,50,4.789204770005995e-07,,-0.0036363007060663,0.5002087354660034,0.3657086491584778,0.675844819213744,0.18,0.82,0.5,0.1451177623665971,0.3205916666666667
HHDX011,uni2,2,x,low,1.0,train_mean,top200_hvg,8928,2400,200,1.4908847161709818e-07,,-0.002788907881229,0.294443815946579,0.1448932737112045,0.6814093172600026,0.045,0.955,0.5,0.0362794405916492,0.11976875
HHDX011,uni2,2,x,low,1.0,train_mean,marker_hvg_overlap,8928,2400,169,4.778050706699349e-08,,-0.0028239467925667,0.2984852790832519,0.1452580392360687,0.6970887978509673,0.0414201183431952,0.9585798816568049,0.5,0.0343864848350801,0.1190532544378698
HHDX011,uni2,2,x,low,1.0,coordinate,top50_hvg,8928,2400,50,0.1112778279109625,0.096722885336087,0.002513631239999,0.4982795715332031,0.3636364936828613,0.6867796472852206,0.2209611313211436,0.8026680520532133,0.5118145916871785,0.1920774356701179,0.3616365368948349
HHDX011,uni2,2,x,low,1.0,coordinate,top200_hvg,8928,2400,200,0.0700847572344667,0.0586499558002475,-0.0184796674003126,0.2934841215610504,0.149789422750473,0.6895934717932445,0.0552402828302859,0.9506670130133034,0.5029536479217946,0.0480193589175294,0.1465309110155555
HHDX011,uni2,2,x,low,1.0,coordinate,marker_hvg_overlap,8928,2400,169,0.0732839382705152,0.0605646729550016,-0.0140249765605994,0.297495037317276,0.150320678949356,0.7048842851352431,0.0564501375491403,0.950019172223382,0.5032346548862611,0.0490735370876621,0.1465721643017488
HHDX011,uni2,2,x,low,1.0,image,top50_hvg,8928,2400,50,0.3172925125062465,0.2750944583792147,0.129305102371145,0.4235492646694183,0.3138217628002167,0.7413068203911826,0.3079189271075121,0.829855258850148,0.56888709297883,0.3229576332046716,0.4570457768635473
HHDX011,uni2,2,x,low,1.0,image,top200_hvg,8928,2400,200,0.1620888043071681,0.1299752877874091,-0.0026236850621535,0.2612376511096954,0.1344171464443206,0.7319583796547765,0.0822806438023639,0.9572283098419212,0.5197544768221426,0.0872397404063387,0.1919954606799394
HHDX011,uni2,2,x,low,1.0,image,marker_hvg_overlap,8928,2400,169,0.1658447714453682,0.130709876872604,0.0126572714751026,0.2616879343986511,0.1341039389371872,0.7479311800383341,0.0816002182291831,0.95895365115603,0.5202769346926066,0.0876116319302143,0.1923042090308386
HHDX011,uni2,2,x,low,1.0,spatial_knn,top50_hvg,8928,2400,50,0.0938122547950479,0.0799413398853849,-0.0944550481438636,0.5115945935249329,0.356235146522522,0.6660339061911024,0.2754869440933551,0.7770490557726424,0.5262679999329988,0.2764967434512616,0.3492968812328026
HHDX011,uni2,2,x,low,1.0,spatial_knn,top200_hvg,8928,2400,200,0.0326084756901415,0.0282360107865228,-0.0943015967891551,0.3030296862125397,0.1410185247659683,0.6636763330622246,0.0702412320542315,0.9438013749561796,0.5070213035052056,0.0704784600373226,0.1313734246331249
HHDX011,uni2,2,x,low,1.0,spatial_knn,marker_hvg_overlap,8928,2400,169,0.0308309376234102,0.0258655092193157,-0.0913904683785678,0.3060232102870941,0.1408229619264602,0.6821686105943627,0.0693599204442752,0.9441457898107156,0.5067528551274956,0.0688249383924528,0.1305169681885483
HHDX011,uni2,3,y,low,0.05,train_mean,top50_hvg,445,2400,50,-3.417637288549713e-07,,-0.0455882755004131,0.5023159980773926,0.3671377897262573,0.7298360149264519,0.18,0.82,0.5,0.1506107620366943,0.3331083333333333
HHDX011,uni2,3,y,low,0.05,train_mean,top200_hvg,445,2400,200,-6.861636379085211e-08,,-0.0164639784195546,0.2928338944911957,0.1450312882661819,0.7237533500909099,0.045,0.955,0.5,0.0376526905091735,0.1226208333333333
HHDX011,uni2,3,y,low,0.05,train_mean,marker_hvg_overlap,445,2400,170,-1.028002441342203e-09,,-0.0125825890830753,0.2980479896068573,0.1452671140432357,0.7423398447628458,0.0411764705882352,0.9588235294117649,0.5,0.0358770913943442,0.1230294117647059
HHDX011,uni2,3,y,low,0.05,coordinate,top50_hvg,445,2400,50,0.0017262630019104,0.0033506249852445,-0.051636077586445,0.5033178329467773,0.3512713611125946,0.7294433679139685,0.1729321025090316,0.8284618797170299,0.5006969911130308,0.1536019478879272,0.3308910634189233
HHDX011,uni2,3,y,low,0.05,coordinate,top200_hvg,445,2400,200,-0.0005788389719964,0.0001148253875151,-0.0481086965400754,0.294479489326477,0.1372098624706268,0.7196522640708497,0.0432330256272579,0.9571154699292574,0.5001742477782577,0.0384004869719818,0.1232270292325223
HHDX011,uni2,3,y,low,0.05,coordinate,marker_hvg_overlap,445,2400,170,-0.0015779770107816,-0.0009678558057381,-0.0434863960318205,0.2995009124279022,0.137457475066185,0.738083322980542,0.0429044251329337,0.9575119210007128,0.5002081730668232,0.0384194031506423,0.1234797140541589
HHDX011,uni2,3,y,low,0.05,image,top50_hvg,445,2400,50,0.1733976338244974,0.1532886489409069,-0.1847838224843144,0.4755525290966034,0.3544707894325256,0.7179002227145883,0.3631929079386743,0.7327596966299116,0.547976302284293,0.356068369675545,0.393820944329216
HHDX011,uni2,3,y,low,0.05,image,top200_hvg,445,2400,200,0.0582550871150306,0.0514699675645593,-0.3365015840157866,0.2898676693439483,0.1655322760343551,0.6974469090819764,0.0929902564301751,0.931395590220011,0.512192923325093,0.0926417605815596,0.1444260828416467
HHDX011,uni2,3,y,low,0.05,image,marker_hvg_overlap,445,2400,170,0.0593038903390954,0.0519636470610059,-0.2640121642390595,0.2912488579750061,0.1646868139505386,0.7190948741896704,0.0894240197924468,0.934933182761276,0.5121786012768614,0.0917830009732745,0.1447492167325632
HHDX011,uni2,3,y,low,0.05,spatial_knn,top50_hvg,445,2400,50,0.012573859438167,0.0079912118983905,-0.1187780186440795,0.514644980430603,0.3539130985736847,0.7167803107873595,0.2212058918792782,0.7837134250853274,0.5024596584823029,0.2217674798987476,0.3381044546015568
HHDX011,uni2,3,y,low,0.05,spatial_knn,top200_hvg,445,2400,200,0.0019624847611893,0.0009175231904014,-0.1085467745398637,0.3015282452106476,0.1377627551555633,0.7053663320346129,0.0553014729698195,0.9459142738310276,0.5006078734004237,0.0554418699746869,0.1241137707785022
HHDX011,uni2,3,y,low,0.05,spatial_knn,marker_hvg_overlap,445,2400,170,0.001348767647775,3.723607606733781e-05,-0.0997866959954776,0.3063461780548095,0.1377107501029968,0.7253280770330062,0.0530599257347417,0.9474671737054468,0.5002635497200943,0.0533333818428351,0.1242249660154731
HHDX011,uni2,3,y,low,0.1,train_mean,top50_hvg,890,2400,50,-3.3265303882146215e-07,,-0.038419615353323,0.5029419660568237,0.3674574196338653,0.7294628240391978,0.18,0.82,0.5,0.1506107620366943,0.3331083333333333
HHDX011,uni2,3,y,low,0.1,train_mean,top200_hvg,890,2400,200,-6.674416661051064e-08,,-0.0126664204947246,0.2930936813354492,0.144331693649292,0.7235805362623446,0.045,0.955,0.5,0.0376526905091735,0.1226208333333333
HHDX011,uni2,3,y,low,0.1,train_mean,marker_hvg_overlap,890,2400,170,-1.4891335760896746e-08,,-0.0110452172973215,0.298517107963562,0.14473856985569,0.7416107111963726,0.0411764705882352,0.9588235294117649,0.5,0.0358770913943442,0.1230294117647059
HHDX011,uni2,3,y,low,0.1,coordinate,top50_hvg,890,2400,50,-0.0009345213908818,-0.0012671053488509,-0.1096827923716046,0.511162519454956,0.3548051714897156,0.7263606255815854,0.174581720348916,0.8270869637478756,0.5008343420483959,0.1603904234798436,0.3287533270532631
HHDX011,uni2,3,y,low,0.1,coordinate,top200_hvg,890,2400,200,-0.0034620951841498,-0.0034225287854582,-0.0544277250831146,0.2976045608520508,0.1392191499471664,0.7170838180666732,0.043645430087229,0.9567717409369688,0.500208585512099,0.0400976058699609,0.1224094852992965
HHDX011,uni2,3,y,low,0.1,coordinate,marker_hvg_overlap,890,2400,170,-0.0036776574182166,-0.0036707150841989,-0.0552423750439415,0.3031332790851593,0.1402635723352432,0.7351756944594491,0.0424311870843656,0.95786187616705,0.5001465316257079,0.0397593126463462,0.1228987371471044
HHDX011,uni2,3,y,low,0.1,image,top50_hvg,890,2400,50,0.194650980848819,0.1705098163637728,-0.0961007903865538,0.4659727811813354,0.3419382274150848,0.7273460117015004,0.2992497026227473,0.794778849686468,0.5470142761546076,0.3138295540123568,0.4024172693158202
HHDX011,uni2,3,y,low,0.1,image,top200_hvg,890,2400,200,0.0729910068932804,0.0629793617407242,-0.1727804925193777,0.2816566824913025,0.1534055769443512,0.7097984716487554,0.0758994124240874,0.9482282956535566,0.512063854038822,0.0803569940073308,0.150048700957516
HHDX011,uni2,3,y,low,0.1,image,marker_hvg_overlap,890,2400,170,0.075801490385236,0.0649823055305827,-0.1424763318582657,0.2840517163276672,0.1540077775716781,0.7300412569411637,0.0761611640037464,0.948788100416645,0.5124746322101956,0.0814196914181863,0.1509782459455723
HHDX011,uni2,3,y,low,0.1,spatial_knn,top50_hvg,890,2400,50,0.0050949161476455,0.0032931125541278,-0.115934614315629,0.5174819231033325,0.3573063910007477,0.7115311031958795,0.2312086371942207,0.768912827496492,0.5000607323453565,0.235777609263719,0.3352584291597957
HHDX011,uni2,3,y,low,0.1,spatial_knn,top200_hvg,890,2400,200,0.0001844991168835,-0.0005320251320007,-0.1062601282878313,0.3029594719409942,0.1392039209604263,0.7002396557078742,0.0578173108137067,0.9421939362733216,0.5000056235435141,0.0589745227978574,0.1236011402389372
HHDX011,uni2,3,y,low,0.1,spatial_knn,marker_hvg_overlap,890,2400,170,0.0021461961187487,0.0015086822316142,-0.1005996230236419,0.3078937828540802,0.1393426358699798,0.7200706745362015,0.0567121335736613,0.9430865748614896,0.4998993542175755,0.0586400137457057,0.1242277187256193
HHDX011,uni2,3,y,low,0.25,train_mean,top50_hvg,2226,2400,50,1.1835272435689603e-06,,-0.0517420150821999,0.5061067938804626,0.3718472123146057,0.7288623381072029,0.18,0.82,0.5,0.1506107620366943,0.3331083333333333
HHDX011,uni2,3,y,low,0.25,train_mean,top200_hvg,2226,2400,200,2.814240267201562e-07,,-0.0169745663073933,0.2944237887859344,0.1462799310684204,0.7231454043240269,0.045,0.955,0.5,0.0376526905091735,0.1226208333333333
HHDX011,uni2,3,y,low,0.25,train_mean,marker_hvg_overlap,2226,2400,170,3.255118658043569e-07,,-0.0153055645647795,0.3000567257404327,0.1470105201005935,0.741306442263404,0.0411764705882352,0.9588235294117649,0.5,0.0358770913943442,0.1230294117647059
HHDX011,uni2,3,y,low,0.25,coordinate,top50_hvg,2226,2400,50,0.0037539010192267,0.0035883092951884,-0.3225767313712276,0.5624980330467224,0.3687307238578796,0.703628561281204,0.1206396920835501,0.8791288072140117,0.499884249648781,0.1204972721236965,0.3310947816286176
HHDX011,uni2,3,y,low,0.25,coordinate,top200_hvg,2226,2400,200,-0.0019355751281545,-0.0015243282538616,-0.1321112919614825,0.3203070759773254,0.1410471946001052,0.6966816107285316,0.0301599230208875,0.9697822018035028,0.4999710624121952,0.0301243180309241,0.1234187430583371
HHDX011,uni2,3,y,low,0.25,coordinate,marker_hvg_overlap,2226,2400,170,-0.002674153708572,-0.0023910533434544,-0.1311086426220272,0.3274952471256256,0.1430675387382507,0.7167101416477424,0.0316091500728839,0.968164942873037,0.4998870464729604,0.0305459603521511,0.1234374597386848
HHDX011,uni2,3,y,low,0.25,image,top50_hvg,2226,2400,50,0.2247019752115011,0.1989558416960119,-0.044623948179651,0.4543318450450897,0.3403404057025909,0.7401407251427093,0.3200503842569303,0.7803796752364833,0.5502150297467069,0.3227887197935994,0.4151315620653452
HHDX011,uni2,3,y,low,0.25,image,top200_hvg,2226,2400,200,0.0899660960040637,0.0779128386886357,-0.1113556196884019,0.2743113040924072,0.1473930180072784,0.7269405033396462,0.0807163067043285,0.944924356474251,0.5128203315892899,0.0819725099534636,0.156850606691035
HHDX011,uni2,3,y,low,0.25,image,marker_hvg_overlap,2226,2400,170,0.0920130061742384,0.0789887465816211,-0.0780487629002891,0.2764476537704468,0.1474508345127105,0.7462708139948478,0.0766960300779191,0.949168372064559,0.5129322010712392,0.080941564313733,0.1575832841389813
HHDX011,uni2,3,y,low,0.25,spatial_knn,top50_hvg,2226,2400,50,-0.005883198151132,-0.0056184559152165,-0.1369280834496021,0.5256291627883911,0.3516213297843933,0.7094532640156727,0.1926926924620297,0.8024171425033342,0.497554917482682,0.2021858155053088,0.3340650077087885
HHDX011,uni2,3,y,low,0.25,spatial_knn,top200_hvg,2226,2400,200,0.0005849659082321,0.0009170215354081,-0.1050520305696409,0.3061493635177612,0.1354144215583801,0.6982143749187256,0.0482945295368638,0.950513992005913,0.4994042607713885,0.0507628020639579,0.1235891885376865
HHDX011,uni2,3,y,low,0.25,spatial_knn,marker_hvg_overlap,2226,2400,170,-6.420416591550526e-05,0.0004279925565832,-0.1055494279970469,0.3116953074932098,0.1364719867706298,0.7181682811264988,0.0468178862146139,0.9520821620848792,0.4994500241497466,0.0497236665674122,0.1238616783786549
HHDX011,uni2,3,y,low,1.0,train_mean,top50_hvg,8903,2400,50,-2.3861232939736965e-07,,-0.0461981647127868,0.5051557421684265,0.3709610104560852,0.7288555897896892,0.18,0.82,0.5,0.1506107620366943,0.3331083333333333
HHDX011,uni2,3,y,low,1.0,train_mean,top200_hvg,8903,2400,200,-5.5456809697762574e-08,,-0.014590922794713,0.2939821183681488,0.1464502960443496,0.7232138109549548,0.045,0.955,0.5,0.0376526905091735,0.1226208333333333
HHDX011,uni2,3,y,low,1.0,train_mean,marker_hvg_overlap,8903,2400,170,-8.757401563135446e-08,,-0.0125227382396067,0.2995426952838897,0.1471038460731506,0.7412889469866535,0.0411764705882352,0.9588235294117649,0.5,0.0358770913943442,0.1230294117647059
HHDX011,uni2,3,y,low,1.0,coordinate,top50_hvg,8903,2400,50,-0.003043837074656,-0.0022087197598529,-0.6129993733763694,0.6240084171295166,0.3969053626060486,0.6210282108557154,0.1053552288784921,0.8926724304133046,0.4990138296458983,0.1014757080314562,0.3289173350891608
HHDX011,uni2,3,y,low,1.0,coordinate,top200_hvg,8903,2400,200,-0.0060397108545294,-0.0062502540083359,-0.2136606986118613,0.3478062450885772,0.1479572355747223,0.627879204197099,0.026338807219623,0.9731681076033262,0.4997534574114746,0.025368927007864,0.1226286932898392
HHDX011,uni2,3,y,low,1.0,coordinate,marker_hvg_overlap,8903,2400,170,-0.0068923831239397,-0.007027493493495,-0.2115975932063734,0.3558925986289978,0.150487944483757,0.655067996363131,0.030807106943006,0.9685607220746304,0.4996839145088182,0.0294991382253769,0.1223293418253919
HHDX011,uni2,3,y,low,1.0,image,top50_hvg,8903,2400,50,0.2635761217959225,0.2325213028874146,0.0201768409460783,0.4449893236160278,0.3341324031352997,0.7539755679045658,0.2983456703457449,0.808166974426263,0.5532563223860039,0.3103791766804004,0.4351017868123628
HHDX011,uni2,3,y,low,1.0,image,top200_hvg,8903,2400,200,0.1155355537729337,0.0990822283904283,-0.0514384200543463,0.2688119113445282,0.1406168192625045,0.7399147397836386,0.0751414342635137,0.9519891902758342,0.513565312269674,0.0786078685211675,0.1678911319714542
HHDX011,uni2,3,y,low,1.0,image,marker_hvg_overlap,8903,2400,170,0.1168124106794814,0.0990964074592186,-0.0244833872643486,0.2714146673679352,0.1409707963466644,0.7575910990970955,0.0729372915894471,0.95436828012638,0.5136527858579135,0.0781294212760728,0.1685541833630319
HHDX011,uni2,3,y,low,1.0,spatial_knn,top50_hvg,8903,2400,50,-0.0098041397891938,-0.0108127762586247,-0.1337870982289314,0.5242729783058167,0.3542906045913696,0.7130740316206662,0.2148582777189033,0.7802662581667428,0.4975622679428231,0.2251319302337703,0.3322667944646654
HHDX011,uni2,3,y,low,1.0,spatial_knn,top200_hvg,8903,2400,200,-0.0036523228816143,-0.003311293477289,-0.1096729943261016,0.3057124316692352,0.1370113641023636,0.7013706742168763,0.0538967900764626,0.9448596878864116,0.4993782389814371,0.056606593228112,0.1229154373621279
HHDX011,uni2,3,y,low,1.0,spatial_knn,marker_hvg_overlap,8903,2400,170,-0.0046635856644483,-0.0042613612269336,-0.108970812128802,0.3109380304813385,0.1379943042993545,0.7213413580666185,0.0535995481297146,0.945468309931932,0.4995339290308234,0.0570713944625366,0.1232128957113018
