cell_type,n_cells,model,pseudobulk_pearson,pseudobulk_rmse_log1p,sample,encoder,seed,ratio,n_genes,species,organ,condition
"CD8-positive, alpha-beta T cell.",21,train_mean,0.7117998003959656,0.3073928356170654,FFHO026,conch,0,1.0,200,human,ovary,ovarian adenocarcinoma
"CD8-positive, alpha-beta T cell.",21,coordinate,0.5069307684898376,0.2708218395709991,FFHO026,conch,0,1.0,200,human,ovary,ovarian adenocarcinoma
"CD8-positive, alpha-beta T cell.",21,image,0.7555265426635742,0.1951652318239212,FFHO026,conch,0,1.0,200,human,ovary,ovarian adenocarcinoma
"CD8-positive, alpha-beta T cell.",21,spatial_knn,0.6964288353919983,0.33585986495018,FFHO026,conch,0,1.0,200,human,ovary,ovarian adenocarcinoma
T cell.,47,train_mean,0.7118799686431885,0.2651973068714142,FFHO026,conch,0,1.0,200,human,ovary,ovarian adenocarcinoma
T cell.,47,coordinate,0.5473865866661072,0.276824802160263,FFHO026,conch,0,1.0,200,human,ovary,ovarian adenocarcinoma
T cell.,47,image,0.757676899433136,0.2133252620697021,FFHO026,conch,0,1.0,200,human,ovary,ovarian adenocarcinoma
T cell.,47,spatial_knn,0.6772933006286621,0.2562246918678283,FFHO026,conch,0,1.0,200,human,ovary,ovarian adenocarcinoma
cultured cell.,307,train_mean,0.8871426582336426,0.252762883901596,FFHO026,conch,0,1.0,200,human,ovary,ovarian adenocarcinoma
cultured cell.,307,coordinate,0.8325157761573792,0.3598522543907165,FFHO026,conch,0,1.0,200,human,ovary,ovarian adenocarcinoma
cultured cell.,307,image,0.9501073360443116,0.1431623995304107,FFHO026,conch,0,1.0,200,human,ovary,ovarian adenocarcinoma
cultured cell.,307,spatial_knn,0.9447254538536072,0.2223039120435714,FFHO026,conch,0,1.0,200,human,ovary,ovarian adenocarcinoma
endothelial cell of vascular tree.,182,train_mean,0.9403668642044068,0.1886456310749054,FFHO026,conch,0,1.0,200,human,ovary,ovarian adenocarcinoma
endothelial cell of vascular tree.,182,coordinate,0.8184854984283447,0.1713383644819259,FFHO026,conch,0,1.0,200,human,ovary,ovarian adenocarcinoma
endothelial cell of vascular tree.,182,image,0.9580815434455872,0.1040116474032402,FFHO026,conch,0,1.0,200,human,ovary,ovarian adenocarcinoma
endothelial cell of vascular tree.,182,spatial_knn,0.9224936366081238,0.1899868696928024,FFHO026,conch,0,1.0,200,human,ovary,ovarian adenocarcinoma
endothelial cell.,273,train_mean,0.9405317902565002,0.1757870614528656,FFHO026,conch,0,1.0,200,human,ovary,ovarian adenocarcinoma
endothelial cell.,273,coordinate,0.7874186038970947,0.1827358603477478,FFHO026,conch,0,1.0,200,human,ovary,ovarian adenocarcinoma
endothelial cell.,273,image,0.9620488286018372,0.0859906449913978,FFHO026,conch,0,1.0,200,human,ovary,ovarian adenocarcinoma
endothelial cell.,273,spatial_knn,0.9082393646240234,0.1726817339658737,FFHO026,conch,0,1.0,200,human,ovary,ovarian adenocarcinoma
epithelial cell of lower respiratory tract.,596,train_mean,0.8962538242340088,0.2237229198217392,FFHO026,conch,0,1.0,200,human,ovary,ovarian adenocarcinoma
epithelial cell of lower respiratory tract.,596,coordinate,0.834133505821228,0.3312272131443023,FFHO026,conch,0,1.0,200,human,ovary,ovarian adenocarcinoma
epithelial cell of lower respiratory tract.,596,image,0.9496851563453674,0.1396669894456863,FFHO026,conch,0,1.0,200,human,ovary,ovarian adenocarcinoma
epithelial cell of lower respiratory tract.,596,spatial_knn,0.952241837978363,0.1879150718450546,FFHO026,conch,0,1.0,200,human,ovary,ovarian adenocarcinoma
epithelial cell of proximal tubule.,20,train_mean,0.897786021232605,0.3340325951576233,FFHO026,conch,0,1.0,200,human,ovary,ovarian adenocarcinoma
epithelial cell of proximal tubule.,20,coordinate,0.7481866478919983,0.4937184154987335,FFHO026,conch,0,1.0,200,human,ovary,ovarian adenocarcinoma
epithelial cell of proximal tubule.,20,image,0.934188723564148,0.2241912633180618,FFHO026,conch,0,1.0,200,human,ovary,ovarian adenocarcinoma
epithelial cell of proximal tubule.,20,spatial_knn,0.9293673038482666,0.3333796858787536,FFHO026,conch,0,1.0,200,human,ovary,ovarian adenocarcinoma
epithelial cell.,152,train_mean,0.9130021333694458,0.1920125633478164,FFHO026,conch,0,1.0,200,human,ovary,ovarian adenocarcinoma
epithelial cell.,152,coordinate,0.7881863713264465,0.3224915862083435,FFHO026,conch,0,1.0,200,human,ovary,ovarian adenocarcinoma
epithelial cell.,152,image,0.956619143486023,0.1252024620771408,FFHO026,conch,0,1.0,200,human,ovary,ovarian adenocarcinoma
epithelial cell.,152,spatial_knn,0.9363539814949036,0.1656097471714019,FFHO026,conch,0,1.0,200,human,ovary,ovarian adenocarcinoma
fibroblast.,71,train_mean,0.6979003548622131,0.2844593226909637,FFHO026,conch,0,1.0,200,human,ovary,ovarian adenocarcinoma
fibroblast.,71,coordinate,0.5279908180236816,0.2855613529682159,FFHO026,conch,0,1.0,200,human,ovary,ovarian adenocarcinoma
fibroblast.,71,image,0.8840023875236511,0.136388748884201,FFHO026,conch,0,1.0,200,human,ovary,ovarian adenocarcinoma
fibroblast.,71,spatial_knn,0.5919458270072937,0.3103901445865631,FFHO026,conch,0,1.0,200,human,ovary,ovarian adenocarcinoma
goblet cell.,30,train_mean,0.8772615790367126,0.3120383322238922,FFHO026,conch,0,1.0,200,human,ovary,ovarian adenocarcinoma
goblet cell.,30,coordinate,0.8022140860557556,0.4267543852329254,FFHO026,conch,0,1.0,200,human,ovary,ovarian adenocarcinoma
goblet cell.,30,image,0.9318543672561646,0.1837643831968307,FFHO026,conch,0,1.0,200,human,ovary,ovarian adenocarcinoma
goblet cell.,30,spatial_knn,0.9359995126724244,0.2908200025558471,FFHO026,conch,0,1.0,200,human,ovary,ovarian adenocarcinoma
intestinal epithelial cell.,103,train_mean,0.8662289977073669,0.3238299787044525,FFHO026,conch,0,1.0,200,human,ovary,ovarian adenocarcinoma
intestinal epithelial cell.,103,coordinate,0.8304763436317444,0.42349973320961,FFHO026,conch,0,1.0,200,human,ovary,ovarian adenocarcinoma
intestinal epithelial cell.,103,image,0.9361729621887208,0.1866430044174194,FFHO026,conch,0,1.0,200,human,ovary,ovarian adenocarcinoma
intestinal epithelial cell.,103,spatial_knn,0.937156617641449,0.2851032018661499,FFHO026,conch,0,1.0,200,human,ovary,ovarian adenocarcinoma
macrophage.,268,train_mean,0.6701310276985168,0.2800404727458954,FFHO026,conch,0,1.0,200,human,ovary,ovarian adenocarcinoma
macrophage.,268,coordinate,0.4509865641593933,0.3608714342117309,FFHO026,conch,0,1.0,200,human,ovary,ovarian adenocarcinoma
macrophage.,268,image,0.7352302670478821,0.2454287558794021,FFHO026,conch,0,1.0,200,human,ovary,ovarian adenocarcinoma
macrophage.,268,spatial_knn,0.593410849571228,0.3090388178825378,FFHO026,conch,0,1.0,200,human,ovary,ovarian adenocarcinoma
monocyte.,20,train_mean,0.7104294300079346,0.2884795069694519,FFHO026,conch,0,1.0,200,human,ovary,ovarian adenocarcinoma
monocyte.,20,coordinate,0.4399087131023407,0.4231778681278229,FFHO026,conch,0,1.0,200,human,ovary,ovarian adenocarcinoma
monocyte.,20,image,0.726759135723114,0.2880704700946808,FFHO026,conch,0,1.0,200,human,ovary,ovarian adenocarcinoma
monocyte.,20,spatial_knn,0.6673324108123779,0.3085263967514038,FFHO026,conch,0,1.0,200,human,ovary,ovarian adenocarcinoma
neutrophil.,30,train_mean,0.8246316313743591,0.2158992439508438,FFHO026,conch,0,1.0,200,human,ovary,ovarian adenocarcinoma
neutrophil.,30,coordinate,0.627254843711853,0.2482684105634689,FFHO026,conch,0,1.0,200,human,ovary,ovarian adenocarcinoma
neutrophil.,30,image,0.8674078583717346,0.2297553271055221,FFHO026,conch,0,1.0,200,human,ovary,ovarian adenocarcinoma
neutrophil.,30,spatial_knn,0.7950177788734436,0.1954250037670135,FFHO026,conch,0,1.0,200,human,ovary,ovarian adenocarcinoma
plasma cell.,29,train_mean,0.5522063374519348,0.3286709487438202,FFHO026,conch,0,1.0,200,human,ovary,ovarian adenocarcinoma
plasma cell.,29,coordinate,0.4562955200672149,0.3386818766593933,FFHO026,conch,0,1.0,200,human,ovary,ovarian adenocarcinoma
plasma cell.,29,image,0.6136932969093323,0.2755898535251617,FFHO026,conch,0,1.0,200,human,ovary,ovarian adenocarcinoma
plasma cell.,29,spatial_knn,0.4912039637565613,0.3200428485870361,FFHO026,conch,0,1.0,200,human,ovary,ovarian adenocarcinoma
smooth muscle cell.,23,train_mean,0.7565515637397766,0.2503107190132141,FFHO026,conch,0,1.0,200,human,ovary,ovarian adenocarcinoma
smooth muscle cell.,23,coordinate,0.5987204313278198,0.2695389688014984,FFHO026,conch,0,1.0,200,human,ovary,ovarian adenocarcinoma
smooth muscle cell.,23,image,0.8841899633407593,0.1415773183107376,FFHO026,conch,0,1.0,200,human,ovary,ovarian adenocarcinoma
smooth muscle cell.,23,spatial_knn,0.6353352665901184,0.2428158074617386,FFHO026,conch,0,1.0,200,human,ovary,ovarian adenocarcinoma
stromal cell.,123,train_mean,0.7113724946975708,0.3357381820678711,FFHO026,conch,0,1.0,200,human,ovary,ovarian adenocarcinoma
stromal cell.,123,coordinate,0.5545427799224854,0.2734909653663635,FFHO026,conch,0,1.0,200,human,ovary,ovarian adenocarcinoma
stromal cell.,123,image,0.9049456119537354,0.1031914949417114,FFHO026,conch,0,1.0,200,human,ovary,ovarian adenocarcinoma
stromal cell.,123,spatial_knn,0.6081135869026184,0.3127074241638183,FFHO026,conch,0,1.0,200,human,ovary,ovarian adenocarcinoma
T cell.,43,train_mean,0.668679416179657,0.2817999124526977,FFHO026,conch,1,1.0,200,human,ovary,ovarian adenocarcinoma
T cell.,43,coordinate,0.6620187163352966,0.296588271856308,FFHO026,conch,1,1.0,200,human,ovary,ovarian adenocarcinoma
T cell.,43,image,0.7083042860031128,0.26116743683815,FFHO026,conch,1,1.0,200,human,ovary,ovarian adenocarcinoma
T cell.,43,spatial_knn,0.6568142771720886,0.2803020179271698,FFHO026,conch,1,1.0,200,human,ovary,ovarian adenocarcinoma
cultured cell.,218,train_mean,0.9317321181297302,0.2192152291536331,FFHO026,conch,1,1.0,200,human,ovary,ovarian adenocarcinoma
cultured cell.,218,coordinate,0.9035851955413818,0.226175457239151,FFHO026,conch,1,1.0,200,human,ovary,ovarian adenocarcinoma
cultured cell.,218,image,0.9784496426582336,0.1041566655039787,FFHO026,conch,1,1.0,200,human,ovary,ovarian adenocarcinoma
cultured cell.,218,spatial_knn,0.941794753074646,0.1881222277879715,FFHO026,conch,1,1.0,200,human,ovary,ovarian adenocarcinoma
endothelial cell of vascular tree.,239,train_mean,0.9145660996437072,0.1852147728204727,FFHO026,conch,1,1.0,200,human,ovary,ovarian adenocarcinoma
endothelial cell of vascular tree.,239,coordinate,0.925383687019348,0.2070493400096893,FFHO026,conch,1,1.0,200,human,ovary,ovarian adenocarcinoma
endothelial cell of vascular tree.,239,image,0.9546193480491638,0.0978396460413932,FFHO026,conch,1,1.0,200,human,ovary,ovarian adenocarcinoma
endothelial cell of vascular tree.,239,spatial_knn,0.9436692595481871,0.1066852957010269,FFHO026,conch,1,1.0,200,human,ovary,ovarian adenocarcinoma
endothelial cell.,337,train_mean,0.923413097858429,0.146311730146408,FFHO026,conch,1,1.0,200,human,ovary,ovarian adenocarcinoma
endothelial cell.,337,coordinate,0.9613080024719238,0.143839418888092,FFHO026,conch,1,1.0,200,human,ovary,ovarian adenocarcinoma
endothelial cell.,337,image,0.9727726578712464,0.0658574402332305,FFHO026,conch,1,1.0,200,human,ovary,ovarian adenocarcinoma
endothelial cell.,337,spatial_knn,0.941958487033844,0.1160025894641876,FFHO026,conch,1,1.0,200,human,ovary,ovarian adenocarcinoma
epithelial cell of lower respiratory tract.,460,train_mean,0.955925464630127,0.2152859717607498,FFHO026,conch,1,1.0,200,human,ovary,ovarian adenocarcinoma
epithelial cell of lower respiratory tract.,460,coordinate,0.9052694439888,0.2349135875701904,FFHO026,conch,1,1.0,200,human,ovary,ovarian adenocarcinoma
epithelial cell of lower respiratory tract.,460,image,0.9853108525276184,0.1025294288992881,FFHO026,conch,1,1.0,200,human,ovary,ovarian adenocarcinoma
epithelial cell of lower respiratory tract.,460,spatial_knn,0.9491437673568726,0.2158461660146713,FFHO026,conch,1,1.0,200,human,ovary,ovarian adenocarcinoma
epithelial cell of proximal tubule.,25,train_mean,0.9278752207756042,0.4130216538906097,FFHO026,conch,1,1.0,200,human,ovary,ovarian adenocarcinoma
epithelial cell of proximal tubule.,25,coordinate,0.8462512493133545,0.4301414787769317,FFHO026,conch,1,1.0,200,human,ovary,ovarian adenocarcinoma
epithelial cell of proximal tubule.,25,image,0.9534945487976074,0.2733136415481567,FFHO026,conch,1,1.0,200,human,ovary,ovarian adenocarcinoma
epithelial cell of proximal tubule.,25,spatial_knn,0.9050270318984984,0.4185765981674194,FFHO026,conch,1,1.0,200,human,ovary,ovarian adenocarcinoma
epithelial cell.,182,train_mean,0.9619561433792114,0.1965821236371994,FFHO026,conch,1,1.0,200,human,ovary,ovarian adenocarcinoma
epithelial cell.,182,coordinate,0.918414294719696,0.2118011862039566,FFHO026,conch,1,1.0,200,human,ovary,ovarian adenocarcinoma
epithelial cell.,182,image,0.9859920740127563,0.0864811986684799,FFHO026,conch,1,1.0,200,human,ovary,ovarian adenocarcinoma
epithelial cell.,182,spatial_knn,0.9457820057868958,0.2085305750370025,FFHO026,conch,1,1.0,200,human,ovary,ovarian adenocarcinoma
fibroblast.,227,train_mean,0.6254509091377258,0.344595193862915,FFHO026,conch,1,1.0,200,human,ovary,ovarian adenocarcinoma
fibroblast.,227,coordinate,0.8301963210105896,0.2449679672718048,FFHO026,conch,1,1.0,200,human,ovary,ovarian adenocarcinoma
fibroblast.,227,image,0.8969094753265381,0.2393751144409179,FFHO026,conch,1,1.0,200,human,ovary,ovarian adenocarcinoma
fibroblast.,227,spatial_knn,0.8649093508720398,0.2447588443756103,FFHO026,conch,1,1.0,200,human,ovary,ovarian adenocarcinoma
intestinal epithelial cell.,41,train_mean,0.9027100801467896,0.3220148980617523,FFHO026,conch,1,1.0,200,human,ovary,ovarian adenocarcinoma
intestinal epithelial cell.,41,coordinate,0.8999008536338806,0.3104002177715301,FFHO026,conch,1,1.0,200,human,ovary,ovarian adenocarcinoma
intestinal epithelial cell.,41,image,0.9588310718536376,0.1815817058086395,FFHO026,conch,1,1.0,200,human,ovary,ovarian adenocarcinoma
intestinal epithelial cell.,41,spatial_knn,0.9411544799804688,0.2596742212772369,FFHO026,conch,1,1.0,200,human,ovary,ovarian adenocarcinoma
macrophage.,269,train_mean,0.6479123830795288,0.291258305311203,FFHO026,conch,1,1.0,200,human,ovary,ovarian adenocarcinoma
macrophage.,269,coordinate,0.6799195408821106,0.2849455773830414,FFHO026,conch,1,1.0,200,human,ovary,ovarian adenocarcinoma
macrophage.,269,image,0.726567804813385,0.2490637153387069,FFHO026,conch,1,1.0,200,human,ovary,ovarian adenocarcinoma
macrophage.,269,spatial_knn,0.6516835689544678,0.2812394797801971,FFHO026,conch,1,1.0,200,human,ovary,ovarian adenocarcinoma
monocyte.,29,train_mean,0.6248674988746643,0.2990380823612213,FFHO026,conch,1,1.0,200,human,ovary,ovarian adenocarcinoma
monocyte.,29,coordinate,0.6496632099151611,0.2979809939861297,FFHO026,conch,1,1.0,200,human,ovary,ovarian adenocarcinoma
monocyte.,29,image,0.6897860765457153,0.2676795423030853,FFHO026,conch,1,1.0,200,human,ovary,ovarian adenocarcinoma
monocyte.,29,spatial_knn,0.6367754340171814,0.2885632216930389,FFHO026,conch,1,1.0,200,human,ovary,ovarian adenocarcinoma
neutrophil.,38,train_mean,0.8275294899940491,0.1957236975431442,FFHO026,conch,1,1.0,200,human,ovary,ovarian adenocarcinoma
neutrophil.,38,coordinate,0.8269268870353699,0.2071495056152343,FFHO026,conch,1,1.0,200,human,ovary,ovarian adenocarcinoma
neutrophil.,38,image,0.8555817604064941,0.2035649269819259,FFHO026,conch,1,1.0,200,human,ovary,ovarian adenocarcinoma
neutrophil.,38,spatial_knn,0.8250395059585571,0.1875264644622802,FFHO026,conch,1,1.0,200,human,ovary,ovarian adenocarcinoma
plasma cell.,27,train_mean,0.5937135219573975,0.3431198596954345,FFHO026,conch,1,1.0,200,human,ovary,ovarian adenocarcinoma
plasma cell.,27,coordinate,0.606932520866394,0.3410019874572754,FFHO026,conch,1,1.0,200,human,ovary,ovarian adenocarcinoma
plasma cell.,27,image,0.6537516713142395,0.3189194202423095,FFHO026,conch,1,1.0,200,human,ovary,ovarian adenocarcinoma
plasma cell.,27,spatial_knn,0.5531213283538818,0.3688653707504272,FFHO026,conch,1,1.0,200,human,ovary,ovarian adenocarcinoma
smooth muscle cell.,41,train_mean,0.6764921545982361,0.3010706901550293,FFHO026,conch,1,1.0,200,human,ovary,ovarian adenocarcinoma
smooth muscle cell.,41,coordinate,0.8049939274787903,0.2459728866815567,FFHO026,conch,1,1.0,200,human,ovary,ovarian adenocarcinoma
smooth muscle cell.,41,image,0.8851125240325928,0.2093265950679779,FFHO026,conch,1,1.0,200,human,ovary,ovarian adenocarcinoma
smooth muscle cell.,41,spatial_knn,0.8329219222068787,0.2286588996648788,FFHO026,conch,1,1.0,200,human,ovary,ovarian adenocarcinoma
stromal cell.,102,train_mean,0.7001149654388428,0.3077930212020874,FFHO026,conch,1,1.0,200,human,ovary,ovarian adenocarcinoma
stromal cell.,102,coordinate,0.7771580815315247,0.3141787052154541,FFHO026,conch,1,1.0,200,human,ovary,ovarian adenocarcinoma
stromal cell.,102,image,0.9065003991127014,0.1174758598208427,FFHO026,conch,1,1.0,200,human,ovary,ovarian adenocarcinoma
stromal cell.,102,spatial_knn,0.8009045720100403,0.2228712141513824,FFHO026,conch,1,1.0,200,human,ovary,ovarian adenocarcinoma
T cell.,39,train_mean,0.6796355247497559,0.2888164222240448,FFHO026,conch,2,1.0,200,human,ovary,ovarian adenocarcinoma
T cell.,39,coordinate,0.6756451725959778,0.4391983449459076,FFHO026,conch,2,1.0,200,human,ovary,ovarian adenocarcinoma
T cell.,39,image,0.7420523166656494,0.2156615257263183,FFHO026,conch,2,1.0,200,human,ovary,ovarian adenocarcinoma
T cell.,39,spatial_knn,0.7245945930480957,0.3463798761367798,FFHO026,conch,2,1.0,200,human,ovary,ovarian adenocarcinoma
cultured cell.,54,train_mean,0.9436770677566528,0.1536100655794143,FFHO026,conch,2,1.0,200,human,ovary,ovarian adenocarcinoma
cultured cell.,54,coordinate,0.9032843112945556,0.221359521150589,FFHO026,conch,2,1.0,200,human,ovary,ovarian adenocarcinoma
cultured cell.,54,image,0.9575619101524352,0.1246945410966873,FFHO026,conch,2,1.0,200,human,ovary,ovarian adenocarcinoma
cultured cell.,54,spatial_knn,0.8918317556381226,0.1845123171806335,FFHO026,conch,2,1.0,200,human,ovary,ovarian adenocarcinoma
endothelial cell of vascular tree.,209,train_mean,0.956390917301178,0.1151093915104866,FFHO026,conch,2,1.0,200,human,ovary,ovarian adenocarcinoma
endothelial cell of vascular tree.,209,coordinate,0.926704168319702,0.2933104634284973,FFHO026,conch,2,1.0,200,human,ovary,ovarian adenocarcinoma
endothelial cell of vascular tree.,209,image,0.971568524837494,0.0802025571465492,FFHO026,conch,2,1.0,200,human,ovary,ovarian adenocarcinoma
endothelial cell of vascular tree.,209,spatial_knn,0.9443609118461608,0.2051097303628921,FFHO026,conch,2,1.0,200,human,ovary,ovarian adenocarcinoma
endothelial cell.,350,train_mean,0.9081405401229858,0.1626312732696533,FFHO026,conch,2,1.0,200,human,ovary,ovarian adenocarcinoma
endothelial cell.,350,coordinate,0.907179355621338,0.3241958022117615,FFHO026,conch,2,1.0,200,human,ovary,ovarian adenocarcinoma
endothelial cell.,350,image,0.9792409539222716,0.0594051666557788,FFHO026,conch,2,1.0,200,human,ovary,ovarian adenocarcinoma
endothelial cell.,350,spatial_knn,0.9320162534713744,0.2369646281003952,FFHO026,conch,2,1.0,200,human,ovary,ovarian adenocarcinoma
epithelial cell of lower respiratory tract.,412,train_mean,0.9575568437576294,0.1878313273191452,FFHO026,conch,2,1.0,200,human,ovary,ovarian adenocarcinoma
epithelial cell of lower respiratory tract.,412,coordinate,0.9250342845916748,0.1903107166290283,FFHO026,conch,2,1.0,200,human,ovary,ovarian adenocarcinoma
epithelial cell of lower respiratory tract.,412,image,0.9676735997200012,0.1388932466506958,FFHO026,conch,2,1.0,200,human,ovary,ovarian adenocarcinoma
epithelial cell of lower respiratory tract.,412,spatial_knn,0.9212003350257874,0.1794387549161911,FFHO026,conch,2,1.0,200,human,ovary,ovarian adenocarcinoma
epithelial cell of proximal tubule.,33,train_mean,0.9253699779510498,0.2441146671772003,FFHO026,conch,2,1.0,200,human,ovary,ovarian adenocarcinoma
epithelial cell of proximal tubule.,33,coordinate,0.9070085883140564,0.2125280201435089,FFHO026,conch,2,1.0,200,human,ovary,ovarian adenocarcinoma
epithelial cell of proximal tubule.,33,image,0.938208281993866,0.1988183259963989,FFHO026,conch,2,1.0,200,human,ovary,ovarian adenocarcinoma
epithelial cell of proximal tubule.,33,spatial_knn,0.9073593020439148,0.2162755280733108,FFHO026,conch,2,1.0,200,human,ovary,ovarian adenocarcinoma
epithelial cell.,177,train_mean,0.9575777053833008,0.2048984766006469,FFHO026,conch,2,1.0,200,human,ovary,ovarian adenocarcinoma
epithelial cell.,177,coordinate,0.947498381137848,0.1535085290670395,FFHO026,conch,2,1.0,200,human,ovary,ovarian adenocarcinoma
epithelial cell.,177,image,0.9766417145729064,0.1242293342947959,FFHO026,conch,2,1.0,200,human,ovary,ovarian adenocarcinoma
epithelial cell.,177,spatial_knn,0.9311766028404236,0.1776785552501678,FFHO026,conch,2,1.0,200,human,ovary,ovarian adenocarcinoma
fibroblast.,521,train_mean,0.6016252636909485,0.3531326651573181,FFHO026,conch,2,1.0,200,human,ovary,ovarian adenocarcinoma
fibroblast.,521,coordinate,0.6297080516815186,0.4349843561649322,FFHO026,conch,2,1.0,200,human,ovary,ovarian adenocarcinoma
fibroblast.,521,image,0.9118825793266296,0.2701644897460937,FFHO026,conch,2,1.0,200,human,ovary,ovarian adenocarcinoma
fibroblast.,521,spatial_knn,0.6496338248252869,0.3631046116352081,FFHO026,conch,2,1.0,200,human,ovary,ovarian adenocarcinoma
macrophage.,302,train_mean,0.6233633160591125,0.2991815507411957,FFHO026,conch,2,1.0,200,human,ovary,ovarian adenocarcinoma
macrophage.,302,coordinate,0.6545863151550293,0.4178534150123596,FFHO026,conch,2,1.0,200,human,ovary,ovarian adenocarcinoma
macrophage.,302,image,0.7563281655311584,0.2182926535606384,FFHO026,conch,2,1.0,200,human,ovary,ovarian adenocarcinoma
macrophage.,302,spatial_knn,0.7217286825180054,0.3243559896945953,FFHO026,conch,2,1.0,200,human,ovary,ovarian adenocarcinoma
neutrophil.,28,train_mean,0.8241996765136719,0.2128855437040329,FFHO026,conch,2,1.0,200,human,ovary,ovarian adenocarcinoma
neutrophil.,28,coordinate,0.8340241312980652,0.3588829934597015,FFHO026,conch,2,1.0,200,human,ovary,ovarian adenocarcinoma
neutrophil.,28,image,0.8694904446601868,0.1522634029388427,FFHO026,conch,2,1.0,200,human,ovary,ovarian adenocarcinoma
neutrophil.,28,spatial_knn,0.8845382332801819,0.2517555058002472,FFHO026,conch,2,1.0,200,human,ovary,ovarian adenocarcinoma
smooth muscle cell.,67,train_mean,0.6431314945220947,0.3293572962284088,FFHO026,conch,2,1.0,200,human,ovary,ovarian adenocarcinoma
smooth muscle cell.,67,coordinate,0.6633408665657043,0.4249142706394195,FFHO026,conch,2,1.0,200,human,ovary,ovarian adenocarcinoma
smooth muscle cell.,67,image,0.8884472250938416,0.2417803406715393,FFHO026,conch,2,1.0,200,human,ovary,ovarian adenocarcinoma
smooth muscle cell.,67,spatial_knn,0.6724587678909302,0.3465629518032074,FFHO026,conch,2,1.0,200,human,ovary,ovarian adenocarcinoma
stromal cell.,112,train_mean,0.6447675824165344,0.347542256116867,FFHO026,conch,2,1.0,200,human,ovary,ovarian adenocarcinoma
stromal cell.,112,coordinate,0.645863950252533,0.5193338990211487,FFHO026,conch,2,1.0,200,human,ovary,ovarian adenocarcinoma
stromal cell.,112,image,0.9170018434524536,0.0929196327924728,FFHO026,conch,2,1.0,200,human,ovary,ovarian adenocarcinoma
stromal cell.,112,spatial_knn,0.7156956195831299,0.4132193028926849,FFHO026,conch,2,1.0,200,human,ovary,ovarian adenocarcinoma
T cell.,29,train_mean,0.7682947516441345,0.2269766479730606,FFHO026,conch,3,1.0,200,human,ovary,ovarian adenocarcinoma
T cell.,29,coordinate,0.7476879954338074,0.2197675555944442,FFHO026,conch,3,1.0,200,human,ovary,ovarian adenocarcinoma
T cell.,29,image,0.783161461353302,0.2238719463348388,FFHO026,conch,3,1.0,200,human,ovary,ovarian adenocarcinoma
T cell.,29,spatial_knn,0.7524114847183228,0.2502491772174835,FFHO026,conch,3,1.0,200,human,ovary,ovarian adenocarcinoma
cultured cell.,302,train_mean,0.907767415046692,0.244865745306015,FFHO026,conch,3,1.0,200,human,ovary,ovarian adenocarcinoma
cultured cell.,302,coordinate,0.9529014229774476,0.2716433107852936,FFHO026,conch,3,1.0,200,human,ovary,ovarian adenocarcinoma
cultured cell.,302,image,0.9732386469841005,0.1069269031286239,FFHO026,conch,3,1.0,200,human,ovary,ovarian adenocarcinoma
cultured cell.,302,spatial_knn,0.9581332802772522,0.2139726281166076,FFHO026,conch,3,1.0,200,human,ovary,ovarian adenocarcinoma
endothelial cell of vascular tree.,142,train_mean,0.9677315354347228,0.1517428755760193,FFHO026,conch,3,1.0,200,human,ovary,ovarian adenocarcinoma
endothelial cell of vascular tree.,142,coordinate,0.9415536522865297,0.1213331371545791,FFHO026,conch,3,1.0,200,human,ovary,ovarian adenocarcinoma
endothelial cell of vascular tree.,142,image,0.9745688438415528,0.1085294187068939,FFHO026,conch,3,1.0,200,human,ovary,ovarian adenocarcinoma
endothelial cell of vascular tree.,142,spatial_knn,0.9245054125785828,0.2292240560054779,FFHO026,conch,3,1.0,200,human,ovary,ovarian adenocarcinoma
endothelial cell.,278,train_mean,0.9679443836212158,0.1265895664691925,FFHO026,conch,3,1.0,200,human,ovary,ovarian adenocarcinoma
endothelial cell.,278,coordinate,0.9338433742523192,0.1167054921388626,FFHO026,conch,3,1.0,200,human,ovary,ovarian adenocarcinoma
endothelial cell.,278,image,0.9757422208786012,0.0926376581192016,FFHO026,conch,3,1.0,200,human,ovary,ovarian adenocarcinoma
endothelial cell.,278,spatial_knn,0.9231840372085572,0.2187904119491577,FFHO026,conch,3,1.0,200,human,ovary,ovarian adenocarcinoma
epithelial cell of lower respiratory tract.,630,train_mean,0.9267469644546508,0.2181136608123779,FFHO026,conch,3,1.0,200,human,ovary,ovarian adenocarcinoma
epithelial cell of lower respiratory tract.,630,coordinate,0.960246741771698,0.2459562122821808,FFHO026,conch,3,1.0,200,human,ovary,ovarian adenocarcinoma
epithelial cell of lower respiratory tract.,630,image,0.9786421656608582,0.0946550071239471,FFHO026,conch,3,1.0,200,human,ovary,ovarian adenocarcinoma
epithelial cell of lower respiratory tract.,630,spatial_knn,0.973959743976593,0.1500158011913299,FFHO026,conch,3,1.0,200,human,ovary,ovarian adenocarcinoma
epithelial cell of proximal tubule.,37,train_mean,0.9005147218704224,0.2724546194076538,FFHO026,conch,3,1.0,200,human,ovary,ovarian adenocarcinoma
epithelial cell of proximal tubule.,37,coordinate,0.9270625114440918,0.2677658796310425,FFHO026,conch,3,1.0,200,human,ovary,ovarian adenocarcinoma
epithelial cell of proximal tubule.,37,image,0.952238142490387,0.1556302607059478,FFHO026,conch,3,1.0,200,human,ovary,ovarian adenocarcinoma
epithelial cell of proximal tubule.,37,spatial_knn,0.9455298781394958,0.1719310134649276,FFHO026,conch,3,1.0,200,human,ovary,ovarian adenocarcinoma
epithelial cell.,393,train_mean,0.9308066964149476,0.2354138195514679,FFHO026,conch,3,1.0,200,human,ovary,ovarian adenocarcinoma
epithelial cell.,393,coordinate,0.96649169921875,0.2303046137094497,FFHO026,conch,3,1.0,200,human,ovary,ovarian adenocarcinoma
epithelial cell.,393,image,0.9752237796783448,0.1063774302601814,FFHO026,conch,3,1.0,200,human,ovary,ovarian adenocarcinoma
epithelial cell.,393,spatial_knn,0.9717168211936952,0.1439317315816879,FFHO026,conch,3,1.0,200,human,ovary,ovarian adenocarcinoma
fibroblast.,56,train_mean,0.7649160027503967,0.2421334236860275,FFHO026,conch,3,1.0,200,human,ovary,ovarian adenocarcinoma
fibroblast.,56,coordinate,0.6842272877693176,0.2613199353218078,FFHO026,conch,3,1.0,200,human,ovary,ovarian adenocarcinoma
fibroblast.,56,image,0.9270049929618835,0.1467430144548416,FFHO026,conch,3,1.0,200,human,ovary,ovarian adenocarcinoma
fibroblast.,56,spatial_knn,0.6468910574913025,0.3344222605228424,FFHO026,conch,3,1.0,200,human,ovary,ovarian adenocarcinoma
intestinal epithelial cell.,43,train_mean,0.8937012553215027,0.3477763533592224,FFHO026,conch,3,1.0,200,human,ovary,ovarian adenocarcinoma
intestinal epithelial cell.,43,coordinate,0.9191759824752808,0.4324857890605926,FFHO026,conch,3,1.0,200,human,ovary,ovarian adenocarcinoma
intestinal epithelial cell.,43,image,0.9581488370895386,0.1948416233062744,FFHO026,conch,3,1.0,200,human,ovary,ovarian adenocarcinoma
intestinal epithelial cell.,43,spatial_knn,0.9401029348373412,0.3538322150707245,FFHO026,conch,3,1.0,200,human,ovary,ovarian adenocarcinoma
macrophage.,188,train_mean,0.7165973782539368,0.2585923671722412,FFHO026,conch,3,1.0,200,human,ovary,ovarian adenocarcinoma
macrophage.,188,coordinate,0.6752966046333313,0.2765569388866424,FFHO026,conch,3,1.0,200,human,ovary,ovarian adenocarcinoma
macrophage.,188,image,0.7746497392654419,0.2320219427347183,FFHO026,conch,3,1.0,200,human,ovary,ovarian adenocarcinoma
macrophage.,188,spatial_knn,0.6735039949417114,0.2877237796783447,FFHO026,conch,3,1.0,200,human,ovary,ovarian adenocarcinoma
neutrophil.,29,train_mean,0.842650830745697,0.1974146068096161,FFHO026,conch,3,1.0,200,human,ovary,ovarian adenocarcinoma
neutrophil.,29,coordinate,0.8242702484130859,0.16795215010643,FFHO026,conch,3,1.0,200,human,ovary,ovarian adenocarcinoma
neutrophil.,29,image,0.8723079562187195,0.2149093747138977,FFHO026,conch,3,1.0,200,human,ovary,ovarian adenocarcinoma
neutrophil.,29,spatial_knn,0.8278481960296631,0.2470389902591705,FFHO026,conch,3,1.0,200,human,ovary,ovarian adenocarcinoma
stromal cell.,108,train_mean,0.7552316784858704,0.3068014979362488,FFHO026,conch,3,1.0,200,human,ovary,ovarian adenocarcinoma
stromal cell.,108,coordinate,0.6853132247924805,0.2666306793689728,FFHO026,conch,3,1.0,200,human,ovary,ovarian adenocarcinoma
stromal cell.,108,image,0.9338378310203552,0.0958638191223144,FFHO026,conch,3,1.0,200,human,ovary,ovarian adenocarcinoma
stromal cell.,108,spatial_knn,0.6420933604240417,0.3385510742664337,FFHO026,conch,3,1.0,200,human,ovary,ovarian adenocarcinoma
GABAergic neuron.,230,train_mean,0.9082202315330504,0.2103696316480636,FFMB028,conch,0,1.0,200,mouse,brain,brain hemisphere
GABAergic neuron.,230,coordinate,0.727931797504425,0.3402498066425323,FFMB028,conch,0,1.0,200,mouse,brain,brain hemisphere
GABAergic neuron.,230,image,0.927468717098236,0.1531808078289032,FFMB028,conch,0,1.0,200,mouse,brain,brain hemisphere
GABAergic neuron.,230,spatial_knn,0.9100202918052672,0.2333908975124359,FFMB028,conch,0,1.0,200,mouse,brain,brain hemisphere
amacrine cell.,33,train_mean,0.8806459903717041,0.2552687525749206,FFMB028,conch,0,1.0,200,mouse,brain,brain hemisphere
amacrine cell.,33,coordinate,0.7620652318000793,0.3626666963100433,FFMB028,conch,0,1.0,200,mouse,brain,brain hemisphere
amacrine cell.,33,image,0.9002395272254944,0.1889884918928146,FFMB028,conch,0,1.0,200,mouse,brain,brain hemisphere
amacrine cell.,33,spatial_knn,0.9117962718009948,0.2482905238866806,FFMB028,conch,0,1.0,200,mouse,brain,brain hemisphere
astrocyte.,432,train_mean,0.6037186980247498,0.3009205758571625,FFMB028,conch,0,1.0,200,mouse,brain,brain hemisphere
astrocyte.,432,coordinate,0.7638600468635559,0.2013381272554397,FFMB028,conch,0,1.0,200,mouse,brain,brain hemisphere
astrocyte.,432,image,0.8057630062103271,0.1808573752641677,FFMB028,conch,0,1.0,200,mouse,brain,brain hemisphere
astrocyte.,432,spatial_knn,0.6994091272354126,0.2494582235813141,FFMB028,conch,0,1.0,200,mouse,brain,brain hemisphere
endothelial cell of vascular tree.,24,train_mean,0.5860488414764404,0.3146902918815613,FFMB028,conch,0,1.0,200,mouse,brain,brain hemisphere
endothelial cell of vascular tree.,24,coordinate,0.7613277435302734,0.212572693824768,FFMB028,conch,0,1.0,200,mouse,brain,brain hemisphere
endothelial cell of vascular tree.,24,image,0.7483067512512207,0.1902122944593429,FFMB028,conch,0,1.0,200,mouse,brain,brain hemisphere
endothelial cell of vascular tree.,24,spatial_knn,0.6879165172576904,0.2485282868146896,FFMB028,conch,0,1.0,200,mouse,brain,brain hemisphere
endothelial cell.,262,train_mean,0.6073649525642395,0.29057377576828,FFMB028,conch,0,1.0,200,mouse,brain,brain hemisphere
endothelial cell.,262,coordinate,0.7381390333175659,0.200222373008728,FFMB028,conch,0,1.0,200,mouse,brain,brain hemisphere
endothelial cell.,262,image,0.8112953305244446,0.146469846367836,FFMB028,conch,0,1.0,200,mouse,brain,brain hemisphere
endothelial cell.,262,spatial_knn,0.6702297329902649,0.2467703074216842,FFMB028,conch,0,1.0,200,mouse,brain,brain hemisphere
glutamatergic neuron.,861,train_mean,0.9529969096183776,0.2480980604887008,FFMB028,conch,0,1.0,200,mouse,brain,brain hemisphere
glutamatergic neuron.,861,coordinate,0.7643836140632629,0.3894833624362945,FFMB028,conch,0,1.0,200,mouse,brain,brain hemisphere
glutamatergic neuron.,861,image,0.975550889968872,0.1222292333841323,FFMB028,conch,0,1.0,200,mouse,brain,brain hemisphere
glutamatergic neuron.,861,spatial_knn,0.920573592185974,0.2956282496452331,FFMB028,conch,0,1.0,200,mouse,brain,brain hemisphere
microglial cell.,50,train_mean,0.7965757846832275,0.2589683532714844,FFMB028,conch,0,1.0,200,mouse,brain,brain hemisphere
microglial cell.,50,coordinate,0.7762045860290527,0.1942191570997238,FFMB028,conch,0,1.0,200,mouse,brain,brain hemisphere
microglial cell.,50,image,0.8462793231010437,0.1472630649805069,FFMB028,conch,0,1.0,200,mouse,brain,brain hemisphere
microglial cell.,50,spatial_knn,0.8302711844444275,0.1984043270349502,FFMB028,conch,0,1.0,200,mouse,brain,brain hemisphere
oligodendrocyte precursor cell.,56,train_mean,0.7698115110397339,0.1963695883750915,FFMB028,conch,0,1.0,200,mouse,brain,brain hemisphere
oligodendrocyte precursor cell.,56,coordinate,0.8184220790863037,0.1569733172655105,FFMB028,conch,0,1.0,200,mouse,brain,brain hemisphere
oligodendrocyte precursor cell.,56,image,0.8139793872833252,0.1641403436660766,FFMB028,conch,0,1.0,200,mouse,brain,brain hemisphere
oligodendrocyte precursor cell.,56,spatial_knn,0.8432484865188599,0.1450040340423584,FFMB028,conch,0,1.0,200,mouse,brain,brain hemisphere
oligodendrocyte.,367,train_mean,0.655800998210907,0.258579671382904,FFMB028,conch,0,1.0,200,mouse,brain,brain hemisphere
oligodendrocyte.,367,coordinate,0.7086472511291504,0.2026225179433822,FFMB028,conch,0,1.0,200,mouse,brain,brain hemisphere
oligodendrocyte.,367,image,0.774245023727417,0.1753620654344558,FFMB028,conch,0,1.0,200,mouse,brain,brain hemisphere
oligodendrocyte.,367,spatial_knn,0.7773001194000244,0.1977111250162124,FFMB028,conch,0,1.0,200,mouse,brain,brain hemisphere
GABAergic neuron.,162,train_mean,0.9352312684059144,0.2133459150791168,FFMB028,conch,1,1.0,200,mouse,brain,brain hemisphere
GABAergic neuron.,162,coordinate,0.7858141660690308,0.3247947692871094,FFMB028,conch,1,1.0,200,mouse,brain,brain hemisphere
GABAergic neuron.,162,image,0.9587841629981996,0.1146689504384994,FFMB028,conch,1,1.0,200,mouse,brain,brain hemisphere
GABAergic neuron.,162,spatial_knn,0.8890922665596008,0.2387167513370514,FFMB028,conch,1,1.0,200,mouse,brain,brain hemisphere
astrocyte.,315,train_mean,0.6585106253623962,0.2786745429039001,FFMB028,conch,1,1.0,200,mouse,brain,brain hemisphere
astrocyte.,315,coordinate,0.7292765974998474,0.2086952924728393,FFMB028,conch,1,1.0,200,mouse,brain,brain hemisphere
astrocyte.,315,image,0.8456329107284546,0.1574477255344391,FFMB028,conch,1,1.0,200,mouse,brain,brain hemisphere
astrocyte.,315,spatial_knn,0.6223942637443542,0.2749671041965484,FFMB028,conch,1,1.0,200,mouse,brain,brain hemisphere
endothelial cell of vascular tree.,30,train_mean,0.621558427810669,0.3203928172588348,FFMB028,conch,1,1.0,200,mouse,brain,brain hemisphere
endothelial cell of vascular tree.,30,coordinate,0.6332927942276001,0.2561939656734466,FFMB028,conch,1,1.0,200,mouse,brain,brain hemisphere
endothelial cell of vascular tree.,30,image,0.7752951979637146,0.1699868440628051,FFMB028,conch,1,1.0,200,mouse,brain,brain hemisphere
endothelial cell of vascular tree.,30,spatial_knn,0.4908289909362793,0.3796685934066772,FFMB028,conch,1,1.0,200,mouse,brain,brain hemisphere
endothelial cell.,276,train_mean,0.6806848049163818,0.2740797400474548,FFMB028,conch,1,1.0,200,mouse,brain,brain hemisphere
endothelial cell.,276,coordinate,0.6625573635101318,0.2210478037595749,FFMB028,conch,1,1.0,200,mouse,brain,brain hemisphere
endothelial cell.,276,image,0.853403627872467,0.1360032856464386,FFMB028,conch,1,1.0,200,mouse,brain,brain hemisphere
endothelial cell.,276,spatial_knn,0.5926806926727295,0.3081518411636352,FFMB028,conch,1,1.0,200,mouse,brain,brain hemisphere
glutamatergic neuron.,1130,train_mean,0.9062880873680116,0.2414291501045227,FFMB028,conch,1,1.0,200,mouse,brain,brain hemisphere
glutamatergic neuron.,1130,coordinate,0.7818370461463928,0.3436882197856903,FFMB028,conch,1,1.0,200,mouse,brain,brain hemisphere
glutamatergic neuron.,1130,image,0.9702472686767578,0.1180040091276168,FFMB028,conch,1,1.0,200,mouse,brain,brain hemisphere
glutamatergic neuron.,1130,spatial_knn,0.9232790470123292,0.2469638139009475,FFMB028,conch,1,1.0,200,mouse,brain,brain hemisphere
microglial cell.,72,train_mean,0.7894023656845093,0.2477627396583557,FFMB028,conch,1,1.0,200,mouse,brain,brain hemisphere
microglial cell.,72,coordinate,0.7355865836143494,0.1951647996902465,FFMB028,conch,1,1.0,200,mouse,brain,brain hemisphere
microglial cell.,72,image,0.8255214095115662,0.1411255896091461,FFMB028,conch,1,1.0,200,mouse,brain,brain hemisphere
microglial cell.,72,spatial_knn,0.750221848487854,0.2558913826942444,FFMB028,conch,1,1.0,200,mouse,brain,brain hemisphere
oligodendrocyte precursor cell.,53,train_mean,0.8341314196586609,0.1675499677658081,FFMB028,conch,1,1.0,200,mouse,brain,brain hemisphere
oligodendrocyte precursor cell.,53,coordinate,0.8057733178138733,0.151732251048088,FFMB028,conch,1,1.0,200,mouse,brain,brain hemisphere
oligodendrocyte precursor cell.,53,image,0.8422701954841614,0.1684004813432693,FFMB028,conch,1,1.0,200,mouse,brain,brain hemisphere
oligodendrocyte precursor cell.,53,spatial_knn,0.8056350350379944,0.1671593636274337,FFMB028,conch,1,1.0,200,mouse,brain,brain hemisphere
oligodendrocyte.,263,train_mean,0.6364575624465942,0.2635886073112488,FFMB028,conch,1,1.0,200,mouse,brain,brain hemisphere
oligodendrocyte.,263,coordinate,0.4904022812843323,0.2514687776565552,FFMB028,conch,1,1.0,200,mouse,brain,brain hemisphere
oligodendrocyte.,263,image,0.7914047241210938,0.1499225050210952,FFMB028,conch,1,1.0,200,mouse,brain,brain hemisphere
oligodendrocyte.,263,spatial_knn,0.4534573554992676,0.2776368856430053,FFMB028,conch,1,1.0,200,mouse,brain,brain hemisphere
stromal cell.,21,train_mean,0.6129407286643982,0.3461812138557434,FFMB028,conch,1,1.0,200,mouse,brain,brain hemisphere
stromal cell.,21,coordinate,0.5954509377479553,0.3115373253822326,FFMB028,conch,1,1.0,200,mouse,brain,brain hemisphere
stromal cell.,21,image,0.8451359272003174,0.1490007787942886,FFMB028,conch,1,1.0,200,mouse,brain,brain hemisphere
stromal cell.,21,spatial_knn,0.5885328054428101,0.3135116398334503,FFMB028,conch,1,1.0,200,mouse,brain,brain hemisphere
GABAergic neuron.,190,train_mean,0.9313164353370668,0.2503466010093689,FFMB028,conch,2,1.0,200,mouse,brain,brain hemisphere
GABAergic neuron.,190,coordinate,0.8478379249572754,0.2280158102512359,FFMB028,conch,2,1.0,200,mouse,brain,brain hemisphere
GABAergic neuron.,190,image,0.9662615656852722,0.1122916266322135,FFMB028,conch,2,1.0,200,mouse,brain,brain hemisphere
GABAergic neuron.,190,spatial_knn,0.9148948192596436,0.1810270249843597,FFMB028,conch,2,1.0,200,mouse,brain,brain hemisphere
astrocyte.,297,train_mean,0.6385217308998108,0.2803156077861786,FFMB028,conch,2,1.0,200,mouse,brain,brain hemisphere
astrocyte.,297,coordinate,0.4125111997127533,0.4276383221149444,FFMB028,conch,2,1.0,200,mouse,brain,brain hemisphere
astrocyte.,297,image,0.7587481737136841,0.210979551076889,FFMB028,conch,2,1.0,200,mouse,brain,brain hemisphere
astrocyte.,297,spatial_knn,0.4726320803165436,0.4015843868255615,FFMB028,conch,2,1.0,200,mouse,brain,brain hemisphere
endothelial cell of vascular tree.,48,train_mean,0.7245903611183167,0.2722720503807068,FFMB028,conch,2,1.0,200,mouse,brain,brain hemisphere
endothelial cell of vascular tree.,48,coordinate,0.4313511550426483,0.4607371389865875,FFMB028,conch,2,1.0,200,mouse,brain,brain hemisphere
endothelial cell of vascular tree.,48,image,0.8842247724533081,0.174977570772171,FFMB028,conch,2,1.0,200,mouse,brain,brain hemisphere
endothelial cell of vascular tree.,48,spatial_knn,0.5825924873352051,0.38795006275177,FFMB028,conch,2,1.0,200,mouse,brain,brain hemisphere
endothelial cell.,391,train_mean,0.6706006526947021,0.2650715708732605,FFMB028,conch,2,1.0,200,mouse,brain,brain hemisphere
endothelial cell.,391,coordinate,0.4523268938064575,0.4201829731464386,FFMB028,conch,2,1.0,200,mouse,brain,brain hemisphere
endothelial cell.,391,image,0.8248682022094727,0.153041124343872,FFMB028,conch,2,1.0,200,mouse,brain,brain hemisphere
endothelial cell.,391,spatial_knn,0.5456171631813049,0.3811149299144745,FFMB028,conch,2,1.0,200,mouse,brain,brain hemisphere
fibroblast.,38,train_mean,0.6590830683708191,0.2388458102941513,FFMB028,conch,2,1.0,200,mouse,brain,brain hemisphere
fibroblast.,38,coordinate,0.3668414652347564,0.4411192834377289,FFMB028,conch,2,1.0,200,mouse,brain,brain hemisphere
fibroblast.,38,image,0.8751893043518066,0.1320155411958694,FFMB028,conch,2,1.0,200,mouse,brain,brain hemisphere
fibroblast.,38,spatial_knn,0.5335353016853333,0.3461176753044128,FFMB028,conch,2,1.0,200,mouse,brain,brain hemisphere
glutamatergic neuron.,1038,train_mean,0.878574788570404,0.3431515693664551,FFMB028,conch,2,1.0,200,mouse,brain,brain hemisphere
glutamatergic neuron.,1038,coordinate,0.9178317189216614,0.2463254630565643,FFMB028,conch,2,1.0,200,mouse,brain,brain hemisphere
glutamatergic neuron.,1038,image,0.9701294898986816,0.1402241885662078,FFMB028,conch,2,1.0,200,mouse,brain,brain hemisphere
glutamatergic neuron.,1038,spatial_knn,0.9414514899253844,0.2241722643375396,FFMB028,conch,2,1.0,200,mouse,brain,brain hemisphere
microglial cell.,85,train_mean,0.7899994254112244,0.2298886924982071,FFMB028,conch,2,1.0,200,mouse,brain,brain hemisphere
microglial cell.,85,coordinate,0.6668638586997986,0.3614450097084045,FFMB028,conch,2,1.0,200,mouse,brain,brain hemisphere
microglial cell.,85,image,0.8170051574707031,0.1595405340194702,FFMB028,conch,2,1.0,200,mouse,brain,brain hemisphere
microglial cell.,85,spatial_knn,0.7483357191085815,0.324637234210968,FFMB028,conch,2,1.0,200,mouse,brain,brain hemisphere
oligodendrocyte precursor cell.,53,train_mean,0.8099572658538818,0.1673119366168975,FFMB028,conch,2,1.0,200,mouse,brain,brain hemisphere
oligodendrocyte precursor cell.,53,coordinate,0.6392204761505127,0.3079783618450165,FFMB028,conch,2,1.0,200,mouse,brain,brain hemisphere
oligodendrocyte precursor cell.,53,image,0.8094959855079651,0.1851060688495636,FFMB028,conch,2,1.0,200,mouse,brain,brain hemisphere
oligodendrocyte precursor cell.,53,spatial_knn,0.7341779470443726,0.2627978026866913,FFMB028,conch,2,1.0,200,mouse,brain,brain hemisphere
oligodendrocyte.,81,train_mean,0.8170011043548584,0.180138811469078,FFMB028,conch,2,1.0,200,mouse,brain,brain hemisphere
oligodendrocyte.,81,coordinate,0.6481873393058777,0.302524983882904,FFMB028,conch,2,1.0,200,mouse,brain,brain hemisphere
oligodendrocyte.,81,image,0.8004735708236694,0.1796930581331253,FFMB028,conch,2,1.0,200,mouse,brain,brain hemisphere
oligodendrocyte.,81,spatial_knn,0.719879150390625,0.286571741104126,FFMB028,conch,2,1.0,200,mouse,brain,brain hemisphere
stromal cell.,65,train_mean,0.6071159243583679,0.2861722707748413,FFMB028,conch,2,1.0,200,mouse,brain,brain hemisphere
stromal cell.,65,coordinate,0.3036724030971527,0.5185591578483582,FFMB028,conch,2,1.0,200,mouse,brain,brain hemisphere
stromal cell.,65,image,0.8212331533432007,0.1454747766256332,FFMB028,conch,2,1.0,200,mouse,brain,brain hemisphere
stromal cell.,65,spatial_knn,0.4479826688766479,0.393099695444107,FFMB028,conch,2,1.0,200,mouse,brain,brain hemisphere
GABAergic neuron.,363,train_mean,0.8960866332054138,0.2419564723968505,FFMB028,conch,3,1.0,200,mouse,brain,brain hemisphere
GABAergic neuron.,363,coordinate,0.8307163715362549,0.2746300101280212,FFMB028,conch,3,1.0,200,mouse,brain,brain hemisphere
GABAergic neuron.,363,image,0.9290314316749572,0.1613470166921615,FFMB028,conch,3,1.0,200,mouse,brain,brain hemisphere
GABAergic neuron.,363,spatial_knn,0.9180646538734436,0.2457961440086364,FFMB028,conch,3,1.0,200,mouse,brain,brain hemisphere
amacrine cell.,41,train_mean,0.8703508973121643,0.3463828563690185,FFMB028,conch,3,1.0,200,mouse,brain,brain hemisphere
amacrine cell.,41,coordinate,0.7920899987220764,0.3819001913070678,FFMB028,conch,3,1.0,200,mouse,brain,brain hemisphere
amacrine cell.,41,image,0.9025611281394958,0.2412094175815582,FFMB028,conch,3,1.0,200,mouse,brain,brain hemisphere
amacrine cell.,41,spatial_knn,0.8920495510101318,0.3805361688137054,FFMB028,conch,3,1.0,200,mouse,brain,brain hemisphere
astrocyte.,354,train_mean,0.5807181000709534,0.300849586725235,FFMB028,conch,3,1.0,200,mouse,brain,brain hemisphere
astrocyte.,354,coordinate,0.5672866106033325,0.3050935864448547,FFMB028,conch,3,1.0,200,mouse,brain,brain hemisphere
astrocyte.,354,image,0.8106745481491089,0.1766688972711563,FFMB028,conch,3,1.0,200,mouse,brain,brain hemisphere
astrocyte.,354,spatial_knn,0.5651916861534119,0.3203465342521667,FFMB028,conch,3,1.0,200,mouse,brain,brain hemisphere
endothelial cell of vascular tree.,42,train_mean,0.6467674374580383,0.2856096625328064,FFMB028,conch,3,1.0,200,mouse,brain,brain hemisphere
endothelial cell of vascular tree.,42,coordinate,0.6395347714424133,0.2932934463024139,FFMB028,conch,3,1.0,200,mouse,brain,brain hemisphere
endothelial cell of vascular tree.,42,image,0.8938133120536804,0.1102537214756012,FFMB028,conch,3,1.0,200,mouse,brain,brain hemisphere
endothelial cell of vascular tree.,42,spatial_knn,0.5939571857452393,0.3246107697486877,FFMB028,conch,3,1.0,200,mouse,brain,brain hemisphere
endothelial cell.,311,train_mean,0.5927707552909851,0.2817941606044769,FFMB028,conch,3,1.0,200,mouse,brain,brain hemisphere
endothelial cell.,311,coordinate,0.6028870344161987,0.28647381067276,FFMB028,conch,3,1.0,200,mouse,brain,brain hemisphere
endothelial cell.,311,image,0.8606449365615845,0.1094185039401054,FFMB028,conch,3,1.0,200,mouse,brain,brain hemisphere
endothelial cell.,311,spatial_knn,0.5741918087005615,0.3010837137699127,FFMB028,conch,3,1.0,200,mouse,brain,brain hemisphere
fibroblast.,56,train_mean,0.5717348456382751,0.2646858394145965,FFMB028,conch,3,1.0,200,mouse,brain,brain hemisphere
fibroblast.,56,coordinate,0.5859189033508301,0.2644605040550232,FFMB028,conch,3,1.0,200,mouse,brain,brain hemisphere
fibroblast.,56,image,0.8186848759651184,0.197715476155281,FFMB028,conch,3,1.0,200,mouse,brain,brain hemisphere
fibroblast.,56,spatial_knn,0.6058748364448547,0.2344452887773513,FFMB028,conch,3,1.0,200,mouse,brain,brain hemisphere
glutamatergic neuron.,698,train_mean,0.9099389314651488,0.2681652009487152,FFMB028,conch,3,1.0,200,mouse,brain,brain hemisphere
glutamatergic neuron.,698,coordinate,0.852087676525116,0.2888695299625397,FFMB028,conch,3,1.0,200,mouse,brain,brain hemisphere
glutamatergic neuron.,698,image,0.9520328640937804,0.1588502824306488,FFMB028,conch,3,1.0,200,mouse,brain,brain hemisphere
glutamatergic neuron.,698,spatial_knn,0.9336088299751282,0.2246376574039459,FFMB028,conch,3,1.0,200,mouse,brain,brain hemisphere
microglial cell.,59,train_mean,0.7688867449760437,0.2614665031433105,FFMB028,conch,3,1.0,200,mouse,brain,brain hemisphere
microglial cell.,59,coordinate,0.733495831489563,0.2697017192840576,FFMB028,conch,3,1.0,200,mouse,brain,brain hemisphere
microglial cell.,59,image,0.8155233263969421,0.1582458317279815,FFMB028,conch,3,1.0,200,mouse,brain,brain hemisphere
microglial cell.,59,spatial_knn,0.7309664487838745,0.3134683966636657,FFMB028,conch,3,1.0,200,mouse,brain,brain hemisphere
oligodendrocyte precursor cell.,68,train_mean,0.8054156303405762,0.2055884748697281,FFMB028,conch,3,1.0,200,mouse,brain,brain hemisphere
oligodendrocyte precursor cell.,68,coordinate,0.7803754210472107,0.2109209448099136,FFMB028,conch,3,1.0,200,mouse,brain,brain hemisphere
oligodendrocyte precursor cell.,68,image,0.8637250661849976,0.1358873099088668,FFMB028,conch,3,1.0,200,mouse,brain,brain hemisphere
oligodendrocyte precursor cell.,68,spatial_knn,0.8009780049324036,0.2172017097473144,FFMB028,conch,3,1.0,200,mouse,brain,brain hemisphere
oligodendrocyte.,207,train_mean,0.6608667969703674,0.2487341463565826,FFMB028,conch,3,1.0,200,mouse,brain,brain hemisphere
oligodendrocyte.,207,coordinate,0.7001928687095642,0.2350480705499649,FFMB028,conch,3,1.0,200,mouse,brain,brain hemisphere
oligodendrocyte.,207,image,0.7404563426971436,0.1851698607206344,FFMB028,conch,3,1.0,200,mouse,brain,brain hemisphere
oligodendrocyte.,207,spatial_knn,0.6564778089523315,0.241286039352417,FFMB028,conch,3,1.0,200,mouse,brain,brain hemisphere
stromal cell.,69,train_mean,0.6097827553749084,0.2635636627674103,FFMB028,conch,3,1.0,200,mouse,brain,brain hemisphere
stromal cell.,69,coordinate,0.6030297875404358,0.2713479697704315,FFMB028,conch,3,1.0,200,mouse,brain,brain hemisphere
stromal cell.,69,image,0.8475635051727295,0.1515894383192062,FFMB028,conch,3,1.0,200,mouse,brain,brain hemisphere
stromal cell.,69,spatial_knn,0.6168162822723389,0.2415189743041992,FFMB028,conch,3,1.0,200,mouse,brain,brain hemisphere
cardiac endothelial cell.,65,train_mean,0.572547972202301,0.453049898147583,FFMC016,conch,0,1.0,200,mouse,colon,colon
cardiac endothelial cell.,65,coordinate,0.317007303237915,0.560890257358551,FFMC016,conch,0,1.0,200,mouse,colon,colon
cardiac endothelial cell.,65,image,0.9626032710075378,0.2022519409656524,FFMC016,conch,0,1.0,200,mouse,colon,colon
cardiac endothelial cell.,65,spatial_knn,0.7079182267189026,0.4009674489498138,FFMC016,conch,0,1.0,200,mouse,colon,colon
cardiac muscle myoblast.,133,train_mean,0.5343680381774902,0.4561757743358612,FFMC016,conch,0,1.0,200,mouse,colon,colon
cardiac muscle myoblast.,133,coordinate,0.2672934234142303,0.5556361675262451,FFMC016,conch,0,1.0,200,mouse,colon,colon
cardiac muscle myoblast.,133,image,0.981810450553894,0.1334380060434341,FFMC016,conch,0,1.0,200,mouse,colon,colon
cardiac muscle myoblast.,133,spatial_knn,0.7295406460762024,0.3746334016323089,FFMC016,conch,0,1.0,200,mouse,colon,colon
endothelial cell.,468,train_mean,0.9418310523033142,0.1297545433044433,FFMC016,conch,0,1.0,200,mouse,colon,colon
endothelial cell.,468,coordinate,0.9145134687423706,0.1670220494270324,FFMC016,conch,0,1.0,200,mouse,colon,colon
endothelial cell.,468,image,0.967201828956604,0.0997739657759666,FFMC016,conch,0,1.0,200,mouse,colon,colon
endothelial cell.,468,spatial_knn,0.9247005581855774,0.1487810611724853,FFMC016,conch,0,1.0,200,mouse,colon,colon
enterocyte of epithelium of large intestine.,107,train_mean,0.8370503783226013,0.3328950405120849,FFMC016,conch,0,1.0,200,mouse,colon,colon
enterocyte of epithelium of large intestine.,107,coordinate,0.8863868713378906,0.316592812538147,FFMC016,conch,0,1.0,200,mouse,colon,colon
enterocyte of epithelium of large intestine.,107,image,0.987085461616516,0.1175147294998169,FFMC016,conch,0,1.0,200,mouse,colon,colon
enterocyte of epithelium of large intestine.,107,spatial_knn,0.915146827697754,0.2663432657718658,FFMC016,conch,0,1.0,200,mouse,colon,colon
enterocyte.,502,train_mean,0.8321866393089294,0.3733981847763061,FFMC016,conch,0,1.0,200,mouse,colon,colon
enterocyte.,502,coordinate,0.8847686648368835,0.3641531467437744,FFMC016,conch,0,1.0,200,mouse,colon,colon
enterocyte.,502,image,0.9891149401664734,0.1277545988559723,FFMC016,conch,0,1.0,200,mouse,colon,colon
enterocyte.,502,spatial_knn,0.9048755764961244,0.3175038993358612,FFMC016,conch,0,1.0,200,mouse,colon,colon
epithelial cell of proximal tubule.,25,train_mean,0.8842543959617615,0.1867138296365738,FFMC016,conch,0,1.0,200,mouse,colon,colon
epithelial cell of proximal tubule.,25,coordinate,0.9333481788635254,0.1369096040725708,FFMC016,conch,0,1.0,200,mouse,colon,colon
epithelial cell of proximal tubule.,25,image,0.9607162475585938,0.1246639266610145,FFMC016,conch,0,1.0,200,mouse,colon,colon
epithelial cell of proximal tubule.,25,spatial_knn,0.9202720522880554,0.165324330329895,FFMC016,conch,0,1.0,200,mouse,colon,colon
epithelial cell.,21,train_mean,0.8825711011886597,0.1851781755685806,FFMC016,conch,0,1.0,200,mouse,colon,colon
epithelial cell.,21,coordinate,0.9343907237052916,0.1229035630822181,FFMC016,conch,0,1.0,200,mouse,colon,colon
epithelial cell.,21,image,0.9374349117279052,0.1261506676673889,FFMC016,conch,0,1.0,200,mouse,colon,colon
epithelial cell.,21,spatial_knn,0.8929787874221802,0.1692638993263244,FFMC016,conch,0,1.0,200,mouse,colon,colon
fibroblast of cardiac tissue.,35,train_mean,0.5603901743888855,0.381468802690506,FFMC016,conch,0,1.0,200,mouse,colon,colon
fibroblast of cardiac tissue.,35,coordinate,0.4351562559604645,0.4273271262645721,FFMC016,conch,0,1.0,200,mouse,colon,colon
fibroblast of cardiac tissue.,35,image,0.8923979997634888,0.1972888559103012,FFMC016,conch,0,1.0,200,mouse,colon,colon
fibroblast of cardiac tissue.,35,spatial_knn,0.8195956945419312,0.2686521708965301,FFMC016,conch,0,1.0,200,mouse,colon,colon
fibroblast.,127,train_mean,0.5551522374153137,0.3798336088657379,FFMC016,conch,0,1.0,200,mouse,colon,colon
fibroblast.,127,coordinate,0.3927165269851684,0.4385687708854675,FFMC016,conch,0,1.0,200,mouse,colon,colon
fibroblast.,127,image,0.926580846309662,0.1608353406190872,FFMC016,conch,0,1.0,200,mouse,colon,colon
fibroblast.,127,spatial_knn,0.8407780528068542,0.2536398768424988,FFMC016,conch,0,1.0,200,mouse,colon,colon
kidney collecting duct principal cell.,44,train_mean,0.8067722320556641,0.3976820111274719,FFMC016,conch,0,1.0,200,mouse,colon,colon
kidney collecting duct principal cell.,44,coordinate,0.8603183627128601,0.3933131992816925,FFMC016,conch,0,1.0,200,mouse,colon,colon
kidney collecting duct principal cell.,44,image,0.9793687462806702,0.1749159395694732,FFMC016,conch,0,1.0,200,mouse,colon,colon
kidney collecting duct principal cell.,44,spatial_knn,0.8249660730361938,0.3978846967220306,FFMC016,conch,0,1.0,200,mouse,colon,colon
kidney loop of Henle epithelial cell.,75,train_mean,0.7814173102378845,0.5796511173248291,FFMC016,conch,0,1.0,200,mouse,colon,colon
kidney loop of Henle epithelial cell.,75,coordinate,0.8641538619995117,0.574913501739502,FFMC016,conch,0,1.0,200,mouse,colon,colon
kidney loop of Henle epithelial cell.,75,image,0.9735812544822692,0.3644894659519195,FFMC016,conch,0,1.0,200,mouse,colon,colon
kidney loop of Henle epithelial cell.,75,spatial_knn,0.7418248057365417,0.6155217289924622,FFMC016,conch,0,1.0,200,mouse,colon,colon
kidney loop of Henle medullary thick ascending limb epithelial cell.,108,train_mean,0.8212690353393555,0.4988127052783966,FFMC016,conch,0,1.0,200,mouse,colon,colon
kidney loop of Henle medullary thick ascending limb epithelial cell.,108,coordinate,0.8876994252204895,0.4972948729991913,FFMC016,conch,0,1.0,200,mouse,colon,colon
kidney loop of Henle medullary thick ascending limb epithelial cell.,108,image,0.985164999961853,0.2795996963977813,FFMC016,conch,0,1.0,200,mouse,colon,colon
kidney loop of Henle medullary thick ascending limb epithelial cell.,108,spatial_knn,0.8202698826789856,0.513140082359314,FFMC016,conch,0,1.0,200,mouse,colon,colon
kidney loop of Henle thick ascending limb epithelial cell.,148,train_mean,0.8317891955375671,0.3620312809944153,FFMC016,conch,0,1.0,200,mouse,colon,colon
kidney loop of Henle thick ascending limb epithelial cell.,148,coordinate,0.8956812024116516,0.3498388826847076,FFMC016,conch,0,1.0,200,mouse,colon,colon
kidney loop of Henle thick ascending limb epithelial cell.,148,image,0.9848582744598388,0.1543812155723571,FFMC016,conch,0,1.0,200,mouse,colon,colon
kidney loop of Henle thick ascending limb epithelial cell.,148,spatial_knn,0.8531080484390259,0.3632625639438629,FFMC016,conch,0,1.0,200,mouse,colon,colon
luminal cell of prostate epithelium.,38,train_mean,0.8277972936630249,0.3057687878608703,FFMC016,conch,0,1.0,200,mouse,colon,colon
luminal cell of prostate epithelium.,38,coordinate,0.8668896555900574,0.2984395027160644,FFMC016,conch,0,1.0,200,mouse,colon,colon
luminal cell of prostate epithelium.,38,image,0.9727396965026855,0.1332984715700149,FFMC016,conch,0,1.0,200,mouse,colon,colon
luminal cell of prostate epithelium.,38,spatial_knn,0.888859748840332,0.265948474407196,FFMC016,conch,0,1.0,200,mouse,colon,colon
luminal epithelial cell of mammary gland.,27,train_mean,0.790869951248169,0.4015338122844696,FFMC016,conch,0,1.0,200,mouse,colon,colon
luminal epithelial cell of mammary gland.,27,coordinate,0.854667067527771,0.3912200033664703,FFMC016,conch,0,1.0,200,mouse,colon,colon
luminal epithelial cell of mammary gland.,27,image,0.9723214507102966,0.1803867518901825,FFMC016,conch,0,1.0,200,mouse,colon,colon
luminal epithelial cell of mammary gland.,27,spatial_knn,0.8864772915840149,0.350171685218811,FFMC016,conch,0,1.0,200,mouse,colon,colon
smooth muscle cell.,288,train_mean,0.5887635946273804,0.4124720394611358,FFMC016,conch,0,1.0,200,mouse,colon,colon
smooth muscle cell.,288,coordinate,0.3741818964481354,0.4953660070896148,FFMC016,conch,0,1.0,200,mouse,colon,colon
smooth muscle cell.,288,image,0.983551025390625,0.1266784965991974,FFMC016,conch,0,1.0,200,mouse,colon,colon
smooth muscle cell.,288,spatial_knn,0.8355169296264648,0.3132577538490295,FFMC016,conch,0,1.0,200,mouse,colon,colon
urethra urothelial cell.,28,train_mean,0.8237043619155884,0.3767148852348327,FFMC016,conch,0,1.0,200,mouse,colon,colon
urethra urothelial cell.,28,coordinate,0.8557792901992798,0.3796356916427612,FFMC016,conch,0,1.0,200,mouse,colon,colon
urethra urothelial cell.,28,image,0.9707199931144714,0.172812208533287,FFMC016,conch,0,1.0,200,mouse,colon,colon
urethra urothelial cell.,28,spatial_knn,0.816541314125061,0.3961838483810425,FFMC016,conch,0,1.0,200,mouse,colon,colon
astrocyte.,36,train_mean,0.1465634703636169,0.6234422922134399,FFMC016,conch,1,1.0,200,mouse,colon,colon
astrocyte.,36,coordinate,0.4113601744174957,0.5552473068237305,FFMC016,conch,1,1.0,200,mouse,colon,colon
astrocyte.,36,image,0.5740464329719543,0.4507187008857727,FFMC016,conch,1,1.0,200,mouse,colon,colon
astrocyte.,36,spatial_knn,0.0206376407295465,0.6998136639595032,FFMC016,conch,1,1.0,200,mouse,colon,colon
cardiac endothelial cell.,55,train_mean,0.6005100607872009,0.4412056505680084,FFMC016,conch,1,1.0,200,mouse,colon,colon
cardiac endothelial cell.,55,coordinate,0.8169589638710022,0.3535418808460235,FFMC016,conch,1,1.0,200,mouse,colon,colon
cardiac endothelial cell.,55,image,0.9766330122947692,0.1645675003528595,FFMC016,conch,1,1.0,200,mouse,colon,colon
cardiac endothelial cell.,55,spatial_knn,0.7638581991195679,0.3588049411773681,FFMC016,conch,1,1.0,200,mouse,colon,colon
cardiac muscle myoblast.,109,train_mean,0.5677934885025024,0.4274875223636627,FFMC016,conch,1,1.0,200,mouse,colon,colon
cardiac muscle myoblast.,109,coordinate,0.8916822075843811,0.2278642058372497,FFMC016,conch,1,1.0,200,mouse,colon,colon
cardiac muscle myoblast.,109,image,0.9853590130805968,0.0987193435430526,FFMC016,conch,1,1.0,200,mouse,colon,colon
cardiac muscle myoblast.,109,spatial_knn,0.516254186630249,0.4562009871006012,FFMC016,conch,1,1.0,200,mouse,colon,colon
endothelial cell.,515,train_mean,0.9522836804389954,0.116751417517662,FFMC016,conch,1,1.0,200,mouse,colon,colon
endothelial cell.,515,coordinate,0.1251371204853058,0.7371953129768372,FFMC016,conch,1,1.0,200,mouse,colon,colon
endothelial cell.,515,image,0.9799811244010924,0.0799601450562477,FFMC016,conch,1,1.0,200,mouse,colon,colon
endothelial cell.,515,spatial_knn,0.8550274968147278,0.1979134529829025,FFMC016,conch,1,1.0,200,mouse,colon,colon
enterocyte of epithelium of large intestine.,142,train_mean,0.8409637808799744,0.348658949136734,FFMC016,conch,1,1.0,200,mouse,colon,colon
enterocyte of epithelium of large intestine.,142,coordinate,-0.452380895614624,1.1330363750457764,FFMC016,conch,1,1.0,200,mouse,colon,colon
enterocyte of epithelium of large intestine.,142,image,0.9889470338821412,0.1117966473102569,FFMC016,conch,1,1.0,200,mouse,colon,colon
enterocyte of epithelium of large intestine.,142,spatial_knn,0.6255203485488892,0.4667662680149078,FFMC016,conch,1,1.0,200,mouse,colon,colon
enterocyte.,557,train_mean,0.8392944931983948,0.3685689568519592,FFMC016,conch,1,1.0,200,mouse,colon,colon
enterocyte.,557,coordinate,-0.4788994193077087,1.2257065773010254,FFMC016,conch,1,1.0,200,mouse,colon,colon
enterocyte.,557,image,0.9905208945274352,0.125045970082283,FFMC016,conch,1,1.0,200,mouse,colon,colon
enterocyte.,557,spatial_knn,0.5089296102523804,0.534132182598114,FFMC016,conch,1,1.0,200,mouse,colon,colon
epithelial cell of proximal tubule.,44,train_mean,0.9124526977539062,0.1853220611810684,FFMC016,conch,1,1.0,200,mouse,colon,colon
epithelial cell of proximal tubule.,44,coordinate,-0.1169289872050285,0.7679378390312195,FFMC016,conch,1,1.0,200,mouse,colon,colon
epithelial cell of proximal tubule.,44,image,0.9438433647155762,0.1522188633680343,FFMC016,conch,1,1.0,200,mouse,colon,colon
epithelial cell of proximal tubule.,44,spatial_knn,0.7613528966903687,0.247792586684227,FFMC016,conch,1,1.0,200,mouse,colon,colon
epithelial cell.,27,train_mean,0.9056251049041748,0.1650970876216888,FFMC016,conch,1,1.0,200,mouse,colon,colon
epithelial cell.,27,coordinate,-0.1382677257061004,0.8199814558029175,FFMC016,conch,1,1.0,200,mouse,colon,colon
epithelial cell.,27,image,0.9443440437316896,0.123769462108612,FFMC016,conch,1,1.0,200,mouse,colon,colon
epithelial cell.,27,spatial_knn,0.6579221487045288,0.2874425053596496,FFMC016,conch,1,1.0,200,mouse,colon,colon
fibroblast of cardiac tissue.,32,train_mean,0.6050580143928528,0.3548385500907898,FFMC016,conch,1,1.0,200,mouse,colon,colon
fibroblast of cardiac tissue.,32,coordinate,0.7290250062942505,0.3705136775970459,FFMC016,conch,1,1.0,200,mouse,colon,colon
fibroblast of cardiac tissue.,32,image,0.9070894718170166,0.1849174797534942,FFMC016,conch,1,1.0,200,mouse,colon,colon
fibroblast of cardiac tissue.,32,spatial_knn,0.6112591028213501,0.3585858047008514,FFMC016,conch,1,1.0,200,mouse,colon,colon
fibroblast.,98,train_mean,0.5739702582359314,0.3674178421497345,FFMC016,conch,1,1.0,200,mouse,colon,colon
fibroblast.,98,coordinate,0.8276810646057129,0.2792906463146209,FFMC016,conch,1,1.0,200,mouse,colon,colon
fibroblast.,98,image,0.9317808151245116,0.1518978327512741,FFMC016,conch,1,1.0,200,mouse,colon,colon
fibroblast.,98,spatial_knn,0.5441272854804993,0.3815726041793823,FFMC016,conch,1,1.0,200,mouse,colon,colon
kidney collecting duct principal cell.,32,train_mean,0.8340826630592346,0.3150423467159271,FFMC016,conch,1,1.0,200,mouse,colon,colon
kidney collecting duct principal cell.,32,coordinate,-0.3206983804702759,0.923440158367157,FFMC016,conch,1,1.0,200,mouse,colon,colon
kidney collecting duct principal cell.,32,image,0.9740984439849854,0.1305280476808548,FFMC016,conch,1,1.0,200,mouse,colon,colon
kidney collecting duct principal cell.,32,spatial_knn,0.7298511266708374,0.3782874643802643,FFMC016,conch,1,1.0,200,mouse,colon,colon
kidney loop of Henle epithelial cell.,34,train_mean,0.8397291898727417,0.4708020389080047,FFMC016,conch,1,1.0,200,mouse,colon,colon
kidney loop of Henle epithelial cell.,34,coordinate,-0.4414059519767761,1.2446361780166626,FFMC016,conch,1,1.0,200,mouse,colon,colon
kidney loop of Henle epithelial cell.,34,image,0.9657606482505798,0.3177021145820617,FFMC016,conch,1,1.0,200,mouse,colon,colon
kidney loop of Henle epithelial cell.,34,spatial_knn,0.4925372302532196,0.6392940878868103,FFMC016,conch,1,1.0,200,mouse,colon,colon
kidney loop of Henle medullary thick ascending limb epithelial cell.,85,train_mean,0.8817130327224731,0.3515053987503052,FFMC016,conch,1,1.0,200,mouse,colon,colon
kidney loop of Henle medullary thick ascending limb epithelial cell.,85,coordinate,-0.4094630181789398,1.1412241458892822,FFMC016,conch,1,1.0,200,mouse,colon,colon
kidney loop of Henle medullary thick ascending limb epithelial cell.,85,image,0.982498288154602,0.196353793144226,FFMC016,conch,1,1.0,200,mouse,colon,colon
kidney loop of Henle medullary thick ascending limb epithelial cell.,85,spatial_knn,0.6548658013343811,0.4797192513942718,FFMC016,conch,1,1.0,200,mouse,colon,colon
kidney loop of Henle thick ascending limb epithelial cell.,112,train_mean,0.8813425898551941,0.2782504260540008,FFMC016,conch,1,1.0,200,mouse,colon,colon
kidney loop of Henle thick ascending limb epithelial cell.,112,coordinate,-0.4243230521678924,1.094715595245361,FFMC016,conch,1,1.0,200,mouse,colon,colon
kidney loop of Henle thick ascending limb epithelial cell.,112,image,0.979491651058197,0.1320750266313552,FFMC016,conch,1,1.0,200,mouse,colon,colon
kidney loop of Henle thick ascending limb epithelial cell.,112,spatial_knn,0.548252522945404,0.456801027059555,FFMC016,conch,1,1.0,200,mouse,colon,colon
smooth muscle cell.,269,train_mean,0.6170896291732788,0.394920140504837,FFMC016,conch,1,1.0,200,mouse,colon,colon
smooth muscle cell.,269,coordinate,0.8847237229347229,0.2381849139928817,FFMC016,conch,1,1.0,200,mouse,colon,colon
smooth muscle cell.,269,image,0.9910460114479064,0.0944401621818542,FFMC016,conch,1,1.0,200,mouse,colon,colon
smooth muscle cell.,269,spatial_knn,0.5528371930122375,0.4286170303821563,FFMC016,conch,1,1.0,200,mouse,colon,colon
urethra urothelial cell.,26,train_mean,0.8448580503463745,0.3715250194072723,FFMC016,conch,1,1.0,200,mouse,colon,colon
urethra urothelial cell.,26,coordinate,-0.4131712615489959,1.0927631855010986,FFMC016,conch,1,1.0,200,mouse,colon,colon
urethra urothelial cell.,26,image,0.985769271850586,0.1263604760169983,FFMC016,conch,1,1.0,200,mouse,colon,colon
urethra urothelial cell.,26,spatial_knn,0.5924627780914307,0.5053391456604004,FFMC016,conch,1,1.0,200,mouse,colon,colon
astrocyte.,37,train_mean,0.1406616270542144,0.645831823348999,FFMC016,conch,2,1.0,200,mouse,colon,colon
astrocyte.,37,coordinate,0.2233556509017944,0.647527277469635,FFMC016,conch,2,1.0,200,mouse,colon,colon
astrocyte.,37,image,0.4798613786697387,0.5279852747917175,FFMC016,conch,2,1.0,200,mouse,colon,colon
astrocyte.,37,spatial_knn,0.1466159522533416,0.6342254877090454,FFMC016,conch,2,1.0,200,mouse,colon,colon
cardiac endothelial cell.,44,train_mean,0.5623974800109863,0.4438388049602508,FFMC016,conch,2,1.0,200,mouse,colon,colon
cardiac endothelial cell.,44,coordinate,0.6133818030357361,0.461871862411499,FFMC016,conch,2,1.0,200,mouse,colon,colon
cardiac endothelial cell.,44,image,0.9782522320747375,0.1307646334171295,FFMC016,conch,2,1.0,200,mouse,colon,colon
cardiac endothelial cell.,44,spatial_knn,0.6408538222312927,0.402827113866806,FFMC016,conch,2,1.0,200,mouse,colon,colon
cardiac muscle myoblast.,165,train_mean,0.5288297533988953,0.4475542902946472,FFMC016,conch,2,1.0,200,mouse,colon,colon
cardiac muscle myoblast.,165,coordinate,0.5837118029594421,0.4848940670490265,FFMC016,conch,2,1.0,200,mouse,colon,colon
cardiac muscle myoblast.,165,image,0.9856452941894532,0.0894931405782699,FFMC016,conch,2,1.0,200,mouse,colon,colon
cardiac muscle myoblast.,165,spatial_knn,0.6341246366500854,0.3875168561935425,FFMC016,conch,2,1.0,200,mouse,colon,colon
endothelial cell.,507,train_mean,0.8823738694190979,0.1817120462656021,FFMC016,conch,2,1.0,200,mouse,colon,colon
endothelial cell.,507,coordinate,0.8443223237991333,0.2573827803134918,FFMC016,conch,2,1.0,200,mouse,colon,colon
endothelial cell.,507,image,0.898261308670044,0.1683413386344909,FFMC016,conch,2,1.0,200,mouse,colon,colon
endothelial cell.,507,spatial_knn,0.8374142646789551,0.2121878266334533,FFMC016,conch,2,1.0,200,mouse,colon,colon
enterocyte of epithelium of large intestine.,118,train_mean,0.8349816203117371,0.3295915722846985,FFMC016,conch,2,1.0,200,mouse,colon,colon
enterocyte of epithelium of large intestine.,118,coordinate,0.7844228148460388,0.3654895424842834,FFMC016,conch,2,1.0,200,mouse,colon,colon
enterocyte of epithelium of large intestine.,118,image,0.9880177974700928,0.0960902944207191,FFMC016,conch,2,1.0,200,mouse,colon,colon
enterocyte of epithelium of large intestine.,118,spatial_knn,0.932716429233551,0.2295608669519424,FFMC016,conch,2,1.0,200,mouse,colon,colon
enterocyte.,436,train_mean,0.831954300403595,0.3747752904891968,FFMC016,conch,2,1.0,200,mouse,colon,colon
enterocyte.,436,coordinate,0.7784597277641296,0.3906580805778503,FFMC016,conch,2,1.0,200,mouse,colon,colon
enterocyte.,436,image,0.9888472557067872,0.1022495478391647,FFMC016,conch,2,1.0,200,mouse,colon,colon
enterocyte.,436,spatial_knn,0.9430037140846252,0.2527456283569336,FFMC016,conch,2,1.0,200,mouse,colon,colon
fibroblast of cardiac tissue.,48,train_mean,0.5874958038330078,0.349729984998703,FFMC016,conch,2,1.0,200,mouse,colon,colon
fibroblast of cardiac tissue.,48,coordinate,0.5776461362838745,0.4093583822250366,FFMC016,conch,2,1.0,200,mouse,colon,colon
fibroblast of cardiac tissue.,48,image,0.8870261907577515,0.1851482689380645,FFMC016,conch,2,1.0,200,mouse,colon,colon
fibroblast of cardiac tissue.,48,spatial_knn,0.7230949401855469,0.280689537525177,FFMC016,conch,2,1.0,200,mouse,colon,colon
fibroblast.,148,train_mean,0.5581671595573425,0.3708777129650116,FFMC016,conch,2,1.0,200,mouse,colon,colon
fibroblast.,148,coordinate,0.5631522536277771,0.4302432835102081,FFMC016,conch,2,1.0,200,mouse,colon,colon
fibroblast.,148,image,0.9076865911483764,0.1753770411014557,FFMC016,conch,2,1.0,200,mouse,colon,colon
fibroblast.,148,spatial_knn,0.689939558506012,0.3002917170524597,FFMC016,conch,2,1.0,200,mouse,colon,colon
kidney collecting duct principal cell.,42,train_mean,0.7948401570320129,0.3684574365615845,FFMC016,conch,2,1.0,200,mouse,colon,colon
kidney collecting duct principal cell.,42,coordinate,0.7547953724861145,0.387318879365921,FFMC016,conch,2,1.0,200,mouse,colon,colon
kidney collecting duct principal cell.,42,image,0.9662411212921144,0.1585868000984192,FFMC016,conch,2,1.0,200,mouse,colon,colon
kidney collecting duct principal cell.,42,spatial_knn,0.8366799354553223,0.3405150771141052,FFMC016,conch,2,1.0,200,mouse,colon,colon
kidney loop of Henle epithelial cell.,66,train_mean,0.7862826585769653,0.4595757722854614,FFMC016,conch,2,1.0,200,mouse,colon,colon
kidney loop of Henle epithelial cell.,66,coordinate,0.7492858171463013,0.4456207454204559,FFMC016,conch,2,1.0,200,mouse,colon,colon
kidney loop of Henle epithelial cell.,66,image,0.9574471712112428,0.2591449916362762,FFMC016,conch,2,1.0,200,mouse,colon,colon
kidney loop of Henle epithelial cell.,66,spatial_knn,0.7537195682525635,0.4845682084560394,FFMC016,conch,2,1.0,200,mouse,colon,colon
kidney loop of Henle medullary thick ascending limb epithelial cell.,114,train_mean,0.8268711566925049,0.4023402631282806,FFMC016,conch,2,1.0,200,mouse,colon,colon
kidney loop of Henle medullary thick ascending limb epithelial cell.,114,coordinate,0.7859839797019958,0.3946747183799743,FFMC016,conch,2,1.0,200,mouse,colon,colon
kidney loop of Henle medullary thick ascending limb epithelial cell.,114,image,0.9723306894302368,0.1846568584442138,FFMC016,conch,2,1.0,200,mouse,colon,colon
kidney loop of Henle medullary thick ascending limb epithelial cell.,114,spatial_knn,0.7829995155334473,0.436498761177063,FFMC016,conch,2,1.0,200,mouse,colon,colon
kidney loop of Henle thick ascending limb epithelial cell.,123,train_mean,0.8216699361801147,0.3422741591930389,FFMC016,conch,2,1.0,200,mouse,colon,colon
kidney loop of Henle thick ascending limb epithelial cell.,123,coordinate,0.7764880061149597,0.3623453676700592,FFMC016,conch,2,1.0,200,mouse,colon,colon
kidney loop of Henle thick ascending limb epithelial cell.,123,image,0.972342014312744,0.1404067575931549,FFMC016,conch,2,1.0,200,mouse,colon,colon
kidney loop of Henle thick ascending limb epithelial cell.,123,spatial_knn,0.7650582790374756,0.3800436556339264,FFMC016,conch,2,1.0,200,mouse,colon,colon
luminal cell of prostate epithelium.,34,train_mean,0.8060710430145264,0.3813083171844482,FFMC016,conch,2,1.0,200,mouse,colon,colon
luminal cell of prostate epithelium.,34,coordinate,0.7504078149795532,0.4024666845798492,FFMC016,conch,2,1.0,200,mouse,colon,colon
luminal cell of prostate epithelium.,34,image,0.963248372077942,0.1746667623519897,FFMC016,conch,2,1.0,200,mouse,colon,colon
luminal cell of prostate epithelium.,34,spatial_knn,0.6856488585472107,0.4497483074665069,FFMC016,conch,2,1.0,200,mouse,colon,colon
smooth muscle cell.,312,train_mean,0.5821866989135742,0.4035224616527557,FFMC016,conch,2,1.0,200,mouse,colon,colon
smooth muscle cell.,312,coordinate,0.6312351226806641,0.427797257900238,FFMC016,conch,2,1.0,200,mouse,colon,colon
smooth muscle cell.,312,image,0.9891208410263062,0.080817237496376,FFMC016,conch,2,1.0,200,mouse,colon,colon
smooth muscle cell.,312,spatial_knn,0.6237657070159912,0.3750820457935333,FFMC016,conch,2,1.0,200,mouse,colon,colon
urethra urothelial cell.,42,train_mean,0.8075811862945557,0.346901923418045,FFMC016,conch,2,1.0,200,mouse,colon,colon
urethra urothelial cell.,42,coordinate,0.7498325109481812,0.3883474767208099,FFMC016,conch,2,1.0,200,mouse,colon,colon
urethra urothelial cell.,42,image,0.9626988172531128,0.1590723693370819,FFMC016,conch,2,1.0,200,mouse,colon,colon
urethra urothelial cell.,42,spatial_knn,0.6541579961776733,0.4358757436275482,FFMC016,conch,2,1.0,200,mouse,colon,colon
astrocyte.,46,train_mean,0.1805653423070907,0.7000687122344971,FFMC016,conch,3,1.0,200,mouse,colon,colon
astrocyte.,46,coordinate,-0.0020238063298165,0.93077951669693,FFMC016,conch,3,1.0,200,mouse,colon,colon
astrocyte.,46,image,0.5562485456466675,0.5449379682540894,FFMC016,conch,3,1.0,200,mouse,colon,colon
astrocyte.,46,spatial_knn,0.1621759086847305,0.7129181623458862,FFMC016,conch,3,1.0,200,mouse,colon,colon
cardiac endothelial cell.,41,train_mean,0.559740424156189,0.43269744515419,FFMC016,conch,3,1.0,200,mouse,colon,colon
cardiac endothelial cell.,41,coordinate,0.1332870721817016,0.7811570167541504,FFMC016,conch,3,1.0,200,mouse,colon,colon
cardiac endothelial cell.,41,image,0.9809041023254396,0.1074991524219513,FFMC016,conch,3,1.0,200,mouse,colon,colon
cardiac endothelial cell.,41,spatial_knn,0.494150310754776,0.4651074409484863,FFMC016,conch,3,1.0,200,mouse,colon,colon
cardiac muscle myoblast.,166,train_mean,0.5250256657600403,0.4604237973690033,FFMC016,conch,3,1.0,200,mouse,colon,colon
cardiac muscle myoblast.,166,coordinate,0.0783490240573883,0.8119486570358276,FFMC016,conch,3,1.0,200,mouse,colon,colon
cardiac muscle myoblast.,166,image,0.9847859740257264,0.1025722697377204,FFMC016,conch,3,1.0,200,mouse,colon,colon
cardiac muscle myoblast.,166,spatial_knn,0.4978956878185272,0.46814626455307,FFMC016,conch,3,1.0,200,mouse,colon,colon
endothelial cell.,367,train_mean,0.924942910671234,0.1432905793190002,FFMC016,conch,3,1.0,200,mouse,colon,colon
endothelial cell.,367,coordinate,0.8479673862457275,0.352649450302124,FFMC016,conch,3,1.0,200,mouse,colon,colon
endothelial cell.,367,image,0.9576146602630616,0.1035616770386695,FFMC016,conch,3,1.0,200,mouse,colon,colon
endothelial cell.,367,spatial_knn,0.9215478897094728,0.1669127792119979,FFMC016,conch,3,1.0,200,mouse,colon,colon
enterocyte of epithelium of large intestine.,117,train_mean,0.8389067649841309,0.315315693616867,FFMC016,conch,3,1.0,200,mouse,colon,colon
enterocyte of epithelium of large intestine.,117,coordinate,0.95491623878479,0.1866745203733444,FFMC016,conch,3,1.0,200,mouse,colon,colon
enterocyte of epithelium of large intestine.,117,image,0.989806056022644,0.0951685309410095,FFMC016,conch,3,1.0,200,mouse,colon,colon
enterocyte of epithelium of large intestine.,117,spatial_knn,0.8876911401748657,0.2721913456916809,FFMC016,conch,3,1.0,200,mouse,colon,colon
enterocyte.,480,train_mean,0.8378058671951294,0.3515229821205139,FFMC016,conch,3,1.0,200,mouse,colon,colon
enterocyte.,480,coordinate,0.9429833889007568,0.2026286423206329,FFMC016,conch,3,1.0,200,mouse,colon,colon
enterocyte.,480,image,0.9940089583396912,0.0842166170477867,FFMC016,conch,3,1.0,200,mouse,colon,colon
enterocyte.,480,spatial_knn,0.9023357629776,0.2846668362617492,FFMC016,conch,3,1.0,200,mouse,colon,colon
epithelial cell of proximal tubule.,29,train_mean,0.8987045884132385,0.2335652112960815,FFMC016,conch,3,1.0,200,mouse,colon,colon
epithelial cell of proximal tubule.,29,coordinate,0.938226580619812,0.4104624092578888,FFMC016,conch,3,1.0,200,mouse,colon,colon
epithelial cell of proximal tubule.,29,image,0.9270818829536438,0.1958219856023788,FFMC016,conch,3,1.0,200,mouse,colon,colon
epithelial cell of proximal tubule.,29,spatial_knn,0.9276313185691832,0.2563280761241913,FFMC016,conch,3,1.0,200,mouse,colon,colon
epithelial cell.,20,train_mean,0.7976320385932922,0.2722476124763489,FFMC016,conch,3,1.0,200,mouse,colon,colon
epithelial cell.,20,coordinate,0.8133082389831543,0.438518762588501,FFMC016,conch,3,1.0,200,mouse,colon,colon
epithelial cell.,20,image,0.8717688322067261,0.2327361404895782,FFMC016,conch,3,1.0,200,mouse,colon,colon
epithelial cell.,20,spatial_knn,0.8349639773368835,0.3300378620624542,FFMC016,conch,3,1.0,200,mouse,colon,colon
fibroblast of cardiac tissue.,39,train_mean,0.5618394017219543,0.3711530566215515,FFMC016,conch,3,1.0,200,mouse,colon,colon
fibroblast of cardiac tissue.,39,coordinate,0.1823363006114959,0.7186456918716431,FFMC016,conch,3,1.0,200,mouse,colon,colon
fibroblast of cardiac tissue.,39,image,0.905927300453186,0.1780808866024017,FFMC016,conch,3,1.0,200,mouse,colon,colon
fibroblast of cardiac tissue.,39,spatial_knn,0.5188606381416321,0.3907347619533539,FFMC016,conch,3,1.0,200,mouse,colon,colon
fibroblast.,147,train_mean,0.5500213503837585,0.3749454319477081,FFMC016,conch,3,1.0,200,mouse,colon,colon
fibroblast.,147,coordinate,0.1698373258113861,0.7178650498390198,FFMC016,conch,3,1.0,200,mouse,colon,colon
fibroblast.,147,image,0.9099510908126832,0.1721105426549911,FFMC016,conch,3,1.0,200,mouse,colon,colon
fibroblast.,147,spatial_knn,0.4904263615608215,0.4113136231899261,FFMC016,conch,3,1.0,200,mouse,colon,colon
kidney collecting duct principal cell.,53,train_mean,0.8059863448143005,0.3059834837913513,FFMC016,conch,3,1.0,200,mouse,colon,colon
kidney collecting duct principal cell.,53,coordinate,0.9357917308807372,0.2271398156881332,FFMC016,conch,3,1.0,200,mouse,colon,colon
kidney collecting duct principal cell.,53,image,0.9731119871139526,0.1280076205730438,FFMC016,conch,3,1.0,200,mouse,colon,colon
kidney collecting duct principal cell.,53,spatial_knn,0.8741865754127502,0.2531717419624328,FFMC016,conch,3,1.0,200,mouse,colon,colon
kidney loop of Henle epithelial cell.,57,train_mean,0.7897331714630127,0.5062164068222046,FFMC016,conch,3,1.0,200,mouse,colon,colon
kidney loop of Henle epithelial cell.,57,coordinate,0.9347570538520812,0.2815911769866943,FFMC016,conch,3,1.0,200,mouse,colon,colon
kidney loop of Henle epithelial cell.,57,image,0.984189510345459,0.2743388414382934,FFMC016,conch,3,1.0,200,mouse,colon,colon
kidney loop of Henle epithelial cell.,57,spatial_knn,0.9014339447021484,0.3959289193153381,FFMC016,conch,3,1.0,200,mouse,colon,colon
kidney loop of Henle medullary thick ascending limb epithelial cell.,90,train_mean,0.8173415064811707,0.4388545453548431,FFMC016,conch,3,1.0,200,mouse,colon,colon
kidney loop of Henle medullary thick ascending limb epithelial cell.,90,coordinate,0.9548233151435852,0.2128885388374328,FFMC016,conch,3,1.0,200,mouse,colon,colon
kidney loop of Henle medullary thick ascending limb epithelial cell.,90,image,0.988686978816986,0.2257449775934219,FFMC016,conch,3,1.0,200,mouse,colon,colon
kidney loop of Henle medullary thick ascending limb epithelial cell.,90,spatial_knn,0.8899140357971191,0.3783522546291351,FFMC016,conch,3,1.0,200,mouse,colon,colon
kidney loop of Henle thick ascending limb epithelial cell.,169,train_mean,0.8244530558586121,0.2928057909011841,FFMC016,conch,3,1.0,200,mouse,colon,colon
kidney loop of Henle thick ascending limb epithelial cell.,169,coordinate,0.9550026655197144,0.1852421760559082,FFMC016,conch,3,1.0,200,mouse,colon,colon
kidney loop of Henle thick ascending limb epithelial cell.,169,image,0.9867011308670044,0.0914936587214469,FFMC016,conch,3,1.0,200,mouse,colon,colon
kidney loop of Henle thick ascending limb epithelial cell.,169,spatial_knn,0.8900890350341797,0.2412637919187545,FFMC016,conch,3,1.0,200,mouse,colon,colon
kidney proximal convoluted tubule epithelial cell.,27,train_mean,0.2248816341161728,0.5876991152763367,FFMC016,conch,3,1.0,200,mouse,colon,colon
kidney proximal convoluted tubule epithelial cell.,27,coordinate,0.1878154724836349,0.9483888745307922,FFMC016,conch,3,1.0,200,mouse,colon,colon
kidney proximal convoluted tubule epithelial cell.,27,image,0.2275559157133102,0.6049774885177612,FFMC016,conch,3,1.0,200,mouse,colon,colon
kidney proximal convoluted tubule epithelial cell.,27,spatial_knn,0.1725632548332214,0.6380978226661682,FFMC016,conch,3,1.0,200,mouse,colon,colon
luminal cell of prostate epithelium.,39,train_mean,0.8320274949073792,0.2968239188194275,FFMC016,conch,3,1.0,200,mouse,colon,colon
luminal cell of prostate epithelium.,39,coordinate,0.9492574334144592,0.1993463635444641,FFMC016,conch,3,1.0,200,mouse,colon,colon
luminal cell of prostate epithelium.,39,image,0.9813838601112366,0.1091962084174156,FFMC016,conch,3,1.0,200,mouse,colon,colon
luminal cell of prostate epithelium.,39,spatial_knn,0.8799217343330383,0.2561650574207306,FFMC016,conch,3,1.0,200,mouse,colon,colon
luminal epithelial cell of mammary gland.,22,train_mean,0.7953338027000427,0.3976243436336517,FFMC016,conch,3,1.0,200,mouse,colon,colon
luminal epithelial cell of mammary gland.,22,coordinate,0.9322721362113952,0.2262666076421737,FFMC016,conch,3,1.0,200,mouse,colon,colon
luminal epithelial cell of mammary gland.,22,image,0.9778282642364502,0.174365296959877,FFMC016,conch,3,1.0,200,mouse,colon,colon
luminal epithelial cell of mammary gland.,22,spatial_knn,0.9519795775413512,0.2262042760848999,FFMC016,conch,3,1.0,200,mouse,colon,colon
smooth muscle cell.,338,train_mean,0.5800542235374451,0.4119959771633148,FFMC016,conch,3,1.0,200,mouse,colon,colon
smooth muscle cell.,338,coordinate,0.1494500786066055,0.7664435505867004,FFMC016,conch,3,1.0,200,mouse,colon,colon
smooth muscle cell.,338,image,0.9875184893608092,0.0921518951654434,FFMC016,conch,3,1.0,200,mouse,colon,colon
smooth muscle cell.,338,spatial_knn,0.5247463583946228,0.439347356557846,FFMC016,conch,3,1.0,200,mouse,colon,colon
urethra urothelial cell.,23,train_mean,0.8257365822792053,0.3631917238235473,FFMC016,conch,3,1.0,200,mouse,colon,colon
urethra urothelial cell.,23,coordinate,0.9076836705207824,0.2610976696014404,FFMC016,conch,3,1.0,200,mouse,colon,colon
urethra urothelial cell.,23,image,0.977158784866333,0.1499664783477783,FFMC016,conch,3,1.0,200,mouse,colon,colon
urethra urothelial cell.,23,spatial_knn,0.8424453139305115,0.3421125113964081,FFMC016,conch,3,1.0,200,mouse,colon,colon
B cell.,88,train_mean,0.347596138715744,0.2754769325256347,HBCA041,conch,0,1.0,200,human,breast,breast IDC
B cell.,88,coordinate,0.2873599529266357,0.3091238141059875,HBCA041,conch,0,1.0,200,human,breast,breast IDC
B cell.,88,image,0.7836630344390869,0.120640605688095,HBCA041,conch,0,1.0,200,human,breast,breast IDC
B cell.,88,spatial_knn,0.307121992111206,0.346242606639862,HBCA041,conch,0,1.0,200,human,breast,breast IDC
T cell.,72,train_mean,0.2932666838169098,0.2948914468288421,HBCA041,conch,0,1.0,200,human,breast,breast IDC
T cell.,72,coordinate,0.2293920814990997,0.3302501440048218,HBCA041,conch,0,1.0,200,human,breast,breast IDC
T cell.,72,image,0.8566448092460632,0.1225916221737861,HBCA041,conch,0,1.0,200,human,breast,breast IDC
T cell.,72,spatial_knn,0.2515396475791931,0.3405102491378784,HBCA041,conch,0,1.0,200,human,breast,breast IDC
ciliated cell.,114,train_mean,0.8365679979324341,0.281905859708786,HBCA041,conch,0,1.0,200,human,breast,breast IDC
ciliated cell.,114,coordinate,0.7361832857131958,0.3110819458961487,HBCA041,conch,0,1.0,200,human,breast,breast IDC
ciliated cell.,114,image,0.9822390079498292,0.0979317873716354,HBCA041,conch,0,1.0,200,human,breast,breast IDC
ciliated cell.,114,spatial_knn,0.8664296269416809,0.240322008728981,HBCA041,conch,0,1.0,200,human,breast,breast IDC
cultured cell.,301,train_mean,0.858403205871582,0.2647429406642914,HBCA041,conch,0,1.0,200,human,breast,breast IDC
cultured cell.,301,coordinate,0.7592304944992065,0.2950552701950073,HBCA041,conch,0,1.0,200,human,breast,breast IDC
cultured cell.,301,image,0.9862481951713562,0.0966882556676864,HBCA041,conch,0,1.0,200,human,breast,breast IDC
cultured cell.,301,spatial_knn,0.8774016499519348,0.2291697412729263,HBCA041,conch,0,1.0,200,human,breast,breast IDC
endothelial cell.,192,train_mean,0.4443016648292541,0.2985098659992218,HBCA041,conch,0,1.0,200,human,breast,breast IDC
endothelial cell.,192,coordinate,0.4655947387218475,0.3114301562309265,HBCA041,conch,0,1.0,200,human,breast,breast IDC
endothelial cell.,192,image,0.7027338743209839,0.2194404155015945,HBCA041,conch,0,1.0,200,human,breast,breast IDC
endothelial cell.,192,spatial_knn,0.3994782865047455,0.3320289850234985,HBCA041,conch,0,1.0,200,human,breast,breast IDC
fibroblast.,338,train_mean,0.6519832611083984,0.2962032556533813,HBCA041,conch,0,1.0,200,human,breast,breast IDC
fibroblast.,338,coordinate,0.7375146150588989,0.268288105726242,HBCA041,conch,0,1.0,200,human,breast,breast IDC
fibroblast.,338,image,0.9373791813850404,0.1580433547496795,HBCA041,conch,0,1.0,200,human,breast,breast IDC
fibroblast.,338,spatial_knn,0.6122180223464966,0.3118407130241394,HBCA041,conch,0,1.0,200,human,breast,breast IDC
goblet cell.,463,train_mean,0.8500232100486755,0.2936049103736877,HBCA041,conch,0,1.0,200,human,breast,breast IDC
goblet cell.,463,coordinate,0.7582569718360901,0.3170255422592163,HBCA041,conch,0,1.0,200,human,breast,breast IDC
goblet cell.,463,image,0.9905973076820374,0.0925611406564712,HBCA041,conch,0,1.0,200,human,breast,breast IDC
goblet cell.,463,spatial_knn,0.8857298493385315,0.2463997304439544,HBCA041,conch,0,1.0,200,human,breast,breast IDC
macrophage.,169,train_mean,0.4494018256664276,0.2696067094802856,HBCA041,conch,0,1.0,200,human,breast,breast IDC
macrophage.,169,coordinate,0.3894566893577575,0.3112182021141052,HBCA041,conch,0,1.0,200,human,breast,breast IDC
macrophage.,169,image,0.7763972878456116,0.1668932884931564,HBCA041,conch,0,1.0,200,human,breast,breast IDC
macrophage.,169,spatial_knn,0.3709031641483307,0.328543096780777,HBCA041,conch,0,1.0,200,human,breast,breast IDC
mammary alveolar cell.,61,train_mean,0.9421945214271544,0.2408301830291748,HBCA041,conch,0,1.0,200,human,breast,breast IDC
mammary alveolar cell.,61,coordinate,0.9412215352058412,0.2219741195440292,HBCA041,conch,0,1.0,200,human,breast,breast IDC
mammary alveolar cell.,61,image,0.9501506686210632,0.1903111189603805,HBCA041,conch,0,1.0,200,human,breast,breast IDC
mammary alveolar cell.,61,spatial_knn,0.9501041769981384,0.2052437216043472,HBCA041,conch,0,1.0,200,human,breast,breast IDC
secretory cell.,273,train_mean,0.9207438826560974,0.2177390307188034,HBCA041,conch,0,1.0,200,human,breast,breast IDC
secretory cell.,273,coordinate,0.8574561476707458,0.2304621338844299,HBCA041,conch,0,1.0,200,human,breast,breast IDC
secretory cell.,273,image,0.9852318167686462,0.1007304489612579,HBCA041,conch,0,1.0,200,human,breast,breast IDC
secretory cell.,273,spatial_knn,0.9539439082145692,0.1496407687664032,HBCA041,conch,0,1.0,200,human,breast,breast IDC
smooth muscle cell.,33,train_mean,0.5691673755645752,0.2456813752651214,HBCA041,conch,0,1.0,200,human,breast,breast IDC
smooth muscle cell.,33,coordinate,0.6237701773643494,0.2508054077625274,HBCA041,conch,0,1.0,200,human,breast,breast IDC
smooth muscle cell.,33,image,0.747033953666687,0.1853027790784835,HBCA041,conch,0,1.0,200,human,breast,breast IDC
smooth muscle cell.,33,spatial_knn,0.5394092202186584,0.2856580018997192,HBCA041,conch,0,1.0,200,human,breast,breast IDC
stratified epithelial cell.,60,train_mean,0.8587309718132019,0.2157262861728668,HBCA041,conch,0,1.0,200,human,breast,breast IDC
stratified epithelial cell.,60,coordinate,0.7718632221221924,0.2466391921043396,HBCA041,conch,0,1.0,200,human,breast,breast IDC
stratified epithelial cell.,60,image,0.9657092094421388,0.1071978732943534,HBCA041,conch,0,1.0,200,human,breast,breast IDC
stratified epithelial cell.,60,spatial_knn,0.8907707929611206,0.1833579540252685,HBCA041,conch,0,1.0,200,human,breast,breast IDC
stromal cell.,24,train_mean,0.5945406556129456,0.2453192919492721,HBCA041,conch,0,1.0,200,human,breast,breast IDC
stromal cell.,24,coordinate,0.6851039528846741,0.2540175318717956,HBCA041,conch,0,1.0,200,human,breast,breast IDC
stromal cell.,24,image,0.7974157333374023,0.1827169507741928,HBCA041,conch,0,1.0,200,human,breast,breast IDC
stromal cell.,24,spatial_knn,0.5502962470054626,0.297333687543869,HBCA041,conch,0,1.0,200,human,breast,breast IDC
tracheal goblet cell.,26,train_mean,0.8369458317756653,0.2789989113807678,HBCA041,conch,0,1.0,200,human,breast,breast IDC
tracheal goblet cell.,26,coordinate,0.7638048529624939,0.2954904735088348,HBCA041,conch,0,1.0,200,human,breast,breast IDC
tracheal goblet cell.,26,image,0.9682750701904296,0.1334917992353439,HBCA041,conch,0,1.0,200,human,breast,breast IDC
tracheal goblet cell.,26,spatial_knn,0.8918498158454895,0.2247361987829208,HBCA041,conch,0,1.0,200,human,breast,breast IDC
B cell.,53,train_mean,0.236570119857788,0.318690687417984,HBCA041,conch,1,1.0,200,human,breast,breast IDC
B cell.,53,coordinate,0.5218858122825623,0.2455432116985321,HBCA041,conch,1,1.0,200,human,breast,breast IDC
B cell.,53,image,0.7768674492835999,0.117911472916603,HBCA041,conch,1,1.0,200,human,breast,breast IDC
B cell.,53,spatial_knn,0.2045895457267761,0.3595620691776275,HBCA041,conch,1,1.0,200,human,breast,breast IDC
T cell.,76,train_mean,0.215188592672348,0.3217146396636963,HBCA041,conch,1,1.0,200,human,breast,breast IDC
T cell.,76,coordinate,0.5935293436050415,0.219837874174118,HBCA041,conch,1,1.0,200,human,breast,breast IDC
T cell.,76,image,0.8046647310256958,0.128742977976799,HBCA041,conch,1,1.0,200,human,breast,breast IDC
T cell.,76,spatial_knn,0.1979344189167022,0.3347778916358948,HBCA041,conch,1,1.0,200,human,breast,breast IDC
basal cell of epidermis.,59,train_mean,0.365635335445404,0.3328795433044433,HBCA041,conch,1,1.0,200,human,breast,breast IDC
basal cell of epidermis.,59,coordinate,0.2612580955028534,0.3400130867958069,HBCA041,conch,1,1.0,200,human,breast,breast IDC
basal cell of epidermis.,59,image,0.5334348678588867,0.257778912782669,HBCA041,conch,1,1.0,200,human,breast,breast IDC
basal cell of epidermis.,59,spatial_knn,0.4615829885005951,0.3330185115337372,HBCA041,conch,1,1.0,200,human,breast,breast IDC
basal cell.,52,train_mean,0.6204054355621338,0.268300712108612,HBCA041,conch,1,1.0,200,human,breast,breast IDC
basal cell.,52,coordinate,0.3413091003894806,0.3391476273536682,HBCA041,conch,1,1.0,200,human,breast,breast IDC
basal cell.,52,image,0.7317924499511719,0.2265501320362091,HBCA041,conch,1,1.0,200,human,breast,breast IDC
basal cell.,52,spatial_knn,0.6609980463981628,0.2537549436092376,HBCA041,conch,1,1.0,200,human,breast,breast IDC
ciliated cell.,57,train_mean,0.8710081577301025,0.21059350669384,HBCA041,conch,1,1.0,200,human,breast,breast IDC
ciliated cell.,57,coordinate,0.2361964285373687,0.4063214361667633,HBCA041,conch,1,1.0,200,human,breast,breast IDC
ciliated cell.,57,image,0.979613959789276,0.0912111923098564,HBCA041,conch,1,1.0,200,human,breast,breast IDC
ciliated cell.,57,spatial_knn,0.8180252909660339,0.2376624345779419,HBCA041,conch,1,1.0,200,human,breast,breast IDC
cultured cell.,430,train_mean,0.8706648945808411,0.2048382014036178,HBCA041,conch,1,1.0,200,human,breast,breast IDC
cultured cell.,430,coordinate,0.024802129715681,0.4551988840103149,HBCA041,conch,1,1.0,200,human,breast,breast IDC
cultured cell.,430,image,0.9726135730743408,0.1101065576076507,HBCA041,conch,1,1.0,200,human,breast,breast IDC
cultured cell.,430,spatial_knn,0.7391131520271301,0.2655225098133087,HBCA041,conch,1,1.0,200,human,breast,breast IDC
endothelial cell.,184,train_mean,0.2656914591789245,0.3330486714839935,HBCA041,conch,1,1.0,200,human,breast,breast IDC
endothelial cell.,184,coordinate,0.5910163521766663,0.2338339239358902,HBCA041,conch,1,1.0,200,human,breast,breast IDC
endothelial cell.,184,image,0.7295883893966675,0.191385343670845,HBCA041,conch,1,1.0,200,human,breast,breast IDC
endothelial cell.,184,spatial_knn,0.3214115798473358,0.3221829533576965,HBCA041,conch,1,1.0,200,human,breast,breast IDC
epithelial cell of lower respiratory tract.,23,train_mean,0.917802631855011,0.1265473216772079,HBCA041,conch,1,1.0,200,human,breast,breast IDC
epithelial cell of lower respiratory tract.,23,coordinate,0.3482834696769714,0.3115721642971039,HBCA041,conch,1,1.0,200,human,breast,breast IDC
epithelial cell of lower respiratory tract.,23,image,0.9377472996711732,0.1127158254384994,HBCA041,conch,1,1.0,200,human,breast,breast IDC
epithelial cell of lower respiratory tract.,23,spatial_knn,0.8897008299827576,0.1552653014659881,HBCA041,conch,1,1.0,200,human,breast,breast IDC
fibroblast.,452,train_mean,0.4580970406532287,0.3330573141574859,HBCA041,conch,1,1.0,200,human,breast,breast IDC
fibroblast.,452,coordinate,0.8052040338516235,0.2176785469055175,HBCA041,conch,1,1.0,200,human,breast,breast IDC
fibroblast.,452,image,0.9215336441993712,0.1478807628154754,HBCA041,conch,1,1.0,200,human,breast,breast IDC
fibroblast.,452,spatial_knn,0.5658547282218933,0.298984169960022,HBCA041,conch,1,1.0,200,human,breast,breast IDC
goblet cell.,235,train_mean,0.8804647326469421,0.2556948065757751,HBCA041,conch,1,1.0,200,human,breast,breast IDC
goblet cell.,235,coordinate,0.2095924466848373,0.4658146202564239,HBCA041,conch,1,1.0,200,human,breast,breast IDC
goblet cell.,235,image,0.9861565828323364,0.1075496822595596,HBCA041,conch,1,1.0,200,human,breast,breast IDC
goblet cell.,235,spatial_knn,0.7898426651954651,0.2965075373649597,HBCA041,conch,1,1.0,200,human,breast,breast IDC
macrophage.,197,train_mean,0.2831317186355591,0.315355509519577,HBCA041,conch,1,1.0,200,human,breast,breast IDC
macrophage.,197,coordinate,0.8358486890792847,0.1426670402288437,HBCA041,conch,1,1.0,200,human,breast,breast IDC
macrophage.,197,image,0.7620630860328674,0.1679717153310775,HBCA041,conch,1,1.0,200,human,breast,breast IDC
macrophage.,197,spatial_knn,0.3524319231510162,0.2996888756752014,HBCA041,conch,1,1.0,200,human,breast,breast IDC
mammary alveolar cell.,36,train_mean,0.9541310667991638,0.1967162638902664,HBCA041,conch,1,1.0,200,human,breast,breast IDC
mammary alveolar cell.,36,coordinate,0.5794848799705505,0.3419294357299804,HBCA041,conch,1,1.0,200,human,breast,breast IDC
mammary alveolar cell.,36,image,0.9089457988739014,0.2112714648246765,HBCA041,conch,1,1.0,200,human,breast,breast IDC
mammary alveolar cell.,36,spatial_knn,0.921747386455536,0.1956998109817505,HBCA041,conch,1,1.0,200,human,breast,breast IDC
secretory cell.,184,train_mean,0.945310354232788,0.1679936647415161,HBCA041,conch,1,1.0,200,human,breast,breast IDC
secretory cell.,184,coordinate,0.3898201286792755,0.3715705573558807,HBCA041,conch,1,1.0,200,human,breast,breast IDC
secretory cell.,184,image,0.983674168586731,0.0980694517493248,HBCA041,conch,1,1.0,200,human,breast,breast IDC
secretory cell.,184,spatial_knn,0.8644163012504578,0.2111069411039352,HBCA041,conch,1,1.0,200,human,breast,breast IDC
smooth muscle cell.,31,train_mean,0.4320913553237915,0.2923917174339294,HBCA041,conch,1,1.0,200,human,breast,breast IDC
smooth muscle cell.,31,coordinate,0.5551564693450928,0.242961972951889,HBCA041,conch,1,1.0,200,human,breast,breast IDC
smooth muscle cell.,31,image,0.7566072344779968,0.1776597499847412,HBCA041,conch,1,1.0,200,human,breast,breast IDC
smooth muscle cell.,31,spatial_knn,0.5818057060241699,0.2510575950145721,HBCA041,conch,1,1.0,200,human,breast,breast IDC
stratified epithelial cell.,49,train_mean,0.8593980073928833,0.1675682067871093,HBCA041,conch,1,1.0,200,human,breast,breast IDC
stratified epithelial cell.,49,coordinate,0.2426519095897674,0.3430714011192322,HBCA041,conch,1,1.0,200,human,breast,breast IDC
stratified epithelial cell.,49,image,0.9574679136276244,0.099928393959999,HBCA041,conch,1,1.0,200,human,breast,breast IDC
stratified epithelial cell.,49,spatial_knn,0.7526180744171143,0.2189422696828842,HBCA041,conch,1,1.0,200,human,breast,breast IDC
stromal cell.,71,train_mean,0.4455059170722961,0.3029248416423797,HBCA041,conch,1,1.0,200,human,breast,breast IDC
stromal cell.,71,coordinate,0.7555885910987854,0.1993498653173446,HBCA041,conch,1,1.0,200,human,breast,breast IDC
stromal cell.,71,image,0.8702437877655029,0.1558525264263153,HBCA041,conch,1,1.0,200,human,breast,breast IDC
stromal cell.,71,spatial_knn,0.5448318719863892,0.2804504930973053,HBCA041,conch,1,1.0,200,human,breast,breast IDC
T cell.,105,train_mean,0.2100357711315155,0.3241807520389557,HBCA041,conch,2,1.0,200,human,breast,breast IDC
T cell.,105,coordinate,0.4453644752502441,0.2619660496711731,HBCA041,conch,2,1.0,200,human,breast,breast IDC
T cell.,105,image,0.7225345969200134,0.1545664072036743,HBCA041,conch,2,1.0,200,human,breast,breast IDC
T cell.,105,spatial_knn,0.3965435624122619,0.2643326818943023,HBCA041,conch,2,1.0,200,human,breast,breast IDC
basal cell of epidermis.,33,train_mean,0.3590528070926666,0.3372130095958709,HBCA041,conch,2,1.0,200,human,breast,breast IDC
basal cell of epidermis.,33,coordinate,0.3070875108242035,0.3315659463405609,HBCA041,conch,2,1.0,200,human,breast,breast IDC
basal cell of epidermis.,33,image,0.6152324080467224,0.2402280271053314,HBCA041,conch,2,1.0,200,human,breast,breast IDC
basal cell of epidermis.,33,spatial_knn,0.4047694504261017,0.3218498229980469,HBCA041,conch,2,1.0,200,human,breast,breast IDC
basal cell.,55,train_mean,0.5752481818199158,0.2846613824367523,HBCA041,conch,2,1.0,200,human,breast,breast IDC
basal cell.,55,coordinate,0.4475862979888916,0.3074177801609039,HBCA041,conch,2,1.0,200,human,breast,breast IDC
basal cell.,55,image,0.7118209600448608,0.2367855459451675,HBCA041,conch,2,1.0,200,human,breast,breast IDC
basal cell.,55,spatial_knn,0.5789262056350708,0.2771812975406647,HBCA041,conch,2,1.0,200,human,breast,breast IDC
ciliated cell.,74,train_mean,0.8397222757339478,0.2518278658390045,HBCA041,conch,2,1.0,200,human,breast,breast IDC
ciliated cell.,74,coordinate,0.5992869138717651,0.347696453332901,HBCA041,conch,2,1.0,200,human,breast,breast IDC
ciliated cell.,74,image,0.9605389833450316,0.1260959953069687,HBCA041,conch,2,1.0,200,human,breast,breast IDC
ciliated cell.,74,spatial_knn,0.6671396493911743,0.3249975442886352,HBCA041,conch,2,1.0,200,human,breast,breast IDC
cultured cell.,459,train_mean,0.857006311416626,0.2347947210073471,HBCA041,conch,2,1.0,200,human,breast,breast IDC
cultured cell.,459,coordinate,0.5579949617385864,0.3482907116413116,HBCA041,conch,2,1.0,200,human,breast,breast IDC
cultured cell.,459,image,0.9670421481132508,0.1284533590078354,HBCA041,conch,2,1.0,200,human,breast,breast IDC
cultured cell.,459,spatial_knn,0.6738874316215515,0.3122723698616028,HBCA041,conch,2,1.0,200,human,breast,breast IDC
endothelial cell.,137,train_mean,0.2584455907344818,0.3363515734672546,HBCA041,conch,2,1.0,200,human,breast,breast IDC
endothelial cell.,137,coordinate,0.4286805689334869,0.2769542038440704,HBCA041,conch,2,1.0,200,human,breast,breast IDC
endothelial cell.,137,image,0.7276159524917603,0.1929481476545334,HBCA041,conch,2,1.0,200,human,breast,breast IDC
endothelial cell.,137,spatial_knn,0.4095721244812011,0.2830526530742645,HBCA041,conch,2,1.0,200,human,breast,breast IDC
fibroblast.,499,train_mean,0.3871574401855469,0.3776871860027313,HBCA041,conch,2,1.0,200,human,breast,breast IDC
fibroblast.,499,coordinate,0.5503481030464172,0.3234384655952453,HBCA041,conch,2,1.0,200,human,breast,breast IDC
fibroblast.,499,image,0.9276351928710938,0.1701651215553283,HBCA041,conch,2,1.0,200,human,breast,breast IDC
fibroblast.,499,spatial_knn,0.6498180031776428,0.2951885461807251,HBCA041,conch,2,1.0,200,human,breast,breast IDC
goblet cell.,266,train_mean,0.8556869029998779,0.2519128620624542,HBCA041,conch,2,1.0,200,human,breast,breast IDC
goblet cell.,266,coordinate,0.5997201800346375,0.3551821708679199,HBCA041,conch,2,1.0,200,human,breast,breast IDC
goblet cell.,266,image,0.9753057956695556,0.1195254251360893,HBCA041,conch,2,1.0,200,human,breast,breast IDC
goblet cell.,266,spatial_knn,0.7277703285217285,0.3116552829742431,HBCA041,conch,2,1.0,200,human,breast,breast IDC
macrophage.,236,train_mean,0.2428767830133438,0.3204639554023742,HBCA041,conch,2,1.0,200,human,breast,breast IDC
macrophage.,236,coordinate,0.5945938229560852,0.2220830917358398,HBCA041,conch,2,1.0,200,human,breast,breast IDC
macrophage.,236,image,0.8042120337486267,0.1539420485496521,HBCA041,conch,2,1.0,200,human,breast,breast IDC
macrophage.,236,spatial_knn,0.5988340973854065,0.2184432744979858,HBCA041,conch,2,1.0,200,human,breast,breast IDC
mammary alveolar cell.,24,train_mean,0.9309152364730836,0.1766237616539001,HBCA041,conch,2,1.0,200,human,breast,breast IDC
mammary alveolar cell.,24,coordinate,0.7162391543388367,0.2723545432090759,HBCA041,conch,2,1.0,200,human,breast,breast IDC
mammary alveolar cell.,24,image,0.9439654350280762,0.1628309190273285,HBCA041,conch,2,1.0,200,human,breast,breast IDC
mammary alveolar cell.,24,spatial_knn,0.8563128709793091,0.2139524221420288,HBCA041,conch,2,1.0,200,human,breast,breast IDC
natural killer cell.,33,train_mean,0.1778949201107025,0.335360050201416,HBCA041,conch,2,1.0,200,human,breast,breast IDC
natural killer cell.,33,coordinate,0.5044910907745361,0.2550497055053711,HBCA041,conch,2,1.0,200,human,breast,breast IDC
natural killer cell.,33,image,0.7666067481040955,0.1533095836639404,HBCA041,conch,2,1.0,200,human,breast,breast IDC
natural killer cell.,33,spatial_knn,0.4311715960502624,0.25904181599617,HBCA041,conch,2,1.0,200,human,breast,breast IDC
secretory cell.,149,train_mean,0.9195349812507628,0.1837517917156219,HBCA041,conch,2,1.0,200,human,breast,breast IDC
secretory cell.,149,coordinate,0.6527819037437439,0.3029843270778656,HBCA041,conch,2,1.0,200,human,breast,breast IDC
secretory cell.,149,image,0.9721682071685792,0.1330692321062088,HBCA041,conch,2,1.0,200,human,breast,breast IDC
secretory cell.,149,spatial_knn,0.7631961107254028,0.2626771628856659,HBCA041,conch,2,1.0,200,human,breast,breast IDC
smooth muscle cell.,30,train_mean,0.4642871618270874,0.2744341790676117,HBCA041,conch,2,1.0,200,human,breast,breast IDC
smooth muscle cell.,30,coordinate,0.5314620733261108,0.2417985945940017,HBCA041,conch,2,1.0,200,human,breast,breast IDC
smooth muscle cell.,30,image,0.7231754064559937,0.1680365800857544,HBCA041,conch,2,1.0,200,human,breast,breast IDC
smooth muscle cell.,30,spatial_knn,0.5817412734031677,0.2462293803691864,HBCA041,conch,2,1.0,200,human,breast,breast IDC
stratified epithelial cell.,66,train_mean,0.8509854674339294,0.1999891698360443,HBCA041,conch,2,1.0,200,human,breast,breast IDC
stratified epithelial cell.,66,coordinate,0.6330059170722961,0.2887608706951141,HBCA041,conch,2,1.0,200,human,breast,breast IDC
stratified epithelial cell.,66,image,0.9631720781326294,0.0997799187898635,HBCA041,conch,2,1.0,200,human,breast,breast IDC
stratified epithelial cell.,66,spatial_knn,0.7988341450691223,0.2296388745307922,HBCA041,conch,2,1.0,200,human,breast,breast IDC
stromal cell.,55,train_mean,0.4248863458633423,0.2976876497268677,HBCA041,conch,2,1.0,200,human,breast,breast IDC
stromal cell.,55,coordinate,0.5918580889701843,0.2463254630565643,HBCA041,conch,2,1.0,200,human,breast,breast IDC
stromal cell.,55,image,0.8731962442398071,0.1401249319314956,HBCA041,conch,2,1.0,200,human,breast,breast IDC
stromal cell.,55,spatial_knn,0.7035277485847473,0.2184157073497772,HBCA041,conch,2,1.0,200,human,breast,breast IDC
B cell.,39,train_mean,0.2875106930732727,0.2932066917419433,HBCA041,conch,3,1.0,200,human,breast,breast IDC
B cell.,39,coordinate,0.1824418008327484,0.383152425289154,HBCA041,conch,3,1.0,200,human,breast,breast IDC
B cell.,39,image,0.7290983200073242,0.1257297098636627,HBCA041,conch,3,1.0,200,human,breast,breast IDC
B cell.,39,spatial_knn,0.2463758289813995,0.3192619979381561,HBCA041,conch,3,1.0,200,human,breast,breast IDC
T cell.,70,train_mean,0.2052986919879913,0.316005676984787,HBCA041,conch,3,1.0,200,human,breast,breast IDC
T cell.,70,coordinate,0.1298766434192657,0.338853657245636,HBCA041,conch,3,1.0,200,human,breast,breast IDC
T cell.,70,image,0.754440426826477,0.1378416866064071,HBCA041,conch,3,1.0,200,human,breast,breast IDC
T cell.,70,spatial_knn,0.1807862520217895,0.3255976140499115,HBCA041,conch,3,1.0,200,human,breast,breast IDC
basal cell.,20,train_mean,0.6014071702957153,0.2564241886138916,HBCA041,conch,3,1.0,200,human,breast,breast IDC
basal cell.,20,coordinate,0.5643128156661987,0.2720331847667694,HBCA041,conch,3,1.0,200,human,breast,breast IDC
basal cell.,20,image,0.7453121542930603,0.2083946168422699,HBCA041,conch,3,1.0,200,human,breast,breast IDC
basal cell.,20,spatial_knn,0.5321969985961914,0.2827350497245788,HBCA041,conch,3,1.0,200,human,breast,breast IDC
ciliated cell.,112,train_mean,0.8504689931869507,0.2354473173618316,HBCA041,conch,3,1.0,200,human,breast,breast IDC
ciliated cell.,112,coordinate,0.9291092157363892,0.1634621322154998,HBCA041,conch,3,1.0,200,human,breast,breast IDC
ciliated cell.,112,image,0.9828901886940002,0.1127373948693275,HBCA041,conch,3,1.0,200,human,breast,breast IDC
ciliated cell.,112,spatial_knn,0.8492154479026794,0.2310303896665573,HBCA041,conch,3,1.0,200,human,breast,breast IDC
cultured cell.,281,train_mean,0.8677493333816528,0.2079015076160431,HBCA041,conch,3,1.0,200,human,breast,breast IDC
cultured cell.,281,coordinate,0.9354315400123596,0.148119106888771,HBCA041,conch,3,1.0,200,human,breast,breast IDC
cultured cell.,281,image,0.9843433499336244,0.1001832708716392,HBCA041,conch,3,1.0,200,human,breast,breast IDC
cultured cell.,281,spatial_knn,0.8828269243240356,0.1938901841640472,HBCA041,conch,3,1.0,200,human,breast,breast IDC
endothelial cell.,185,train_mean,0.5581260919570923,0.2431222945451736,HBCA041,conch,3,1.0,200,human,breast,breast IDC
endothelial cell.,185,coordinate,0.4610782563686371,0.3140478730201721,HBCA041,conch,3,1.0,200,human,breast,breast IDC
endothelial cell.,185,image,0.7614891529083252,0.1727812737226486,HBCA041,conch,3,1.0,200,human,breast,breast IDC
endothelial cell.,185,spatial_knn,0.5085219740867615,0.2735445201396942,HBCA041,conch,3,1.0,200,human,breast,breast IDC
epithelial cell of lower respiratory tract.,20,train_mean,0.8784584999084473,0.1609733551740646,HBCA041,conch,3,1.0,200,human,breast,breast IDC
epithelial cell of lower respiratory tract.,20,coordinate,0.931595265865326,0.1701036244630813,HBCA041,conch,3,1.0,200,human,breast,breast IDC
epithelial cell of lower respiratory tract.,20,image,0.934468388557434,0.1114862859249115,HBCA041,conch,3,1.0,200,human,breast,breast IDC
epithelial cell of lower respiratory tract.,20,spatial_knn,0.8557133674621582,0.155775636434555,HBCA041,conch,3,1.0,200,human,breast,breast IDC
fibroblast.,355,train_mean,0.6571507453918457,0.2699075639247894,HBCA041,conch,3,1.0,200,human,breast,breast IDC
fibroblast.,355,coordinate,0.5240619778633118,0.3284782469272613,HBCA041,conch,3,1.0,200,human,breast,breast IDC
fibroblast.,355,image,0.9565577507019044,0.1550150364637375,HBCA041,conch,3,1.0,200,human,breast,breast IDC
fibroblast.,355,spatial_knn,0.6474447846412659,0.2762699127197265,HBCA041,conch,3,1.0,200,human,breast,breast IDC
goblet cell.,413,train_mean,0.8570614457130432,0.233544111251831,HBCA041,conch,3,1.0,200,human,breast,breast IDC
goblet cell.,413,coordinate,0.9345126748085022,0.1597812622785568,HBCA041,conch,3,1.0,200,human,breast,breast IDC
goblet cell.,413,image,0.9865209460258484,0.1134746223688125,HBCA041,conch,3,1.0,200,human,breast,breast IDC
goblet cell.,413,spatial_knn,0.8576520085334778,0.2283266931772232,HBCA041,conch,3,1.0,200,human,breast,breast IDC
macrophage.,218,train_mean,0.4442254304885864,0.2601737976074219,HBCA041,conch,3,1.0,200,human,breast,breast IDC
macrophage.,218,coordinate,0.3069479167461395,0.3293775618076324,HBCA041,conch,3,1.0,200,human,breast,breast IDC
macrophage.,218,image,0.7472026348114014,0.1601635813713073,HBCA041,conch,3,1.0,200,human,breast,breast IDC
macrophage.,218,spatial_knn,0.4139596819877624,0.2856655418872833,HBCA041,conch,3,1.0,200,human,breast,breast IDC
mammary alveolar cell.,69,train_mean,0.94118732213974,0.2210400700569152,HBCA041,conch,3,1.0,200,human,breast,breast IDC
mammary alveolar cell.,69,coordinate,0.9222684502601624,0.19214528799057,HBCA041,conch,3,1.0,200,human,breast,breast IDC
mammary alveolar cell.,69,image,0.9486971497535706,0.2235347926616668,HBCA041,conch,3,1.0,200,human,breast,breast IDC
mammary alveolar cell.,69,spatial_knn,0.9381110072135924,0.2322531044483184,HBCA041,conch,3,1.0,200,human,breast,breast IDC
secretory cell.,296,train_mean,0.9285393953323364,0.1998010575771331,HBCA041,conch,3,1.0,200,human,breast,breast IDC
secretory cell.,296,coordinate,0.9810868501663208,0.107982337474823,HBCA041,conch,3,1.0,200,human,breast,breast IDC
secretory cell.,296,image,0.9796012043952942,0.1596540361642837,HBCA041,conch,3,1.0,200,human,breast,breast IDC
secretory cell.,296,spatial_knn,0.9132969975471495,0.2052394300699234,HBCA041,conch,3,1.0,200,human,breast,breast IDC
smooth muscle cell.,39,train_mean,0.6136434674263,0.2345980405807495,HBCA041,conch,3,1.0,200,human,breast,breast IDC
smooth muscle cell.,39,coordinate,0.5227007269859314,0.3011488318443298,HBCA041,conch,3,1.0,200,human,breast,breast IDC
smooth muscle cell.,39,image,0.8084564208984375,0.159254178404808,HBCA041,conch,3,1.0,200,human,breast,breast IDC
smooth muscle cell.,39,spatial_knn,0.5839698910713196,0.2452753633260727,HBCA041,conch,3,1.0,200,human,breast,breast IDC
stratified epithelial cell.,71,train_mean,0.8655932545661926,0.1906864494085312,HBCA041,conch,3,1.0,200,human,breast,breast IDC
stratified epithelial cell.,71,coordinate,0.9315081238746644,0.1383198052644729,HBCA041,conch,3,1.0,200,human,breast,breast IDC
stratified epithelial cell.,71,image,0.9711965918540956,0.1110812202095985,HBCA041,conch,3,1.0,200,human,breast,breast IDC
stratified epithelial cell.,71,spatial_knn,0.8898302912712097,0.1691343635320663,HBCA041,conch,3,1.0,200,human,breast,breast IDC
stromal cell.,31,train_mean,0.6400070786476135,0.2340224534273147,HBCA041,conch,3,1.0,200,human,breast,breast IDC
stromal cell.,31,coordinate,0.5265493988990784,0.2901912331581116,HBCA041,conch,3,1.0,200,human,breast,breast IDC
stromal cell.,31,image,0.8843259215354919,0.1203169599175453,HBCA041,conch,3,1.0,200,human,breast,breast IDC
stromal cell.,31,spatial_knn,0.5598224997520447,0.2531008720397949,HBCA041,conch,3,1.0,200,human,breast,breast IDC
tracheal goblet cell.,24,train_mean,0.828559935092926,0.2422743439674377,HBCA041,conch,3,1.0,200,human,breast,breast IDC
tracheal goblet cell.,24,coordinate,0.9139296412467957,0.1767611354589462,HBCA041,conch,3,1.0,200,human,breast,breast IDC
tracheal goblet cell.,24,image,0.9660504460334778,0.1329080015420913,HBCA041,conch,3,1.0,200,human,breast,breast IDC
tracheal goblet cell.,24,spatial_knn,0.7752621173858643,0.2628310322761535,HBCA041,conch,3,1.0,200,human,breast,breast IDC
endothelial cell of vascular tree.,27,train_mean,0.8191725611686707,0.2848767638206482,HBCD036,conch,0,1.0,200,human,brain,glioblastoma
endothelial cell of vascular tree.,27,coordinate,0.8136518597602844,0.310895174741745,HBCD036,conch,0,1.0,200,human,brain,glioblastoma
endothelial cell of vascular tree.,27,image,0.8355317711830139,0.210467591881752,HBCD036,conch,0,1.0,200,human,brain,glioblastoma
endothelial cell of vascular tree.,27,spatial_knn,0.7899495363235474,0.2943339049816131,HBCD036,conch,0,1.0,200,human,brain,glioblastoma
endothelial cell.,127,train_mean,0.6091139912605286,0.3697167336940765,HBCD036,conch,0,1.0,200,human,brain,glioblastoma
endothelial cell.,127,coordinate,0.5957889556884766,0.3816731572151184,HBCD036,conch,0,1.0,200,human,brain,glioblastoma
endothelial cell.,127,image,0.8626589775085449,0.2188441455364227,HBCD036,conch,0,1.0,200,human,brain,glioblastoma
endothelial cell.,127,spatial_knn,0.5744321942329407,0.3868686258792877,HBCD036,conch,0,1.0,200,human,brain,glioblastoma
macrophage.,183,train_mean,0.8172628283500671,0.2340873330831527,HBCD036,conch,0,1.0,200,human,brain,glioblastoma
macrophage.,183,coordinate,0.8021050095558167,0.248441681265831,HBCD036,conch,0,1.0,200,human,brain,glioblastoma
macrophage.,183,image,0.8360875248908997,0.2113340198993683,HBCD036,conch,0,1.0,200,human,brain,glioblastoma
macrophage.,183,spatial_knn,0.8041892647743225,0.2510539591312408,HBCD036,conch,0,1.0,200,human,brain,glioblastoma
malignant cell in a Homo sapiens cell.,29,train_mean,0.4537183046340942,0.5082215070724487,HBCD036,conch,0,1.0,200,human,brain,glioblastoma
malignant cell in a Homo sapiens cell.,29,coordinate,0.4842270612716675,0.5655103921890259,HBCD036,conch,0,1.0,200,human,brain,glioblastoma
malignant cell in a Homo sapiens cell.,29,image,0.1928958892822265,0.2324319183826446,HBCD036,conch,0,1.0,200,human,brain,glioblastoma
malignant cell in a Homo sapiens cell.,29,spatial_knn,0.4998086094856262,0.4579109847545624,HBCD036,conch,0,1.0,200,human,brain,glioblastoma
malignant cell.,1802,train_mean,0.9820113182067872,0.0838137343525886,HBCD036,conch,0,1.0,200,human,brain,glioblastoma
malignant cell.,1802,coordinate,0.9668466448783876,0.1123624667525291,HBCD036,conch,0,1.0,200,human,brain,glioblastoma
malignant cell.,1802,image,0.9852367639541626,0.0769066214561462,HBCD036,conch,0,1.0,200,human,brain,glioblastoma
malignant cell.,1802,spatial_knn,0.9880237579345704,0.0671437233686447,HBCD036,conch,0,1.0,200,human,brain,glioblastoma
T cell.,20,train_mean,0.6964308023452759,0.3098278045654297,HBCD036,conch,1,1.0,200,human,brain,glioblastoma
T cell.,20,coordinate,0.6823610067367554,0.3450346291065216,HBCD036,conch,1,1.0,200,human,brain,glioblastoma
T cell.,20,image,0.7251149415969849,0.2724259197711944,HBCD036,conch,1,1.0,200,human,brain,glioblastoma
T cell.,20,spatial_knn,0.6961885094642639,0.2912472188472748,HBCD036,conch,1,1.0,200,human,brain,glioblastoma
endothelial cell of vascular tree.,39,train_mean,0.855839729309082,0.2270056456327438,HBCD036,conch,1,1.0,200,human,brain,glioblastoma
endothelial cell of vascular tree.,39,coordinate,0.8383748531341553,0.2318301647901535,HBCD036,conch,1,1.0,200,human,brain,glioblastoma
endothelial cell of vascular tree.,39,image,0.892169713973999,0.1921087503433227,HBCD036,conch,1,1.0,200,human,brain,glioblastoma
endothelial cell of vascular tree.,39,spatial_knn,0.8465321063995361,0.2257674485445022,HBCD036,conch,1,1.0,200,human,brain,glioblastoma
endothelial cell.,147,train_mean,0.6673023104667664,0.3436371982097626,HBCD036,conch,1,1.0,200,human,brain,glioblastoma
endothelial cell.,147,coordinate,0.7387925386428833,0.2992630898952484,HBCD036,conch,1,1.0,200,human,brain,glioblastoma
endothelial cell.,147,image,0.8298916220664978,0.2394101321697235,HBCD036,conch,1,1.0,200,human,brain,glioblastoma
endothelial cell.,147,spatial_knn,0.7025290727615356,0.3169595003128052,HBCD036,conch,1,1.0,200,human,brain,glioblastoma
fibroblast.,37,train_mean,0.7238154411315918,0.3129515647888183,HBCD036,conch,1,1.0,200,human,brain,glioblastoma
fibroblast.,37,coordinate,0.8280330896377563,0.2993216514587402,HBCD036,conch,1,1.0,200,human,brain,glioblastoma
fibroblast.,37,image,0.8194988369941711,0.215954840183258,HBCD036,conch,1,1.0,200,human,brain,glioblastoma
fibroblast.,37,spatial_knn,0.801039457321167,0.240695059299469,HBCD036,conch,1,1.0,200,human,brain,glioblastoma
macrophage.,469,train_mean,0.7933951020240784,0.2695843279361725,HBCD036,conch,1,1.0,200,human,brain,glioblastoma
macrophage.,469,coordinate,0.8382484912872314,0.2302228659391403,HBCD036,conch,1,1.0,200,human,brain,glioblastoma
macrophage.,469,image,0.8097643852233887,0.2557563185691833,HBCD036,conch,1,1.0,200,human,brain,glioblastoma
macrophage.,469,spatial_knn,0.845268726348877,0.2283627837896347,HBCD036,conch,1,1.0,200,human,brain,glioblastoma
malignant cell in a Homo sapiens cell.,25,train_mean,0.4404767155647278,0.5033008456230164,HBCD036,conch,1,1.0,200,human,brain,glioblastoma
malignant cell in a Homo sapiens cell.,25,coordinate,0.4230765998363495,0.500373125076294,HBCD036,conch,1,1.0,200,human,brain,glioblastoma
malignant cell in a Homo sapiens cell.,25,image,0.5137742757797241,0.07657241076231,HBCD036,conch,1,1.0,200,human,brain,glioblastoma
malignant cell in a Homo sapiens cell.,25,spatial_knn,0.3943026959896087,0.4632201194763183,HBCD036,conch,1,1.0,200,human,brain,glioblastoma
malignant cell.,1541,train_mean,0.963436484336853,0.1119972020387649,HBCD036,conch,1,1.0,200,human,brain,glioblastoma
malignant cell.,1541,coordinate,0.9228190779685974,0.1632673144340515,HBCD036,conch,1,1.0,200,human,brain,glioblastoma
malignant cell.,1541,image,0.9695915579795836,0.1069279462099075,HBCD036,conch,1,1.0,200,human,brain,glioblastoma
malignant cell.,1541,spatial_knn,0.952456533908844,0.1284244209527969,HBCD036,conch,1,1.0,200,human,brain,glioblastoma
endothelial cell of vascular tree.,26,train_mean,0.844840407371521,0.218710795044899,HBCD036,conch,2,1.0,200,human,brain,glioblastoma
endothelial cell of vascular tree.,26,coordinate,0.8159200549125671,0.203576847910881,HBCD036,conch,2,1.0,200,human,brain,glioblastoma
endothelial cell of vascular tree.,26,image,0.9304550886154176,0.1283330470323562,HBCD036,conch,2,1.0,200,human,brain,glioblastoma
endothelial cell of vascular tree.,26,spatial_knn,0.8602426648139954,0.2128103673458099,HBCD036,conch,2,1.0,200,human,brain,glioblastoma
endothelial cell.,102,train_mean,0.6549965143203735,0.3428139686584472,HBCD036,conch,2,1.0,200,human,brain,glioblastoma
endothelial cell.,102,coordinate,0.6349511742591858,0.3509489595890045,HBCD036,conch,2,1.0,200,human,brain,glioblastoma
endothelial cell.,102,image,0.8900551795959473,0.2009257078170776,HBCD036,conch,2,1.0,200,human,brain,glioblastoma
endothelial cell.,102,spatial_knn,0.6956151127815247,0.3266096115112304,HBCD036,conch,2,1.0,200,human,brain,glioblastoma
macrophage.,210,train_mean,0.8669912219047546,0.215234488248825,HBCD036,conch,2,1.0,200,human,brain,glioblastoma
macrophage.,210,coordinate,0.8481658697128296,0.2396559566259384,HBCD036,conch,2,1.0,200,human,brain,glioblastoma
macrophage.,210,image,0.8755268454551697,0.2071152180433273,HBCD036,conch,2,1.0,200,human,brain,glioblastoma
macrophage.,210,spatial_knn,0.8604467511177063,0.2258414179086685,HBCD036,conch,2,1.0,200,human,brain,glioblastoma
malignant cell.,1948,train_mean,0.9898181557655334,0.0938912257552146,HBCD036,conch,2,1.0,200,human,brain,glioblastoma
malignant cell.,1948,coordinate,0.9825360178947448,0.1626568734645843,HBCD036,conch,2,1.0,200,human,brain,glioblastoma
malignant cell.,1948,image,0.9924753308296204,0.0834166258573532,HBCD036,conch,2,1.0,200,human,brain,glioblastoma
malignant cell.,1948,spatial_knn,0.9911561608314514,0.0921360850334167,HBCD036,conch,2,1.0,200,human,brain,glioblastoma
endothelial cell of vascular tree.,31,train_mean,0.860095739364624,0.2070792913436889,HBCD036,conch,3,1.0,200,human,brain,glioblastoma
endothelial cell of vascular tree.,31,coordinate,0.8129555583000183,0.25662362575531,HBCD036,conch,3,1.0,200,human,brain,glioblastoma
endothelial cell of vascular tree.,31,image,0.94549298286438,0.1203784123063087,HBCD036,conch,3,1.0,200,human,brain,glioblastoma
endothelial cell of vascular tree.,31,spatial_knn,0.8483297228813171,0.2280365526676178,HBCD036,conch,3,1.0,200,human,brain,glioblastoma
endothelial cell.,111,train_mean,0.7244760394096375,0.311983048915863,HBCD036,conch,3,1.0,200,human,brain,glioblastoma
endothelial cell.,111,coordinate,0.6628096699714661,0.3604028224945068,HBCD036,conch,3,1.0,200,human,brain,glioblastoma
endothelial cell.,111,image,0.902906596660614,0.201095700263977,HBCD036,conch,3,1.0,200,human,brain,glioblastoma
endothelial cell.,111,spatial_knn,0.6934038400650024,0.3397009074687958,HBCD036,conch,3,1.0,200,human,brain,glioblastoma
macrophage.,150,train_mean,0.8848785161972046,0.1976496130228042,HBCD036,conch,3,1.0,200,human,brain,glioblastoma
macrophage.,150,coordinate,0.8178209662437439,0.262324571609497,HBCD036,conch,3,1.0,200,human,brain,glioblastoma
macrophage.,150,image,0.8873996138572693,0.195705771446228,HBCD036,conch,3,1.0,200,human,brain,glioblastoma
macrophage.,150,spatial_knn,0.8593522906303406,0.231676697731018,HBCD036,conch,3,1.0,200,human,brain,glioblastoma
malignant cell.,2029,train_mean,0.986532747745514,0.1026714593172073,HBCD036,conch,3,1.0,200,human,brain,glioblastoma
malignant cell.,2029,coordinate,0.9598806500434875,0.1334811598062515,HBCD036,conch,3,1.0,200,human,brain,glioblastoma
malignant cell.,2029,image,0.989224135875702,0.0949401631951332,HBCD036,conch,3,1.0,200,human,brain,glioblastoma
malignant cell.,2029,spatial_knn,0.992120623588562,0.0844400823116302,HBCD036,conch,3,1.0,200,human,brain,glioblastoma
B cell.,34,train_mean,0.0689193308353424,0.0430302657186985,HBCH024,conch,0,1.0,200,human,breast,breast cancer
B cell.,34,coordinate,0.0036406188737601,0.0610613711178302,HBCH024,conch,0,1.0,200,human,breast,breast cancer
B cell.,34,image,0.4642067849636078,0.0360171981155872,HBCH024,conch,0,1.0,200,human,breast,breast cancer
B cell.,34,spatial_knn,0.1108238324522972,0.0688685700297355,HBCH024,conch,0,1.0,200,human,breast,breast cancer
"CD4-positive, alpha-beta T cell.",52,train_mean,0.1576392650604248,0.0419400744140148,HBCH024,conch,0,1.0,200,human,breast,breast cancer
"CD4-positive, alpha-beta T cell.",52,coordinate,-0.0034883564803749,0.0614652819931507,HBCH024,conch,0,1.0,200,human,breast,breast cancer
"CD4-positive, alpha-beta T cell.",52,image,0.7014928460121155,0.0302801337093114,HBCH024,conch,0,1.0,200,human,breast,breast cancer
"CD4-positive, alpha-beta T cell.",52,spatial_knn,0.1923905313014984,0.0485001690685749,HBCH024,conch,0,1.0,200,human,breast,breast cancer
"CD8-positive, alpha-beta T cell.",87,train_mean,0.1270829886198043,0.0322980321943759,HBCH024,conch,0,1.0,200,human,breast,breast cancer
"CD8-positive, alpha-beta T cell.",87,coordinate,-0.0575330220162868,0.0538604892790317,HBCH024,conch,0,1.0,200,human,breast,breast cancer
"CD8-positive, alpha-beta T cell.",87,image,0.5876914858818054,0.024294389411807,HBCH024,conch,0,1.0,200,human,breast,breast cancer
"CD8-positive, alpha-beta T cell.",87,spatial_knn,0.265346348285675,0.0314788408577442,HBCH024,conch,0,1.0,200,human,breast,breast cancer
GABAergic neuron.,20,train_mean,0.116376593708992,0.0265392363071441,HBCH024,conch,0,1.0,200,human,breast,breast cancer
GABAergic neuron.,20,coordinate,0.0533487796783447,0.0559510700404644,HBCH024,conch,0,1.0,200,human,breast,breast cancer
GABAergic neuron.,20,image,0.0725016593933105,0.0223131328821182,HBCH024,conch,0,1.0,200,human,breast,breast cancer
GABAergic neuron.,20,spatial_knn,-0.0005998783162795,0.0425764732062816,HBCH024,conch,0,1.0,200,human,breast,breast cancer
T cell.,139,train_mean,0.2734337747097015,0.0429160296916961,HBCH024,conch,0,1.0,200,human,breast,breast cancer
T cell.,139,coordinate,0.0371322110295295,0.0603857263922691,HBCH024,conch,0,1.0,200,human,breast,breast cancer
T cell.,139,image,0.7134305834770203,0.0329578891396522,HBCH024,conch,0,1.0,200,human,breast,breast cancer
T cell.,139,spatial_knn,0.4167879223823547,0.0420338846743106,HBCH024,conch,0,1.0,200,human,breast,breast cancer
astrocyte.,23,train_mean,0.164453312754631,0.0260296557098627,HBCH024,conch,0,1.0,200,human,breast,breast cancer
astrocyte.,23,coordinate,0.2037871330976486,0.0518213994801044,HBCH024,conch,0,1.0,200,human,breast,breast cancer
astrocyte.,23,image,0.1668306142091751,0.0230949930846691,HBCH024,conch,0,1.0,200,human,breast,breast cancer
astrocyte.,23,spatial_knn,0.1180733814835548,0.0440991260111331,HBCH024,conch,0,1.0,200,human,breast,breast cancer
cultured cell.,57,train_mean,0.6833732724189758,0.0712586864829063,HBCH024,conch,0,1.0,200,human,breast,breast cancer
cultured cell.,57,coordinate,0.7988578677177429,0.05137899518013,HBCH024,conch,0,1.0,200,human,breast,breast cancer
cultured cell.,57,image,0.8928738832473755,0.0363439843058586,HBCH024,conch,0,1.0,200,human,breast,breast cancer
cultured cell.,57,spatial_knn,0.5531694293022156,0.0707130283117294,HBCH024,conch,0,1.0,200,human,breast,breast cancer
endothelial cell of vascular tree.,89,train_mean,0.6855053901672363,0.0734055712819099,HBCH024,conch,0,1.0,200,human,breast,breast cancer
endothelial cell of vascular tree.,89,coordinate,0.7783031463623047,0.0540067479014396,HBCH024,conch,0,1.0,200,human,breast,breast cancer
endothelial cell of vascular tree.,89,image,0.8848615884780884,0.0342857353389263,HBCH024,conch,0,1.0,200,human,breast,breast cancer
endothelial cell of vascular tree.,89,spatial_knn,0.2903714776039123,0.0821975916624069,HBCH024,conch,0,1.0,200,human,breast,breast cancer
endothelial cell.,526,train_mean,0.8521102666854858,0.0219087358564138,HBCH024,conch,0,1.0,200,human,breast,breast cancer
endothelial cell.,526,coordinate,0.7821195125579834,0.0237188804894685,HBCH024,conch,0,1.0,200,human,breast,breast cancer
endothelial cell.,526,image,0.8752742409706116,0.0142827602103352,HBCH024,conch,0,1.0,200,human,breast,breast cancer
endothelial cell.,526,spatial_knn,0.5999507904052734,0.0277658011764287,HBCH024,conch,0,1.0,200,human,breast,breast cancer
epithelial cell of lower respiratory tract.,315,train_mean,0.6919828653335571,0.1639405936002731,HBCH024,conch,0,1.0,200,human,breast,breast cancer
epithelial cell of lower respiratory tract.,315,coordinate,0.8329452872276306,0.1379135996103286,HBCH024,conch,0,1.0,200,human,breast,breast cancer
epithelial cell of lower respiratory tract.,315,image,0.9712421894073486,0.07352826744318,HBCH024,conch,0,1.0,200,human,breast,breast cancer
epithelial cell of lower respiratory tract.,315,spatial_knn,0.4824911952018738,0.1632231622934341,HBCH024,conch,0,1.0,200,human,breast,breast cancer
epithelial cell of proximal tubule.,62,train_mean,0.6867232918739319,0.1407080143690109,HBCH024,conch,0,1.0,200,human,breast,breast cancer
epithelial cell of proximal tubule.,62,coordinate,0.8276203274726868,0.1157203763723373,HBCH024,conch,0,1.0,200,human,breast,breast cancer
epithelial cell of proximal tubule.,62,image,0.9485308527946472,0.0658099949359893,HBCH024,conch,0,1.0,200,human,breast,breast cancer
epithelial cell of proximal tubule.,62,spatial_knn,0.5638399720191956,0.1334249824285507,HBCH024,conch,0,1.0,200,human,breast,breast cancer
erythroblast.,40,train_mean,0.371776670217514,0.0233351271599531,HBCH024,conch,0,1.0,200,human,breast,breast cancer
erythroblast.,40,coordinate,0.3490788638591766,0.0457954630255699,HBCH024,conch,0,1.0,200,human,breast,breast cancer
erythroblast.,40,image,0.4089030921459198,0.031401839107275,HBCH024,conch,0,1.0,200,human,breast,breast cancer
erythroblast.,40,spatial_knn,0.1933685094118118,0.0319467894732952,HBCH024,conch,0,1.0,200,human,breast,breast cancer
fibroblast.,46,train_mean,0.3864461481571197,0.1087628528475761,HBCH024,conch,0,1.0,200,human,breast,breast cancer
fibroblast.,46,coordinate,0.1624811142683029,0.1100612357258796,HBCH024,conch,0,1.0,200,human,breast,breast cancer
fibroblast.,46,image,0.6832448244094849,0.1000369414687156,HBCH024,conch,0,1.0,200,human,breast,breast cancer
fibroblast.,46,spatial_knn,0.2805822491645813,0.1122362986207008,HBCH024,conch,0,1.0,200,human,breast,breast cancer
glutamatergic neuron.,63,train_mean,0.1398292928934097,0.026912584900856,HBCH024,conch,0,1.0,200,human,breast,breast cancer
glutamatergic neuron.,63,coordinate,0.1966591477394104,0.0538542903959751,HBCH024,conch,0,1.0,200,human,breast,breast cancer
glutamatergic neuron.,63,image,0.1317851096391677,0.0233321487903594,HBCH024,conch,0,1.0,200,human,breast,breast cancer
glutamatergic neuron.,63,spatial_knn,-0.0195676572620868,0.0340711884200573,HBCH024,conch,0,1.0,200,human,breast,breast cancer
goblet cell.,50,train_mean,0.6947441697120667,0.1721830815076828,HBCH024,conch,0,1.0,200,human,breast,breast cancer
goblet cell.,50,coordinate,0.8405445218086243,0.1468578577041626,HBCH024,conch,0,1.0,200,human,breast,breast cancer
goblet cell.,50,image,0.951605498790741,0.0802221149206161,HBCH024,conch,0,1.0,200,human,breast,breast cancer
goblet cell.,50,spatial_knn,0.5560036301612854,0.1693221628665924,HBCH024,conch,0,1.0,200,human,breast,breast cancer
kidney loop of Henle thick ascending limb epithelial cell.,49,train_mean,0.6288248896598816,0.0353099666535854,HBCH024,conch,0,1.0,200,human,breast,breast cancer
kidney loop of Henle thick ascending limb epithelial cell.,49,coordinate,0.7266993522644043,0.0333590321242809,HBCH024,conch,0,1.0,200,human,breast,breast cancer
kidney loop of Henle thick ascending limb epithelial cell.,49,image,0.8271269798278809,0.0290888287127017,HBCH024,conch,0,1.0,200,human,breast,breast cancer
kidney loop of Henle thick ascending limb epithelial cell.,49,spatial_knn,0.4703083038330078,0.0386325567960739,HBCH024,conch,0,1.0,200,human,breast,breast cancer
macrophage.,221,train_mean,0.2982596457004547,0.0466463156044483,HBCH024,conch,0,1.0,200,human,breast,breast cancer
macrophage.,221,coordinate,0.2122172564268112,0.0545434392988681,HBCH024,conch,0,1.0,200,human,breast,breast cancer
macrophage.,221,image,0.4508506059646606,0.0431308597326278,HBCH024,conch,0,1.0,200,human,breast,breast cancer
macrophage.,221,spatial_knn,0.1967847943305969,0.0498220063745975,HBCH024,conch,0,1.0,200,human,breast,breast cancer
native cell.,39,train_mean,0.6348029375076294,0.1205937638878822,HBCH024,conch,0,1.0,200,human,breast,breast cancer
native cell.,39,coordinate,0.7566478252410889,0.0982163175940513,HBCH024,conch,0,1.0,200,human,breast,breast cancer
native cell.,39,image,0.8918114304542542,0.0597678944468498,HBCH024,conch,0,1.0,200,human,breast,breast cancer
native cell.,39,spatial_knn,0.3667159676551819,0.1230515614151954,HBCH024,conch,0,1.0,200,human,breast,breast cancer
neutrophil.,32,train_mean,0.3843696415424347,0.0422104448080062,HBCH024,conch,0,1.0,200,human,breast,breast cancer
neutrophil.,32,coordinate,0.2608373165130615,0.0494365841150283,HBCH024,conch,0,1.0,200,human,breast,breast cancer
neutrophil.,32,image,0.5323276519775391,0.0371793583035469,HBCH024,conch,0,1.0,200,human,breast,breast cancer
neutrophil.,32,spatial_knn,0.3148668706417084,0.0446180887520313,HBCH024,conch,0,1.0,200,human,breast,breast cancer
plasma cell.,28,train_mean,0.4248016476631164,0.0303920675069093,HBCH024,conch,0,1.0,200,human,breast,breast cancer
plasma cell.,28,coordinate,0.4299818575382232,0.0419028438627719,HBCH024,conch,0,1.0,200,human,breast,breast cancer
plasma cell.,28,image,0.4976534247398376,0.0347761549055576,HBCH024,conch,0,1.0,200,human,breast,breast cancer
plasma cell.,28,spatial_knn,0.4016618132591247,0.0351445823907852,HBCH024,conch,0,1.0,200,human,breast,breast cancer
stromal cell.,201,train_mean,0.4504367113113403,0.0454179197549819,HBCH024,conch,0,1.0,200,human,breast,breast cancer
stromal cell.,201,coordinate,0.2460525333881378,0.0539667755365371,HBCH024,conch,0,1.0,200,human,breast,breast cancer
stromal cell.,201,image,0.6313791871070862,0.0405500046908855,HBCH024,conch,0,1.0,200,human,breast,breast cancer
stromal cell.,201,spatial_knn,0.3663448393344879,0.0484410673379898,HBCH024,conch,0,1.0,200,human,breast,breast cancer
"Below is a list of 200 genes ordered by descending expression in a Human cell. Use this information to determine the cell type.
Cell sentence:.
These genes suggest the cell type is most likely: neuron.",23,train_mean,,0.038663126528263,HBCH024,conch,1,1.0,200,human,breast,breast cancer
"Below is a list of 200 genes ordered by descending expression in a Human cell. Use this information to determine the cell type.
Cell sentence:.
These genes suggest the cell type is most likely: neuron.",23,coordinate,,0.030904209241271,HBCH024,conch,1,1.0,200,human,breast,breast cancer
"Below is a list of 200 genes ordered by descending expression in a Human cell. Use this information to determine the cell type.
Cell sentence:.
These genes suggest the cell type is most likely: neuron.",23,image,,0.0105883413925766,HBCH024,conch,1,1.0,200,human,breast,breast cancer
"Below is a list of 200 genes ordered by descending expression in a Human cell. Use this information to determine the cell type.
Cell sentence:.
These genes suggest the cell type is most likely: neuron.",23,spatial_knn,,0.0266969520598649,HBCH024,conch,1,1.0,200,human,breast,breast cancer
"CD4-positive, alpha-beta T cell.",37,train_mean,0.1467053294181823,0.041294801980257,HBCH024,conch,1,1.0,200,human,breast,breast cancer
"CD4-positive, alpha-beta T cell.",37,coordinate,0.3738009631633758,0.0324591770768165,HBCH024,conch,1,1.0,200,human,breast,breast cancer
"CD4-positive, alpha-beta T cell.",37,image,0.5690242648124695,0.0275178793817758,HBCH024,conch,1,1.0,200,human,breast,breast cancer
"CD4-positive, alpha-beta T cell.",37,spatial_knn,0.3277891278266907,0.0507882051169872,HBCH024,conch,1,1.0,200,human,breast,breast cancer
"CD8-positive, alpha-beta T cell.",93,train_mean,0.0925640910863876,0.0352764129638671,HBCH024,conch,1,1.0,200,human,breast,breast cancer
"CD8-positive, alpha-beta T cell.",93,coordinate,0.2723495662212372,0.0259018074721097,HBCH024,conch,1,1.0,200,human,breast,breast cancer
"CD8-positive, alpha-beta T cell.",93,image,0.4480404555797577,0.0141388699412345,HBCH024,conch,1,1.0,200,human,breast,breast cancer
"CD8-positive, alpha-beta T cell.",93,spatial_knn,0.098788097500801,0.0436273850500583,HBCH024,conch,1,1.0,200,human,breast,breast cancer
GABAergic neuron.,42,train_mean,0.2271856665611267,0.0358070433139801,HBCH024,conch,1,1.0,200,human,breast,breast cancer
GABAergic neuron.,42,coordinate,-0.1529970318078994,0.0294679384678602,HBCH024,conch,1,1.0,200,human,breast,breast cancer
GABAergic neuron.,42,image,0.2092350423336029,0.0241781659424304,HBCH024,conch,1,1.0,200,human,breast,breast cancer
GABAergic neuron.,42,spatial_knn,0.1754675209522247,0.0361846424639225,HBCH024,conch,1,1.0,200,human,breast,breast cancer
T cell.,84,train_mean,0.1901260316371917,0.0463548451662063,HBCH024,conch,1,1.0,200,human,breast,breast cancer
T cell.,84,coordinate,0.3877137303352356,0.0409001186490058,HBCH024,conch,1,1.0,200,human,breast,breast cancer
T cell.,84,image,0.5649328231811523,0.0365164577960968,HBCH024,conch,1,1.0,200,human,breast,breast cancer
T cell.,84,spatial_knn,0.4239965379238128,0.043931595981121,HBCH024,conch,1,1.0,200,human,breast,breast cancer
astrocyte.,33,train_mean,-0.0192419979721307,0.0382280945777893,HBCH024,conch,1,1.0,200,human,breast,breast cancer
astrocyte.,33,coordinate,0.0895046219229698,0.0300594102591276,HBCH024,conch,1,1.0,200,human,breast,breast cancer
astrocyte.,33,image,0.0249417852610349,0.0143473297357559,HBCH024,conch,1,1.0,200,human,breast,breast cancer
astrocyte.,33,spatial_knn,0.0402741804718971,0.0314828753471374,HBCH024,conch,1,1.0,200,human,breast,breast cancer
cultured cell.,36,train_mean,0.6840474009513855,0.0427749305963516,HBCH024,conch,1,1.0,200,human,breast,breast cancer
cultured cell.,36,coordinate,-0.4372551739215851,0.0752588286995887,HBCH024,conch,1,1.0,200,human,breast,breast cancer
cultured cell.,36,image,0.8309487700462341,0.0302878506481647,HBCH024,conch,1,1.0,200,human,breast,breast cancer
cultured cell.,36,spatial_knn,0.3160044848918915,0.0535264797508716,HBCH024,conch,1,1.0,200,human,breast,breast cancer
endothelial cell of vascular tree.,79,train_mean,0.7159273028373718,0.0222069565206766,HBCH024,conch,1,1.0,200,human,breast,breast cancer
endothelial cell of vascular tree.,79,coordinate,-0.1221741810441017,0.0435140170156955,HBCH024,conch,1,1.0,200,human,breast,breast cancer
endothelial cell of vascular tree.,79,image,0.7889468669891357,0.0240822397172451,HBCH024,conch,1,1.0,200,human,breast,breast cancer
endothelial cell of vascular tree.,79,spatial_knn,0.6834416389465332,0.0251977574080228,HBCH024,conch,1,1.0,200,human,breast,breast cancer
endothelial cell.,553,train_mean,0.7337547540664673,0.0201043151319026,HBCH024,conch,1,1.0,200,human,breast,breast cancer
endothelial cell.,553,coordinate,0.2859668433666229,0.026199335232377,HBCH024,conch,1,1.0,200,human,breast,breast cancer
endothelial cell.,553,image,0.8312944769859314,0.0105217704549431,HBCH024,conch,1,1.0,200,human,breast,breast cancer
endothelial cell.,553,spatial_knn,0.7516112327575684,0.0216796845197677,HBCH024,conch,1,1.0,200,human,breast,breast cancer
epithelial cell of lower respiratory tract.,113,train_mean,0.7815260291099548,0.0924000144004821,HBCH024,conch,1,1.0,200,human,breast,breast cancer
epithelial cell of lower respiratory tract.,113,coordinate,-0.0961946323513984,0.1158696264028549,HBCH024,conch,1,1.0,200,human,breast,breast cancer
epithelial cell of lower respiratory tract.,113,image,0.9438238739967346,0.0324470438063144,HBCH024,conch,1,1.0,200,human,breast,breast cancer
epithelial cell of lower respiratory tract.,113,spatial_knn,0.6007428765296936,0.0886266455054283,HBCH024,conch,1,1.0,200,human,breast,breast cancer
epithelial cell of proximal tubule.,30,train_mean,0.6903163194656372,0.0706168189644813,HBCH024,conch,1,1.0,200,human,breast,breast cancer
epithelial cell of proximal tubule.,30,coordinate,-0.2911613285541534,0.0988811254501342,HBCH024,conch,1,1.0,200,human,breast,breast cancer
epithelial cell of proximal tubule.,30,image,0.8340968489646912,0.0445436425507068,HBCH024,conch,1,1.0,200,human,breast,breast cancer
epithelial cell of proximal tubule.,30,spatial_knn,0.559919536113739,0.0697912126779556,HBCH024,conch,1,1.0,200,human,breast,breast cancer
fibroblast.,68,train_mean,0.2723893523216247,0.0673805028200149,HBCH024,conch,1,1.0,200,human,breast,breast cancer
fibroblast.,68,coordinate,0.5304480195045471,0.0632148906588554,HBCH024,conch,1,1.0,200,human,breast,breast cancer
fibroblast.,68,image,0.6903443932533264,0.0599430613219738,HBCH024,conch,1,1.0,200,human,breast,breast cancer
fibroblast.,68,spatial_knn,0.2423419207334518,0.0689978376030922,HBCH024,conch,1,1.0,200,human,breast,breast cancer
glutamatergic neuron.,276,train_mean,0.1041952297091484,0.038175631314516,HBCH024,conch,1,1.0,200,human,breast,breast cancer
glutamatergic neuron.,276,coordinate,0.0225509870797395,0.0302036479115486,HBCH024,conch,1,1.0,200,human,breast,breast cancer
glutamatergic neuron.,276,image,0.0552566982805728,0.0113337934017181,HBCH024,conch,1,1.0,200,human,breast,breast cancer
glutamatergic neuron.,276,spatial_knn,0.0756323784589767,0.0280533451586961,HBCH024,conch,1,1.0,200,human,breast,breast cancer
kidney loop of Henle thick ascending limb epithelial cell.,87,train_mean,0.687258243560791,0.0296376459300518,HBCH024,conch,1,1.0,200,human,breast,breast cancer
kidney loop of Henle thick ascending limb epithelial cell.,87,coordinate,-0.4514416456222534,0.0369662344455719,HBCH024,conch,1,1.0,200,human,breast,breast cancer
kidney loop of Henle thick ascending limb epithelial cell.,87,image,0.6547938585281372,0.0137101896107196,HBCH024,conch,1,1.0,200,human,breast,breast cancer
kidney loop of Henle thick ascending limb epithelial cell.,87,spatial_knn,0.3651131391525268,0.027596702799201,HBCH024,conch,1,1.0,200,human,breast,breast cancer
kidney proximal convoluted tubule epithelial cell.,48,train_mean,0.1984960585832595,0.0372056104242801,HBCH024,conch,1,1.0,200,human,breast,breast cancer
kidney proximal convoluted tubule epithelial cell.,48,coordinate,-0.0216223411262035,0.0289399307221174,HBCH024,conch,1,1.0,200,human,breast,breast cancer
kidney proximal convoluted tubule epithelial cell.,48,image,0.1057355552911758,0.0100669702515006,HBCH024,conch,1,1.0,200,human,breast,breast cancer
kidney proximal convoluted tubule epithelial cell.,48,spatial_knn,0.2592823207378387,0.0254401415586471,HBCH024,conch,1,1.0,200,human,breast,breast cancer
macrophage.,127,train_mean,0.2614934742450714,0.040461529046297,HBCH024,conch,1,1.0,200,human,breast,breast cancer
macrophage.,127,coordinate,0.2315832078456878,0.0409872569143772,HBCH024,conch,1,1.0,200,human,breast,breast cancer
macrophage.,127,image,0.5090677738189697,0.0336984395980834,HBCH024,conch,1,1.0,200,human,breast,breast cancer
macrophage.,127,spatial_knn,0.2146132588386535,0.0471033193171024,HBCH024,conch,1,1.0,200,human,breast,breast cancer
native cell.,21,train_mean,0.5703336000442505,0.0378302708268165,HBCH024,conch,1,1.0,200,human,breast,breast cancer
native cell.,21,coordinate,-0.24251089990139,0.0600230060517787,HBCH024,conch,1,1.0,200,human,breast,breast cancer
native cell.,21,image,0.6681857109069824,0.0363135002553463,HBCH024,conch,1,1.0,200,human,breast,breast cancer
native cell.,21,spatial_knn,0.1767943352460861,0.0535540245473384,HBCH024,conch,1,1.0,200,human,breast,breast cancer
stromal cell.,204,train_mean,0.293564885854721,0.0362443104386329,HBCH024,conch,1,1.0,200,human,breast,breast cancer
stromal cell.,204,coordinate,0.4935870468616485,0.0304032433778047,HBCH024,conch,1,1.0,200,human,breast,breast cancer
stromal cell.,204,image,0.6759015321731567,0.0251776799559593,HBCH024,conch,1,1.0,200,human,breast,breast cancer
stromal cell.,204,spatial_knn,0.2015225142240524,0.0438512451946735,HBCH024,conch,1,1.0,200,human,breast,breast cancer
"Below is a list of 200 genes ordered by descending expression in a Human cell. Use this information to determine the cell type.
Cell sentence:.
These genes suggest the cell type is most likely: neuron.",20,train_mean,,0.0410988926887512,HBCH024,conch,2,1.0,200,human,breast,breast cancer
"Below is a list of 200 genes ordered by descending expression in a Human cell. Use this information to determine the cell type.
Cell sentence:.
These genes suggest the cell type is most likely: neuron.",20,coordinate,,0.0377489887177944,HBCH024,conch,2,1.0,200,human,breast,breast cancer
"Below is a list of 200 genes ordered by descending expression in a Human cell. Use this information to determine the cell type.
Cell sentence:.
These genes suggest the cell type is most likely: neuron.",20,image,,0.016980618238449,HBCH024,conch,2,1.0,200,human,breast,breast cancer
"Below is a list of 200 genes ordered by descending expression in a Human cell. Use this information to determine the cell type.
Cell sentence:.
These genes suggest the cell type is most likely: neuron.",20,spatial_knn,,0.0404212996363639,HBCH024,conch,2,1.0,200,human,breast,breast cancer
"CD8-positive, alpha-beta T cell.",78,train_mean,0.1647197008132934,0.0380114503204822,HBCH024,conch,2,1.0,200,human,breast,breast cancer
"CD8-positive, alpha-beta T cell.",78,coordinate,0.166669487953186,0.0329617820680141,HBCH024,conch,2,1.0,200,human,breast,breast cancer
"CD8-positive, alpha-beta T cell.",78,image,0.0883069187402725,0.014291550964117,HBCH024,conch,2,1.0,200,human,breast,breast cancer
"CD8-positive, alpha-beta T cell.",78,spatial_knn,0.1676931530237198,0.0310136973857879,HBCH024,conch,2,1.0,200,human,breast,breast cancer
"Examine the list of 200 gene names sorted by decreasing expression in a Human cell, and from this, identify its cell type.
Cell sentence:.
These genes are commonly found in cell type: neuron.",22,train_mean,,0.0410988926887512,HBCH024,conch,2,1.0,200,human,breast,breast cancer
"Examine the list of 200 gene names sorted by decreasing expression in a Human cell, and from this, identify its cell type.
Cell sentence:.
These genes are commonly found in cell type: neuron.",22,coordinate,,0.0423756092786788,HBCH024,conch,2,1.0,200,human,breast,breast cancer
"Examine the list of 200 gene names sorted by decreasing expression in a Human cell, and from this, identify its cell type.
Cell sentence:.
These genes are commonly found in cell type: neuron.",22,image,,0.0153181636705994,HBCH024,conch,2,1.0,200,human,breast,breast cancer
"Examine the list of 200 gene names sorted by decreasing expression in a Human cell, and from this, identify its cell type.
Cell sentence:.
These genes are commonly found in cell type: neuron.",22,spatial_knn,,0.0475336201488971,HBCH024,conch,2,1.0,200,human,breast,breast cancer
GABAergic neuron.,39,train_mean,-0.0637507364153862,0.0406079441308975,HBCH024,conch,2,1.0,200,human,breast,breast cancer
GABAergic neuron.,39,coordinate,-0.0600431412458419,0.0339604504406452,HBCH024,conch,2,1.0,200,human,breast,breast cancer
GABAergic neuron.,39,image,-0.0386462546885013,0.0142713207751512,HBCH024,conch,2,1.0,200,human,breast,breast cancer
GABAergic neuron.,39,spatial_knn,-0.0240074098110198,0.0304812528192996,HBCH024,conch,2,1.0,200,human,breast,breast cancer
T cell.,30,train_mean,0.1338136196136474,0.0460919514298439,HBCH024,conch,2,1.0,200,human,breast,breast cancer
T cell.,30,coordinate,0.2009588181972503,0.0424351617693901,HBCH024,conch,2,1.0,200,human,breast,breast cancer
T cell.,30,image,0.2391806989908218,0.0365129671990871,HBCH024,conch,2,1.0,200,human,breast,breast cancer
T cell.,30,spatial_knn,0.1453501731157302,0.0446744076907634,HBCH024,conch,2,1.0,200,human,breast,breast cancer
"The 200 gene names below are arranged by descending expression level in a Human cell. Determine the cell type of this cell.
Cell sentence:.
The cell type that these genes are most commonly linked with is: neuron.",22,train_mean,,0.0410988926887512,HBCH024,conch,2,1.0,200,human,breast,breast cancer
"The 200 gene names below are arranged by descending expression level in a Human cell. Determine the cell type of this cell.
Cell sentence:.
The cell type that these genes are most commonly linked with is: neuron.",22,coordinate,,0.0399957709014415,HBCH024,conch,2,1.0,200,human,breast,breast cancer
"The 200 gene names below are arranged by descending expression level in a Human cell. Determine the cell type of this cell.
Cell sentence:.
The cell type that these genes are most commonly linked with is: neuron.",22,image,,0.0148795070126652,HBCH024,conch,2,1.0,200,human,breast,breast cancer
"The 200 gene names below are arranged by descending expression level in a Human cell. Determine the cell type of this cell.
Cell sentence:.
The cell type that these genes are most commonly linked with is: neuron.",22,spatial_knn,,0.0433479771018028,HBCH024,conch,2,1.0,200,human,breast,breast cancer
"The following is a list of 200 gene names ordered by descending expression level in a Human cell. Your task is to give the cell type which this cell belongs to based on its gene expression.
Cell sentence:.
The cell type corresponding to these genes is: neuron.",23,train_mean,,0.0410988926887512,HBCH024,conch,2,1.0,200,human,breast,breast cancer
"The following is a list of 200 gene names ordered by descending expression level in a Human cell. Your task is to give the cell type which this cell belongs to based on its gene expression.
Cell sentence:.
The cell type corresponding to these genes is: neuron.",23,coordinate,,0.0413323454558849,HBCH024,conch,2,1.0,200,human,breast,breast cancer
"The following is a list of 200 gene names ordered by descending expression level in a Human cell. Your task is to give the cell type which this cell belongs to based on its gene expression.
Cell sentence:.
The cell type corresponding to these genes is: neuron.",23,image,,0.0223606526851654,HBCH024,conch,2,1.0,200,human,breast,breast cancer
"The following is a list of 200 gene names ordered by descending expression level in a Human cell. Your task is to give the cell type which this cell belongs to based on its gene expression.
Cell sentence:.
The cell type corresponding to these genes is: neuron.",23,spatial_knn,,0.0416929833590984,HBCH024,conch,2,1.0,200,human,breast,breast cancer
astrocyte.,40,train_mean,0.1311918497085571,0.0402502752840518,HBCH024,conch,2,1.0,200,human,breast,breast cancer
astrocyte.,40,coordinate,0.0658958032727241,0.031275425106287,HBCH024,conch,2,1.0,200,human,breast,breast cancer
astrocyte.,40,image,0.2604081332683563,0.01471474673599,HBCH024,conch,2,1.0,200,human,breast,breast cancer
astrocyte.,40,spatial_knn,0.1512346565723419,0.0286872647702693,HBCH024,conch,2,1.0,200,human,breast,breast cancer
cultured cell.,37,train_mean,0.7013007402420044,0.0255434401333332,HBCH024,conch,2,1.0,200,human,breast,breast cancer
cultured cell.,37,coordinate,0.486998438835144,0.0296891331672668,HBCH024,conch,2,1.0,200,human,breast,breast cancer
cultured cell.,37,image,0.7362723350524902,0.0222055334597826,HBCH024,conch,2,1.0,200,human,breast,breast cancer
cultured cell.,37,spatial_knn,0.0222691092640161,0.040665253996849,HBCH024,conch,2,1.0,200,human,breast,breast cancer
endothelial cell of lymphatic vessel.,30,train_mean,-0.0380776040256023,0.0408394373953342,HBCH024,conch,2,1.0,200,human,breast,breast cancer
endothelial cell of lymphatic vessel.,30,coordinate,-0.0231063682585954,0.0375668331980705,HBCH024,conch,2,1.0,200,human,breast,breast cancer
endothelial cell of lymphatic vessel.,30,image,-0.0384973287582397,0.0169834922999143,HBCH024,conch,2,1.0,200,human,breast,breast cancer
endothelial cell of lymphatic vessel.,30,spatial_knn,-0.0022035660222172,0.0336432978510856,HBCH024,conch,2,1.0,200,human,breast,breast cancer
endothelial cell of vascular tree.,60,train_mean,0.6374580264091492,0.0248077660799026,HBCH024,conch,2,1.0,200,human,breast,breast cancer
endothelial cell of vascular tree.,60,coordinate,0.44610795378685,0.0230970345437526,HBCH024,conch,2,1.0,200,human,breast,breast cancer
endothelial cell of vascular tree.,60,image,0.6293122172355652,0.0160949528217315,HBCH024,conch,2,1.0,200,human,breast,breast cancer
endothelial cell of vascular tree.,60,spatial_knn,0.2906804084777832,0.0257394351065158,HBCH024,conch,2,1.0,200,human,breast,breast cancer
endothelial cell.,599,train_mean,0.478008896112442,0.0287814475595951,HBCH024,conch,2,1.0,200,human,breast,breast cancer
endothelial cell.,599,coordinate,0.4828857779502868,0.0222199689596891,HBCH024,conch,2,1.0,200,human,breast,breast cancer
endothelial cell.,599,image,0.8117538690567017,0.0108407568186521,HBCH024,conch,2,1.0,200,human,breast,breast cancer
endothelial cell.,599,spatial_knn,0.577107310295105,0.0198965109884738,HBCH024,conch,2,1.0,200,human,breast,breast cancer
epithelial cell of lower respiratory tract.,70,train_mean,0.7966460585594177,0.1065080910921096,HBCH024,conch,2,1.0,200,human,breast,breast cancer
epithelial cell of lower respiratory tract.,70,coordinate,0.5455117225646973,0.1148375794291496,HBCH024,conch,2,1.0,200,human,breast,breast cancer
epithelial cell of lower respiratory tract.,70,image,0.9504619836807252,0.0499527007341384,HBCH024,conch,2,1.0,200,human,breast,breast cancer
epithelial cell of lower respiratory tract.,70,spatial_knn,-0.0126249939203262,0.1345244199037552,HBCH024,conch,2,1.0,200,human,breast,breast cancer
epithelial cell of proximal tubule.,31,train_mean,0.7711493968963623,0.0874240323901176,HBCH024,conch,2,1.0,200,human,breast,breast cancer
epithelial cell of proximal tubule.,31,coordinate,0.5017831325531006,0.0969581976532936,HBCH024,conch,2,1.0,200,human,breast,breast cancer
epithelial cell of proximal tubule.,31,image,0.913640022277832,0.0519707724452018,HBCH024,conch,2,1.0,200,human,breast,breast cancer
epithelial cell of proximal tubule.,31,spatial_knn,0.0011628419160842,0.1144239455461502,HBCH024,conch,2,1.0,200,human,breast,breast cancer
fibroblast.,73,train_mean,0.249975636601448,0.0478703118860721,HBCH024,conch,2,1.0,200,human,breast,breast cancer
fibroblast.,73,coordinate,0.3626748621463775,0.0435717664659023,HBCH024,conch,2,1.0,200,human,breast,breast cancer
fibroblast.,73,image,0.832027018070221,0.0344219580292701,HBCH024,conch,2,1.0,200,human,breast,breast cancer
fibroblast.,73,spatial_knn,0.5638205409049988,0.0392891950905323,HBCH024,conch,2,1.0,200,human,breast,breast cancer
glutamatergic neuron.,304,train_mean,0.0518201924860477,0.0407278053462505,HBCH024,conch,2,1.0,200,human,breast,breast cancer
glutamatergic neuron.,304,coordinate,0.1429943740367889,0.0341241210699081,HBCH024,conch,2,1.0,200,human,breast,breast cancer
glutamatergic neuron.,304,image,0.086087591946125,0.0138331176713109,HBCH024,conch,2,1.0,200,human,breast,breast cancer
glutamatergic neuron.,304,spatial_knn,0.0539637841284275,0.0333934277296066,HBCH024,conch,2,1.0,200,human,breast,breast cancer
kidney loop of Henle thick ascending limb epithelial cell.,100,train_mean,0.5946811437606812,0.0365974269807338,HBCH024,conch,2,1.0,200,human,breast,breast cancer
kidney loop of Henle thick ascending limb epithelial cell.,100,coordinate,0.4201144576072693,0.0325297676026821,HBCH024,conch,2,1.0,200,human,breast,breast cancer
kidney loop of Henle thick ascending limb epithelial cell.,100,image,0.4394592642784118,0.0152363991364836,HBCH024,conch,2,1.0,200,human,breast,breast cancer
kidney loop of Henle thick ascending limb epithelial cell.,100,spatial_knn,0.3290369510650635,0.0319453962147235,HBCH024,conch,2,1.0,200,human,breast,breast cancer
kidney proximal convoluted tubule epithelial cell.,59,train_mean,0.1856535971164703,0.0402075387537479,HBCH024,conch,2,1.0,200,human,breast,breast cancer
kidney proximal convoluted tubule epithelial cell.,59,coordinate,0.1302270889282226,0.0312923155725002,HBCH024,conch,2,1.0,200,human,breast,breast cancer
kidney proximal convoluted tubule epithelial cell.,59,image,0.0709924176335334,0.0138962175697088,HBCH024,conch,2,1.0,200,human,breast,breast cancer
kidney proximal convoluted tubule epithelial cell.,59,spatial_knn,0.1927725672721862,0.0332451462745666,HBCH024,conch,2,1.0,200,human,breast,breast cancer
macrophage.,148,train_mean,0.2358787506818771,0.0363482870161533,HBCH024,conch,2,1.0,200,human,breast,breast cancer
macrophage.,148,coordinate,0.1088466122746467,0.0351057946681976,HBCH024,conch,2,1.0,200,human,breast,breast cancer
macrophage.,148,image,0.5491734147071838,0.0239657033234834,HBCH024,conch,2,1.0,200,human,breast,breast cancer
macrophage.,148,spatial_knn,0.3235965967178345,0.0329067297279834,HBCH024,conch,2,1.0,200,human,breast,breast cancer
stromal cell.,219,train_mean,0.3191790878772735,0.0350897125899791,HBCH024,conch,2,1.0,200,human,breast,breast cancer
stromal cell.,219,coordinate,0.4533834457397461,0.0290118474513292,HBCH024,conch,2,1.0,200,human,breast,breast cancer
stromal cell.,219,image,0.7846571803092957,0.019472537562251,HBCH024,conch,2,1.0,200,human,breast,breast cancer
stromal cell.,219,spatial_knn,0.4421732723712921,0.0294468123465776,HBCH024,conch,2,1.0,200,human,breast,breast cancer
"CD8-positive, alpha-beta T cell.",46,train_mean,0.1769419312477111,0.0338819399476051,HBCH024,conch,3,1.0,200,human,breast,breast cancer
"CD8-positive, alpha-beta T cell.",46,coordinate,0.0676382333040237,0.063631497323513,HBCH024,conch,3,1.0,200,human,breast,breast cancer
"CD8-positive, alpha-beta T cell.",46,image,0.1968181282281875,0.017979634925723,HBCH024,conch,3,1.0,200,human,breast,breast cancer
"CD8-positive, alpha-beta T cell.",46,spatial_knn,0.1076113656163215,0.0521400198340415,HBCH024,conch,3,1.0,200,human,breast,breast cancer
GABAergic neuron.,38,train_mean,0.2170607596635818,0.0349496155977249,HBCH024,conch,3,1.0,200,human,breast,breast cancer
GABAergic neuron.,38,coordinate,0.2186588793992996,0.0589036419987678,HBCH024,conch,3,1.0,200,human,breast,breast cancer
GABAergic neuron.,38,image,0.107069507241249,0.017380116507411,HBCH024,conch,3,1.0,200,human,breast,breast cancer
GABAergic neuron.,38,spatial_knn,0.1374480873346328,0.0439072772860527,HBCH024,conch,3,1.0,200,human,breast,breast cancer
T cell.,36,train_mean,0.192800834774971,0.0376607030630111,HBCH024,conch,3,1.0,200,human,breast,breast cancer
T cell.,36,coordinate,-0.0024951265659183,0.075776495039463,HBCH024,conch,3,1.0,200,human,breast,breast cancer
T cell.,36,image,0.4151034355163574,0.0291694812476634,HBCH024,conch,3,1.0,200,human,breast,breast cancer
T cell.,36,spatial_knn,-2.289601980010048e-05,0.080147735774517,HBCH024,conch,3,1.0,200,human,breast,breast cancer
astrocyte.,46,train_mean,0.098086416721344,0.0347630232572555,HBCH024,conch,3,1.0,200,human,breast,breast cancer
astrocyte.,46,coordinate,0.0862421318888664,0.0554134212434291,HBCH024,conch,3,1.0,200,human,breast,breast cancer
astrocyte.,46,image,0.0043539986945688,0.0140894353389739,HBCH024,conch,3,1.0,200,human,breast,breast cancer
astrocyte.,46,spatial_knn,0.1799493730068206,0.0429258234798908,HBCH024,conch,3,1.0,200,human,breast,breast cancer
cultured cell.,39,train_mean,0.7586958408355713,0.0401483923196792,HBCH024,conch,3,1.0,200,human,breast,breast cancer
cultured cell.,39,coordinate,0.880864143371582,0.0301094278693199,HBCH024,conch,3,1.0,200,human,breast,breast cancer
cultured cell.,39,image,0.8742532730102539,0.0274614188820123,HBCH024,conch,3,1.0,200,human,breast,breast cancer
cultured cell.,39,spatial_knn,0.8258767127990723,0.0565252229571342,HBCH024,conch,3,1.0,200,human,breast,breast cancer
endothelial cell of vascular tree.,71,train_mean,0.7333259582519531,0.0180302616208791,HBCH024,conch,3,1.0,200,human,breast,breast cancer
endothelial cell of vascular tree.,71,coordinate,0.6879138350486755,0.0420196764171123,HBCH024,conch,3,1.0,200,human,breast,breast cancer
endothelial cell of vascular tree.,71,image,0.7737762928009033,0.0169585701078176,HBCH024,conch,3,1.0,200,human,breast,breast cancer
endothelial cell of vascular tree.,71,spatial_knn,0.6837805509567261,0.0313655361533165,HBCH024,conch,3,1.0,200,human,breast,breast cancer
endothelial cell.,661,train_mean,0.6063308119773865,0.0211843978613615,HBCH024,conch,3,1.0,200,human,breast,breast cancer
endothelial cell.,661,coordinate,0.4053117930889129,0.0513773560523986,HBCH024,conch,3,1.0,200,human,breast,breast cancer
endothelial cell.,661,image,0.8163206577301025,0.0125041082501411,HBCH024,conch,3,1.0,200,human,breast,breast cancer
endothelial cell.,661,spatial_knn,0.5033254623413086,0.0359437353909015,HBCH024,conch,3,1.0,200,human,breast,breast cancer
epithelial cell of lower respiratory tract.,115,train_mean,0.8056294918060303,0.1226973831653595,HBCH024,conch,3,1.0,200,human,breast,breast cancer
epithelial cell of lower respiratory tract.,115,coordinate,0.9518135190010072,0.0771463960409164,HBCH024,conch,3,1.0,200,human,breast,breast cancer
epithelial cell of lower respiratory tract.,115,image,0.9634804129600524,0.0524514764547348,HBCH024,conch,3,1.0,200,human,breast,breast cancer
epithelial cell of lower respiratory tract.,115,spatial_knn,0.8954840898513794,0.0562846735119819,HBCH024,conch,3,1.0,200,human,breast,breast cancer
epithelial cell of proximal tubule.,44,train_mean,0.772966206073761,0.0741919428110122,HBCH024,conch,3,1.0,200,human,breast,breast cancer
epithelial cell of proximal tubule.,44,coordinate,0.9106179475784302,0.0420124195516109,HBCH024,conch,3,1.0,200,human,breast,breast cancer
epithelial cell of proximal tubule.,44,image,0.9060553908348083,0.0402543805539608,HBCH024,conch,3,1.0,200,human,breast,breast cancer
epithelial cell of proximal tubule.,44,spatial_knn,0.8252609968185425,0.0482246838510036,HBCH024,conch,3,1.0,200,human,breast,breast cancer
fibroblast.,106,train_mean,0.2714438438415527,0.0475460030138492,HBCH024,conch,3,1.0,200,human,breast,breast cancer
fibroblast.,106,coordinate,0.002886451780796,0.0695701837539672,HBCH024,conch,3,1.0,200,human,breast,breast cancer
fibroblast.,106,image,0.8740220069885254,0.036513727158308,HBCH024,conch,3,1.0,200,human,breast,breast cancer
fibroblast.,106,spatial_knn,0.3009034097194671,0.0475579500198364,HBCH024,conch,3,1.0,200,human,breast,breast cancer
glutamatergic neuron.,200,train_mean,0.0881087929010391,0.035512987524271,HBCH024,conch,3,1.0,200,human,breast,breast cancer
glutamatergic neuron.,200,coordinate,0.0853336080908775,0.0580118969082832,HBCH024,conch,3,1.0,200,human,breast,breast cancer
glutamatergic neuron.,200,image,-0.0024489485658705,0.0143673997372388,HBCH024,conch,3,1.0,200,human,breast,breast cancer
glutamatergic neuron.,200,spatial_knn,0.0523635149002075,0.0424592234194278,HBCH024,conch,3,1.0,200,human,breast,breast cancer
goblet cell.,21,train_mean,0.7665669322013855,0.1404984444379806,HBCH024,conch,3,1.0,200,human,breast,breast cancer
goblet cell.,21,coordinate,0.9067548513412476,0.0953264907002449,HBCH024,conch,3,1.0,200,human,breast,breast cancer
goblet cell.,21,image,0.903373122215271,0.0638900101184845,HBCH024,conch,3,1.0,200,human,breast,breast cancer
goblet cell.,21,spatial_knn,0.8278161287307739,0.0776159986853599,HBCH024,conch,3,1.0,200,human,breast,breast cancer
kidney loop of Henle thick ascending limb epithelial cell.,81,train_mean,0.6611636281013489,0.0242908392101526,HBCH024,conch,3,1.0,200,human,breast,breast cancer
kidney loop of Henle thick ascending limb epithelial cell.,81,coordinate,0.7847301363945007,0.0469822585582733,HBCH024,conch,3,1.0,200,human,breast,breast cancer
kidney loop of Henle thick ascending limb epithelial cell.,81,image,0.6108607649803162,0.018489209935069,HBCH024,conch,3,1.0,200,human,breast,breast cancer
kidney loop of Henle thick ascending limb epithelial cell.,81,spatial_knn,0.6738747358322144,0.041465189307928,HBCH024,conch,3,1.0,200,human,breast,breast cancer
kidney proximal convoluted tubule epithelial cell.,51,train_mean,0.1399719417095184,0.0350780002772808,HBCH024,conch,3,1.0,200,human,breast,breast cancer
kidney proximal convoluted tubule epithelial cell.,51,coordinate,0.1960992813110351,0.05514907091856,HBCH024,conch,3,1.0,200,human,breast,breast cancer
kidney proximal convoluted tubule epithelial cell.,51,image,0.0181356463581323,0.0143543742597103,HBCH024,conch,3,1.0,200,human,breast,breast cancer
kidney proximal convoluted tubule epithelial cell.,51,spatial_knn,0.1170482411980629,0.040145393460989,HBCH024,conch,3,1.0,200,human,breast,breast cancer
macrophage.,224,train_mean,0.1914216428995132,0.0397103726863861,HBCH024,conch,3,1.0,200,human,breast,breast cancer
macrophage.,224,coordinate,0.0177855230867862,0.0702493637800216,HBCH024,conch,3,1.0,200,human,breast,breast cancer
macrophage.,224,image,0.4321706593036651,0.0329355522990226,HBCH024,conch,3,1.0,200,human,breast,breast cancer
macrophage.,224,spatial_knn,0.1370231658220291,0.0625066235661506,HBCH024,conch,3,1.0,200,human,breast,breast cancer
stromal cell.,284,train_mean,0.3602615594863891,0.0359054952859878,HBCH024,conch,3,1.0,200,human,breast,breast cancer
stromal cell.,284,coordinate,0.0559520050883293,0.0651798471808433,HBCH024,conch,3,1.0,200,human,breast,breast cancer
stromal cell.,284,image,0.846637487411499,0.0251668244600296,HBCH024,conch,3,1.0,200,human,breast,breast cancer
stromal cell.,284,spatial_knn,0.1931396424770355,0.0505024939775466,HBCH024,conch,3,1.0,200,human,breast,breast cancer
T cell.,35,train_mean,0.4400345683097839,0.2438643872737884,HBES040,conch,0,1.0,200,human,breast,breast IDC
T cell.,35,coordinate,0.4372287392616272,0.2769815325736999,HBES040,conch,0,1.0,200,human,breast,breast IDC
T cell.,35,image,0.5510300993919373,0.1728637367486953,HBES040,conch,0,1.0,200,human,breast,breast IDC
T cell.,35,spatial_knn,0.3986504673957824,0.3317517042160034,HBES040,conch,0,1.0,200,human,breast,breast IDC
basal cell of epithelium of bronchus.,41,train_mean,0.6900053024291992,0.3756142854690552,HBES040,conch,0,1.0,200,human,breast,breast IDC
basal cell of epithelium of bronchus.,41,coordinate,0.6232403516769409,0.3828642070293426,HBES040,conch,0,1.0,200,human,breast,breast IDC
basal cell of epithelium of bronchus.,41,image,0.8900461792945862,0.2402142435312271,HBES040,conch,0,1.0,200,human,breast,breast IDC
basal cell of epithelium of bronchus.,41,spatial_knn,0.7401536107063293,0.3342785239219665,HBES040,conch,0,1.0,200,human,breast,breast IDC
basal cell.,89,train_mean,0.8197947144508362,0.3715883791446686,HBES040,conch,0,1.0,200,human,breast,breast IDC
basal cell.,89,coordinate,0.7593220472335815,0.3653717935085296,HBES040,conch,0,1.0,200,human,breast,breast IDC
basal cell.,89,image,0.9251925349235536,0.2587796449661255,HBES040,conch,0,1.0,200,human,breast,breast IDC
basal cell.,89,spatial_knn,0.8864704966545105,0.2919336855411529,HBES040,conch,0,1.0,200,human,breast,breast IDC
cultured cell.,695,train_mean,0.7445290684700012,0.3440509736537933,HBES040,conch,0,1.0,200,human,breast,breast IDC
cultured cell.,695,coordinate,0.6910304427146912,0.3437747955322265,HBES040,conch,0,1.0,200,human,breast,breast IDC
cultured cell.,695,image,0.9382355213165284,0.2037751376628875,HBES040,conch,0,1.0,200,human,breast,breast IDC
cultured cell.,695,spatial_knn,0.7773950695991516,0.3015497326850891,HBES040,conch,0,1.0,200,human,breast,breast IDC
endothelial cell of vascular tree.,30,train_mean,0.7509846687316895,0.1723618805408477,HBES040,conch,0,1.0,200,human,breast,breast IDC
endothelial cell of vascular tree.,30,coordinate,0.7421406507492065,0.1953654736280441,HBES040,conch,0,1.0,200,human,breast,breast IDC
endothelial cell of vascular tree.,30,image,0.7682420015335083,0.1559086441993713,HBES040,conch,0,1.0,200,human,breast,breast IDC
endothelial cell of vascular tree.,30,spatial_knn,0.737855851650238,0.2210007607936859,HBES040,conch,0,1.0,200,human,breast,breast IDC
endothelial cell.,161,train_mean,0.5528249740600586,0.2335567772388458,HBES040,conch,0,1.0,200,human,breast,breast IDC
endothelial cell.,161,coordinate,0.5351436138153076,0.2484191209077835,HBES040,conch,0,1.0,200,human,breast,breast IDC
endothelial cell.,161,image,0.6407113075256348,0.2028696238994598,HBES040,conch,0,1.0,200,human,breast,breast IDC
endothelial cell.,161,spatial_knn,0.5567740201950073,0.2721475660800934,HBES040,conch,0,1.0,200,human,breast,breast IDC
epithelial cell of lower respiratory tract.,102,train_mean,0.8650925755500793,0.2748738825321197,HBES040,conch,0,1.0,200,human,breast,breast IDC
epithelial cell of lower respiratory tract.,102,coordinate,0.8266850709915161,0.2699019014835357,HBES040,conch,0,1.0,200,human,breast,breast IDC
epithelial cell of lower respiratory tract.,102,image,0.9668744206428528,0.1570366024971008,HBES040,conch,0,1.0,200,human,breast,breast IDC
epithelial cell of lower respiratory tract.,102,spatial_knn,0.848200798034668,0.2439375519752502,HBES040,conch,0,1.0,200,human,breast,breast IDC
epithelial cell.,22,train_mean,0.7920048236846924,0.2778408229351043,HBES040,conch,0,1.0,200,human,breast,breast IDC
epithelial cell.,22,coordinate,0.734851598739624,0.2839582562446594,HBES040,conch,0,1.0,200,human,breast,breast IDC
epithelial cell.,22,image,0.8904631733894348,0.2078490853309631,HBES040,conch,0,1.0,200,human,breast,breast IDC
epithelial cell.,22,spatial_knn,0.7155269980430603,0.2861333191394806,HBES040,conch,0,1.0,200,human,breast,breast IDC
fibroblast.,258,train_mean,0.7957632541656494,0.2029149383306503,HBES040,conch,0,1.0,200,human,breast,breast IDC
fibroblast.,258,coordinate,0.8040384650230408,0.2009316831827163,HBES040,conch,0,1.0,200,human,breast,breast IDC
fibroblast.,258,image,0.9108782410621644,0.1576491296291351,HBES040,conch,0,1.0,200,human,breast,breast IDC
fibroblast.,258,spatial_knn,0.7658954858779907,0.2261113226413726,HBES040,conch,0,1.0,200,human,breast,breast IDC
macrophage.,407,train_mean,0.6957671046257019,0.2004509717226028,HBES040,conch,0,1.0,200,human,breast,breast IDC
macrophage.,407,coordinate,0.729945182800293,0.1918859481811523,HBES040,conch,0,1.0,200,human,breast,breast IDC
macrophage.,407,image,0.8177845478057861,0.159455806016922,HBES040,conch,0,1.0,200,human,breast,breast IDC
macrophage.,407,spatial_knn,0.6465214490890503,0.2478623837232589,HBES040,conch,0,1.0,200,human,breast,breast IDC
mammary alveolar cell.,44,train_mean,0.939899206161499,0.3614566326141357,HBES040,conch,0,1.0,200,human,breast,breast IDC
mammary alveolar cell.,44,coordinate,0.9067057967185974,0.3348219096660614,HBES040,conch,0,1.0,200,human,breast,breast IDC
mammary alveolar cell.,44,image,0.9548631310462952,0.2866840362548828,HBES040,conch,0,1.0,200,human,breast,breast IDC
mammary alveolar cell.,44,spatial_knn,0.9309179186820984,0.2921609282493591,HBES040,conch,0,1.0,200,human,breast,breast IDC
smooth muscle cell.,40,train_mean,0.6501094698905945,0.216202050447464,HBES040,conch,0,1.0,200,human,breast,breast IDC
smooth muscle cell.,40,coordinate,0.618096649646759,0.2599161863327026,HBES040,conch,0,1.0,200,human,breast,breast IDC
smooth muscle cell.,40,image,0.7320161461830139,0.1678532063961029,HBES040,conch,0,1.0,200,human,breast,breast IDC
smooth muscle cell.,40,spatial_knn,0.6737784147262573,0.2594172060489654,HBES040,conch,0,1.0,200,human,breast,breast IDC
stratified epithelial cell.,168,train_mean,0.7342870831489563,0.351190984249115,HBES040,conch,0,1.0,200,human,breast,breast IDC
stratified epithelial cell.,168,coordinate,0.6686355471611023,0.3533736169338226,HBES040,conch,0,1.0,200,human,breast,breast IDC
stratified epithelial cell.,168,image,0.9048478603363036,0.236131265759468,HBES040,conch,0,1.0,200,human,breast,breast IDC
stratified epithelial cell.,168,spatial_knn,0.779453456401825,0.3037885129451751,HBES040,conch,0,1.0,200,human,breast,breast IDC
stromal cell.,102,train_mean,0.7506816387176514,0.204581007361412,HBES040,conch,0,1.0,200,human,breast,breast IDC
stromal cell.,102,coordinate,0.7605869174003601,0.2151849865913391,HBES040,conch,0,1.0,200,human,breast,breast IDC
stromal cell.,102,image,0.8688299059867859,0.1592391431331634,HBES040,conch,0,1.0,200,human,breast,breast IDC
stromal cell.,102,spatial_knn,0.7228550910949707,0.2464735507965088,HBES040,conch,0,1.0,200,human,breast,breast IDC
basal cell of epithelium of bronchus.,25,train_mean,0.70835280418396,0.3565549254417419,HBES040,conch,1,1.0,200,human,breast,breast IDC
basal cell of epithelium of bronchus.,25,coordinate,0.9074219465255736,0.2695026099681854,HBES040,conch,1,1.0,200,human,breast,breast IDC
basal cell of epithelium of bronchus.,25,image,0.9343111515045166,0.1797772049903869,HBES040,conch,1,1.0,200,human,breast,breast IDC
basal cell of epithelium of bronchus.,25,spatial_knn,0.8768938183784485,0.2563964426517486,HBES040,conch,1,1.0,200,human,breast,breast IDC
basal cell.,88,train_mean,0.8240513205528259,0.3526279628276825,HBES040,conch,1,1.0,200,human,breast,breast IDC
basal cell.,88,coordinate,0.9570537209510804,0.3002181947231293,HBES040,conch,1,1.0,200,human,breast,breast IDC
basal cell.,88,image,0.9593034982681274,0.1950481981039047,HBES040,conch,1,1.0,200,human,breast,breast IDC
basal cell.,88,spatial_knn,0.9442538022994996,0.2512401640415191,HBES040,conch,1,1.0,200,human,breast,breast IDC
cultured cell.,704,train_mean,0.7580661177635193,0.3316194415092468,HBES040,conch,1,1.0,200,human,breast,breast IDC
cultured cell.,704,coordinate,0.9326092004776,0.2678698003292084,HBES040,conch,1,1.0,200,human,breast,breast IDC
cultured cell.,704,image,0.965318500995636,0.1417046338319778,HBES040,conch,1,1.0,200,human,breast,breast IDC
cultured cell.,704,spatial_knn,0.8639926314353943,0.2635716795921325,HBES040,conch,1,1.0,200,human,breast,breast IDC
endothelial cell of vascular tree.,24,train_mean,0.8778653144836426,0.1264688670635223,HBES040,conch,1,1.0,200,human,breast,breast IDC
endothelial cell of vascular tree.,24,coordinate,0.781415581703186,0.164864644408226,HBES040,conch,1,1.0,200,human,breast,breast IDC
endothelial cell of vascular tree.,24,image,0.9106769561767578,0.1107897982001304,HBES040,conch,1,1.0,200,human,breast,breast IDC
endothelial cell of vascular tree.,24,spatial_knn,0.8623965978622437,0.1543396711349487,HBES040,conch,1,1.0,200,human,breast,breast IDC
endothelial cell.,132,train_mean,0.6270212531089783,0.2093016058206558,HBES040,conch,1,1.0,200,human,breast,breast IDC
endothelial cell.,132,coordinate,0.5095261931419373,0.2371477037668228,HBES040,conch,1,1.0,200,human,breast,breast IDC
endothelial cell.,132,image,0.7304407358169556,0.1752357929944992,HBES040,conch,1,1.0,200,human,breast,breast IDC
endothelial cell.,132,spatial_knn,0.612834095954895,0.2279691100120544,HBES040,conch,1,1.0,200,human,breast,breast IDC
epithelial cell of lower respiratory tract.,141,train_mean,0.8667263388633728,0.2964881062507629,HBES040,conch,1,1.0,200,human,breast,breast IDC
epithelial cell of lower respiratory tract.,141,coordinate,0.9623955488204956,0.2700279951095581,HBES040,conch,1,1.0,200,human,breast,breast IDC
epithelial cell of lower respiratory tract.,141,image,0.9782735705375672,0.1471619755029678,HBES040,conch,1,1.0,200,human,breast,breast IDC
epithelial cell of lower respiratory tract.,141,spatial_knn,0.8984136581420898,0.2603800892829895,HBES040,conch,1,1.0,200,human,breast,breast IDC
epithelial cell.,28,train_mean,0.8677416443824768,0.1820537149906158,HBES040,conch,1,1.0,200,human,breast,breast IDC
epithelial cell.,28,coordinate,0.9648227095603944,0.1340551972389221,HBES040,conch,1,1.0,200,human,breast,breast IDC
epithelial cell.,28,image,0.9643481373786926,0.091929905116558,HBES040,conch,1,1.0,200,human,breast,breast IDC
epithelial cell.,28,spatial_knn,0.923782467842102,0.1356054693460464,HBES040,conch,1,1.0,200,human,breast,breast IDC
fibroblast.,267,train_mean,0.7905840277671814,0.1917684525251388,HBES040,conch,1,1.0,200,human,breast,breast IDC
fibroblast.,267,coordinate,0.5980596542358398,0.2535012066364288,HBES040,conch,1,1.0,200,human,breast,breast IDC
fibroblast.,267,image,0.9348798394203186,0.1206490248441696,HBES040,conch,1,1.0,200,human,breast,breast IDC
fibroblast.,267,spatial_knn,0.7773692607879639,0.2055713087320327,HBES040,conch,1,1.0,200,human,breast,breast IDC
macrophage.,403,train_mean,0.6801852583885193,0.1952932775020599,HBES040,conch,1,1.0,200,human,breast,breast IDC
macrophage.,403,coordinate,0.5344825387001038,0.2358585745096206,HBES040,conch,1,1.0,200,human,breast,breast IDC
macrophage.,403,image,0.7872629165649414,0.1576082110404968,HBES040,conch,1,1.0,200,human,breast,breast IDC
macrophage.,403,spatial_knn,0.6850663423538208,0.2108407914638519,HBES040,conch,1,1.0,200,human,breast,breast IDC
mammary alveolar cell.,54,train_mean,0.9557510614395142,0.2683623433113098,HBES040,conch,1,1.0,200,human,breast,breast IDC
mammary alveolar cell.,54,coordinate,0.9364371299743652,0.2782228291034698,HBES040,conch,1,1.0,200,human,breast,breast IDC
mammary alveolar cell.,54,image,0.9679635167121888,0.1788419187068939,HBES040,conch,1,1.0,200,human,breast,breast IDC
mammary alveolar cell.,54,spatial_knn,0.956163763999939,0.2259102165699005,HBES040,conch,1,1.0,200,human,breast,breast IDC
mast cell.,52,train_mean,0.4575202465057373,0.2666006684303283,HBES040,conch,1,1.0,200,human,breast,breast IDC
mast cell.,52,coordinate,0.3927412331104278,0.2684741020202636,HBES040,conch,1,1.0,200,human,breast,breast IDC
mast cell.,52,image,0.5477210283279419,0.23550346493721,HBES040,conch,1,1.0,200,human,breast,breast IDC
mast cell.,52,spatial_knn,0.5077359080314636,0.2732000648975372,HBES040,conch,1,1.0,200,human,breast,breast IDC
secretory cell.,27,train_mean,0.8869686126708984,0.1675051003694534,HBES040,conch,1,1.0,200,human,breast,breast IDC
secretory cell.,27,coordinate,0.95646733045578,0.1353872567415237,HBES040,conch,1,1.0,200,human,breast,breast IDC
secretory cell.,27,image,0.9475277662277222,0.1130130439996719,HBES040,conch,1,1.0,200,human,breast,breast IDC
secretory cell.,27,spatial_knn,0.951503574848175,0.1084273383021354,HBES040,conch,1,1.0,200,human,breast,breast IDC
smooth muscle cell.,32,train_mean,0.8147324323654175,0.1638700664043426,HBES040,conch,1,1.0,200,human,breast,breast IDC
smooth muscle cell.,32,coordinate,0.6638034582138062,0.2069819420576095,HBES040,conch,1,1.0,200,human,breast,breast IDC
smooth muscle cell.,32,image,0.8303459882736206,0.1575521677732467,HBES040,conch,1,1.0,200,human,breast,breast IDC
smooth muscle cell.,32,spatial_knn,0.7436172366142273,0.2103060185909271,HBES040,conch,1,1.0,200,human,breast,breast IDC
stratified epithelial cell.,137,train_mean,0.7516158223152161,0.3306753039360046,HBES040,conch,1,1.0,200,human,breast,breast IDC
stratified epithelial cell.,137,coordinate,0.9324415326118468,0.2560679018497467,HBES040,conch,1,1.0,200,human,breast,breast IDC
stratified epithelial cell.,137,image,0.9415876269340516,0.1738429069519043,HBES040,conch,1,1.0,200,human,breast,breast IDC
stratified epithelial cell.,137,spatial_knn,0.9023113250732422,0.2331522405147552,HBES040,conch,1,1.0,200,human,breast,breast IDC
stromal cell.,110,train_mean,0.7522804141044617,0.2042897790670395,HBES040,conch,1,1.0,200,human,breast,breast IDC
stromal cell.,110,coordinate,0.5754679441452026,0.2541911602020263,HBES040,conch,1,1.0,200,human,breast,breast IDC
stromal cell.,110,image,0.885115385055542,0.1514723896980285,HBES040,conch,1,1.0,200,human,breast,breast IDC
stromal cell.,110,spatial_knn,0.7754748463630676,0.2082282453775406,HBES040,conch,1,1.0,200,human,breast,breast IDC
T cell.,23,train_mean,0.490793913602829,0.2524688839912414,HBES040,conch,2,1.0,200,human,breast,breast IDC
T cell.,23,coordinate,0.4740948677062988,0.2863695025444031,HBES040,conch,2,1.0,200,human,breast,breast IDC
T cell.,23,image,0.6197034120559692,0.20243501663208,HBES040,conch,2,1.0,200,human,breast,breast IDC
T cell.,23,spatial_knn,0.4848468899726867,0.2418863177299499,HBES040,conch,2,1.0,200,human,breast,breast IDC
basal cell of epithelium of bronchus.,20,train_mean,0.7965980768203735,0.2642391920089721,HBES040,conch,2,1.0,200,human,breast,breast IDC
basal cell of epithelium of bronchus.,20,coordinate,0.8145710229873657,0.2481764107942581,HBES040,conch,2,1.0,200,human,breast,breast IDC
basal cell of epithelium of bronchus.,20,image,0.937953531742096,0.1461528986692428,HBES040,conch,2,1.0,200,human,breast,breast IDC
basal cell of epithelium of bronchus.,20,spatial_knn,0.7780649662017822,0.2723481953144073,HBES040,conch,2,1.0,200,human,breast,breast IDC
basal cell.,54,train_mean,0.8858661651611328,0.232125848531723,HBES040,conch,2,1.0,200,human,breast,breast IDC
basal cell.,54,coordinate,0.916939377784729,0.192829892039299,HBES040,conch,2,1.0,200,human,breast,breast IDC
basal cell.,54,image,0.9438301920890808,0.1520932912826538,HBES040,conch,2,1.0,200,human,breast,breast IDC
basal cell.,54,spatial_knn,0.871660053730011,0.2425572574138641,HBES040,conch,2,1.0,200,human,breast,breast IDC
cultured cell.,525,train_mean,0.8326777815818787,0.2332997024059295,HBES040,conch,2,1.0,200,human,breast,breast IDC
cultured cell.,525,coordinate,0.8740601539611816,0.1972090303897857,HBES040,conch,2,1.0,200,human,breast,breast IDC
cultured cell.,525,image,0.9662516117095948,0.1077425628900528,HBES040,conch,2,1.0,200,human,breast,breast IDC
cultured cell.,525,spatial_knn,0.8106273412704468,0.2482976764440536,HBES040,conch,2,1.0,200,human,breast,breast IDC
endothelial cell.,166,train_mean,0.6590375900268555,0.2078877538442611,HBES040,conch,2,1.0,200,human,breast,breast IDC
endothelial cell.,166,coordinate,0.6313531398773193,0.2366569191217422,HBES040,conch,2,1.0,200,human,breast,breast IDC
endothelial cell.,166,image,0.7611613273620605,0.1697587668895721,HBES040,conch,2,1.0,200,human,breast,breast IDC
endothelial cell.,166,spatial_knn,0.631053626537323,0.2118149846792221,HBES040,conch,2,1.0,200,human,breast,breast IDC
epithelial cell of lower respiratory tract.,119,train_mean,0.9239144921302797,0.1947516947984695,HBES040,conch,2,1.0,200,human,breast,breast IDC
epithelial cell of lower respiratory tract.,119,coordinate,0.931738555431366,0.1651061624288559,HBES040,conch,2,1.0,200,human,breast,breast IDC
epithelial cell of lower respiratory tract.,119,image,0.977969527244568,0.0952310115098953,HBES040,conch,2,1.0,200,human,breast,breast IDC
epithelial cell of lower respiratory tract.,119,spatial_knn,0.9050344228744508,0.2135709524154663,HBES040,conch,2,1.0,200,human,breast,breast IDC
epithelial cell.,41,train_mean,0.8825402855873108,0.1990618407726287,HBES040,conch,2,1.0,200,human,breast,breast IDC
epithelial cell.,41,coordinate,0.919138729572296,0.1585812419652938,HBES040,conch,2,1.0,200,human,breast,breast IDC
epithelial cell.,41,image,0.9454768300056458,0.1278912723064422,HBES040,conch,2,1.0,200,human,breast,breast IDC
epithelial cell.,41,spatial_knn,0.8354066610336304,0.2271087318658828,HBES040,conch,2,1.0,200,human,breast,breast IDC
fibroblast.,424,train_mean,0.7185832262039185,0.2310899347066879,HBES040,conch,2,1.0,200,human,breast,breast IDC
fibroblast.,424,coordinate,0.6449596285820007,0.2671579420566559,HBES040,conch,2,1.0,200,human,breast,breast IDC
fibroblast.,424,image,0.913430154323578,0.1496587693691253,HBES040,conch,2,1.0,200,human,breast,breast IDC
fibroblast.,424,spatial_knn,0.6809467673301697,0.2439686208963394,HBES040,conch,2,1.0,200,human,breast,breast IDC
macrophage.,472,train_mean,0.5566368699073792,0.2456733286380767,HBES040,conch,2,1.0,200,human,breast,breast IDC
macrophage.,472,coordinate,0.471150666475296,0.2961245775222778,HBES040,conch,2,1.0,200,human,breast,breast IDC
macrophage.,472,image,0.7891802787780762,0.1686304658651352,HBES040,conch,2,1.0,200,human,breast,breast IDC
macrophage.,472,spatial_knn,0.5609779357910156,0.2461635917425155,HBES040,conch,2,1.0,200,human,breast,breast IDC
mammary alveolar cell.,48,train_mean,0.9564971327781676,0.2585731446743011,HBES040,conch,2,1.0,200,human,breast,breast IDC
mammary alveolar cell.,48,coordinate,0.9349037408828736,0.2288410663604736,HBES040,conch,2,1.0,200,human,breast,breast IDC
mammary alveolar cell.,48,image,0.9430811405181884,0.2218870520591735,HBES040,conch,2,1.0,200,human,breast,breast IDC
mammary alveolar cell.,48,spatial_knn,0.9408721327781676,0.2743738889694214,HBES040,conch,2,1.0,200,human,breast,breast IDC
mast cell.,44,train_mean,0.5012198686599731,0.2577169239521026,HBES040,conch,2,1.0,200,human,breast,breast IDC
mast cell.,44,coordinate,0.4635040462017059,0.2921275198459625,HBES040,conch,2,1.0,200,human,breast,breast IDC
mast cell.,44,image,0.6325057744979858,0.2072982192039489,HBES040,conch,2,1.0,200,human,breast,breast IDC
mast cell.,44,spatial_knn,0.5176275968551636,0.2613373696804046,HBES040,conch,2,1.0,200,human,breast,breast IDC
secretory cell.,46,train_mean,0.9243818521499634,0.1259842216968536,HBES040,conch,2,1.0,200,human,breast,breast IDC
secretory cell.,46,coordinate,0.942922592163086,0.1060651764273643,HBES040,conch,2,1.0,200,human,breast,breast IDC
secretory cell.,46,image,0.9529255628585817,0.0956508517265319,HBES040,conch,2,1.0,200,human,breast,breast IDC
secretory cell.,46,spatial_knn,0.892845630645752,0.1513357758522033,HBES040,conch,2,1.0,200,human,breast,breast IDC
smooth muscle cell.,32,train_mean,0.7673324942588806,0.1900410205125808,HBES040,conch,2,1.0,200,human,breast,breast IDC
smooth muscle cell.,32,coordinate,0.7143484950065613,0.2330075353384018,HBES040,conch,2,1.0,200,human,breast,breast IDC
smooth muscle cell.,32,image,0.7645692825317383,0.2003357410430908,HBES040,conch,2,1.0,200,human,breast,breast IDC
smooth muscle cell.,32,spatial_knn,0.757936954498291,0.1931973099708557,HBES040,conch,2,1.0,200,human,breast,breast IDC
stratified epithelial cell.,76,train_mean,0.8336942195892334,0.2397841811180114,HBES040,conch,2,1.0,200,human,breast,breast IDC
stratified epithelial cell.,76,coordinate,0.8755362033843994,0.2045771330595016,HBES040,conch,2,1.0,200,human,breast,breast IDC
stratified epithelial cell.,76,image,0.9312705993652344,0.1549393832683563,HBES040,conch,2,1.0,200,human,breast,breast IDC
stratified epithelial cell.,76,spatial_knn,0.8097169995307922,0.2599452137947082,HBES040,conch,2,1.0,200,human,breast,breast IDC
stromal cell.,135,train_mean,0.7571644186973572,0.2055225223302841,HBES040,conch,2,1.0,200,human,breast,breast IDC
stromal cell.,135,coordinate,0.6995363831520081,0.2388866096735,HBES040,conch,2,1.0,200,human,breast,breast IDC
stromal cell.,135,image,0.8979735374450684,0.142505332827568,HBES040,conch,2,1.0,200,human,breast,breast IDC
stromal cell.,135,spatial_knn,0.729994535446167,0.2132714539766311,HBES040,conch,2,1.0,200,human,breast,breast IDC
basal cell.,45,train_mean,0.9318544268608092,0.2068098932504654,HBES040,conch,3,1.0,200,human,breast,breast IDC
basal cell.,45,coordinate,0.8950707912445068,0.2047090977430343,HBES040,conch,3,1.0,200,human,breast,breast IDC
basal cell.,45,image,0.9652578830718994,0.1669751107692718,HBES040,conch,3,1.0,200,human,breast,breast IDC
basal cell.,45,spatial_knn,0.8787118792533875,0.2189399003982544,HBES040,conch,3,1.0,200,human,breast,breast IDC
cultured cell.,493,train_mean,0.862764835357666,0.2161524593830108,HBES040,conch,3,1.0,200,human,breast,breast IDC
cultured cell.,493,coordinate,0.813496470451355,0.2263813912868499,HBES040,conch,3,1.0,200,human,breast,breast IDC
cultured cell.,493,image,0.9863470196723938,0.0771820768713951,HBES040,conch,3,1.0,200,human,breast,breast IDC
cultured cell.,493,spatial_knn,0.7576432824134827,0.2570388913154602,HBES040,conch,3,1.0,200,human,breast,breast IDC
endothelial cell of vascular tree.,34,train_mean,0.7831745743751526,0.1773089319467544,HBES040,conch,3,1.0,200,human,breast,breast IDC
endothelial cell of vascular tree.,34,coordinate,0.8237971663475037,0.1749775558710098,HBES040,conch,3,1.0,200,human,breast,breast IDC
endothelial cell of vascular tree.,34,image,0.8255336284637451,0.162400871515274,HBES040,conch,3,1.0,200,human,breast,breast IDC
endothelial cell of vascular tree.,34,spatial_knn,0.8178025484085083,0.1612366139888763,HBES040,conch,3,1.0,200,human,breast,breast IDC
endothelial cell.,116,train_mean,0.7187645435333252,0.1846013963222503,HBES040,conch,3,1.0,200,human,breast,breast IDC
endothelial cell.,116,coordinate,0.7609188556671143,0.1944057047367096,HBES040,conch,3,1.0,200,human,breast,breast IDC
endothelial cell.,116,image,0.8106099963188171,0.1447545289993286,HBES040,conch,3,1.0,200,human,breast,breast IDC
endothelial cell.,116,spatial_knn,0.7743927836418152,0.1631395816802978,HBES040,conch,3,1.0,200,human,breast,breast IDC
epithelial cell of lower respiratory tract.,129,train_mean,0.934792697429657,0.1648112088441848,HBES040,conch,3,1.0,200,human,breast,breast IDC
epithelial cell of lower respiratory tract.,129,coordinate,0.9113116264343262,0.1575178653001785,HBES040,conch,3,1.0,200,human,breast,breast IDC
epithelial cell of lower respiratory tract.,129,image,0.9832708835601808,0.0822935029864311,HBES040,conch,3,1.0,200,human,breast,breast IDC
epithelial cell of lower respiratory tract.,129,spatial_knn,0.8889250755310059,0.1898524612188339,HBES040,conch,3,1.0,200,human,breast,breast IDC
fibroblast.,540,train_mean,0.7624916434288025,0.1985403597354889,HBES040,conch,3,1.0,200,human,breast,breast IDC
fibroblast.,540,coordinate,0.8199850916862488,0.1872183084487915,HBES040,conch,3,1.0,200,human,breast,breast IDC
fibroblast.,540,image,0.9605758190155028,0.0955095291137695,HBES040,conch,3,1.0,200,human,breast,breast IDC
fibroblast.,540,spatial_knn,0.8395929932594299,0.1660478413105011,HBES040,conch,3,1.0,200,human,breast,breast IDC
macrophage.,468,train_mean,0.6252861618995667,0.2215260416269302,HBES040,conch,3,1.0,200,human,breast,breast IDC
macrophage.,468,coordinate,0.6490613222122192,0.2416572272777557,HBES040,conch,3,1.0,200,human,breast,breast IDC
macrophage.,468,image,0.8559116721153259,0.1361364722251892,HBES040,conch,3,1.0,200,human,breast,breast IDC
macrophage.,468,spatial_knn,0.7276636958122253,0.1941221505403518,HBES040,conch,3,1.0,200,human,breast,breast IDC
mammary alveolar cell.,39,train_mean,0.9581689834594728,0.234844759106636,HBES040,conch,3,1.0,200,human,breast,breast IDC
mammary alveolar cell.,39,coordinate,0.968429148197174,0.1875016838312149,HBES040,conch,3,1.0,200,human,breast,breast IDC
mammary alveolar cell.,39,image,0.9683757424354552,0.2071363478899002,HBES040,conch,3,1.0,200,human,breast,breast IDC
mammary alveolar cell.,39,spatial_knn,0.9733567833900452,0.2133768796920776,HBES040,conch,3,1.0,200,human,breast,breast IDC
secretory cell.,39,train_mean,0.9320977330207824,0.1257320940494537,HBES040,conch,3,1.0,200,human,breast,breast IDC
secretory cell.,39,coordinate,0.921881139278412,0.1288778781890869,HBES040,conch,3,1.0,200,human,breast,breast IDC
secretory cell.,39,image,0.962915062904358,0.0913784727454185,HBES040,conch,3,1.0,200,human,breast,breast IDC
secretory cell.,39,spatial_knn,0.9216759204864502,0.1284908205270767,HBES040,conch,3,1.0,200,human,breast,breast IDC
smooth muscle cell.,49,train_mean,0.7663858532905579,0.1882760822772979,HBES040,conch,3,1.0,200,human,breast,breast IDC
smooth muscle cell.,49,coordinate,0.8239971995353699,0.1984504759311676,HBES040,conch,3,1.0,200,human,breast,breast IDC
smooth muscle cell.,49,image,0.8700135946273804,0.1351752281188964,HBES040,conch,3,1.0,200,human,breast,breast IDC
smooth muscle cell.,49,spatial_knn,0.8818017840385437,0.125142365694046,HBES040,conch,3,1.0,200,human,breast,breast IDC
stratified epithelial cell.,61,train_mean,0.8551506996154785,0.2060054093599319,HBES040,conch,3,1.0,200,human,breast,breast IDC
stratified epithelial cell.,61,coordinate,0.7913207411766052,0.2272421866655349,HBES040,conch,3,1.0,200,human,breast,breast IDC
stratified epithelial cell.,61,image,0.9688594341278076,0.0997243523597717,HBES040,conch,3,1.0,200,human,breast,breast IDC
stratified epithelial cell.,61,spatial_knn,0.7128047347068787,0.2614543437957763,HBES040,conch,3,1.0,200,human,breast,breast IDC
stromal cell.,180,train_mean,0.7951299548149109,0.1830672621726989,HBES040,conch,3,1.0,200,human,breast,breast IDC
stromal cell.,180,coordinate,0.8450393080711365,0.1813541501760482,HBES040,conch,3,1.0,200,human,breast,breast IDC
stromal cell.,180,image,0.936742901802063,0.1095962151885032,HBES040,conch,3,1.0,200,human,breast,breast IDC
stromal cell.,180,spatial_knn,0.8689192533493042,0.1464312076568603,HBES040,conch,3,1.0,200,human,breast,breast IDC
B cell.,40,train_mean,0.3349097967147827,0.2543708682060241,HCCD035,conch,0,1.0,200,human,colorectal,colorectal cancer
B cell.,40,coordinate,0.2645862996578216,0.2650006711483001,HCCD035,conch,0,1.0,200,human,colorectal,colorectal cancer
B cell.,40,image,0.7898741960525513,0.1023966148495674,HCCD035,conch,0,1.0,200,human,colorectal,colorectal cancer
B cell.,40,spatial_knn,0.431001752614975,0.2517514824867248,HCCD035,conch,0,1.0,200,human,colorectal,colorectal cancer
"CD8-positive, alpha-beta T cell.",20,train_mean,0.6554369330406189,0.2279132306575775,HCCD035,conch,0,1.0,200,human,colorectal,colorectal cancer
"CD8-positive, alpha-beta T cell.",20,coordinate,0.5710515379905701,0.2295843511819839,HCCD035,conch,0,1.0,200,human,colorectal,colorectal cancer
"CD8-positive, alpha-beta T cell.",20,image,0.7111616134643555,0.1282500773668289,HCCD035,conch,0,1.0,200,human,colorectal,colorectal cancer
"CD8-positive, alpha-beta T cell.",20,spatial_knn,0.6025820374488831,0.2368245869874954,HCCD035,conch,0,1.0,200,human,colorectal,colorectal cancer
T cell.,37,train_mean,0.4331425428390503,0.22211554646492,HCCD035,conch,0,1.0,200,human,colorectal,colorectal cancer
T cell.,37,coordinate,0.3608045279979706,0.2426593750715255,HCCD035,conch,0,1.0,200,human,colorectal,colorectal cancer
T cell.,37,image,0.6875817775726318,0.1088285818696022,HCCD035,conch,0,1.0,200,human,colorectal,colorectal cancer
T cell.,37,spatial_knn,0.4334030151367187,0.2272078245878219,HCCD035,conch,0,1.0,200,human,colorectal,colorectal cancer
cultured cell.,52,train_mean,0.8838528990745544,0.1182182282209396,HCCD035,conch,0,1.0,200,human,colorectal,colorectal cancer
cultured cell.,52,coordinate,0.8839434385299683,0.1141448393464088,HCCD035,conch,0,1.0,200,human,colorectal,colorectal cancer
cultured cell.,52,image,0.9234995245933532,0.0843740478157997,HCCD035,conch,0,1.0,200,human,colorectal,colorectal cancer
cultured cell.,52,spatial_knn,0.8971447944641113,0.1246378645300865,HCCD035,conch,0,1.0,200,human,colorectal,colorectal cancer
dendritic cell.,23,train_mean,0.8005530834197998,0.137183204293251,HCCD035,conch,0,1.0,200,human,colorectal,colorectal cancer
dendritic cell.,23,coordinate,0.8177275061607361,0.1432631015777588,HCCD035,conch,0,1.0,200,human,colorectal,colorectal cancer
dendritic cell.,23,image,0.8631229996681213,0.0989888459444046,HCCD035,conch,0,1.0,200,human,colorectal,colorectal cancer
dendritic cell.,23,spatial_knn,0.7741159796714783,0.1575570106506347,HCCD035,conch,0,1.0,200,human,colorectal,colorectal cancer
endothelial cell.,511,train_mean,0.9190804362297058,0.0921379029750824,HCCD035,conch,0,1.0,200,human,colorectal,colorectal cancer
endothelial cell.,511,coordinate,0.8994592428207397,0.1123976483941078,HCCD035,conch,0,1.0,200,human,colorectal,colorectal cancer
endothelial cell.,511,image,0.9759615659713744,0.0422878749668598,HCCD035,conch,0,1.0,200,human,colorectal,colorectal cancer
endothelial cell.,511,spatial_knn,0.91413015127182,0.095930740237236,HCCD035,conch,0,1.0,200,human,colorectal,colorectal cancer
epithelial cell of lower respiratory tract.,94,train_mean,0.9317458271980286,0.114917442202568,HCCD035,conch,0,1.0,200,human,colorectal,colorectal cancer
epithelial cell of lower respiratory tract.,94,coordinate,0.935469090938568,0.1122404336929321,HCCD035,conch,0,1.0,200,human,colorectal,colorectal cancer
epithelial cell of lower respiratory tract.,94,image,0.9749193787574768,0.0772017911076545,HCCD035,conch,0,1.0,200,human,colorectal,colorectal cancer
epithelial cell of lower respiratory tract.,94,spatial_knn,0.924679160118103,0.1154738366603851,HCCD035,conch,0,1.0,200,human,colorectal,colorectal cancer
epithelial cell of lung.,180,train_mean,0.9449993968009948,0.1596792787313461,HCCD035,conch,0,1.0,200,human,colorectal,colorectal cancer
epithelial cell of lung.,180,coordinate,0.9538244009017944,0.1585738509893417,HCCD035,conch,0,1.0,200,human,colorectal,colorectal cancer
epithelial cell of lung.,180,image,0.977895438671112,0.1210897415876388,HCCD035,conch,0,1.0,200,human,colorectal,colorectal cancer
epithelial cell of lung.,180,spatial_knn,0.9615269899368286,0.1200662851333618,HCCD035,conch,0,1.0,200,human,colorectal,colorectal cancer
epithelial cell.,434,train_mean,0.9416648745536804,0.143127754330635,HCCD035,conch,0,1.0,200,human,colorectal,colorectal cancer
epithelial cell.,434,coordinate,0.9694994688034058,0.130332201719284,HCCD035,conch,0,1.0,200,human,colorectal,colorectal cancer
epithelial cell.,434,image,0.9886595606803894,0.0994108393788337,HCCD035,conch,0,1.0,200,human,colorectal,colorectal cancer
epithelial cell.,434,spatial_knn,0.9449372887611388,0.1387525796890258,HCCD035,conch,0,1.0,200,human,colorectal,colorectal cancer
fibroblast.,25,train_mean,0.4446586966514587,0.2226708680391311,HCCD035,conch,0,1.0,200,human,colorectal,colorectal cancer
fibroblast.,25,coordinate,0.3688206672668457,0.2479831278324127,HCCD035,conch,0,1.0,200,human,colorectal,colorectal cancer
fibroblast.,25,image,0.7562753558158875,0.1186842173337936,HCCD035,conch,0,1.0,200,human,colorectal,colorectal cancer
fibroblast.,25,spatial_knn,0.4571201503276825,0.2208128273487091,HCCD035,conch,0,1.0,200,human,colorectal,colorectal cancer
goblet cell.,353,train_mean,0.916501760482788,0.1148164793848991,HCCD035,conch,0,1.0,200,human,colorectal,colorectal cancer
goblet cell.,353,coordinate,0.9566910862922668,0.0830558165907859,HCCD035,conch,0,1.0,200,human,colorectal,colorectal cancer
goblet cell.,353,image,0.9640530943870544,0.0775764435529708,HCCD035,conch,0,1.0,200,human,colorectal,colorectal cancer
goblet cell.,353,spatial_knn,0.9679932594299316,0.0827070027589798,HCCD035,conch,0,1.0,200,human,colorectal,colorectal cancer
macrophage.,109,train_mean,0.4474970400333404,0.2147992104291916,HCCD035,conch,0,1.0,200,human,colorectal,colorectal cancer
macrophage.,109,coordinate,0.387386679649353,0.2344363927841186,HCCD035,conch,0,1.0,200,human,colorectal,colorectal cancer
macrophage.,109,image,0.6903285384178162,0.1068687215447425,HCCD035,conch,0,1.0,200,human,colorectal,colorectal cancer
macrophage.,109,spatial_knn,0.4542149603366852,0.2257842868566513,HCCD035,conch,0,1.0,200,human,colorectal,colorectal cancer
malignant cell.,71,train_mean,0.9286799430847168,0.0991093516349792,HCCD035,conch,0,1.0,200,human,colorectal,colorectal cancer
malignant cell.,71,coordinate,0.9452118873596193,0.0863696187734603,HCCD035,conch,0,1.0,200,human,colorectal,colorectal cancer
malignant cell.,71,image,0.9536635875701904,0.0843819230794906,HCCD035,conch,0,1.0,200,human,colorectal,colorectal cancer
malignant cell.,71,spatial_knn,0.9477052688598632,0.083462931215763,HCCD035,conch,0,1.0,200,human,colorectal,colorectal cancer
plasma cell.,236,train_mean,0.7358707189559937,0.1602131128311157,HCCD035,conch,0,1.0,200,human,colorectal,colorectal cancer
plasma cell.,236,coordinate,0.7229332327842712,0.1753548234701156,HCCD035,conch,0,1.0,200,human,colorectal,colorectal cancer
plasma cell.,236,image,0.9198814034461976,0.0783693417906761,HCCD035,conch,0,1.0,200,human,colorectal,colorectal cancer
plasma cell.,236,spatial_knn,0.8680586218833923,0.1213597804307937,HCCD035,conch,0,1.0,200,human,colorectal,colorectal cancer
secretory cell.,38,train_mean,0.8386757373809814,0.2011419683694839,HCCD035,conch,0,1.0,200,human,colorectal,colorectal cancer
secretory cell.,38,coordinate,0.920449674129486,0.1685912758111953,HCCD035,conch,0,1.0,200,human,colorectal,colorectal cancer
secretory cell.,38,image,0.934598982334137,0.1448249667882919,HCCD035,conch,0,1.0,200,human,colorectal,colorectal cancer
secretory cell.,38,spatial_knn,0.8396959900856018,0.2041937857866287,HCCD035,conch,0,1.0,200,human,colorectal,colorectal cancer
B cell.,54,train_mean,0.2690709829330444,0.2605348229408264,HCCD035,conch,1,1.0,200,human,colorectal,colorectal cancer
B cell.,54,coordinate,0.453949362039566,0.2419422417879104,HCCD035,conch,1,1.0,200,human,colorectal,colorectal cancer
B cell.,54,image,0.8732448816299438,0.0912339314818382,HCCD035,conch,1,1.0,200,human,colorectal,colorectal cancer
B cell.,54,spatial_knn,0.3528637290000915,0.2779366075992584,HCCD035,conch,1,1.0,200,human,colorectal,colorectal cancer
"CD8-positive, alpha-beta T cell.",32,train_mean,0.723395824432373,0.1848571002483368,HCCD035,conch,1,1.0,200,human,colorectal,colorectal cancer
"CD8-positive, alpha-beta T cell.",32,coordinate,0.7419050931930542,0.191758319735527,HCCD035,conch,1,1.0,200,human,colorectal,colorectal cancer
"CD8-positive, alpha-beta T cell.",32,image,0.8505800366401672,0.0913725420832634,HCCD035,conch,1,1.0,200,human,colorectal,colorectal cancer
"CD8-positive, alpha-beta T cell.",32,spatial_knn,0.7536076903343201,0.2019059062004089,HCCD035,conch,1,1.0,200,human,colorectal,colorectal cancer
T cell.,53,train_mean,0.5450351238250732,0.2018218636512756,HCCD035,conch,1,1.0,200,human,colorectal,colorectal cancer
T cell.,53,coordinate,0.674572229385376,0.1835026890039444,HCCD035,conch,1,1.0,200,human,colorectal,colorectal cancer
T cell.,53,image,0.8511770963668823,0.0973634272813797,HCCD035,conch,1,1.0,200,human,colorectal,colorectal cancer
T cell.,53,spatial_knn,0.6227126121520996,0.2113099992275238,HCCD035,conch,1,1.0,200,human,colorectal,colorectal cancer
cultured cell.,30,train_mean,0.8347295522689819,0.1363895237445831,HCCD035,conch,1,1.0,200,human,colorectal,colorectal cancer
cultured cell.,30,coordinate,0.7277345061302185,0.1797999292612075,HCCD035,conch,1,1.0,200,human,colorectal,colorectal cancer
cultured cell.,30,image,0.9198209643363952,0.1039186418056488,HCCD035,conch,1,1.0,200,human,colorectal,colorectal cancer
cultured cell.,30,spatial_knn,0.8309222459793091,0.1549893915653228,HCCD035,conch,1,1.0,200,human,colorectal,colorectal cancer
dendritic cell.,30,train_mean,0.7982621192932129,0.1382153928279876,HCCD035,conch,1,1.0,200,human,colorectal,colorectal cancer
dendritic cell.,30,coordinate,0.7818580269813538,0.1463063359260559,HCCD035,conch,1,1.0,200,human,colorectal,colorectal cancer
dendritic cell.,30,image,0.8852233290672302,0.098197653889656,HCCD035,conch,1,1.0,200,human,colorectal,colorectal cancer
dendritic cell.,30,spatial_knn,0.8270692825317383,0.1407491564750671,HCCD035,conch,1,1.0,200,human,colorectal,colorectal cancer
endothelial cell.,709,train_mean,0.8635340929031372,0.1229698434472084,HCCD035,conch,1,1.0,200,human,colorectal,colorectal cancer
endothelial cell.,709,coordinate,0.8780491948127747,0.1167095080018043,HCCD035,conch,1,1.0,200,human,colorectal,colorectal cancer
endothelial cell.,709,image,0.9572116732597352,0.0706663653254509,HCCD035,conch,1,1.0,200,human,colorectal,colorectal cancer
endothelial cell.,709,spatial_knn,0.9095458388328552,0.108759805560112,HCCD035,conch,1,1.0,200,human,colorectal,colorectal cancer
epithelial cell of lower respiratory tract.,118,train_mean,0.8685597777366638,0.1699671149253845,HCCD035,conch,1,1.0,200,human,colorectal,colorectal cancer
epithelial cell of lower respiratory tract.,118,coordinate,0.8079605102539062,0.189325138926506,HCCD035,conch,1,1.0,200,human,colorectal,colorectal cancer
epithelial cell of lower respiratory tract.,118,image,0.9641981720924376,0.0862170234322547,HCCD035,conch,1,1.0,200,human,colorectal,colorectal cancer
epithelial cell of lower respiratory tract.,118,spatial_knn,0.8783737421035767,0.1549769788980484,HCCD035,conch,1,1.0,200,human,colorectal,colorectal cancer
epithelial cell of lung.,111,train_mean,0.9068318605422974,0.1954170614480972,HCCD035,conch,1,1.0,200,human,colorectal,colorectal cancer
epithelial cell of lung.,111,coordinate,0.8095824122428894,0.2253032177686691,HCCD035,conch,1,1.0,200,human,colorectal,colorectal cancer
epithelial cell of lung.,111,image,0.9736193418502808,0.0956561267375946,HCCD035,conch,1,1.0,200,human,colorectal,colorectal cancer
epithelial cell of lung.,111,spatial_knn,0.9067297577857972,0.164204716682434,HCCD035,conch,1,1.0,200,human,colorectal,colorectal cancer
epithelial cell.,478,train_mean,0.8783027529716492,0.186504527926445,HCCD035,conch,1,1.0,200,human,colorectal,colorectal cancer
epithelial cell.,478,coordinate,0.7967326045036316,0.2116228491067886,HCCD035,conch,1,1.0,200,human,colorectal,colorectal cancer
epithelial cell.,478,image,0.9646167159080504,0.1010852083563804,HCCD035,conch,1,1.0,200,human,colorectal,colorectal cancer
epithelial cell.,478,spatial_knn,0.8878964781761169,0.1631895005702972,HCCD035,conch,1,1.0,200,human,colorectal,colorectal cancer
fibroblast.,41,train_mean,0.3665104508399963,0.2434463500976562,HCCD035,conch,1,1.0,200,human,colorectal,colorectal cancer
fibroblast.,41,coordinate,0.5337530374526978,0.2176281958818435,HCCD035,conch,1,1.0,200,human,colorectal,colorectal cancer
fibroblast.,41,image,0.8210456371307373,0.1121569648385047,HCCD035,conch,1,1.0,200,human,colorectal,colorectal cancer
fibroblast.,41,spatial_knn,0.4059236645698547,0.278546929359436,HCCD035,conch,1,1.0,200,human,colorectal,colorectal cancer
goblet cell.,56,train_mean,0.8788872957229614,0.1345295161008834,HCCD035,conch,1,1.0,200,human,colorectal,colorectal cancer
goblet cell.,56,coordinate,0.7192391753196716,0.1947745531797409,HCCD035,conch,1,1.0,200,human,colorectal,colorectal cancer
goblet cell.,56,image,0.947734236717224,0.0929311588406562,HCCD035,conch,1,1.0,200,human,colorectal,colorectal cancer
goblet cell.,56,spatial_knn,0.8557067513465881,0.1649708449840545,HCCD035,conch,1,1.0,200,human,colorectal,colorectal cancer
macrophage.,114,train_mean,0.3907217979431152,0.2297392934560775,HCCD035,conch,1,1.0,200,human,colorectal,colorectal cancer
macrophage.,114,coordinate,0.5579366683959961,0.2055254429578781,HCCD035,conch,1,1.0,200,human,colorectal,colorectal cancer
macrophage.,114,image,0.7882753610610962,0.1136469841003418,HCCD035,conch,1,1.0,200,human,colorectal,colorectal cancer
macrophage.,114,spatial_knn,0.4588687419891357,0.252089649438858,HCCD035,conch,1,1.0,200,human,colorectal,colorectal cancer
malignant cell.,37,train_mean,0.8926143646240234,0.1276550740003585,HCCD035,conch,1,1.0,200,human,colorectal,colorectal cancer
malignant cell.,37,coordinate,0.8275244832038879,0.1552942842245102,HCCD035,conch,1,1.0,200,human,colorectal,colorectal cancer
malignant cell.,37,image,0.9565266370773317,0.0809234455227851,HCCD035,conch,1,1.0,200,human,colorectal,colorectal cancer
malignant cell.,37,spatial_knn,0.8956995010375977,0.1273880749940872,HCCD035,conch,1,1.0,200,human,colorectal,colorectal cancer
plasma cell.,360,train_mean,0.680620551109314,0.1765016168355941,HCCD035,conch,1,1.0,200,human,colorectal,colorectal cancer
plasma cell.,360,coordinate,0.811808168888092,0.1428896784782409,HCCD035,conch,1,1.0,200,human,colorectal,colorectal cancer
plasma cell.,360,image,0.930319607257843,0.0806753784418106,HCCD035,conch,1,1.0,200,human,colorectal,colorectal cancer
plasma cell.,360,spatial_knn,0.7410096526145935,0.1847234368324279,HCCD035,conch,1,1.0,200,human,colorectal,colorectal cancer
secretory cell.,52,train_mean,0.7935371994972229,0.2742166221141815,HCCD035,conch,1,1.0,200,human,colorectal,colorectal cancer
secretory cell.,52,coordinate,0.6584931015968323,0.3094613254070282,HCCD035,conch,1,1.0,200,human,colorectal,colorectal cancer
secretory cell.,52,image,0.8958205580711365,0.1936659216880798,HCCD035,conch,1,1.0,200,human,colorectal,colorectal cancer
secretory cell.,52,spatial_knn,0.8202645778656006,0.2372057735919952,HCCD035,conch,1,1.0,200,human,colorectal,colorectal cancer
B cell.,40,train_mean,0.3365789949893951,0.2493624985218048,HCCD035,conch,2,1.0,200,human,colorectal,colorectal cancer
B cell.,40,coordinate,0.4155445694923401,0.2240116149187088,HCCD035,conch,2,1.0,200,human,colorectal,colorectal cancer
B cell.,40,image,0.8544806838035583,0.0726005882024765,HCCD035,conch,2,1.0,200,human,colorectal,colorectal cancer
B cell.,40,spatial_knn,0.4286248683929443,0.2163888365030288,HCCD035,conch,2,1.0,200,human,colorectal,colorectal cancer
"CD14-positive, CD16-negative classical monocyte.",34,train_mean,0.4232833981513977,0.2578898072242737,HCCD035,conch,2,1.0,200,human,colorectal,colorectal cancer
"CD14-positive, CD16-negative classical monocyte.",34,coordinate,0.5549525022506714,0.2568343579769134,HCCD035,conch,2,1.0,200,human,colorectal,colorectal cancer
"CD14-positive, CD16-negative classical monocyte.",34,image,0.690401554107666,0.0850756615400314,HCCD035,conch,2,1.0,200,human,colorectal,colorectal cancer
"CD14-positive, CD16-negative classical monocyte.",34,spatial_knn,0.601824164390564,0.2033840268850326,HCCD035,conch,2,1.0,200,human,colorectal,colorectal cancer
"CD8-positive, alpha-beta T cell.",65,train_mean,0.6270608901977539,0.2226607203483581,HCCD035,conch,2,1.0,200,human,colorectal,colorectal cancer
"CD8-positive, alpha-beta T cell.",65,coordinate,0.7095861434936523,0.216718852519989,HCCD035,conch,2,1.0,200,human,colorectal,colorectal cancer
"CD8-positive, alpha-beta T cell.",65,image,0.694973349571228,0.085432156920433,HCCD035,conch,2,1.0,200,human,colorectal,colorectal cancer
"CD8-positive, alpha-beta T cell.",65,spatial_knn,0.7170095443725586,0.1811753809452057,HCCD035,conch,2,1.0,200,human,colorectal,colorectal cancer
T cell.,33,train_mean,0.3964826166629791,0.2243739366531372,HCCD035,conch,2,1.0,200,human,colorectal,colorectal cancer
T cell.,33,coordinate,0.4961140751838684,0.1941429227590561,HCCD035,conch,2,1.0,200,human,colorectal,colorectal cancer
T cell.,33,image,0.810499370098114,0.0888935253024101,HCCD035,conch,2,1.0,200,human,colorectal,colorectal cancer
T cell.,33,spatial_knn,0.4329461753368377,0.1913531124591827,HCCD035,conch,2,1.0,200,human,colorectal,colorectal cancer
classical monocyte.,20,train_mean,0.1861519515514373,0.2725199460983276,HCCD035,conch,2,1.0,200,human,colorectal,colorectal cancer
classical monocyte.,20,coordinate,0.3249944150447845,0.2670258581638336,HCCD035,conch,2,1.0,200,human,colorectal,colorectal cancer
classical monocyte.,20,image,0.5772826671600342,0.0858562365174293,HCCD035,conch,2,1.0,200,human,colorectal,colorectal cancer
classical monocyte.,20,spatial_knn,0.3750456571578979,0.2206228524446487,HCCD035,conch,2,1.0,200,human,colorectal,colorectal cancer
cultured cell.,36,train_mean,0.890465259552002,0.1591787040233612,HCCD035,conch,2,1.0,200,human,colorectal,colorectal cancer
cultured cell.,36,coordinate,0.8796510100364685,0.1649744808673858,HCCD035,conch,2,1.0,200,human,colorectal,colorectal cancer
cultured cell.,36,image,0.9448547959327698,0.1195698827505111,HCCD035,conch,2,1.0,200,human,colorectal,colorectal cancer
cultured cell.,36,spatial_knn,0.920551061630249,0.1256725192070007,HCCD035,conch,2,1.0,200,human,colorectal,colorectal cancer
dendritic cell.,25,train_mean,0.7480743527412415,0.1704785972833633,HCCD035,conch,2,1.0,200,human,colorectal,colorectal cancer
dendritic cell.,25,coordinate,0.7619719505310059,0.1646368354558944,HCCD035,conch,2,1.0,200,human,colorectal,colorectal cancer
dendritic cell.,25,image,0.6087643504142761,0.1066821962594986,HCCD035,conch,2,1.0,200,human,colorectal,colorectal cancer
dendritic cell.,25,spatial_knn,0.8117112517356873,0.1561926752328872,HCCD035,conch,2,1.0,200,human,colorectal,colorectal cancer
endothelial cell.,472,train_mean,0.9377606511116028,0.0749779567122459,HCCD035,conch,2,1.0,200,human,colorectal,colorectal cancer
endothelial cell.,472,coordinate,0.935851752758026,0.0730685964226722,HCCD035,conch,2,1.0,200,human,colorectal,colorectal cancer
endothelial cell.,472,image,0.9697370529174804,0.0507554300129413,HCCD035,conch,2,1.0,200,human,colorectal,colorectal cancer
endothelial cell.,472,spatial_knn,0.9470464587211608,0.0802565962076187,HCCD035,conch,2,1.0,200,human,colorectal,colorectal cancer
epithelial cell of lower respiratory tract.,45,train_mean,0.9385518431663512,0.1782046109437942,HCCD035,conch,2,1.0,200,human,colorectal,colorectal cancer
epithelial cell of lower respiratory tract.,45,coordinate,0.8843887448310852,0.2149140983819961,HCCD035,conch,2,1.0,200,human,colorectal,colorectal cancer
epithelial cell of lower respiratory tract.,45,image,0.9717726111412048,0.0899449661374092,HCCD035,conch,2,1.0,200,human,colorectal,colorectal cancer
epithelial cell of lower respiratory tract.,45,spatial_knn,0.9286088943481444,0.1629818975925445,HCCD035,conch,2,1.0,200,human,colorectal,colorectal cancer
epithelial cell of lung.,164,train_mean,0.939501166343689,0.2603309452533722,HCCD035,conch,2,1.0,200,human,colorectal,colorectal cancer
epithelial cell of lung.,164,coordinate,0.915298879146576,0.2687462568283081,HCCD035,conch,2,1.0,200,human,colorectal,colorectal cancer
epithelial cell of lung.,164,image,0.9819450378417968,0.115455187857151,HCCD035,conch,2,1.0,200,human,colorectal,colorectal cancer
epithelial cell of lung.,164,spatial_knn,0.9626091122627258,0.1951624602079391,HCCD035,conch,2,1.0,200,human,colorectal,colorectal cancer
epithelial cell.,362,train_mean,0.966376781463623,0.1948763877153396,HCCD035,conch,2,1.0,200,human,colorectal,colorectal cancer
epithelial cell.,362,coordinate,0.9013165831565856,0.2270240485668182,HCCD035,conch,2,1.0,200,human,colorectal,colorectal cancer
epithelial cell.,362,image,0.9922901391983032,0.0699681490659713,HCCD035,conch,2,1.0,200,human,colorectal,colorectal cancer
epithelial cell.,362,spatial_knn,0.9631685614585876,0.1545315533876419,HCCD035,conch,2,1.0,200,human,colorectal,colorectal cancer
fibroblast.,34,train_mean,0.2202668040990829,0.2624856233596802,HCCD035,conch,2,1.0,200,human,colorectal,colorectal cancer
fibroblast.,34,coordinate,0.3153308629989624,0.2326540052890777,HCCD035,conch,2,1.0,200,human,colorectal,colorectal cancer
fibroblast.,34,image,0.8364251852035522,0.1009078025817871,HCCD035,conch,2,1.0,200,human,colorectal,colorectal cancer
fibroblast.,34,spatial_knn,0.2837314307689667,0.2484508603811264,HCCD035,conch,2,1.0,200,human,colorectal,colorectal cancer
goblet cell.,420,train_mean,0.9162691235542296,0.1938631236553192,HCCD035,conch,2,1.0,200,human,colorectal,colorectal cancer
goblet cell.,420,coordinate,0.9035582542419434,0.1948162317276001,HCCD035,conch,2,1.0,200,human,colorectal,colorectal cancer
goblet cell.,420,image,0.974603831768036,0.0855790823698043,HCCD035,conch,2,1.0,200,human,colorectal,colorectal cancer
goblet cell.,420,spatial_knn,0.9592880606651306,0.1241760700941085,HCCD035,conch,2,1.0,200,human,colorectal,colorectal cancer
macrophage.,192,train_mean,0.3968735039234161,0.2225514948368072,HCCD035,conch,2,1.0,200,human,colorectal,colorectal cancer
macrophage.,192,coordinate,0.4616934955120086,0.2173018455505371,HCCD035,conch,2,1.0,200,human,colorectal,colorectal cancer
macrophage.,192,image,0.6867042779922485,0.0884028151631355,HCCD035,conch,2,1.0,200,human,colorectal,colorectal cancer
macrophage.,192,spatial_knn,0.536034882068634,0.1702495962381363,HCCD035,conch,2,1.0,200,human,colorectal,colorectal cancer
malignant cell.,71,train_mean,0.9182068109512328,0.1643187403678894,HCCD035,conch,2,1.0,200,human,colorectal,colorectal cancer
malignant cell.,71,coordinate,0.8842119574546814,0.179951786994934,HCCD035,conch,2,1.0,200,human,colorectal,colorectal cancer
malignant cell.,71,image,0.9672366976737976,0.0843989700078964,HCCD035,conch,2,1.0,200,human,colorectal,colorectal cancer
malignant cell.,71,spatial_knn,0.9484965205192566,0.1132228523492813,HCCD035,conch,2,1.0,200,human,colorectal,colorectal cancer
myeloid cell.,21,train_mean,0.3202694952487945,0.2648788094520569,HCCD035,conch,2,1.0,200,human,colorectal,colorectal cancer
myeloid cell.,21,coordinate,0.4724811315536499,0.2639975547790527,HCCD035,conch,2,1.0,200,human,colorectal,colorectal cancer
myeloid cell.,21,image,0.4996894001960754,0.1344247013330459,HCCD035,conch,2,1.0,200,human,colorectal,colorectal cancer
myeloid cell.,21,spatial_knn,0.4908458888530731,0.2403441965579986,HCCD035,conch,2,1.0,200,human,colorectal,colorectal cancer
neutrophil.,23,train_mean,0.531781792640686,0.2245149463415146,HCCD035,conch,2,1.0,200,human,colorectal,colorectal cancer
neutrophil.,23,coordinate,0.6220861673355103,0.2213555723428726,HCCD035,conch,2,1.0,200,human,colorectal,colorectal cancer
neutrophil.,23,image,0.7101832032203674,0.0928382575511932,HCCD035,conch,2,1.0,200,human,colorectal,colorectal cancer
neutrophil.,23,spatial_knn,0.6313431859016418,0.2102948874235153,HCCD035,conch,2,1.0,200,human,colorectal,colorectal cancer
plasma cell.,187,train_mean,0.7961523532867432,0.1365169584751129,HCCD035,conch,2,1.0,200,human,colorectal,colorectal cancer
plasma cell.,187,coordinate,0.776627779006958,0.1350871920585632,HCCD035,conch,2,1.0,200,human,colorectal,colorectal cancer
plasma cell.,187,image,0.9377291798591614,0.0746125429868698,HCCD035,conch,2,1.0,200,human,colorectal,colorectal cancer
plasma cell.,187,spatial_knn,0.7954885959625244,0.1506185382604599,HCCD035,conch,2,1.0,200,human,colorectal,colorectal cancer
B cell.,31,train_mean,0.3816277980804443,0.2632045745849609,HCCD035,conch,3,1.0,200,human,colorectal,colorectal cancer
B cell.,31,coordinate,0.1240674182772636,0.3889319896697998,HCCD035,conch,3,1.0,200,human,colorectal,colorectal cancer
B cell.,31,image,0.6340347528457642,0.1351725608110427,HCCD035,conch,3,1.0,200,human,colorectal,colorectal cancer
B cell.,31,spatial_knn,0.2759153544902801,0.3260535895824432,HCCD035,conch,3,1.0,200,human,colorectal,colorectal cancer
"CD8-positive, alpha-beta T cell.",44,train_mean,0.5209913849830627,0.2496845722198486,HCCD035,conch,3,1.0,200,human,colorectal,colorectal cancer
"CD8-positive, alpha-beta T cell.",44,coordinate,0.4984365105628967,0.3629636168479919,HCCD035,conch,3,1.0,200,human,colorectal,colorectal cancer
"CD8-positive, alpha-beta T cell.",44,image,0.7003780603408813,0.1322716325521469,HCCD035,conch,3,1.0,200,human,colorectal,colorectal cancer
"CD8-positive, alpha-beta T cell.",44,spatial_knn,0.5484818816184998,0.3333250284194946,HCCD035,conch,3,1.0,200,human,colorectal,colorectal cancer
cultured cell.,67,train_mean,0.8547200560569763,0.1318846195936203,HCCD035,conch,3,1.0,200,human,colorectal,colorectal cancer
cultured cell.,67,coordinate,0.9287969470024108,0.1601805388927459,HCCD035,conch,3,1.0,200,human,colorectal,colorectal cancer
cultured cell.,67,image,0.9366621375083924,0.0876644253730773,HCCD035,conch,3,1.0,200,human,colorectal,colorectal cancer
cultured cell.,67,spatial_knn,0.9297416806221008,0.1244050860404968,HCCD035,conch,3,1.0,200,human,colorectal,colorectal cancer
endothelial cell.,396,train_mean,0.7180124521255493,0.1596585512161255,HCCD035,conch,3,1.0,200,human,colorectal,colorectal cancer
endothelial cell.,396,coordinate,0.7175816297531128,0.2606697380542755,HCCD035,conch,3,1.0,200,human,colorectal,colorectal cancer
endothelial cell.,396,image,0.865530788898468,0.0872999429702758,HCCD035,conch,3,1.0,200,human,colorectal,colorectal cancer
endothelial cell.,396,spatial_knn,0.7476945519447327,0.2171275615692138,HCCD035,conch,3,1.0,200,human,colorectal,colorectal cancer
enterocyte.,28,train_mean,0.85197913646698,0.1435310542583465,HCCD035,conch,3,1.0,200,human,colorectal,colorectal cancer
enterocyte.,28,coordinate,0.8945385813713074,0.2228539437055587,HCCD035,conch,3,1.0,200,human,colorectal,colorectal cancer
enterocyte.,28,image,0.9153961539268494,0.1428040266036987,HCCD035,conch,3,1.0,200,human,colorectal,colorectal cancer
enterocyte.,28,spatial_knn,0.917377233505249,0.1967262625694275,HCCD035,conch,3,1.0,200,human,colorectal,colorectal cancer
epithelial cell of lower respiratory tract.,56,train_mean,0.8962522745132446,0.1478765904903412,HCCD035,conch,3,1.0,200,human,colorectal,colorectal cancer
epithelial cell of lower respiratory tract.,56,coordinate,0.944582462310791,0.114360399544239,HCCD035,conch,3,1.0,200,human,colorectal,colorectal cancer
epithelial cell of lower respiratory tract.,56,image,0.9617801904678344,0.0872275382280349,HCCD035,conch,3,1.0,200,human,colorectal,colorectal cancer
epithelial cell of lower respiratory tract.,56,spatial_knn,0.9498953819274902,0.0958736836910247,HCCD035,conch,3,1.0,200,human,colorectal,colorectal cancer
epithelial cell of lung.,238,train_mean,0.905097723007202,0.2021772563457489,HCCD035,conch,3,1.0,200,human,colorectal,colorectal cancer
epithelial cell of lung.,238,coordinate,0.9681439399719238,0.1042263358831405,HCCD035,conch,3,1.0,200,human,colorectal,colorectal cancer
epithelial cell of lung.,238,image,0.98261696100235,0.0839324221014976,HCCD035,conch,3,1.0,200,human,colorectal,colorectal cancer
epithelial cell of lung.,238,spatial_knn,0.9740574955940248,0.1101741343736648,HCCD035,conch,3,1.0,200,human,colorectal,colorectal cancer
epithelial cell.,423,train_mean,0.8978910446166992,0.1654053628444671,HCCD035,conch,3,1.0,200,human,colorectal,colorectal cancer
epithelial cell.,423,coordinate,0.9726993441581726,0.0807889029383659,HCCD035,conch,3,1.0,200,human,colorectal,colorectal cancer
epithelial cell.,423,image,0.981863021850586,0.0740109831094741,HCCD035,conch,3,1.0,200,human,colorectal,colorectal cancer
epithelial cell.,423,spatial_knn,0.9790055751800536,0.0707975253462791,HCCD035,conch,3,1.0,200,human,colorectal,colorectal cancer
fibroblast.,28,train_mean,0.2356582880020141,0.2670263350009918,HCCD035,conch,3,1.0,200,human,colorectal,colorectal cancer
fibroblast.,28,coordinate,0.1443302482366562,0.3703971803188324,HCCD035,conch,3,1.0,200,human,colorectal,colorectal cancer
fibroblast.,28,image,0.6904447674751282,0.1447446644306183,HCCD035,conch,3,1.0,200,human,colorectal,colorectal cancer
fibroblast.,28,spatial_knn,0.1693605035543441,0.3339188396930694,HCCD035,conch,3,1.0,200,human,colorectal,colorectal cancer
goblet cell.,589,train_mean,0.8840690851211548,0.1462117731571197,HCCD035,conch,3,1.0,200,human,colorectal,colorectal cancer
goblet cell.,589,coordinate,0.9727460741996764,0.0888221785426139,HCCD035,conch,3,1.0,200,human,colorectal,colorectal cancer
goblet cell.,589,image,0.9795131683349608,0.0644350051879882,HCCD035,conch,3,1.0,200,human,colorectal,colorectal cancer
goblet cell.,589,spatial_knn,0.9735664129257202,0.0737164095044136,HCCD035,conch,3,1.0,200,human,colorectal,colorectal cancer
macrophage.,95,train_mean,0.356670469045639,0.2264906615018844,HCCD035,conch,3,1.0,200,human,colorectal,colorectal cancer
macrophage.,95,coordinate,0.336980938911438,0.3542729318141937,HCCD035,conch,3,1.0,200,human,colorectal,colorectal cancer
macrophage.,95,image,0.5094600915908813,0.1478812098503112,HCCD035,conch,3,1.0,200,human,colorectal,colorectal cancer
macrophage.,95,spatial_knn,0.3439942598342895,0.3026159405708313,HCCD035,conch,3,1.0,200,human,colorectal,colorectal cancer
malignant cell.,80,train_mean,0.8664242625236511,0.1285327970981598,HCCD035,conch,3,1.0,200,human,colorectal,colorectal cancer
malignant cell.,80,coordinate,0.9524946808815002,0.1384647935628891,HCCD035,conch,3,1.0,200,human,colorectal,colorectal cancer
malignant cell.,80,image,0.9569804072380066,0.0735330730676651,HCCD035,conch,3,1.0,200,human,colorectal,colorectal cancer
malignant cell.,80,spatial_knn,0.965863823890686,0.0951702669262886,HCCD035,conch,3,1.0,200,human,colorectal,colorectal cancer
neutrophil.,22,train_mean,0.2183546721935272,0.2773703038692474,HCCD035,conch,3,1.0,200,human,colorectal,colorectal cancer
neutrophil.,22,coordinate,0.2317280918359756,0.3565181791782379,HCCD035,conch,3,1.0,200,human,colorectal,colorectal cancer
neutrophil.,22,image,0.4710327386856079,0.1563399285078048,HCCD035,conch,3,1.0,200,human,colorectal,colorectal cancer
neutrophil.,22,spatial_knn,0.2162666469812393,0.3381082713603973,HCCD035,conch,3,1.0,200,human,colorectal,colorectal cancer
plasma cell.,56,train_mean,0.8501344323158264,0.1487525254487991,HCCD035,conch,3,1.0,200,human,colorectal,colorectal cancer
plasma cell.,56,coordinate,0.7411775588989258,0.2721718251705169,HCCD035,conch,3,1.0,200,human,colorectal,colorectal cancer
plasma cell.,56,image,0.9158294200897216,0.0772726908326149,HCCD035,conch,3,1.0,200,human,colorectal,colorectal cancer
plasma cell.,56,spatial_knn,0.8393233418464661,0.2226895093917846,HCCD035,conch,3,1.0,200,human,colorectal,colorectal cancer
secretory cell.,23,train_mean,0.8246257305145264,0.2097411304712295,HCCD035,conch,3,1.0,200,human,colorectal,colorectal cancer
secretory cell.,23,coordinate,0.9395052194595336,0.1211031377315521,HCCD035,conch,3,1.0,200,human,colorectal,colorectal cancer
secretory cell.,23,image,0.926389455795288,0.1442375928163528,HCCD035,conch,3,1.0,200,human,colorectal,colorectal cancer
secretory cell.,23,spatial_knn,0.9047853946685792,0.1509531885385513,HCCD035,conch,3,1.0,200,human,colorectal,colorectal cancer
smooth muscle cell.,21,train_mean,0.3522821068763733,0.2499215900897979,HCCD035,conch,3,1.0,200,human,colorectal,colorectal cancer
smooth muscle cell.,21,coordinate,0.2882048785686493,0.3571019172668457,HCCD035,conch,3,1.0,200,human,colorectal,colorectal cancer
smooth muscle cell.,21,image,0.6501302719116211,0.1467037051916122,HCCD035,conch,3,1.0,200,human,colorectal,colorectal cancer
smooth muscle cell.,21,spatial_knn,0.333403468132019,0.3062984347343445,HCCD035,conch,3,1.0,200,human,colorectal,colorectal cancer
"CD8-positive, alpha-beta T cell.",36,train_mean,0.1382631808519363,0.0356405563652515,HCCW027,conch,0,1.0,200,human,cervix,cervical cancer
"CD8-positive, alpha-beta T cell.",36,coordinate,0.0991904735565185,0.0248276703059673,HCCW027,conch,0,1.0,200,human,cervix,cervical cancer
"CD8-positive, alpha-beta T cell.",36,image,0.1983707696199417,0.0173068195581436,HCCW027,conch,0,1.0,200,human,cervix,cervical cancer
"CD8-positive, alpha-beta T cell.",36,spatial_knn,0.0631134808063507,0.0366952046751976,HCCW027,conch,0,1.0,200,human,cervix,cervical cancer
T cell.,62,train_mean,0.3130624890327453,0.0327342525124549,HCCW027,conch,0,1.0,200,human,cervix,cervical cancer
T cell.,62,coordinate,0.2169947922229766,0.0234713964164257,HCCW027,conch,0,1.0,200,human,cervix,cervical cancer
T cell.,62,image,0.3724778294563293,0.0142803350463509,HCCW027,conch,0,1.0,200,human,cervix,cervical cancer
T cell.,62,spatial_knn,0.230262815952301,0.0267407465726137,HCCW027,conch,0,1.0,200,human,cervix,cervical cancer
astrocyte.,21,train_mean,0.256333440542221,0.0354254357516765,HCCW027,conch,0,1.0,200,human,cervix,cervical cancer
astrocyte.,21,coordinate,0.2610578536987304,0.0244437623769044,HCCW027,conch,0,1.0,200,human,cervix,cervical cancer
astrocyte.,21,image,0.2826156616210937,0.021883362904191,HCCW027,conch,0,1.0,200,human,cervix,cervical cancer
astrocyte.,21,spatial_knn,0.2737732827663421,0.0310589466243982,HCCW027,conch,0,1.0,200,human,cervix,cervical cancer
endothelial cell of vascular tree.,102,train_mean,0.7139942049980164,0.0225338228046894,HCCW027,conch,0,1.0,200,human,cervix,cervical cancer
endothelial cell of vascular tree.,102,coordinate,0.6803361177444458,0.0170164108276367,HCCW027,conch,0,1.0,200,human,cervix,cervical cancer
endothelial cell of vascular tree.,102,image,0.7686588764190674,0.015451562590897,HCCW027,conch,0,1.0,200,human,cervix,cervical cancer
endothelial cell of vascular tree.,102,spatial_knn,0.6963002681732178,0.0210586581379175,HCCW027,conch,0,1.0,200,human,cervix,cervical cancer
endothelial cell.,572,train_mean,0.776369571685791,0.0198306534439325,HCCW027,conch,0,1.0,200,human,cervix,cervical cancer
endothelial cell.,572,coordinate,0.7675979137420654,0.0167877301573753,HCCW027,conch,0,1.0,200,human,cervix,cervical cancer
endothelial cell.,572,image,0.939330756664276,0.0084434589371085,HCCW027,conch,0,1.0,200,human,cervix,cervical cancer
endothelial cell.,572,spatial_knn,0.8113754987716675,0.0155336065217852,HCCW027,conch,0,1.0,200,human,cervix,cervical cancer
epithelial cell of lower respiratory tract.,32,train_mean,0.7341370582580566,0.057219810783863,HCCW027,conch,0,1.0,200,human,cervix,cervical cancer
epithelial cell of lower respiratory tract.,32,coordinate,0.2303231805562973,0.0769316554069519,HCCW027,conch,0,1.0,200,human,cervix,cervical cancer
epithelial cell of lower respiratory tract.,32,image,0.8697280883789062,0.0459332354366779,HCCW027,conch,0,1.0,200,human,cervix,cervical cancer
epithelial cell of lower respiratory tract.,32,spatial_knn,0.3831281065940857,0.0706160068511962,HCCW027,conch,0,1.0,200,human,cervix,cervical cancer
epithelial cell of proximal tubule.,31,train_mean,0.6704598069190979,0.0496904179453849,HCCW027,conch,0,1.0,200,human,cervix,cervical cancer
epithelial cell of proximal tubule.,31,coordinate,0.3436391651630401,0.0642337501049041,HCCW027,conch,0,1.0,200,human,cervix,cervical cancer
epithelial cell of proximal tubule.,31,image,0.7922712564468384,0.0408152043819427,HCCW027,conch,0,1.0,200,human,cervix,cervical cancer
epithelial cell of proximal tubule.,31,spatial_knn,0.3397109508514404,0.0620214752852916,HCCW027,conch,0,1.0,200,human,cervix,cervical cancer
fibroblast.,81,train_mean,0.6259903907775879,0.0388864763081073,HCCW027,conch,0,1.0,200,human,cervix,cervical cancer
fibroblast.,81,coordinate,0.7061641216278076,0.0388053059577941,HCCW027,conch,0,1.0,200,human,cervix,cervical cancer
fibroblast.,81,image,0.9030588269233704,0.0276773683726787,HCCW027,conch,0,1.0,200,human,cervix,cervical cancer
fibroblast.,81,spatial_knn,0.6923894882202148,0.0365822575986385,HCCW027,conch,0,1.0,200,human,cervix,cervical cancer
glutamatergic neuron.,33,train_mean,0.0486296713352203,0.0377144627273082,HCCW027,conch,0,1.0,200,human,cervix,cervical cancer
glutamatergic neuron.,33,coordinate,0.1036612540483474,0.0263247452676296,HCCW027,conch,0,1.0,200,human,cervix,cervical cancer
glutamatergic neuron.,33,image,0.0074665383435785,0.0201331507414579,HCCW027,conch,0,1.0,200,human,cervix,cervical cancer
glutamatergic neuron.,33,spatial_knn,0.0793861001729965,0.0309904310852289,HCCW027,conch,0,1.0,200,human,cervix,cervical cancer
goblet cell.,58,train_mean,0.3086688220500946,0.0942894145846366,HCCW027,conch,0,1.0,200,human,cervix,cervical cancer
goblet cell.,58,coordinate,0.096247375011444,0.1088151112198829,HCCW027,conch,0,1.0,200,human,cervix,cervical cancer
goblet cell.,58,image,0.7943310141563416,0.0655783116817474,HCCW027,conch,0,1.0,200,human,cervix,cervical cancer
goblet cell.,58,spatial_knn,0.3110992312431335,0.0965440571308136,HCCW027,conch,0,1.0,200,human,cervix,cervical cancer
kidney loop of Henle thick ascending limb epithelial cell.,28,train_mean,0.5087187886238098,0.0319465994834899,HCCW027,conch,0,1.0,200,human,cervix,cervical cancer
kidney loop of Henle thick ascending limb epithelial cell.,28,coordinate,0.6019614338874817,0.0225440040230751,HCCW027,conch,0,1.0,200,human,cervix,cervical cancer
kidney loop of Henle thick ascending limb epithelial cell.,28,image,0.6366177201271057,0.0222878493368625,HCCW027,conch,0,1.0,200,human,cervix,cervical cancer
kidney loop of Henle thick ascending limb epithelial cell.,28,spatial_knn,0.525223970413208,0.0281805135309696,HCCW027,conch,0,1.0,200,human,cervix,cervical cancer
macrophage.,106,train_mean,0.3341134190559387,0.0353249125182628,HCCW027,conch,0,1.0,200,human,cervix,cervical cancer
macrophage.,106,coordinate,0.2019134759902954,0.0330860465764999,HCCW027,conch,0,1.0,200,human,cervix,cervical cancer
macrophage.,106,image,0.4087836742401123,0.0282875057309865,HCCW027,conch,0,1.0,200,human,cervix,cervical cancer
macrophage.,106,spatial_knn,0.2248507291078567,0.0344843678176403,HCCW027,conch,0,1.0,200,human,cervix,cervical cancer
smooth muscle cell.,158,train_mean,0.6096991300582886,0.0394339226186275,HCCW027,conch,0,1.0,200,human,cervix,cervical cancer
smooth muscle cell.,158,coordinate,0.8355861902236938,0.0345807000994682,HCCW027,conch,0,1.0,200,human,cervix,cervical cancer
smooth muscle cell.,158,image,0.94638329744339,0.0220140982419252,HCCW027,conch,0,1.0,200,human,cervix,cervical cancer
smooth muscle cell.,158,spatial_knn,0.8640380501747131,0.0272549875080585,HCCW027,conch,0,1.0,200,human,cervix,cervical cancer
stromal cell.,877,train_mean,0.6493193507194519,0.0239491742104291,HCCW027,conch,0,1.0,200,human,cervix,cervical cancer
stromal cell.,877,coordinate,0.8274509906768799,0.0152224199846386,HCCW027,conch,0,1.0,200,human,cervix,cervical cancer
stromal cell.,877,image,0.9270026087760924,0.0087897628545761,HCCW027,conch,0,1.0,200,human,cervix,cervical cancer
stromal cell.,877,spatial_knn,0.8216775059700012,0.0150000154972076,HCCW027,conch,0,1.0,200,human,cervix,cervical cancer
"CD8-positive, alpha-beta T cell.",63,train_mean,0.1830086261034011,0.0342855975031852,HCCW027,conch,1,1.0,200,human,cervix,cervical cancer
"CD8-positive, alpha-beta T cell.",63,coordinate,0.1184859201312065,0.0522157810628414,HCCW027,conch,1,1.0,200,human,cervix,cervical cancer
"CD8-positive, alpha-beta T cell.",63,image,0.1921503841876983,0.0165535677224397,HCCW027,conch,1,1.0,200,human,cervix,cervical cancer
"CD8-positive, alpha-beta T cell.",63,spatial_knn,0.1068854853510856,0.0455468222498893,HCCW027,conch,1,1.0,200,human,cervix,cervical cancer
GABAergic neuron.,25,train_mean,0.0528582036495208,0.0365770235657691,HCCW027,conch,1,1.0,200,human,cervix,cervical cancer
GABAergic neuron.,25,coordinate,0.0098460521548986,0.0540117546916008,HCCW027,conch,1,1.0,200,human,cervix,cervical cancer
GABAergic neuron.,25,image,0.02677608653903,0.0160742793232202,HCCW027,conch,1,1.0,200,human,cervix,cervical cancer
GABAergic neuron.,25,spatial_knn,0.0634927824139595,0.0479662381112575,HCCW027,conch,1,1.0,200,human,cervix,cervical cancer
T cell.,82,train_mean,0.3651823699474334,0.0311422627419233,HCCW027,conch,1,1.0,200,human,cervix,cervical cancer
T cell.,82,coordinate,0.1723222881555557,0.0509653761982917,HCCW027,conch,1,1.0,200,human,cervix,cervical cancer
T cell.,82,image,0.4737640619277954,0.0164071340113878,HCCW027,conch,1,1.0,200,human,cervix,cervical cancer
T cell.,82,spatial_knn,0.3025223314762115,0.0417597219347953,HCCW027,conch,1,1.0,200,human,cervix,cervical cancer
astrocyte.,39,train_mean,0.199535921216011,0.0348040796816349,HCCW027,conch,1,1.0,200,human,cervix,cervical cancer
astrocyte.,39,coordinate,0.1947430521249771,0.050433088093996,HCCW027,conch,1,1.0,200,human,cervix,cervical cancer
astrocyte.,39,image,0.1909031420946121,0.0214012581855058,HCCW027,conch,1,1.0,200,human,cervix,cervical cancer
astrocyte.,39,spatial_knn,0.1887533962726593,0.0460432171821594,HCCW027,conch,1,1.0,200,human,cervix,cervical cancer
cultured cell.,38,train_mean,0.6243231892585754,0.0275155045092105,HCCW027,conch,1,1.0,200,human,cervix,cervical cancer
cultured cell.,38,coordinate,0.7459157109260559,0.037229049950838,HCCW027,conch,1,1.0,200,human,cervix,cervical cancer
cultured cell.,38,image,0.760090708732605,0.0348204672336578,HCCW027,conch,1,1.0,200,human,cervix,cervical cancer
cultured cell.,38,spatial_knn,0.538449764251709,0.0374088101089,HCCW027,conch,1,1.0,200,human,cervix,cervical cancer
endothelial cell of lymphatic vessel.,23,train_mean,0.5275540351867676,0.0305315498262643,HCCW027,conch,1,1.0,200,human,cervix,cervical cancer
endothelial cell of lymphatic vessel.,23,coordinate,0.6895269751548767,0.0369251258671283,HCCW027,conch,1,1.0,200,human,cervix,cervical cancer
endothelial cell of lymphatic vessel.,23,image,0.717262327671051,0.0363864675164222,HCCW027,conch,1,1.0,200,human,cervix,cervical cancer
endothelial cell of lymphatic vessel.,23,spatial_knn,0.5428823828697205,0.0374022088944911,HCCW027,conch,1,1.0,200,human,cervix,cervical cancer
endothelial cell of vascular tree.,106,train_mean,0.7478211522102356,0.0252567678689956,HCCW027,conch,1,1.0,200,human,cervix,cervical cancer
endothelial cell of vascular tree.,106,coordinate,0.8526107668876648,0.0245825797319412,HCCW027,conch,1,1.0,200,human,cervix,cervical cancer
endothelial cell of vascular tree.,106,image,0.8933679461479187,0.0196802951395511,HCCW027,conch,1,1.0,200,human,cervix,cervical cancer
endothelial cell of vascular tree.,106,spatial_knn,0.6793501973152161,0.0301596708595752,HCCW027,conch,1,1.0,200,human,cervix,cervical cancer
endothelial cell.,759,train_mean,0.9325742721557616,0.0124466056004166,HCCW027,conch,1,1.0,200,human,cervix,cervical cancer
endothelial cell.,759,coordinate,0.7708778381347656,0.0352157056331634,HCCW027,conch,1,1.0,200,human,cervix,cervical cancer
endothelial cell.,759,image,0.942481815814972,0.0099786883220076,HCCW027,conch,1,1.0,200,human,cervix,cervical cancer
endothelial cell.,759,spatial_knn,0.8990693092346191,0.0216004643589258,HCCW027,conch,1,1.0,200,human,cervix,cervical cancer
epithelial cell of lower respiratory tract.,120,train_mean,0.6763706207275391,0.0599773302674293,HCCW027,conch,1,1.0,200,human,cervix,cervical cancer
epithelial cell of lower respiratory tract.,120,coordinate,0.8626641631126404,0.0411879271268844,HCCW027,conch,1,1.0,200,human,cervix,cervical cancer
epithelial cell of lower respiratory tract.,120,image,0.9405619502067566,0.024147180840373,HCCW027,conch,1,1.0,200,human,cervix,cervical cancer
epithelial cell of lower respiratory tract.,120,spatial_knn,0.5827084183692932,0.0609121918678283,HCCW027,conch,1,1.0,200,human,cervix,cervical cancer
epithelial cell of proximal tubule.,77,train_mean,0.6624546051025391,0.0428096018731594,HCCW027,conch,1,1.0,200,human,cervix,cervical cancer
epithelial cell of proximal tubule.,77,coordinate,0.8495897054672241,0.0291345454752445,HCCW027,conch,1,1.0,200,human,cervix,cervical cancer
epithelial cell of proximal tubule.,77,image,0.9325799345970154,0.0219165533781051,HCCW027,conch,1,1.0,200,human,cervix,cervical cancer
epithelial cell of proximal tubule.,77,spatial_knn,0.6385058164596558,0.0425590053200721,HCCW027,conch,1,1.0,200,human,cervix,cervical cancer
epithelial cell.,56,train_mean,0.6505678296089172,0.0557043068110942,HCCW027,conch,1,1.0,200,human,cervix,cervical cancer
epithelial cell.,56,coordinate,0.8308414816856384,0.0396784208714962,HCCW027,conch,1,1.0,200,human,cervix,cervical cancer
epithelial cell.,56,image,0.924349009990692,0.0267412643879652,HCCW027,conch,1,1.0,200,human,cervix,cervical cancer
epithelial cell.,56,spatial_knn,0.6251429319381714,0.0537134185433387,HCCW027,conch,1,1.0,200,human,cervix,cervical cancer
fibroblast.,83,train_mean,0.710345447063446,0.0381768234074115,HCCW027,conch,1,1.0,200,human,cervix,cervical cancer
fibroblast.,83,coordinate,0.3623404502868652,0.0546992905437946,HCCW027,conch,1,1.0,200,human,cervix,cervical cancer
fibroblast.,83,image,0.908946454524994,0.0302904918789863,HCCW027,conch,1,1.0,200,human,cervix,cervical cancer
fibroblast.,83,spatial_knn,0.729118824005127,0.035854335874319,HCCW027,conch,1,1.0,200,human,cervix,cervical cancer
glutamatergic neuron.,75,train_mean,0.2718454897403717,0.035582173615694,HCCW027,conch,1,1.0,200,human,cervix,cervical cancer
glutamatergic neuron.,75,coordinate,0.2443847060203552,0.0532726608216762,HCCW027,conch,1,1.0,200,human,cervix,cervical cancer
glutamatergic neuron.,75,image,0.2324892431497573,0.0163658522069454,HCCW027,conch,1,1.0,200,human,cervix,cervical cancer
glutamatergic neuron.,75,spatial_knn,0.2716571390628814,0.0458063371479511,HCCW027,conch,1,1.0,200,human,cervix,cervical cancer
kidney loop of Henle thick ascending limb epithelial cell.,51,train_mean,0.51381516456604,0.0289720557630062,HCCW027,conch,1,1.0,200,human,cervix,cervical cancer
kidney loop of Henle thick ascending limb epithelial cell.,51,coordinate,0.717654824256897,0.0407900102436542,HCCW027,conch,1,1.0,200,human,cervix,cervical cancer
kidney loop of Henle thick ascending limb epithelial cell.,51,image,0.7070620656013489,0.0212643183767795,HCCW027,conch,1,1.0,200,human,cervix,cervical cancer
kidney loop of Henle thick ascending limb epithelial cell.,51,spatial_knn,0.6130975484848022,0.0363624654710292,HCCW027,conch,1,1.0,200,human,cervix,cervical cancer
macrophage.,184,train_mean,0.354922354221344,0.0361829027533531,HCCW027,conch,1,1.0,200,human,cervix,cervical cancer
macrophage.,184,coordinate,0.2027381807565689,0.0533034987747669,HCCW027,conch,1,1.0,200,human,cervix,cervical cancer
macrophage.,184,image,0.4783456325531006,0.0303916130214929,HCCW027,conch,1,1.0,200,human,cervix,cervical cancer
macrophage.,184,spatial_knn,0.2194105386734008,0.0476073324680328,HCCW027,conch,1,1.0,200,human,cervix,cervical cancer
neutrophil.,26,train_mean,0.4163407385349273,0.0358875952661037,HCCW027,conch,1,1.0,200,human,cervix,cervical cancer
neutrophil.,26,coordinate,0.4634243845939636,0.0462928712368011,HCCW027,conch,1,1.0,200,human,cervix,cervical cancer
neutrophil.,26,image,0.4293553829193115,0.0333942249417305,HCCW027,conch,1,1.0,200,human,cervix,cervical cancer
neutrophil.,26,spatial_knn,0.314927190542221,0.0438007451593875,HCCW027,conch,1,1.0,200,human,cervix,cervical cancer
smooth muscle cell.,42,train_mean,0.6427762508392334,0.0657551661133766,HCCW027,conch,1,1.0,200,human,cervix,cervical cancer
smooth muscle cell.,42,coordinate,0.2981930077075958,0.07819464802742,HCCW027,conch,1,1.0,200,human,cervix,cervical cancer
smooth muscle cell.,42,image,0.8681561946868896,0.0528833791613578,HCCW027,conch,1,1.0,200,human,cervix,cervical cancer
smooth muscle cell.,42,spatial_knn,0.7791360020637512,0.0544569864869117,HCCW027,conch,1,1.0,200,human,cervix,cervical cancer
stromal cell.,351,train_mean,0.7019037008285522,0.0263766478747129,HCCW027,conch,1,1.0,200,human,cervix,cervical cancer
stromal cell.,351,coordinate,0.3138732314109802,0.0496973060071468,HCCW027,conch,1,1.0,200,human,cervix,cervical cancer
stromal cell.,351,image,0.9181248545646667,0.0138215525075793,HCCW027,conch,1,1.0,200,human,cervix,cervical cancer
stromal cell.,351,spatial_knn,0.7366069555282593,0.0277096014469862,HCCW027,conch,1,1.0,200,human,cervix,cervical cancer
"CD4-positive, alpha-beta T cell.",31,train_mean,0.3005107939243316,0.0273155570030212,HCCW027,conch,2,1.0,200,human,cervix,cervical cancer
"CD4-positive, alpha-beta T cell.",31,coordinate,0.3418039381504059,0.0486578904092311,HCCW027,conch,2,1.0,200,human,cervix,cervical cancer
"CD4-positive, alpha-beta T cell.",31,image,0.3958510756492615,0.0178676024079322,HCCW027,conch,2,1.0,200,human,cervix,cervical cancer
"CD4-positive, alpha-beta T cell.",31,spatial_knn,0.3247409164905548,0.0411836542189121,HCCW027,conch,2,1.0,200,human,cervix,cervical cancer
"CD8-positive, alpha-beta T cell.",90,train_mean,0.2965603172779083,0.0266050491482019,HCCW027,conch,2,1.0,200,human,cervix,cervical cancer
"CD8-positive, alpha-beta T cell.",90,coordinate,0.2967987358570099,0.0506002083420753,HCCW027,conch,2,1.0,200,human,cervix,cervical cancer
"CD8-positive, alpha-beta T cell.",90,image,0.4636991024017334,0.0153566291555762,HCCW027,conch,2,1.0,200,human,cervix,cervical cancer
"CD8-positive, alpha-beta T cell.",90,spatial_knn,0.2744850814342499,0.0408756956458091,HCCW027,conch,2,1.0,200,human,cervix,cervical cancer
T cell.,113,train_mean,0.4838162660598755,0.0231374166905879,HCCW027,conch,2,1.0,200,human,cervix,cervical cancer
T cell.,113,coordinate,0.4604505896568298,0.0462148152291774,HCCW027,conch,2,1.0,200,human,cervix,cervical cancer
T cell.,113,image,0.6290285587310791,0.0145208891481161,HCCW027,conch,2,1.0,200,human,cervix,cervical cancer
T cell.,113,spatial_knn,0.474605917930603,0.0357176065444946,HCCW027,conch,2,1.0,200,human,cervix,cervical cancer
cultured cell.,62,train_mean,0.5925119519233704,0.0381651036441326,HCCW027,conch,2,1.0,200,human,cervix,cervical cancer
cultured cell.,62,coordinate,0.7797800302505493,0.0292562320828437,HCCW027,conch,2,1.0,200,human,cervix,cervical cancer
cultured cell.,62,image,0.8827571868896484,0.0235730502754449,HCCW027,conch,2,1.0,200,human,cervix,cervical cancer
cultured cell.,62,spatial_knn,0.728626012802124,0.0315253809094429,HCCW027,conch,2,1.0,200,human,cervix,cervical cancer
endothelial cell of vascular tree.,105,train_mean,0.6339488625526428,0.0379164218902587,HCCW027,conch,2,1.0,200,human,cervix,cervical cancer
endothelial cell of vascular tree.,105,coordinate,0.781918466091156,0.0276164039969444,HCCW027,conch,2,1.0,200,human,cervix,cervical cancer
endothelial cell of vascular tree.,105,image,0.8800346851348877,0.0220436379313468,HCCW027,conch,2,1.0,200,human,cervix,cervical cancer
endothelial cell of vascular tree.,105,spatial_knn,0.6622249484062195,0.0352817773818969,HCCW027,conch,2,1.0,200,human,cervix,cervical cancer
endothelial cell.,633,train_mean,0.9201927185058594,0.0156776960939168,HCCW027,conch,2,1.0,200,human,cervix,cervical cancer
endothelial cell.,633,coordinate,0.904618799686432,0.0189489163458347,HCCW027,conch,2,1.0,200,human,cervix,cervical cancer
endothelial cell.,633,image,0.9588750004768372,0.0092525957152247,HCCW027,conch,2,1.0,200,human,cervix,cervical cancer
endothelial cell.,633,spatial_knn,0.9140179753303528,0.0139218000695109,HCCW027,conch,2,1.0,200,human,cervix,cervical cancer
epithelial cell of lower respiratory tract.,236,train_mean,0.5826029777526855,0.0824872404336929,HCCW027,conch,2,1.0,200,human,cervix,cervical cancer
epithelial cell of lower respiratory tract.,236,coordinate,0.8077621459960938,0.0615162774920463,HCCW027,conch,2,1.0,200,human,cervix,cervical cancer
epithelial cell of lower respiratory tract.,236,image,0.9598514437675476,0.0291183199733495,HCCW027,conch,2,1.0,200,human,cervix,cervical cancer
epithelial cell of lower respiratory tract.,236,spatial_knn,0.7503997087478638,0.0705917701125145,HCCW027,conch,2,1.0,200,human,cervix,cervical cancer
epithelial cell of proximal tubule.,104,train_mean,0.598265528678894,0.0717106610536575,HCCW027,conch,2,1.0,200,human,cervix,cervical cancer
epithelial cell of proximal tubule.,104,coordinate,0.8384214043617249,0.0511198043823242,HCCW027,conch,2,1.0,200,human,cervix,cervical cancer
epithelial cell of proximal tubule.,104,image,0.9587414860725404,0.0262248367071151,HCCW027,conch,2,1.0,200,human,cervix,cervical cancer
epithelial cell of proximal tubule.,104,spatial_knn,0.6664612293243408,0.0655955448746681,HCCW027,conch,2,1.0,200,human,cervix,cervical cancer
epithelial cell.,93,train_mean,0.5757319927215576,0.0867059007287025,HCCW027,conch,2,1.0,200,human,cervix,cervical cancer
epithelial cell.,93,coordinate,0.8118796348571777,0.0652059018611908,HCCW027,conch,2,1.0,200,human,cervix,cervical cancer
epithelial cell.,93,image,0.94777649641037,0.0387413240969181,HCCW027,conch,2,1.0,200,human,cervix,cervical cancer
epithelial cell.,93,spatial_knn,0.7623899579048157,0.0726687312126159,HCCW027,conch,2,1.0,200,human,cervix,cervical cancer
fibroblast.,70,train_mean,0.7761889100074768,0.045682854950428,HCCW027,conch,2,1.0,200,human,cervix,cervical cancer
fibroblast.,70,coordinate,0.5596160888671875,0.0506807081401348,HCCW027,conch,2,1.0,200,human,cervix,cervical cancer
fibroblast.,70,image,0.9234894514083862,0.0372019819915294,HCCW027,conch,2,1.0,200,human,cervix,cervical cancer
fibroblast.,70,spatial_knn,0.6861618161201477,0.0448395200073719,HCCW027,conch,2,1.0,200,human,cervix,cervical cancer
glutamatergic neuron.,38,train_mean,0.220206543803215,0.0302780903875827,HCCW027,conch,2,1.0,200,human,cervix,cervical cancer
glutamatergic neuron.,38,coordinate,0.1614843606948852,0.0532802976667881,HCCW027,conch,2,1.0,200,human,cervix,cervical cancer
glutamatergic neuron.,38,image,0.2090436369180679,0.0190994683653116,HCCW027,conch,2,1.0,200,human,cervix,cervical cancer
glutamatergic neuron.,38,spatial_knn,0.1218138337135315,0.0429541878402233,HCCW027,conch,2,1.0,200,human,cervix,cervical cancer
kidney loop of Henle thick ascending limb epithelial cell.,44,train_mean,0.4367760717868805,0.0277782715857028,HCCW027,conch,2,1.0,200,human,cervix,cervical cancer
kidney loop of Henle thick ascending limb epithelial cell.,44,coordinate,0.6073219180107117,0.0380621552467346,HCCW027,conch,2,1.0,200,human,cervix,cervical cancer
kidney loop of Henle thick ascending limb epithelial cell.,44,image,0.7298108339309692,0.025320004671812,HCCW027,conch,2,1.0,200,human,cervix,cervical cancer
kidney loop of Henle thick ascending limb epithelial cell.,44,spatial_knn,0.5358755588531494,0.0319978296756744,HCCW027,conch,2,1.0,200,human,cervix,cervical cancer
macrophage.,124,train_mean,0.33692067861557,0.0452653393149375,HCCW027,conch,2,1.0,200,human,cervix,cervical cancer
macrophage.,124,coordinate,0.4031356573104858,0.0499924905598163,HCCW027,conch,2,1.0,200,human,cervix,cervical cancer
macrophage.,124,image,0.4548080563545227,0.0424467548727989,HCCW027,conch,2,1.0,200,human,cervix,cervical cancer
macrophage.,124,spatial_knn,0.4385413229465484,0.0449354313313961,HCCW027,conch,2,1.0,200,human,cervix,cervical cancer
neutrophil.,31,train_mean,0.4242915511131286,0.036613930016756,HCCW027,conch,2,1.0,200,human,cervix,cervical cancer
neutrophil.,31,coordinate,0.5580364465713501,0.0395531393587589,HCCW027,conch,2,1.0,200,human,cervix,cervical cancer
neutrophil.,31,image,0.559578537940979,0.0331553258001804,HCCW027,conch,2,1.0,200,human,cervix,cervical cancer
neutrophil.,31,spatial_knn,0.5015075206756592,0.0388162061572074,HCCW027,conch,2,1.0,200,human,cervix,cervical cancer
smooth muscle cell.,63,train_mean,0.7466621994972229,0.0759205222129821,HCCW027,conch,2,1.0,200,human,cervix,cervical cancer
smooth muscle cell.,63,coordinate,0.5176011919975281,0.0780928879976272,HCCW027,conch,2,1.0,200,human,cervix,cervical cancer
smooth muscle cell.,63,image,0.8610923290252686,0.0631026253104209,HCCW027,conch,2,1.0,200,human,cervix,cervical cancer
smooth muscle cell.,63,spatial_knn,0.531704306602478,0.0785386338829994,HCCW027,conch,2,1.0,200,human,cervix,cervical cancer
stratified epithelial cell.,34,train_mean,0.4970366656780243,0.1111837029457092,HCCW027,conch,2,1.0,200,human,cervix,cervical cancer
stratified epithelial cell.,34,coordinate,0.682872474193573,0.0943491160869598,HCCW027,conch,2,1.0,200,human,cervix,cervical cancer
stratified epithelial cell.,34,image,0.8729485273361206,0.0661332905292511,HCCW027,conch,2,1.0,200,human,cervix,cervical cancer
stratified epithelial cell.,34,spatial_knn,0.6815008521080017,0.0951223447918891,HCCW027,conch,2,1.0,200,human,cervix,cervical cancer
stromal cell.,323,train_mean,0.7651310563087463,0.0290617141872644,HCCW027,conch,2,1.0,200,human,cervix,cervical cancer
stromal cell.,323,coordinate,0.5336096882820129,0.0424729287624359,HCCW027,conch,2,1.0,200,human,cervix,cervical cancer
stromal cell.,323,image,0.8961511254310608,0.0213487744331359,HCCW027,conch,2,1.0,200,human,cervix,cervical cancer
stromal cell.,323,spatial_knn,0.6094351410865784,0.036167848855257,HCCW027,conch,2,1.0,200,human,cervix,cervical cancer
"CD8-positive, alpha-beta T cell.",38,train_mean,0.3305350542068481,0.0284333638846874,HCCW027,conch,3,1.0,200,human,cervix,cervical cancer
"CD8-positive, alpha-beta T cell.",38,coordinate,0.355442613363266,0.0272503644227981,HCCW027,conch,3,1.0,200,human,cervix,cervical cancer
"CD8-positive, alpha-beta T cell.",38,image,0.3761358261108398,0.0205880552530288,HCCW027,conch,3,1.0,200,human,cervix,cervical cancer
"CD8-positive, alpha-beta T cell.",38,spatial_knn,0.3491465747356415,0.0486777015030384,HCCW027,conch,3,1.0,200,human,cervix,cervical cancer
T cell.,65,train_mean,0.470733642578125,0.0247908178716897,HCCW027,conch,3,1.0,200,human,cervix,cervical cancer
T cell.,65,coordinate,0.5351535081863403,0.0235402509570121,HCCW027,conch,3,1.0,200,human,cervix,cervical cancer
T cell.,65,image,0.5587438941001892,0.0194072742015123,HCCW027,conch,3,1.0,200,human,cervix,cervical cancer
T cell.,65,spatial_knn,0.4383913874626159,0.0550865903496742,HCCW027,conch,3,1.0,200,human,cervix,cervical cancer
cultured cell.,47,train_mean,0.5916786789894104,0.0457472801208496,HCCW027,conch,3,1.0,200,human,cervix,cervical cancer
cultured cell.,47,coordinate,0.1229754909873008,0.0594090931117534,HCCW027,conch,3,1.0,200,human,cervix,cervical cancer
cultured cell.,47,image,0.8477702140808105,0.0292791314423084,HCCW027,conch,3,1.0,200,human,cervix,cervical cancer
cultured cell.,47,spatial_knn,0.6315776705741882,0.0417052581906318,HCCW027,conch,3,1.0,200,human,cervix,cervical cancer
endothelial cell of vascular tree.,82,train_mean,0.6894820928573608,0.0259329061955213,HCCW027,conch,3,1.0,200,human,cervix,cervical cancer
endothelial cell of vascular tree.,82,coordinate,0.3821451663970947,0.0359842889010906,HCCW027,conch,3,1.0,200,human,cervix,cervical cancer
endothelial cell of vascular tree.,82,image,0.7713119983673096,0.022403672337532,HCCW027,conch,3,1.0,200,human,cervix,cervical cancer
endothelial cell of vascular tree.,82,spatial_knn,0.6734395623207092,0.0272596757858991,HCCW027,conch,3,1.0,200,human,cervix,cervical cancer
endothelial cell.,501,train_mean,0.8301541805267334,0.0165544562041759,HCCW027,conch,3,1.0,200,human,cervix,cervical cancer
endothelial cell.,501,coordinate,0.595115065574646,0.0259516350924968,HCCW027,conch,3,1.0,200,human,cervix,cervical cancer
endothelial cell.,501,image,0.8522887825965881,0.0151074230670928,HCCW027,conch,3,1.0,200,human,cervix,cervical cancer
endothelial cell.,501,spatial_knn,0.7666885852813721,0.0211200676858425,HCCW027,conch,3,1.0,200,human,cervix,cervical cancer
epithelial cell of lower respiratory tract.,152,train_mean,0.6080688834190369,0.0867069661617279,HCCW027,conch,3,1.0,200,human,cervix,cervical cancer
epithelial cell of lower respiratory tract.,152,coordinate,0.1863102316856384,0.09766636043787,HCCW027,conch,3,1.0,200,human,cervix,cervical cancer
epithelial cell of lower respiratory tract.,152,image,0.897072434425354,0.0407783947885036,HCCW027,conch,3,1.0,200,human,cervix,cervical cancer
epithelial cell of lower respiratory tract.,152,spatial_knn,0.7107965350151062,0.0723428651690483,HCCW027,conch,3,1.0,200,human,cervix,cervical cancer
epithelial cell of proximal tubule.,57,train_mean,0.6534373760223389,0.0746655091643333,HCCW027,conch,3,1.0,200,human,cervix,cervical cancer
epithelial cell of proximal tubule.,57,coordinate,0.1064191237092018,0.0896776989102363,HCCW027,conch,3,1.0,200,human,cervix,cervical cancer
epithelial cell of proximal tubule.,57,image,0.8973871469497681,0.0373263023793697,HCCW027,conch,3,1.0,200,human,cervix,cervical cancer
epithelial cell of proximal tubule.,57,spatial_knn,0.6995925307273865,0.0652556419372558,HCCW027,conch,3,1.0,200,human,cervix,cervical cancer
epithelial cell.,58,train_mean,0.6102176904678345,0.092799924314022,HCCW027,conch,3,1.0,200,human,cervix,cervical cancer
epithelial cell.,58,coordinate,0.2261556535959243,0.1027945354580879,HCCW027,conch,3,1.0,200,human,cervix,cervical cancer
epithelial cell.,58,image,0.8817353844642639,0.0485253445804119,HCCW027,conch,3,1.0,200,human,cervix,cervical cancer
epithelial cell.,58,spatial_knn,0.690071702003479,0.0801017954945564,HCCW027,conch,3,1.0,200,human,cervix,cervical cancer
fibroblast.,55,train_mean,0.6443470120429993,0.0349637046456337,HCCW027,conch,3,1.0,200,human,cervix,cervical cancer
fibroblast.,55,coordinate,0.6405258774757385,0.0364054143428802,HCCW027,conch,3,1.0,200,human,cervix,cervical cancer
fibroblast.,55,image,0.7598837614059448,0.0324132367968559,HCCW027,conch,3,1.0,200,human,cervix,cervical cancer
fibroblast.,55,spatial_knn,0.598639965057373,0.0368036031723022,HCCW027,conch,3,1.0,200,human,cervix,cervical cancer
glutamatergic neuron.,33,train_mean,0.1249612346291542,0.0331300981342792,HCCW027,conch,3,1.0,200,human,cervix,cervical cancer
glutamatergic neuron.,33,coordinate,0.0156393349170684,0.0337891764938831,HCCW027,conch,3,1.0,200,human,cervix,cervical cancer
glutamatergic neuron.,33,image,0.131840169429779,0.0236302930861711,HCCW027,conch,3,1.0,200,human,cervix,cervical cancer
glutamatergic neuron.,33,spatial_knn,0.0855471715331077,0.0519794262945652,HCCW027,conch,3,1.0,200,human,cervix,cervical cancer
goblet cell.,96,train_mean,0.4353898465633392,0.0783749520778656,HCCW027,conch,3,1.0,200,human,cervix,cervical cancer
goblet cell.,96,coordinate,-0.0275267083197832,0.0929676219820976,HCCW027,conch,3,1.0,200,human,cervix,cervical cancer
goblet cell.,96,image,0.7262282371520996,0.0582135282456874,HCCW027,conch,3,1.0,200,human,cervix,cervical cancer
goblet cell.,96,spatial_knn,0.2386101633310318,0.0830971822142601,HCCW027,conch,3,1.0,200,human,cervix,cervical cancer
kidney loop of Henle thick ascending limb epithelial cell.,27,train_mean,0.3503738343715668,0.0298469793051481,HCCW027,conch,3,1.0,200,human,cervix,cervical cancer
kidney loop of Henle thick ascending limb epithelial cell.,27,coordinate,-0.013114433735609,0.0378351174294948,HCCW027,conch,3,1.0,200,human,cervix,cervical cancer
kidney loop of Henle thick ascending limb epithelial cell.,27,image,0.4629861414432525,0.0283529069274663,HCCW027,conch,3,1.0,200,human,cervix,cervical cancer
kidney loop of Henle thick ascending limb epithelial cell.,27,spatial_knn,0.2668608427047729,0.041992649435997,HCCW027,conch,3,1.0,200,human,cervix,cervical cancer
macrophage.,63,train_mean,0.3546509146690368,0.0491010881960392,HCCW027,conch,3,1.0,200,human,cervix,cervical cancer
macrophage.,63,coordinate,0.364073246717453,0.0494338907301425,HCCW027,conch,3,1.0,200,human,cervix,cervical cancer
macrophage.,63,image,0.3506569862365722,0.0489032231271266,HCCW027,conch,3,1.0,200,human,cervix,cervical cancer
macrophage.,63,spatial_knn,0.4098051786422729,0.0511766374111175,HCCW027,conch,3,1.0,200,human,cervix,cervical cancer
smooth muscle cell.,109,train_mean,0.6154162883758545,0.053707156330347,HCCW027,conch,3,1.0,200,human,cervix,cervical cancer
smooth muscle cell.,109,coordinate,0.6603851318359375,0.0532471612095832,HCCW027,conch,3,1.0,200,human,cervix,cervical cancer
smooth muscle cell.,109,image,0.8476284146308899,0.0428084768354892,HCCW027,conch,3,1.0,200,human,cervix,cervical cancer
smooth muscle cell.,109,spatial_knn,0.4927610754966736,0.0564378909766674,HCCW027,conch,3,1.0,200,human,cervix,cervical cancer
stratified epithelial cell.,37,train_mean,0.5341735482215881,0.1191717460751533,HCCW027,conch,3,1.0,200,human,cervix,cervical cancer
stratified epithelial cell.,37,coordinate,0.1687643378973007,0.1287722587585449,HCCW027,conch,3,1.0,200,human,cervix,cervical cancer
stratified epithelial cell.,37,image,0.8259184956550598,0.0775684118270874,HCCW027,conch,3,1.0,200,human,cervix,cervical cancer
stratified epithelial cell.,37,spatial_knn,0.6430585980415344,0.1027026697993278,HCCW027,conch,3,1.0,200,human,cervix,cervical cancer
stromal cell.,774,train_mean,0.7286257743835449,0.0195026881992816,HCCW027,conch,3,1.0,200,human,cervix,cervical cancer
stromal cell.,774,coordinate,0.7217902541160583,0.0197733379900455,HCCW027,conch,3,1.0,200,human,cervix,cervical cancer
stromal cell.,774,image,0.8844988942146301,0.0126698287203907,HCCW027,conch,3,1.0,200,human,cervix,cervical cancer
stromal cell.,774,spatial_knn,0.7682334184646606,0.020500173792243,HCCW027,conch,3,1.0,200,human,cervix,cervical cancer
cardiac muscle myoblast.,36,train_mean,0.9652581214904784,0.0823989436030387,HHDX011,conch,0,1.0,200,human,heart,non-diseased
cardiac muscle myoblast.,36,coordinate,0.9641219973564148,0.0907442569732666,HHDX011,conch,0,1.0,200,human,heart,non-diseased
cardiac muscle myoblast.,36,image,0.9733048677444458,0.0642682909965515,HHDX011,conch,0,1.0,200,human,heart,non-diseased
cardiac muscle myoblast.,36,spatial_knn,0.9718057513237,0.0895623490214347,HHDX011,conch,0,1.0,200,human,heart,non-diseased
endothelial cell of vascular tree.,33,train_mean,0.939256191253662,0.1096775084733963,HHDX011,conch,0,1.0,200,human,heart,non-diseased
endothelial cell of vascular tree.,33,coordinate,0.9216859340667723,0.1417747586965561,HHDX011,conch,0,1.0,200,human,heart,non-diseased
endothelial cell of vascular tree.,33,image,0.9501253366470336,0.0681995600461959,HHDX011,conch,0,1.0,200,human,heart,non-diseased
endothelial cell of vascular tree.,33,spatial_knn,0.9258240461349488,0.1303129494190216,HHDX011,conch,0,1.0,200,human,heart,non-diseased
endothelial cell.,1548,train_mean,0.9953933358192444,0.0451233610510826,HHDX011,conch,0,1.0,200,human,heart,non-diseased
endothelial cell.,1548,coordinate,0.9956935048103333,0.0295960456132888,HHDX011,conch,0,1.0,200,human,heart,non-diseased
endothelial cell.,1548,image,0.9968180060386658,0.0366385653614997,HHDX011,conch,0,1.0,200,human,heart,non-diseased
endothelial cell.,1548,spatial_knn,0.986922800540924,0.0535168945789337,HHDX011,conch,0,1.0,200,human,heart,non-diseased
fibroblast of cardiac tissue.,179,train_mean,0.9850282669067384,0.0749639570713043,HHDX011,conch,0,1.0,200,human,heart,non-diseased
fibroblast of cardiac tissue.,179,coordinate,0.9729934334754944,0.0777547881007194,HHDX011,conch,0,1.0,200,human,heart,non-diseased
fibroblast of cardiac tissue.,179,image,0.985556662082672,0.0650147050619125,HHDX011,conch,0,1.0,200,human,heart,non-diseased
fibroblast of cardiac tissue.,179,spatial_knn,0.9840732216835022,0.0653548389673233,HHDX011,conch,0,1.0,200,human,heart,non-diseased
fibroblast.,238,train_mean,0.979675590991974,0.0610792860388755,HHDX011,conch,0,1.0,200,human,heart,non-diseased
fibroblast.,238,coordinate,0.970708668231964,0.0821750313043594,HHDX011,conch,0,1.0,200,human,heart,non-diseased
fibroblast.,238,image,0.9835143089294434,0.0487717501819133,HHDX011,conch,0,1.0,200,human,heart,non-diseased
fibroblast.,238,spatial_knn,0.9791998267173768,0.0656935796141624,HHDX011,conch,0,1.0,200,human,heart,non-diseased
foveolar cell of stomach.,20,train_mean,0.396343857049942,0.2710109651088714,HHDX011,conch,0,1.0,200,human,heart,non-diseased
foveolar cell of stomach.,20,coordinate,0.3719379901885986,0.3084507286548614,HHDX011,conch,0,1.0,200,human,heart,non-diseased
foveolar cell of stomach.,20,image,0.2602013945579529,0.1249961331486702,HHDX011,conch,0,1.0,200,human,heart,non-diseased
foveolar cell of stomach.,20,spatial_knn,0.3756163120269775,0.337247759103775,HHDX011,conch,0,1.0,200,human,heart,non-diseased
macrophage.,46,train_mean,0.7069699168205261,0.2029329538345337,HHDX011,conch,0,1.0,200,human,heart,non-diseased
macrophage.,46,coordinate,0.7089952826499939,0.2240466922521591,HHDX011,conch,0,1.0,200,human,heart,non-diseased
macrophage.,46,image,0.7024618983268738,0.121804378926754,HHDX011,conch,0,1.0,200,human,heart,non-diseased
macrophage.,46,spatial_knn,0.7119400501251221,0.2182265967130661,HHDX011,conch,0,1.0,200,human,heart,non-diseased
podocyte.,26,train_mean,0.9580596089363098,0.1740133613348007,HHDX011,conch,0,1.0,200,human,heart,non-diseased
podocyte.,26,coordinate,0.9558331966400146,0.1516212671995163,HHDX011,conch,0,1.0,200,human,heart,non-diseased
podocyte.,26,image,0.9825541377067566,0.0990258976817131,HHDX011,conch,0,1.0,200,human,heart,non-diseased
podocyte.,26,spatial_knn,0.9554561376571656,0.1776733100414276,HHDX011,conch,0,1.0,200,human,heart,non-diseased
smooth muscle cell.,51,train_mean,0.9617879390716552,0.0795872434973716,HHDX011,conch,0,1.0,200,human,heart,non-diseased
smooth muscle cell.,51,coordinate,0.9606501460075378,0.0962986499071121,HHDX011,conch,0,1.0,200,human,heart,non-diseased
smooth muscle cell.,51,image,0.9618180990219116,0.0709090009331703,HHDX011,conch,0,1.0,200,human,heart,non-diseased
smooth muscle cell.,51,spatial_knn,0.958445370197296,0.0954377129673957,HHDX011,conch,0,1.0,200,human,heart,non-diseased
stromal cell.,20,train_mean,0.4169684946537018,0.2620517313480377,HHDX011,conch,0,1.0,200,human,heart,non-diseased
stromal cell.,20,coordinate,0.3837960362434387,0.2636418640613556,HHDX011,conch,0,1.0,200,human,heart,non-diseased
stromal cell.,20,image,0.75612473487854,0.1074358373880386,HHDX011,conch,0,1.0,200,human,heart,non-diseased
stromal cell.,20,spatial_knn,0.4025704264640808,0.2635097801685333,HHDX011,conch,0,1.0,200,human,heart,non-diseased
T cell.,25,train_mean,0.258807510137558,0.300974428653717,HHDX011,conch,1,1.0,200,human,heart,non-diseased
T cell.,25,coordinate,0.2610329389572143,0.3635865151882171,HHDX011,conch,1,1.0,200,human,heart,non-diseased
T cell.,25,image,0.3363423347473144,0.1603540629148483,HHDX011,conch,1,1.0,200,human,heart,non-diseased
T cell.,25,spatial_knn,0.2632337808609009,0.3045870363712311,HHDX011,conch,1,1.0,200,human,heart,non-diseased
endothelial cell of vascular tree.,60,train_mean,0.596162736415863,0.2433639466762542,HHDX011,conch,1,1.0,200,human,heart,non-diseased
endothelial cell of vascular tree.,60,coordinate,0.5724866390228271,0.2989557981491089,HHDX011,conch,1,1.0,200,human,heart,non-diseased
endothelial cell of vascular tree.,60,image,0.7914020419120789,0.128128319978714,HHDX011,conch,1,1.0,200,human,heart,non-diseased
endothelial cell of vascular tree.,60,spatial_knn,0.5828853249549866,0.2548988759517669,HHDX011,conch,1,1.0,200,human,heart,non-diseased
endothelial cell.,1390,train_mean,0.9672476649284364,0.0998976901173591,HHDX011,conch,1,1.0,200,human,heart,non-diseased
endothelial cell.,1390,coordinate,0.9668461084365844,0.1499388962984085,HHDX011,conch,1,1.0,200,human,heart,non-diseased
endothelial cell.,1390,image,0.9829307794570924,0.0430675148963928,HHDX011,conch,1,1.0,200,human,heart,non-diseased
endothelial cell.,1390,spatial_knn,0.9674214124679564,0.1091349795460701,HHDX011,conch,1,1.0,200,human,heart,non-diseased
fibroblast of cardiac tissue.,123,train_mean,0.938466727733612,0.1086266115307807,HHDX011,conch,1,1.0,200,human,heart,non-diseased
fibroblast of cardiac tissue.,123,coordinate,0.9248815178871156,0.1573265194892883,HHDX011,conch,1,1.0,200,human,heart,non-diseased
fibroblast of cardiac tissue.,123,image,0.9601576328277588,0.071516640484333,HHDX011,conch,1,1.0,200,human,heart,non-diseased
fibroblast of cardiac tissue.,123,spatial_knn,0.9300612211227416,0.1181311458349227,HHDX011,conch,1,1.0,200,human,heart,non-diseased
fibroblast.,349,train_mean,0.6947401762008667,0.2168618589639663,HHDX011,conch,1,1.0,200,human,heart,non-diseased
fibroblast.,349,coordinate,0.6633044481277466,0.2795677483081817,HHDX011,conch,1,1.0,200,human,heart,non-diseased
fibroblast.,349,image,0.8325315713882446,0.116505466401577,HHDX011,conch,1,1.0,200,human,heart,non-diseased
fibroblast.,349,spatial_knn,0.6716663837432861,0.2385332733392715,HHDX011,conch,1,1.0,200,human,heart,non-diseased
macrophage.,91,train_mean,0.3219814002513885,0.2945054173469543,HHDX011,conch,1,1.0,200,human,heart,non-diseased
macrophage.,91,coordinate,0.2971718609333038,0.3623264729976654,HHDX011,conch,1,1.0,200,human,heart,non-diseased
macrophage.,91,image,0.4100201427936554,0.1704387664794922,HHDX011,conch,1,1.0,200,human,heart,non-diseased
macrophage.,91,spatial_knn,0.3105462193489074,0.302133172750473,HHDX011,conch,1,1.0,200,human,heart,non-diseased
myeloid cell.,27,train_mean,0.5333110690116882,0.2573175430297851,HHDX011,conch,1,1.0,200,human,heart,non-diseased
myeloid cell.,27,coordinate,0.5038151741027832,0.3298191130161285,HHDX011,conch,1,1.0,200,human,heart,non-diseased
myeloid cell.,27,image,0.5935633778572083,0.1368192434310913,HHDX011,conch,1,1.0,200,human,heart,non-diseased
myeloid cell.,27,spatial_knn,0.5465560555458069,0.2418837547302246,HHDX011,conch,1,1.0,200,human,heart,non-diseased
smooth muscle cell.,80,train_mean,0.8495306372642517,0.1641422659158706,HHDX011,conch,1,1.0,200,human,heart,non-diseased
smooth muscle cell.,80,coordinate,0.8447149395942688,0.2055698931217193,HHDX011,conch,1,1.0,200,human,heart,non-diseased
smooth muscle cell.,80,image,0.8857162594795227,0.1029303967952728,HHDX011,conch,1,1.0,200,human,heart,non-diseased
smooth muscle cell.,80,spatial_knn,0.8518896102905273,0.168424054980278,HHDX011,conch,1,1.0,200,human,heart,non-diseased
stromal cell.,59,train_mean,0.325100839138031,0.2933385670185089,HHDX011,conch,1,1.0,200,human,heart,non-diseased
stromal cell.,59,coordinate,0.2912957966327667,0.3632169067859649,HHDX011,conch,1,1.0,200,human,heart,non-diseased
stromal cell.,59,image,0.6470284461975098,0.1263908743858337,HHDX011,conch,1,1.0,200,human,heart,non-diseased
stromal cell.,59,spatial_knn,0.3006190657615661,0.3107510209083557,HHDX011,conch,1,1.0,200,human,heart,non-diseased
cardiac muscle myoblast.,24,train_mean,0.9681767821311952,0.0900880917906761,HHDX011,conch,2,1.0,200,human,heart,non-diseased
cardiac muscle myoblast.,24,coordinate,0.9566667079925536,0.1182823702692985,HHDX011,conch,2,1.0,200,human,heart,non-diseased
cardiac muscle myoblast.,24,image,0.9729821681976318,0.076982133090496,HHDX011,conch,2,1.0,200,human,heart,non-diseased
cardiac muscle myoblast.,24,spatial_knn,0.950391948223114,0.1077999025583267,HHDX011,conch,2,1.0,200,human,heart,non-diseased
endothelial cell of vascular tree.,45,train_mean,0.902357816696167,0.1291092336177826,HHDX011,conch,2,1.0,200,human,heart,non-diseased
endothelial cell of vascular tree.,45,coordinate,0.924903392791748,0.0961665138602256,HHDX011,conch,2,1.0,200,human,heart,non-diseased
endothelial cell of vascular tree.,45,image,0.944701611995697,0.0692833140492439,HHDX011,conch,2,1.0,200,human,heart,non-diseased
endothelial cell of vascular tree.,45,spatial_knn,0.8961498141288757,0.1204435601830482,HHDX011,conch,2,1.0,200,human,heart,non-diseased
endothelial cell.,1613,train_mean,0.9972658157348632,0.0300304684787988,HHDX011,conch,2,1.0,200,human,heart,non-diseased
endothelial cell.,1613,coordinate,0.9893796443939208,0.0681555792689323,HHDX011,conch,2,1.0,200,human,heart,non-diseased
endothelial cell.,1613,image,0.9978182911872864,0.0213485807180404,HHDX011,conch,2,1.0,200,human,heart,non-diseased
endothelial cell.,1613,spatial_knn,0.9904216527938844,0.0526521056890487,HHDX011,conch,2,1.0,200,human,heart,non-diseased
fibroblast of cardiac tissue.,168,train_mean,0.9801223278045654,0.0691281035542488,HHDX011,conch,2,1.0,200,human,heart,non-diseased
fibroblast of cardiac tissue.,168,coordinate,0.984107255935669,0.0876262038946151,HHDX011,conch,2,1.0,200,human,heart,non-diseased
fibroblast of cardiac tissue.,168,image,0.9796052575111388,0.0632742047309875,HHDX011,conch,2,1.0,200,human,heart,non-diseased
fibroblast of cardiac tissue.,168,spatial_knn,0.968694031238556,0.0901168957352638,HHDX011,conch,2,1.0,200,human,heart,non-diseased
fibroblast.,263,train_mean,0.9230965375900269,0.1090312898159027,HHDX011,conch,2,1.0,200,human,heart,non-diseased
fibroblast.,263,coordinate,0.9490880966186525,0.0766058415174484,HHDX011,conch,2,1.0,200,human,heart,non-diseased
fibroblast.,263,image,0.9561945796012878,0.0704810321331024,HHDX011,conch,2,1.0,200,human,heart,non-diseased
fibroblast.,263,spatial_knn,0.9280519485473632,0.0915487930178642,HHDX011,conch,2,1.0,200,human,heart,non-diseased
macrophage.,44,train_mean,0.495323121547699,0.2476254105567932,HHDX011,conch,2,1.0,200,human,heart,non-diseased
macrophage.,44,coordinate,0.5689393877983093,0.1979870647192001,HHDX011,conch,2,1.0,200,human,heart,non-diseased
macrophage.,44,image,0.593037486076355,0.1555317938327789,HHDX011,conch,2,1.0,200,human,heart,non-diseased
macrophage.,44,spatial_knn,0.4871700406074524,0.2064215093851089,HHDX011,conch,2,1.0,200,human,heart,non-diseased
myeloid cell.,20,train_mean,0.8619512915611267,0.1421707868576049,HHDX011,conch,2,1.0,200,human,heart,non-diseased
myeloid cell.,20,coordinate,0.8679578900337219,0.1280759572982788,HHDX011,conch,2,1.0,200,human,heart,non-diseased
myeloid cell.,20,image,0.8634539246559143,0.1315713971853256,HHDX011,conch,2,1.0,200,human,heart,non-diseased
myeloid cell.,20,spatial_knn,0.8537216782569885,0.141231283545494,HHDX011,conch,2,1.0,200,human,heart,non-diseased
smooth muscle cell.,63,train_mean,0.9580921530723572,0.0812152177095413,HHDX011,conch,2,1.0,200,human,heart,non-diseased
smooth muscle cell.,63,coordinate,0.9433863759040833,0.088735356926918,HHDX011,conch,2,1.0,200,human,heart,non-diseased
smooth muscle cell.,63,image,0.959436535835266,0.0770315453410148,HHDX011,conch,2,1.0,200,human,heart,non-diseased
smooth muscle cell.,63,spatial_knn,0.9450212121009828,0.0929905101656913,HHDX011,conch,2,1.0,200,human,heart,non-diseased
cardiac muscle myoblast.,48,train_mean,0.9568251967430116,0.0887614637613296,HHDX011,conch,3,1.0,200,human,heart,non-diseased
cardiac muscle myoblast.,48,coordinate,0.8367904424667358,0.1716247200965881,HHDX011,conch,3,1.0,200,human,heart,non-diseased
cardiac muscle myoblast.,48,image,0.959402084350586,0.0815427750349044,HHDX011,conch,3,1.0,200,human,heart,non-diseased
cardiac muscle myoblast.,48,spatial_knn,0.968705117702484,0.0857981443405151,HHDX011,conch,3,1.0,200,human,heart,non-diseased
endothelial cell of vascular tree.,31,train_mean,0.8783876299858093,0.140040174126625,HHDX011,conch,3,1.0,200,human,heart,non-diseased
endothelial cell of vascular tree.,31,coordinate,0.8904299736022949,0.0914645493030548,HHDX011,conch,3,1.0,200,human,heart,non-diseased
endothelial cell of vascular tree.,31,image,0.916391372680664,0.0758083313703537,HHDX011,conch,3,1.0,200,human,heart,non-diseased
endothelial cell of vascular tree.,31,spatial_knn,0.8623855710029602,0.1640907526016235,HHDX011,conch,3,1.0,200,human,heart,non-diseased
endothelial cell.,1547,train_mean,0.9858179092407228,0.0831511840224266,HHDX011,conch,3,1.0,200,human,heart,non-diseased
endothelial cell.,1547,coordinate,0.9074241518974304,0.2130404859781265,HHDX011,conch,3,1.0,200,human,heart,non-diseased
endothelial cell.,1547,image,0.9850502610206604,0.0795248076319694,HHDX011,conch,3,1.0,200,human,heart,non-diseased
endothelial cell.,1547,spatial_knn,0.9896829724311828,0.0642410293221473,HHDX011,conch,3,1.0,200,human,heart,non-diseased
fibroblast of cardiac tissue.,203,train_mean,0.970278799533844,0.1015530377626419,HHDX011,conch,3,1.0,200,human,heart,non-diseased
fibroblast of cardiac tissue.,203,coordinate,0.9339240193367004,0.2076017409563064,HHDX011,conch,3,1.0,200,human,heart,non-diseased
fibroblast of cardiac tissue.,203,image,0.9741556644439696,0.0971834510564804,HHDX011,conch,3,1.0,200,human,heart,non-diseased
fibroblast of cardiac tissue.,203,spatial_knn,0.9714573621749878,0.088795855641365,HHDX011,conch,3,1.0,200,human,heart,non-diseased
fibroblast.,259,train_mean,0.9646876454353333,0.0743786245584487,HHDX011,conch,3,1.0,200,human,heart,non-diseased
fibroblast.,259,coordinate,0.9395772814750672,0.1486756652593612,HHDX011,conch,3,1.0,200,human,heart,non-diseased
fibroblast.,259,image,0.9719140529632568,0.0702108889818191,HHDX011,conch,3,1.0,200,human,heart,non-diseased
fibroblast.,259,spatial_knn,0.9647191762924194,0.079861119389534,HHDX011,conch,3,1.0,200,human,heart,non-diseased
macrophage.,25,train_mean,0.5767233371734619,0.2286188155412674,HHDX011,conch,3,1.0,200,human,heart,non-diseased
macrophage.,25,coordinate,0.6111347675323486,0.1826268434524536,HHDX011,conch,3,1.0,200,human,heart,non-diseased
macrophage.,25,image,0.601842999458313,0.1771946102380752,HHDX011,conch,3,1.0,200,human,heart,non-diseased
macrophage.,25,spatial_knn,0.5698655247688293,0.2623348534107208,HHDX011,conch,3,1.0,200,human,heart,non-diseased
smooth muscle cell.,62,train_mean,0.9617234468460084,0.0796423405408859,HHDX011,conch,3,1.0,200,human,heart,non-diseased
smooth muscle cell.,62,coordinate,0.8913376331329346,0.1669415384531021,HHDX011,conch,3,1.0,200,human,heart,non-diseased
smooth muscle cell.,62,image,0.9604402184486388,0.0829685851931572,HHDX011,conch,3,1.0,200,human,heart,non-diseased
smooth muscle cell.,62,spatial_knn,0.9599513411521912,0.083660751581192,HHDX011,conch,3,1.0,200,human,heart,non-diseased
T cell.,57,train_mean,0.0645851865410804,0.2318529486656189,HKPD015,conch,0,1.0,200,human,kidney,mixed kidney regions
T cell.,57,coordinate,0.0625191181898117,0.2774368226528168,HKPD015,conch,0,1.0,200,human,kidney,mixed kidney regions
T cell.,57,image,0.1854796260595321,0.1893654614686966,HKPD015,conch,0,1.0,200,human,kidney,mixed kidney regions
T cell.,57,spatial_knn,0.0761330276727676,0.231091096997261,HKPD015,conch,0,1.0,200,human,kidney,mixed kidney regions
endothelial cell.,815,train_mean,0.8562907576560974,0.0893985107541084,HKPD015,conch,0,1.0,200,human,kidney,mixed kidney regions
endothelial cell.,815,coordinate,0.8320059180259705,0.1284969300031662,HKPD015,conch,0,1.0,200,human,kidney,mixed kidney regions
endothelial cell.,815,image,0.8987774848937988,0.0759223774075508,HKPD015,conch,0,1.0,200,human,kidney,mixed kidney regions
endothelial cell.,815,spatial_knn,0.8167227506637573,0.1101930066943168,HKPD015,conch,0,1.0,200,human,kidney,mixed kidney regions
fibroblast.,216,train_mean,0.1113596409559249,0.2609432935714721,HKPD015,conch,0,1.0,200,human,kidney,mixed kidney regions
fibroblast.,216,coordinate,0.1019262298941612,0.3118225932121277,HKPD015,conch,0,1.0,200,human,kidney,mixed kidney regions
fibroblast.,216,image,0.1835360676050186,0.2884336709976196,HKPD015,conch,0,1.0,200,human,kidney,mixed kidney regions
fibroblast.,216,spatial_knn,0.0841676145792007,0.2602768540382385,HKPD015,conch,0,1.0,200,human,kidney,mixed kidney regions
kidney collecting duct principal cell.,127,train_mean,0.6852399706840515,0.2227959036827087,HKPD015,conch,0,1.0,200,human,kidney,mixed kidney regions
kidney collecting duct principal cell.,127,coordinate,0.6432964205741882,0.2292119264602661,HKPD015,conch,0,1.0,200,human,kidney,mixed kidney regions
kidney collecting duct principal cell.,127,image,0.8862749338150024,0.1462478339672088,HKPD015,conch,0,1.0,200,human,kidney,mixed kidney regions
kidney collecting duct principal cell.,127,spatial_knn,0.6686272621154785,0.2253933399915695,HKPD015,conch,0,1.0,200,human,kidney,mixed kidney regions
kidney loop of Henle thick ascending limb epithelial cell.,187,train_mean,0.7912560701370239,0.1938539892435073,HKPD015,conch,0,1.0,200,human,kidney,mixed kidney regions
kidney loop of Henle thick ascending limb epithelial cell.,187,coordinate,0.7983589768409729,0.1790994107723236,HKPD015,conch,0,1.0,200,human,kidney,mixed kidney regions
kidney loop of Henle thick ascending limb epithelial cell.,187,image,0.9394323229789734,0.1099705770611763,HKPD015,conch,0,1.0,200,human,kidney,mixed kidney regions
kidney loop of Henle thick ascending limb epithelial cell.,187,spatial_knn,0.7934504747390747,0.1868501752614975,HKPD015,conch,0,1.0,200,human,kidney,mixed kidney regions
kidney proximal convoluted tubule epithelial cell.,459,train_mean,0.8958114981651306,0.2679460346698761,HKPD015,conch,0,1.0,200,human,kidney,mixed kidney regions
kidney proximal convoluted tubule epithelial cell.,459,coordinate,0.907919466495514,0.2296437472105026,HKPD015,conch,0,1.0,200,human,kidney,mixed kidney regions
kidney proximal convoluted tubule epithelial cell.,459,image,0.9850327372550964,0.0887072160840034,HKPD015,conch,0,1.0,200,human,kidney,mixed kidney regions
kidney proximal convoluted tubule epithelial cell.,459,spatial_knn,0.9019506573677064,0.2572008073329925,HKPD015,conch,0,1.0,200,human,kidney,mixed kidney regions
macrophage.,162,train_mean,0.1612555533647537,0.2158257514238357,HKPD015,conch,0,1.0,200,human,kidney,mixed kidney regions
macrophage.,162,coordinate,0.1377800852060318,0.2667438685894012,HKPD015,conch,0,1.0,200,human,kidney,mixed kidney regions
macrophage.,162,image,0.2334004789590835,0.2154367864131927,HKPD015,conch,0,1.0,200,human,kidney,mixed kidney regions
macrophage.,162,spatial_knn,0.1907587945461273,0.2141231298446655,HKPD015,conch,0,1.0,200,human,kidney,mixed kidney regions
smooth muscle cell.,132,train_mean,0.2624141573905945,0.2186810672283172,HKPD015,conch,0,1.0,200,human,kidney,mixed kidney regions
smooth muscle cell.,132,coordinate,0.2675730288028717,0.255608856678009,HKPD015,conch,0,1.0,200,human,kidney,mixed kidney regions
smooth muscle cell.,132,image,0.4924932420253753,0.1715747267007827,HKPD015,conch,0,1.0,200,human,kidney,mixed kidney regions
smooth muscle cell.,132,spatial_knn,0.2333333939313888,0.2371080219745636,HKPD015,conch,0,1.0,200,human,kidney,mixed kidney regions
stromal cell.,83,train_mean,0.158750981092453,0.2113143652677536,HKPD015,conch,0,1.0,200,human,kidney,mixed kidney regions
stromal cell.,83,coordinate,0.158881589770317,0.271345317363739,HKPD015,conch,0,1.0,200,human,kidney,mixed kidney regions
stromal cell.,83,image,0.2150168567895889,0.2339822202920913,HKPD015,conch,0,1.0,200,human,kidney,mixed kidney regions
stromal cell.,83,spatial_knn,0.1384493708610534,0.207705482840538,HKPD015,conch,0,1.0,200,human,kidney,mixed kidney regions
T cell.,40,train_mean,0.0747996494174003,0.2291181981563568,HKPD015,conch,1,1.0,200,human,kidney,mixed kidney regions
T cell.,40,coordinate,0.1128659844398498,0.2026711553335189,HKPD015,conch,1,1.0,200,human,kidney,mixed kidney regions
T cell.,40,image,0.2785509526729584,0.1649709492921829,HKPD015,conch,1,1.0,200,human,kidney,mixed kidney regions
T cell.,40,spatial_knn,0.0330031886696815,0.2387318015098571,HKPD015,conch,1,1.0,200,human,kidney,mixed kidney regions
endothelial cell.,833,train_mean,0.8595280051231384,0.0883777663111686,HKPD015,conch,1,1.0,200,human,kidney,mixed kidney regions
endothelial cell.,833,coordinate,0.8214490413665771,0.089461974799633,HKPD015,conch,1,1.0,200,human,kidney,mixed kidney regions
endothelial cell.,833,image,0.9441161751747132,0.04466213285923,HKPD015,conch,1,1.0,200,human,kidney,mixed kidney regions
endothelial cell.,833,spatial_knn,0.8061209321022034,0.107093371450901,HKPD015,conch,1,1.0,200,human,kidney,mixed kidney regions
enterocyte.,22,train_mean,0.8683251142501831,0.1288587599992752,HKPD015,conch,1,1.0,200,human,kidney,mixed kidney regions
enterocyte.,22,coordinate,0.910574734210968,0.1306074112653732,HKPD015,conch,1,1.0,200,human,kidney,mixed kidney regions
enterocyte.,22,image,0.9435243606567384,0.087986022233963,HKPD015,conch,1,1.0,200,human,kidney,mixed kidney regions
enterocyte.,22,spatial_knn,0.8283284902572632,0.1426849365234375,HKPD015,conch,1,1.0,200,human,kidney,mixed kidney regions
fibroblast.,64,train_mean,0.1948423981666565,0.2117380797863006,HKPD015,conch,1,1.0,200,human,kidney,mixed kidney regions
fibroblast.,64,coordinate,0.3483459949493408,0.1742963790893554,HKPD015,conch,1,1.0,200,human,kidney,mixed kidney regions
fibroblast.,64,image,0.5667690634727478,0.135110393166542,HKPD015,conch,1,1.0,200,human,kidney,mixed kidney regions
fibroblast.,64,spatial_knn,0.2590907216072082,0.2050452679395675,HKPD015,conch,1,1.0,200,human,kidney,mixed kidney regions
kidney collecting duct principal cell.,190,train_mean,0.5861219763755798,0.232902243733406,HKPD015,conch,1,1.0,200,human,kidney,mixed kidney regions
kidney collecting duct principal cell.,190,coordinate,0.4091066420078277,0.2706232368946075,HKPD015,conch,1,1.0,200,human,kidney,mixed kidney regions
kidney collecting duct principal cell.,190,image,0.8724306225776672,0.1479404419660568,HKPD015,conch,1,1.0,200,human,kidney,mixed kidney regions
kidney collecting duct principal cell.,190,spatial_knn,0.5818416476249695,0.2370322793722152,HKPD015,conch,1,1.0,200,human,kidney,mixed kidney regions
kidney loop of Henle thick ascending limb epithelial cell.,245,train_mean,0.7228752374649048,0.185807928442955,HKPD015,conch,1,1.0,200,human,kidney,mixed kidney regions
kidney loop of Henle thick ascending limb epithelial cell.,245,coordinate,0.5119256973266602,0.2337437123060226,HKPD015,conch,1,1.0,200,human,kidney,mixed kidney regions
kidney loop of Henle thick ascending limb epithelial cell.,245,image,0.9184779524803162,0.115713745355606,HKPD015,conch,1,1.0,200,human,kidney,mixed kidney regions
kidney loop of Henle thick ascending limb epithelial cell.,245,spatial_knn,0.7148762941360474,0.188248336315155,HKPD015,conch,1,1.0,200,human,kidney,mixed kidney regions
kidney proximal convoluted tubule epithelial cell.,536,train_mean,0.8969463109970093,0.2439225018024444,HKPD015,conch,1,1.0,200,human,kidney,mixed kidney regions
kidney proximal convoluted tubule epithelial cell.,536,coordinate,0.928441882133484,0.2641880512237549,HKPD015,conch,1,1.0,200,human,kidney,mixed kidney regions
kidney proximal convoluted tubule epithelial cell.,536,image,0.991601824760437,0.0839203596115112,HKPD015,conch,1,1.0,200,human,kidney,mixed kidney regions
kidney proximal convoluted tubule epithelial cell.,536,spatial_knn,0.8932878375053406,0.2461878508329391,HKPD015,conch,1,1.0,200,human,kidney,mixed kidney regions
macrophage.,139,train_mean,0.252584159374237,0.1875913143157959,HKPD015,conch,1,1.0,200,human,kidney,mixed kidney regions
macrophage.,139,coordinate,0.291170597076416,0.1604475975036621,HKPD015,conch,1,1.0,200,human,kidney,mixed kidney regions
macrophage.,139,image,0.4541488885879516,0.1220319643616676,HKPD015,conch,1,1.0,200,human,kidney,mixed kidney regions
macrophage.,139,spatial_knn,0.2260137200355529,0.1887150108814239,HKPD015,conch,1,1.0,200,human,kidney,mixed kidney regions
smooth muscle cell.,110,train_mean,0.2878385186195373,0.2038654834032058,HKPD015,conch,1,1.0,200,human,kidney,mixed kidney regions
smooth muscle cell.,110,coordinate,0.3469151258468628,0.1786586642265319,HKPD015,conch,1,1.0,200,human,kidney,mixed kidney regions
smooth muscle cell.,110,image,0.7278230786323547,0.1161334440112114,HKPD015,conch,1,1.0,200,human,kidney,mixed kidney regions
smooth muscle cell.,110,spatial_knn,0.2170875668525695,0.2193352878093719,HKPD015,conch,1,1.0,200,human,kidney,mixed kidney regions
stromal cell.,52,train_mean,0.2830530405044555,0.1849640011787414,HKPD015,conch,1,1.0,200,human,kidney,mixed kidney regions
stromal cell.,52,coordinate,0.3170316219329834,0.1517083793878555,HKPD015,conch,1,1.0,200,human,kidney,mixed kidney regions
stromal cell.,52,image,0.552827775478363,0.1042442694306373,HKPD015,conch,1,1.0,200,human,kidney,mixed kidney regions
stromal cell.,52,spatial_knn,0.2718464136123657,0.1904069185256958,HKPD015,conch,1,1.0,200,human,kidney,mixed kidney regions
T cell.,22,train_mean,0.2379217445850372,0.2080066502094268,HKPD015,conch,2,1.0,200,human,kidney,mixed kidney regions
T cell.,22,coordinate,0.168378546833992,0.173650324344635,HKPD015,conch,2,1.0,200,human,kidney,mixed kidney regions
T cell.,22,image,0.3101150691509247,0.1580837070941925,HKPD015,conch,2,1.0,200,human,kidney,mixed kidney regions
T cell.,22,spatial_knn,0.222281664609909,0.2116585671901703,HKPD015,conch,2,1.0,200,human,kidney,mixed kidney regions
endothelial cell.,814,train_mean,0.8437456488609314,0.0965676829218864,HKPD015,conch,2,1.0,200,human,kidney,mixed kidney regions
endothelial cell.,814,coordinate,0.6863085627555847,0.0913868695497512,HKPD015,conch,2,1.0,200,human,kidney,mixed kidney regions
endothelial cell.,814,image,0.9441953301429749,0.0423124693334102,HKPD015,conch,2,1.0,200,human,kidney,mixed kidney regions
endothelial cell.,814,spatial_knn,0.8701220750808716,0.0846288129687309,HKPD015,conch,2,1.0,200,human,kidney,mixed kidney regions
enterocyte.,23,train_mean,0.8772066831588745,0.1479114741086959,HKPD015,conch,2,1.0,200,human,kidney,mixed kidney regions
enterocyte.,23,coordinate,0.3947015106678009,0.2520593404769897,HKPD015,conch,2,1.0,200,human,kidney,mixed kidney regions
enterocyte.,23,image,0.9408127665519714,0.0977555513381958,HKPD015,conch,2,1.0,200,human,kidney,mixed kidney regions
enterocyte.,23,spatial_knn,0.8417977690696716,0.1624634563922882,HKPD015,conch,2,1.0,200,human,kidney,mixed kidney regions
fibroblast.,30,train_mean,0.3499296307563782,0.1798771768808365,HKPD015,conch,2,1.0,200,human,kidney,mixed kidney regions
fibroblast.,30,coordinate,0.4593402147293091,0.1219688802957534,HKPD015,conch,2,1.0,200,human,kidney,mixed kidney regions
fibroblast.,30,image,0.6452649831771851,0.0969851687550544,HKPD015,conch,2,1.0,200,human,kidney,mixed kidney regions
fibroblast.,30,spatial_knn,0.3686264455318451,0.1660102158784866,HKPD015,conch,2,1.0,200,human,kidney,mixed kidney regions
kidney collecting duct principal cell.,253,train_mean,0.4542602002620697,0.2710125744342804,HKPD015,conch,2,1.0,200,human,kidney,mixed kidney regions
kidney collecting duct principal cell.,253,coordinate,0.4195290803909302,0.2769079804420471,HKPD015,conch,2,1.0,200,human,kidney,mixed kidney regions
kidney collecting duct principal cell.,253,image,0.8648563027381897,0.1696218252182006,HKPD015,conch,2,1.0,200,human,kidney,mixed kidney regions
kidney collecting duct principal cell.,253,spatial_knn,0.5077011585235596,0.261698305606842,HKPD015,conch,2,1.0,200,human,kidney,mixed kidney regions
kidney loop of Henle thick ascending limb epithelial cell.,468,train_mean,0.5900561213493347,0.2333478927612304,HKPD015,conch,2,1.0,200,human,kidney,mixed kidney regions
kidney loop of Henle thick ascending limb epithelial cell.,468,coordinate,0.5091835856437683,0.2534482479095459,HKPD015,conch,2,1.0,200,human,kidney,mixed kidney regions
kidney loop of Henle thick ascending limb epithelial cell.,468,image,0.8238369822502136,0.1764900088310241,HKPD015,conch,2,1.0,200,human,kidney,mixed kidney regions
kidney loop of Henle thick ascending limb epithelial cell.,468,spatial_knn,0.7338026762008667,0.2009313255548477,HKPD015,conch,2,1.0,200,human,kidney,mixed kidney regions
kidney proximal convoluted tubule epithelial cell.,480,train_mean,0.8980671763420105,0.236891284584999,HKPD015,conch,2,1.0,200,human,kidney,mixed kidney regions
kidney proximal convoluted tubule epithelial cell.,480,coordinate,0.331012099981308,0.3601862788200378,HKPD015,conch,2,1.0,200,human,kidney,mixed kidney regions
kidney proximal convoluted tubule epithelial cell.,480,image,0.9893844127655028,0.0864827781915664,HKPD015,conch,2,1.0,200,human,kidney,mixed kidney regions
kidney proximal convoluted tubule epithelial cell.,480,spatial_knn,0.8749306797981262,0.253495991230011,HKPD015,conch,2,1.0,200,human,kidney,mixed kidney regions
macrophage.,108,train_mean,0.3168457150459289,0.1798644810914993,HKPD015,conch,2,1.0,200,human,kidney,mixed kidney regions
macrophage.,108,coordinate,0.3466185331344604,0.1278585940599441,HKPD015,conch,2,1.0,200,human,kidney,mixed kidney regions
macrophage.,108,image,0.4267223477363586,0.1241827011108398,HKPD015,conch,2,1.0,200,human,kidney,mixed kidney regions
macrophage.,108,spatial_knn,0.2840194702148437,0.1661572307348251,HKPD015,conch,2,1.0,200,human,kidney,mixed kidney regions
smooth muscle cell.,63,train_mean,0.3212994635105133,0.2069982141256332,HKPD015,conch,2,1.0,200,human,kidney,mixed kidney regions
smooth muscle cell.,63,coordinate,0.4446389973163605,0.1634545028209686,HKPD015,conch,2,1.0,200,human,kidney,mixed kidney regions
smooth muscle cell.,63,image,0.6497544050216675,0.1384897977113723,HKPD015,conch,2,1.0,200,human,kidney,mixed kidney regions
smooth muscle cell.,63,spatial_knn,0.3048103451728821,0.2019221037626266,HKPD015,conch,2,1.0,200,human,kidney,mixed kidney regions
stromal cell.,27,train_mean,0.2774024903774261,0.195075049996376,HKPD015,conch,2,1.0,200,human,kidney,mixed kidney regions
stromal cell.,27,coordinate,0.4040088951587677,0.1380206048488617,HKPD015,conch,2,1.0,200,human,kidney,mixed kidney regions
stromal cell.,27,image,0.514232873916626,0.1232334598898887,HKPD015,conch,2,1.0,200,human,kidney,mixed kidney regions
stromal cell.,27,spatial_knn,0.3003094494342804,0.185157224535942,HKPD015,conch,2,1.0,200,human,kidney,mixed kidney regions
T cell.,24,train_mean,0.2260253727436065,0.1996910870075225,HKPD015,conch,3,1.0,200,human,kidney,mixed kidney regions
T cell.,24,coordinate,0.2084504663944244,0.2661834955215454,HKPD015,conch,3,1.0,200,human,kidney,mixed kidney regions
T cell.,24,image,0.3319801986217499,0.1545996665954589,HKPD015,conch,3,1.0,200,human,kidney,mixed kidney regions
T cell.,24,spatial_knn,0.1988306790590286,0.2613750100135803,HKPD015,conch,3,1.0,200,human,kidney,mixed kidney regions
endothelial cell.,879,train_mean,0.8373058438301086,0.088899165391922,HKPD015,conch,3,1.0,200,human,kidney,mixed kidney regions
endothelial cell.,879,coordinate,0.8137494921684265,0.1622473001480102,HKPD015,conch,3,1.0,200,human,kidney,mixed kidney regions
endothelial cell.,879,image,0.9357743859291076,0.0580269955098629,HKPD015,conch,3,1.0,200,human,kidney,mixed kidney regions
endothelial cell.,879,spatial_knn,0.7700746059417725,0.1503247916698455,HKPD015,conch,3,1.0,200,human,kidney,mixed kidney regions
enterocyte.,20,train_mean,0.8890133500099182,0.2884750962257385,HKPD015,conch,3,1.0,200,human,kidney,mixed kidney regions
enterocyte.,20,coordinate,0.8565763831138611,0.2315652072429657,HKPD015,conch,3,1.0,200,human,kidney,mixed kidney regions
enterocyte.,20,image,0.9792762994766236,0.1524174064397812,HKPD015,conch,3,1.0,200,human,kidney,mixed kidney regions
enterocyte.,20,spatial_knn,0.8951336741447449,0.2482066452503204,HKPD015,conch,3,1.0,200,human,kidney,mixed kidney regions
fibroblast.,62,train_mean,0.3268882036209106,0.2051495611667633,HKPD015,conch,3,1.0,200,human,kidney,mixed kidney regions
fibroblast.,62,coordinate,0.2657889723777771,0.2847959399223327,HKPD015,conch,3,1.0,200,human,kidney,mixed kidney regions
fibroblast.,62,image,0.6249749660491943,0.1546986848115921,HKPD015,conch,3,1.0,200,human,kidney,mixed kidney regions
fibroblast.,62,spatial_knn,0.2538729310035705,0.2558554410934448,HKPD015,conch,3,1.0,200,human,kidney,mixed kidney regions
kidney collecting duct principal cell.,221,train_mean,0.5517539978027344,0.2490881532430648,HKPD015,conch,3,1.0,200,human,kidney,mixed kidney regions
kidney collecting duct principal cell.,221,coordinate,0.6503491997718811,0.2329057306051254,HKPD015,conch,3,1.0,200,human,kidney,mixed kidney regions
kidney collecting duct principal cell.,221,image,0.8933300375938416,0.155879408121109,HKPD015,conch,3,1.0,200,human,kidney,mixed kidney regions
kidney collecting duct principal cell.,221,spatial_knn,0.59907066822052,0.2429295629262924,HKPD015,conch,3,1.0,200,human,kidney,mixed kidney regions
kidney loop of Henle thick ascending limb epithelial cell.,316,train_mean,0.7126197814941406,0.2081628292798996,HKPD015,conch,3,1.0,200,human,kidney,mixed kidney regions
kidney loop of Henle thick ascending limb epithelial cell.,316,coordinate,0.8311816453933716,0.1642136126756668,HKPD015,conch,3,1.0,200,human,kidney,mixed kidney regions
kidney loop of Henle thick ascending limb epithelial cell.,316,image,0.9258636832237244,0.1388148665428161,HKPD015,conch,3,1.0,200,human,kidney,mixed kidney regions
kidney loop of Henle thick ascending limb epithelial cell.,316,spatial_knn,0.6694061756134033,0.2195518016815185,HKPD015,conch,3,1.0,200,human,kidney,mixed kidney regions
kidney proximal convoluted tubule epithelial cell.,525,train_mean,0.9013351202011108,0.3077722191810608,HKPD015,conch,3,1.0,200,human,kidney,mixed kidney regions
kidney proximal convoluted tubule epithelial cell.,525,coordinate,0.8569719791412354,0.2545650005340576,HKPD015,conch,3,1.0,200,human,kidney,mixed kidney regions
kidney proximal convoluted tubule epithelial cell.,525,image,0.9899169206619264,0.146384909749031,HKPD015,conch,3,1.0,200,human,kidney,mixed kidney regions
kidney proximal convoluted tubule epithelial cell.,525,spatial_knn,0.9243649244308472,0.2486311495304107,HKPD015,conch,3,1.0,200,human,kidney,mixed kidney regions
macrophage.,96,train_mean,0.271705150604248,0.1772437393665313,HKPD015,conch,3,1.0,200,human,kidney,mixed kidney regions
macrophage.,96,coordinate,0.1906822323799133,0.2666977345943451,HKPD015,conch,3,1.0,200,human,kidney,mixed kidney regions
macrophage.,96,image,0.4652095735073089,0.1164393126964569,HKPD015,conch,3,1.0,200,human,kidney,mixed kidney regions
macrophage.,96,spatial_knn,0.1909262835979461,0.24601811170578,HKPD015,conch,3,1.0,200,human,kidney,mixed kidney regions
smooth muscle cell.,118,train_mean,0.3529978394508362,0.1970222294330597,HKPD015,conch,3,1.0,200,human,kidney,mixed kidney regions
smooth muscle cell.,118,coordinate,0.2918826341629028,0.2736976742744446,HKPD015,conch,3,1.0,200,human,kidney,mixed kidney regions
smooth muscle cell.,118,image,0.6919412016868591,0.136112555861473,HKPD015,conch,3,1.0,200,human,kidney,mixed kidney regions
smooth muscle cell.,118,spatial_knn,0.2860383093357086,0.24224753677845,HKPD015,conch,3,1.0,200,human,kidney,mixed kidney regions
stromal cell.,36,train_mean,0.2659947276115417,0.1927800178527832,HKPD015,conch,3,1.0,200,human,kidney,mixed kidney regions
stromal cell.,36,coordinate,0.2284778505563736,0.2757814824581146,HKPD015,conch,3,1.0,200,human,kidney,mixed kidney regions
stromal cell.,36,image,0.474627137184143,0.1406283974647522,HKPD015,conch,3,1.0,200,human,kidney,mixed kidney regions
stromal cell.,36,spatial_knn,0.2024477571249008,0.2562985122203827,HKPD015,conch,3,1.0,200,human,kidney,mixed kidney regions
B cell.,24,train_mean,0.5730683207511902,0.2183053344488144,HLCD033,conch,0,1.0,200,human,lung,lung cancer
B cell.,24,coordinate,0.6142343282699585,0.2058755606412887,HLCD033,conch,0,1.0,200,human,lung,lung cancer
B cell.,24,image,0.7075061798095703,0.1283829361200332,HLCD033,conch,0,1.0,200,human,lung,lung cancer
B cell.,24,spatial_knn,0.6908055543899536,0.1745572537183761,HLCD033,conch,0,1.0,200,human,lung,lung cancer
"CD8-positive, alpha-beta T cell.",22,train_mean,0.7663082480430603,0.1660499721765518,HLCD033,conch,0,1.0,200,human,lung,lung cancer
"CD8-positive, alpha-beta T cell.",22,coordinate,0.7308134436607361,0.1520518958568573,HLCD033,conch,0,1.0,200,human,lung,lung cancer
"CD8-positive, alpha-beta T cell.",22,image,0.8059818148612976,0.1615622490644455,HLCD033,conch,0,1.0,200,human,lung,lung cancer
"CD8-positive, alpha-beta T cell.",22,spatial_knn,0.75432288646698,0.1834368258714676,HLCD033,conch,0,1.0,200,human,lung,lung cancer
T cell.,147,train_mean,0.7242172360420227,0.1554235965013504,HLCD033,conch,0,1.0,200,human,lung,lung cancer
T cell.,147,coordinate,0.7479715347290039,0.1435319185256958,HLCD033,conch,0,1.0,200,human,lung,lung cancer
T cell.,147,image,0.8334468007087708,0.1182747855782508,HLCD033,conch,0,1.0,200,human,lung,lung cancer
T cell.,147,spatial_knn,0.7728814482688904,0.1774481832981109,HLCD033,conch,0,1.0,200,human,lung,lung cancer
dendritic cell.,148,train_mean,0.834357500076294,0.1936416923999786,HLCD033,conch,0,1.0,200,human,lung,lung cancer
dendritic cell.,148,coordinate,0.7697257995605469,0.2278329282999038,HLCD033,conch,0,1.0,200,human,lung,lung cancer
dendritic cell.,148,image,0.963262140750885,0.0966847091913223,HLCD033,conch,0,1.0,200,human,lung,lung cancer
dendritic cell.,148,spatial_knn,0.959153175354004,0.0984805226325988,HLCD033,conch,0,1.0,200,human,lung,lung cancer
endothelial cell.,991,train_mean,0.9254587888717652,0.1485267132520675,HLCD033,conch,0,1.0,200,human,lung,lung cancer
endothelial cell.,991,coordinate,0.8012484908103943,0.2197440415620803,HLCD033,conch,0,1.0,200,human,lung,lung cancer
endothelial cell.,991,image,0.9686439037322998,0.0894749984145164,HLCD033,conch,0,1.0,200,human,lung,lung cancer
endothelial cell.,991,spatial_knn,0.9339252710342408,0.1270050257444381,HLCD033,conch,0,1.0,200,human,lung,lung cancer
fibroblast of cardiac tissue.,74,train_mean,0.5887452960014343,0.2476278394460678,HLCD033,conch,0,1.0,200,human,lung,lung cancer
fibroblast of cardiac tissue.,74,coordinate,0.7708896398544312,0.1970954984426498,HLCD033,conch,0,1.0,200,human,lung,lung cancer
fibroblast of cardiac tissue.,74,image,0.8286349177360535,0.1749955862760543,HLCD033,conch,0,1.0,200,human,lung,lung cancer
fibroblast of cardiac tissue.,74,spatial_knn,0.680924654006958,0.2211689502000808,HLCD033,conch,0,1.0,200,human,lung,lung cancer
fibroblast.,136,train_mean,0.6936807632446289,0.193690687417984,HLCD033,conch,0,1.0,200,human,lung,lung cancer
fibroblast.,136,coordinate,0.8223623633384705,0.1456655412912368,HLCD033,conch,0,1.0,200,human,lung,lung cancer
fibroblast.,136,image,0.8614911437034607,0.1379930227994918,HLCD033,conch,0,1.0,200,human,lung,lung cancer
fibroblast.,136,spatial_knn,0.7652302384376526,0.1683199405670166,HLCD033,conch,0,1.0,200,human,lung,lung cancer
immature innate lymphoid cell.,77,train_mean,0.618015468120575,0.2643055319786072,HLCD033,conch,0,1.0,200,human,lung,lung cancer
immature innate lymphoid cell.,77,coordinate,0.6299012899398804,0.264051079750061,HLCD033,conch,0,1.0,200,human,lung,lung cancer
immature innate lymphoid cell.,77,image,0.8454115390777588,0.196789801120758,HLCD033,conch,0,1.0,200,human,lung,lung cancer
immature innate lymphoid cell.,77,spatial_knn,0.6965176463127136,0.2428871393203735,HLCD033,conch,0,1.0,200,human,lung,lung cancer
macrophage.,429,train_mean,0.7343910336494446,0.1563650518655777,HLCD033,conch,0,1.0,200,human,lung,lung cancer
macrophage.,429,coordinate,0.5741592645645142,0.1979768723249435,HLCD033,conch,0,1.0,200,human,lung,lung cancer
macrophage.,429,image,0.8809019923210144,0.1079305708408355,HLCD033,conch,0,1.0,200,human,lung,lung cancer
macrophage.,429,spatial_knn,0.7378423810005188,0.1604687869548797,HLCD033,conch,0,1.0,200,human,lung,lung cancer
monocyte.,65,train_mean,0.6405805349349976,0.2806206941604614,HLCD033,conch,0,1.0,200,human,lung,lung cancer
monocyte.,65,coordinate,0.4839427769184112,0.3294491171836853,HLCD033,conch,0,1.0,200,human,lung,lung cancer
monocyte.,65,image,0.8559419512748718,0.2114506810903549,HLCD033,conch,0,1.0,200,human,lung,lung cancer
monocyte.,65,spatial_knn,0.6660483479499817,0.25466388463974,HLCD033,conch,0,1.0,200,human,lung,lung cancer
natural killer cell.,72,train_mean,0.6966215372085571,0.1583075821399688,HLCD033,conch,0,1.0,200,human,lung,lung cancer
natural killer cell.,72,coordinate,0.5981854796409607,0.1714067161083221,HLCD033,conch,0,1.0,200,human,lung,lung cancer
natural killer cell.,72,image,0.8379268050193787,0.1114999055862426,HLCD033,conch,0,1.0,200,human,lung,lung cancer
natural killer cell.,72,spatial_knn,0.6681117415428162,0.1956145316362381,HLCD033,conch,0,1.0,200,human,lung,lung cancer
plasma cell.,35,train_mean,0.3827182352542877,0.2489096820354461,HLCD033,conch,0,1.0,200,human,lung,lung cancer
plasma cell.,35,coordinate,0.4782280623912811,0.2304024249315261,HLCD033,conch,0,1.0,200,human,lung,lung cancer
plasma cell.,35,image,0.4851666092872619,0.2091394662857055,HLCD033,conch,0,1.0,200,human,lung,lung cancer
plasma cell.,35,spatial_knn,0.4919409155845642,0.2375974208116531,HLCD033,conch,0,1.0,200,human,lung,lung cancer
smooth muscle cell.,69,train_mean,0.5682535767555237,0.2578654587268829,HLCD033,conch,0,1.0,200,human,lung,lung cancer
smooth muscle cell.,69,coordinate,0.7781507968902588,0.1662251502275467,HLCD033,conch,0,1.0,200,human,lung,lung cancer
smooth muscle cell.,69,image,0.7983148694038391,0.1725945025682449,HLCD033,conch,0,1.0,200,human,lung,lung cancer
smooth muscle cell.,69,spatial_knn,0.7977705001831055,0.1678267419338226,HLCD033,conch,0,1.0,200,human,lung,lung cancer
B cell.,54,train_mean,0.6020252704620361,0.225570872426033,HLCD033,conch,1,1.0,200,human,lung,lung cancer
B cell.,54,coordinate,0.6185937523841858,0.2153309285640716,HLCD033,conch,1,1.0,200,human,lung,lung cancer
B cell.,54,image,0.7494262456893921,0.1418870389461517,HLCD033,conch,1,1.0,200,human,lung,lung cancer
B cell.,54,spatial_knn,0.6712111234664917,0.1832168102264404,HLCD033,conch,1,1.0,200,human,lung,lung cancer
"CD8-positive, alpha-beta T cell.",31,train_mean,0.7225348949432373,0.1833513230085373,HLCD033,conch,1,1.0,200,human,lung,lung cancer
"CD8-positive, alpha-beta T cell.",31,coordinate,0.7194347977638245,0.1743340939283371,HLCD033,conch,1,1.0,200,human,lung,lung cancer
"CD8-positive, alpha-beta T cell.",31,image,0.7819898724555969,0.1983229517936706,HLCD033,conch,1,1.0,200,human,lung,lung cancer
"CD8-positive, alpha-beta T cell.",31,spatial_knn,0.6743481755256653,0.1718739569187164,HLCD033,conch,1,1.0,200,human,lung,lung cancer
T cell.,197,train_mean,0.6470677852630615,0.1746519804000854,HLCD033,conch,1,1.0,200,human,lung,lung cancer
T cell.,197,coordinate,0.6637646555900574,0.1713036000728607,HLCD033,conch,1,1.0,200,human,lung,lung cancer
T cell.,197,image,0.8094795346260071,0.1281776875257492,HLCD033,conch,1,1.0,200,human,lung,lung cancer
T cell.,197,spatial_knn,0.5884116291999817,0.1719994843006134,HLCD033,conch,1,1.0,200,human,lung,lung cancer
dendritic cell.,232,train_mean,0.779094934463501,0.1884017884731292,HLCD033,conch,1,1.0,200,human,lung,lung cancer
dendritic cell.,232,coordinate,0.6641033291816711,0.2321929782629013,HLCD033,conch,1,1.0,200,human,lung,lung cancer
dendritic cell.,232,image,0.9557204842567444,0.0892403423786163,HLCD033,conch,1,1.0,200,human,lung,lung cancer
dendritic cell.,232,spatial_knn,0.4954029023647308,0.2705169022083282,HLCD033,conch,1,1.0,200,human,lung,lung cancer
endothelial cell.,848,train_mean,0.8646389245986938,0.2139210551977157,HLCD033,conch,1,1.0,200,human,lung,lung cancer
endothelial cell.,848,coordinate,0.7433384656906128,0.261162519454956,HLCD033,conch,1,1.0,200,human,lung,lung cancer
endothelial cell.,848,image,0.9692277908325196,0.0879307761788368,HLCD033,conch,1,1.0,200,human,lung,lung cancer
endothelial cell.,848,spatial_knn,0.5407010912895203,0.3106120526790619,HLCD033,conch,1,1.0,200,human,lung,lung cancer
epithelial cell.,22,train_mean,0.6294688582420349,0.4183622598648071,HLCD033,conch,1,1.0,200,human,lung,lung cancer
epithelial cell.,22,coordinate,0.6301423907279968,0.4194794595241546,HLCD033,conch,1,1.0,200,human,lung,lung cancer
epithelial cell.,22,image,0.9698176980018616,0.1377554982900619,HLCD033,conch,1,1.0,200,human,lung,lung cancer
epithelial cell.,22,spatial_knn,0.2405055612325668,0.512793242931366,HLCD033,conch,1,1.0,200,human,lung,lung cancer
fibroblast of cardiac tissue.,45,train_mean,0.5930900573730469,0.2501713037490845,HLCD033,conch,1,1.0,200,human,lung,lung cancer
fibroblast of cardiac tissue.,45,coordinate,0.6500803828239441,0.2332025915384292,HLCD033,conch,1,1.0,200,human,lung,lung cancer
fibroblast of cardiac tissue.,45,image,0.833148717880249,0.1763706356287002,HLCD033,conch,1,1.0,200,human,lung,lung cancer
fibroblast of cardiac tissue.,45,spatial_knn,0.7166979312896729,0.2124290466308593,HLCD033,conch,1,1.0,200,human,lung,lung cancer
fibroblast.,139,train_mean,0.6137075424194336,0.2244467586278915,HLCD033,conch,1,1.0,200,human,lung,lung cancer
fibroblast.,139,coordinate,0.7860981822013855,0.1694519966840744,HLCD033,conch,1,1.0,200,human,lung,lung cancer
fibroblast.,139,image,0.8268230557441711,0.1603962033987045,HLCD033,conch,1,1.0,200,human,lung,lung cancer
fibroblast.,139,spatial_knn,0.7716301679611206,0.1790148913860321,HLCD033,conch,1,1.0,200,human,lung,lung cancer
immature innate lymphoid cell.,57,train_mean,0.6165933012962341,0.243277907371521,HLCD033,conch,1,1.0,200,human,lung,lung cancer
immature innate lymphoid cell.,57,coordinate,0.7255222201347351,0.2142914682626724,HLCD033,conch,1,1.0,200,human,lung,lung cancer
immature innate lymphoid cell.,57,image,0.8572909235954285,0.1719127297401428,HLCD033,conch,1,1.0,200,human,lung,lung cancer
immature innate lymphoid cell.,57,spatial_knn,0.8179859519004822,0.1882938295602798,HLCD033,conch,1,1.0,200,human,lung,lung cancer
macrophage.,491,train_mean,0.7569075226783752,0.1402173042297363,HLCD033,conch,1,1.0,200,human,lung,lung cancer
macrophage.,491,coordinate,0.6658541560173035,0.1702619642019271,HLCD033,conch,1,1.0,200,human,lung,lung cancer
macrophage.,491,image,0.9240124821662904,0.0835227221250534,HLCD033,conch,1,1.0,200,human,lung,lung cancer
macrophage.,491,spatial_knn,0.8618054986000061,0.1039235815405845,HLCD033,conch,1,1.0,200,human,lung,lung cancer
monocyte.,57,train_mean,0.6167905926704407,0.27174112200737,HLCD033,conch,1,1.0,200,human,lung,lung cancer
monocyte.,57,coordinate,0.4936486780643463,0.3158687949180603,HLCD033,conch,1,1.0,200,human,lung,lung cancer
monocyte.,57,image,0.8163415789604187,0.1948490291833877,HLCD033,conch,1,1.0,200,human,lung,lung cancer
monocyte.,57,spatial_knn,0.59231036901474,0.2860538959503174,HLCD033,conch,1,1.0,200,human,lung,lung cancer
natural killer cell.,85,train_mean,0.739940345287323,0.1466792523860931,HLCD033,conch,1,1.0,200,human,lung,lung cancer
natural killer cell.,85,coordinate,0.6942867636680603,0.1608643978834152,HLCD033,conch,1,1.0,200,human,lung,lung cancer
natural killer cell.,85,image,0.8569139838218689,0.1133207231760025,HLCD033,conch,1,1.0,200,human,lung,lung cancer
natural killer cell.,85,spatial_knn,0.7206700444221497,0.1476354002952575,HLCD033,conch,1,1.0,200,human,lung,lung cancer
plasma cell.,37,train_mean,0.2867609858512878,0.263067364692688,HLCD033,conch,1,1.0,200,human,lung,lung cancer
plasma cell.,37,coordinate,0.4258730709552765,0.254025936126709,HLCD033,conch,1,1.0,200,human,lung,lung cancer
plasma cell.,37,image,0.3922035098075866,0.2218978255987167,HLCD033,conch,1,1.0,200,human,lung,lung cancer
plasma cell.,37,spatial_knn,0.3035224378108978,0.2423080801963806,HLCD033,conch,1,1.0,200,human,lung,lung cancer
B cell.,44,train_mean,0.5586541891098022,0.265866070985794,HLCD033,conch,2,1.0,200,human,lung,lung cancer
B cell.,44,coordinate,0.5625278949737549,0.3220744729042053,HLCD033,conch,2,1.0,200,human,lung,lung cancer
B cell.,44,image,0.7597728967666626,0.1134803816676139,HLCD033,conch,2,1.0,200,human,lung,lung cancer
B cell.,44,spatial_knn,0.5908912420272827,0.2648498117923736,HLCD033,conch,2,1.0,200,human,lung,lung cancer
"CD8-positive, alpha-beta T cell.",36,train_mean,0.6339899301528931,0.2718226909637451,HLCD033,conch,2,1.0,200,human,lung,lung cancer
"CD8-positive, alpha-beta T cell.",36,coordinate,0.5915858149528503,0.3240358531475067,HLCD033,conch,2,1.0,200,human,lung,lung cancer
"CD8-positive, alpha-beta T cell.",36,image,0.694699764251709,0.1810136884450912,HLCD033,conch,2,1.0,200,human,lung,lung cancer
"CD8-positive, alpha-beta T cell.",36,spatial_knn,0.6061697602272034,0.3071292340755462,HLCD033,conch,2,1.0,200,human,lung,lung cancer
T cell.,157,train_mean,0.5687477588653564,0.2117338478565216,HLCD033,conch,2,1.0,200,human,lung,lung cancer
T cell.,157,coordinate,0.533531129360199,0.2584706544876098,HLCD033,conch,2,1.0,200,human,lung,lung cancer
T cell.,157,image,0.8148478269577026,0.1043449789285659,HLCD033,conch,2,1.0,200,human,lung,lung cancer
T cell.,157,spatial_knn,0.5815590620040894,0.2302597612142563,HLCD033,conch,2,1.0,200,human,lung,lung cancer
dendritic cell.,88,train_mean,0.851850688457489,0.1367160677909851,HLCD033,conch,2,1.0,200,human,lung,lung cancer
dendritic cell.,88,coordinate,0.8438851833343506,0.1400754749774933,HLCD033,conch,2,1.0,200,human,lung,lung cancer
dendritic cell.,88,image,0.9165233373641968,0.1134598925709724,HLCD033,conch,2,1.0,200,human,lung,lung cancer
dendritic cell.,88,spatial_knn,0.8063936233520508,0.1543644815683365,HLCD033,conch,2,1.0,200,human,lung,lung cancer
endothelial cell.,799,train_mean,0.8578007817268372,0.1214473992586135,HLCD033,conch,2,1.0,200,human,lung,lung cancer
endothelial cell.,799,coordinate,0.8939288854598999,0.1070853993296623,HLCD033,conch,2,1.0,200,human,lung,lung cancer
endothelial cell.,799,image,0.9568110704421996,0.0742109939455986,HLCD033,conch,2,1.0,200,human,lung,lung cancer
endothelial cell.,799,spatial_knn,0.8787628412246704,0.1109648868441581,HLCD033,conch,2,1.0,200,human,lung,lung cancer
fibroblast of cardiac tissue.,63,train_mean,0.5328341126441956,0.252999484539032,HLCD033,conch,2,1.0,200,human,lung,lung cancer
fibroblast of cardiac tissue.,63,coordinate,0.6362369656562805,0.2277965694665908,HLCD033,conch,2,1.0,200,human,lung,lung cancer
fibroblast of cardiac tissue.,63,image,0.8253545761108398,0.1471728980541229,HLCD033,conch,2,1.0,200,human,lung,lung cancer
fibroblast of cardiac tissue.,63,spatial_knn,0.6714562177658081,0.2003930211067199,HLCD033,conch,2,1.0,200,human,lung,lung cancer
fibroblast.,299,train_mean,0.5464142560958862,0.2428868561983108,HLCD033,conch,2,1.0,200,human,lung,lung cancer
fibroblast.,299,coordinate,0.5340737104415894,0.2626217007637024,HLCD033,conch,2,1.0,200,human,lung,lung cancer
fibroblast.,299,image,0.7677143216133118,0.1680627912282943,HLCD033,conch,2,1.0,200,human,lung,lung cancer
fibroblast.,299,spatial_knn,0.5986053347587585,0.2239383608102798,HLCD033,conch,2,1.0,200,human,lung,lung cancer
immature innate lymphoid cell.,47,train_mean,0.6602597832679749,0.2146465629339218,HLCD033,conch,2,1.0,200,human,lung,lung cancer
immature innate lymphoid cell.,47,coordinate,0.5933822393417358,0.2551627457141876,HLCD033,conch,2,1.0,200,human,lung,lung cancer
immature innate lymphoid cell.,47,image,0.8553944230079651,0.1730558425188064,HLCD033,conch,2,1.0,200,human,lung,lung cancer
immature innate lymphoid cell.,47,spatial_knn,0.6558847427368164,0.2209616601467132,HLCD033,conch,2,1.0,200,human,lung,lung cancer
macrophage.,523,train_mean,0.667328417301178,0.1808469146490097,HLCD033,conch,2,1.0,200,human,lung,lung cancer
macrophage.,523,coordinate,0.7630864381790161,0.1716278195381164,HLCD033,conch,2,1.0,200,human,lung,lung cancer
macrophage.,523,image,0.8332909345626831,0.1249343231320381,HLCD033,conch,2,1.0,200,human,lung,lung cancer
macrophage.,523,spatial_knn,0.7476825714111328,0.1588771790266037,HLCD033,conch,2,1.0,200,human,lung,lung cancer
monocyte.,48,train_mean,0.5501925945281982,0.2486118227243423,HLCD033,conch,2,1.0,200,human,lung,lung cancer
monocyte.,48,coordinate,0.6521641612052917,0.2235883325338363,HLCD033,conch,2,1.0,200,human,lung,lung cancer
monocyte.,48,image,0.752859354019165,0.2054687440395355,HLCD033,conch,2,1.0,200,human,lung,lung cancer
monocyte.,48,spatial_knn,0.654064953327179,0.2216623127460479,HLCD033,conch,2,1.0,200,human,lung,lung cancer
natural killer cell.,76,train_mean,0.6427717804908752,0.1936970800161361,HLCD033,conch,2,1.0,200,human,lung,lung cancer
natural killer cell.,76,coordinate,0.6561529636383057,0.2180505543947219,HLCD033,conch,2,1.0,200,human,lung,lung cancer
natural killer cell.,76,image,0.8398348093032837,0.0973232090473175,HLCD033,conch,2,1.0,200,human,lung,lung cancer
natural killer cell.,76,spatial_knn,0.6959332227706909,0.1788543462753296,HLCD033,conch,2,1.0,200,human,lung,lung cancer
smooth muscle cell.,22,train_mean,0.5805222988128662,0.240607276558876,HLCD033,conch,2,1.0,200,human,lung,lung cancer
smooth muscle cell.,22,coordinate,0.6000219583511353,0.2457384616136551,HLCD033,conch,2,1.0,200,human,lung,lung cancer
smooth muscle cell.,22,image,0.7724459767341614,0.1361325830221176,HLCD033,conch,2,1.0,200,human,lung,lung cancer
smooth muscle cell.,22,spatial_knn,0.692982017993927,0.170050710439682,HLCD033,conch,2,1.0,200,human,lung,lung cancer
"CD8-positive, alpha-beta T cell.",20,train_mean,0.500849723815918,0.276865541934967,HLCD033,conch,3,1.0,200,human,lung,lung cancer
"CD8-positive, alpha-beta T cell.",20,coordinate,0.4515442550182342,0.3351536393165588,HLCD033,conch,3,1.0,200,human,lung,lung cancer
"CD8-positive, alpha-beta T cell.",20,image,0.6381718516349792,0.2061494588851928,HLCD033,conch,3,1.0,200,human,lung,lung cancer
"CD8-positive, alpha-beta T cell.",20,spatial_knn,0.5622192025184631,0.2466417849063873,HLCD033,conch,3,1.0,200,human,lung,lung cancer
T cell.,57,train_mean,0.4540367424488067,0.2575737535953522,HLCD033,conch,3,1.0,200,human,lung,lung cancer
T cell.,57,coordinate,0.4010007083415985,0.2997198700904846,HLCD033,conch,3,1.0,200,human,lung,lung cancer
T cell.,57,image,0.669405460357666,0.1721517741680145,HLCD033,conch,3,1.0,200,human,lung,lung cancer
T cell.,57,spatial_knn,0.4710290729999542,0.2355477660894394,HLCD033,conch,3,1.0,200,human,lung,lung cancer
dendritic cell.,35,train_mean,0.630659282207489,0.2328662723302841,HLCD033,conch,3,1.0,200,human,lung,lung cancer
dendritic cell.,35,coordinate,0.6864370703697205,0.2372262477874755,HLCD033,conch,3,1.0,200,human,lung,lung cancer
dendritic cell.,35,image,0.7912012934684753,0.1789549738168716,HLCD033,conch,3,1.0,200,human,lung,lung cancer
dendritic cell.,35,spatial_knn,0.6031886339187622,0.2317152172327041,HLCD033,conch,3,1.0,200,human,lung,lung cancer
endothelial cell.,1201,train_mean,0.6189168095588684,0.2195423990488052,HLCD033,conch,3,1.0,200,human,lung,lung cancer
endothelial cell.,1201,coordinate,0.7942545413970947,0.2110975384712219,HLCD033,conch,3,1.0,200,human,lung,lung cancer
endothelial cell.,1201,image,0.8489629030227661,0.1478909850120544,HLCD033,conch,3,1.0,200,human,lung,lung cancer
endothelial cell.,1201,spatial_knn,0.8472157120704651,0.1414729058742523,HLCD033,conch,3,1.0,200,human,lung,lung cancer
fibroblast of cardiac tissue.,131,train_mean,0.4469372034072876,0.2905783057212829,HLCD033,conch,3,1.0,200,human,lung,lung cancer
fibroblast of cardiac tissue.,131,coordinate,0.4852554500102997,0.321328192949295,HLCD033,conch,3,1.0,200,human,lung,lung cancer
fibroblast of cardiac tissue.,131,image,0.7073714137077332,0.2179324477910995,HLCD033,conch,3,1.0,200,human,lung,lung cancer
fibroblast of cardiac tissue.,131,spatial_knn,0.603914737701416,0.2399867624044418,HLCD033,conch,3,1.0,200,human,lung,lung cancer
fibroblast.,267,train_mean,0.4814208447933197,0.2640765309333801,HLCD033,conch,3,1.0,200,human,lung,lung cancer
fibroblast.,267,coordinate,0.534899890422821,0.2868079245090484,HLCD033,conch,3,1.0,200,human,lung,lung cancer
fibroblast.,267,image,0.7322576642036438,0.1853009760379791,HLCD033,conch,3,1.0,200,human,lung,lung cancer
fibroblast.,267,spatial_knn,0.5915073156356812,0.2274309545755386,HLCD033,conch,3,1.0,200,human,lung,lung cancer
macrophage.,322,train_mean,0.5678340196609497,0.2201768010854721,HLCD033,conch,3,1.0,200,human,lung,lung cancer
macrophage.,322,coordinate,0.6603453755378723,0.232779785990715,HLCD033,conch,3,1.0,200,human,lung,lung cancer
macrophage.,322,image,0.843136727809906,0.1299188435077667,HLCD033,conch,3,1.0,200,human,lung,lung cancer
macrophage.,322,spatial_knn,0.8200007081031799,0.1390201300382614,HLCD033,conch,3,1.0,200,human,lung,lung cancer
natural killer cell.,44,train_mean,0.5385463237762451,0.2467694282531738,HLCD033,conch,3,1.0,200,human,lung,lung cancer
natural killer cell.,44,coordinate,0.4761894643306732,0.2794162034988403,HLCD033,conch,3,1.0,200,human,lung,lung cancer
natural killer cell.,44,image,0.7201995849609375,0.1653259098529815,HLCD033,conch,3,1.0,200,human,lung,lung cancer
natural killer cell.,44,spatial_knn,0.5885307788848877,0.2131836712360382,HLCD033,conch,3,1.0,200,human,lung,lung cancer
pericyte.,20,train_mean,0.4623893797397613,0.3081046938896179,HLCD033,conch,3,1.0,200,human,lung,lung cancer
pericyte.,20,coordinate,0.4260039925575256,0.3789248764514923,HLCD033,conch,3,1.0,200,human,lung,lung cancer
pericyte.,20,image,0.7022148966789246,0.2252749949693679,HLCD033,conch,3,1.0,200,human,lung,lung cancer
pericyte.,20,spatial_knn,0.575594961643219,0.2630430161952972,HLCD033,conch,3,1.0,200,human,lung,lung cancer
smooth muscle cell.,149,train_mean,0.5030488967895508,0.2866526544094085,HLCD033,conch,3,1.0,200,human,lung,lung cancer
smooth muscle cell.,149,coordinate,0.4364349246025085,0.3563081920146942,HLCD033,conch,3,1.0,200,human,lung,lung cancer
smooth muscle cell.,149,image,0.7538536190986633,0.2020673006772995,HLCD033,conch,3,1.0,200,human,lung,lung cancer
smooth muscle cell.,149,spatial_knn,0.5963659286499023,0.2521629929542541,HLCD033,conch,3,1.0,200,human,lung,lung cancer
"CD8-positive, alpha-beta T cell.",47,train_mean,0.0323934704065322,0.1925249546766281,HLCX022,conch,0,1.0,200,human,lung,lung cancer
"CD8-positive, alpha-beta T cell.",47,coordinate,0.3366686105728149,0.1272937357425689,HLCX022,conch,0,1.0,200,human,lung,lung cancer
"CD8-positive, alpha-beta T cell.",47,image,0.8563319444656372,0.0760929957032203,HLCX022,conch,0,1.0,200,human,lung,lung cancer
"CD8-positive, alpha-beta T cell.",47,spatial_knn,-0.0155883356928825,0.2463473081588745,HLCX022,conch,0,1.0,200,human,lung,lung cancer
T cell.,208,train_mean,0.0378251299262046,0.2046548128128051,HLCX022,conch,0,1.0,200,human,lung,lung cancer
T cell.,208,coordinate,0.3147774636745453,0.1489539146423339,HLCX022,conch,0,1.0,200,human,lung,lung cancer
T cell.,208,image,0.7863230109214783,0.1036062464118003,HLCX022,conch,0,1.0,200,human,lung,lung cancer
T cell.,208,spatial_knn,-0.0504558011889457,0.2628702819347381,HLCX022,conch,0,1.0,200,human,lung,lung cancer
ciliated cell.,43,train_mean,0.403478592634201,0.2275782078504562,HLCX022,conch,0,1.0,200,human,lung,lung cancer
ciliated cell.,43,coordinate,0.3451572358608246,0.2312000393867492,HLCX022,conch,0,1.0,200,human,lung,lung cancer
ciliated cell.,43,image,0.4446353614330292,0.2266185283660888,HLCX022,conch,0,1.0,200,human,lung,lung cancer
ciliated cell.,43,spatial_knn,0.0212887004017829,0.2653034329414367,HLCX022,conch,0,1.0,200,human,lung,lung cancer
endothelial cell.,546,train_mean,0.851625382900238,0.077099971473217,HLCX022,conch,0,1.0,200,human,lung,lung cancer
endothelial cell.,546,coordinate,0.4077813625335693,0.1552039533853531,HLCX022,conch,0,1.0,200,human,lung,lung cancer
endothelial cell.,546,image,0.9214681386947632,0.0670564994215965,HLCX022,conch,0,1.0,200,human,lung,lung cancer
endothelial cell.,546,spatial_knn,0.8846051096916199,0.0730559974908828,HLCX022,conch,0,1.0,200,human,lung,lung cancer
enterocyte.,177,train_mean,0.9349908232688904,0.1333032548427581,HLCX022,conch,0,1.0,200,human,lung,lung cancer
enterocyte.,177,coordinate,0.4960249960422516,0.2357340157032013,HLCX022,conch,0,1.0,200,human,lung,lung cancer
enterocyte.,177,image,0.9840680956840516,0.0644829794764518,HLCX022,conch,0,1.0,200,human,lung,lung cancer
enterocyte.,177,spatial_knn,0.9402508735656738,0.0994049087166786,HLCX022,conch,0,1.0,200,human,lung,lung cancer
epithelial cell of lower respiratory tract.,56,train_mean,0.9380837082862854,0.1457651108503341,HLCX022,conch,0,1.0,200,human,lung,lung cancer
epithelial cell of lower respiratory tract.,56,coordinate,0.7450886964797974,0.2230490446090698,HLCX022,conch,0,1.0,200,human,lung,lung cancer
epithelial cell of lower respiratory tract.,56,image,0.9614033102989196,0.0993431061506271,HLCX022,conch,0,1.0,200,human,lung,lung cancer
epithelial cell of lower respiratory tract.,56,spatial_knn,0.92700856924057,0.1191544234752655,HLCX022,conch,0,1.0,200,human,lung,lung cancer
epithelial cell of proximal tubule.,170,train_mean,0.9427506327629088,0.1968276053667068,HLCX022,conch,0,1.0,200,human,lung,lung cancer
epithelial cell of proximal tubule.,170,coordinate,0.6202855110168457,0.2937822341918945,HLCX022,conch,0,1.0,200,human,lung,lung cancer
epithelial cell of proximal tubule.,170,image,0.9864868521690368,0.120887279510498,HLCX022,conch,0,1.0,200,human,lung,lung cancer
epithelial cell of proximal tubule.,170,spatial_knn,0.9485488533973694,0.1558624058961868,HLCX022,conch,0,1.0,200,human,lung,lung cancer
epithelial cell.,115,train_mean,0.9493414163589478,0.1955017745494842,HLCX022,conch,0,1.0,200,human,lung,lung cancer
epithelial cell.,115,coordinate,0.6114002466201782,0.2972661256790161,HLCX022,conch,0,1.0,200,human,lung,lung cancer
epithelial cell.,115,image,0.9813502430915833,0.1275513172149658,HLCX022,conch,0,1.0,200,human,lung,lung cancer
epithelial cell.,115,spatial_knn,0.9362231492996216,0.1561465114355087,HLCX022,conch,0,1.0,200,human,lung,lung cancer
fibroblast.,172,train_mean,0.0741165280342102,0.2500881552696228,HLCX022,conch,0,1.0,200,human,lung,lung cancer
fibroblast.,172,coordinate,0.3201406598091125,0.2491624653339386,HLCX022,conch,0,1.0,200,human,lung,lung cancer
fibroblast.,172,image,0.5329798460006714,0.1941896229982376,HLCX022,conch,0,1.0,200,human,lung,lung cancer
fibroblast.,172,spatial_knn,0.1483841687440872,0.2487731277942657,HLCX022,conch,0,1.0,200,human,lung,lung cancer
macrophage.,196,train_mean,0.1239858716726303,0.2101633697748184,HLCX022,conch,0,1.0,200,human,lung,lung cancer
macrophage.,196,coordinate,0.2754666209220886,0.1917773634195327,HLCX022,conch,0,1.0,200,human,lung,lung cancer
macrophage.,196,image,0.5496195554733276,0.1548620909452438,HLCX022,conch,0,1.0,200,human,lung,lung cancer
macrophage.,196,spatial_knn,0.0852253064513206,0.2315609902143478,HLCX022,conch,0,1.0,200,human,lung,lung cancer
natural killer cell.,22,train_mean,0.0479401126503944,0.1827259808778762,HLCX022,conch,0,1.0,200,human,lung,lung cancer
natural killer cell.,22,coordinate,0.3368623256683349,0.1184091493487358,HLCX022,conch,0,1.0,200,human,lung,lung cancer
natural killer cell.,22,image,0.6961135268211365,0.0854431539773941,HLCX022,conch,0,1.0,200,human,lung,lung cancer
natural killer cell.,22,spatial_knn,-0.0439812280237674,0.2430308908224105,HLCX022,conch,0,1.0,200,human,lung,lung cancer
smooth muscle cell.,310,train_mean,0.0797291249036789,0.2231604754924774,HLCX022,conch,0,1.0,200,human,lung,lung cancer
smooth muscle cell.,310,coordinate,0.3359710276126861,0.1990569084882736,HLCX022,conch,0,1.0,200,human,lung,lung cancer
smooth muscle cell.,310,image,0.6867952942848206,0.1376174241304397,HLCX022,conch,0,1.0,200,human,lung,lung cancer
smooth muscle cell.,310,spatial_knn,0.4175875186920166,0.1668438166379928,HLCX022,conch,0,1.0,200,human,lung,lung cancer
stromal cell.,62,train_mean,0.0819950103759765,0.1783451586961746,HLCX022,conch,0,1.0,200,human,lung,lung cancer
stromal cell.,62,coordinate,0.3791466355323791,0.112137995660305,HLCX022,conch,0,1.0,200,human,lung,lung cancer
stromal cell.,62,image,0.5670768022537231,0.0896490067243576,HLCX022,conch,0,1.0,200,human,lung,lung cancer
stromal cell.,62,spatial_knn,0.1953208148479461,0.1672690361738205,HLCX022,conch,0,1.0,200,human,lung,lung cancer
"CD8-positive, alpha-beta T cell.",38,train_mean,0.0835328698158264,0.1882596462965011,HLCX022,conch,1,1.0,200,human,lung,lung cancer
"CD8-positive, alpha-beta T cell.",38,coordinate,-0.0099002681672573,0.2207285016775131,HLCX022,conch,1,1.0,200,human,lung,lung cancer
"CD8-positive, alpha-beta T cell.",38,image,0.453811913728714,0.1040341258049011,HLCX022,conch,1,1.0,200,human,lung,lung cancer
"CD8-positive, alpha-beta T cell.",38,spatial_knn,0.0068620713427662,0.2423990219831466,HLCX022,conch,1,1.0,200,human,lung,lung cancer
T cell.,113,train_mean,0.0323939472436904,0.221904307603836,HLCX022,conch,1,1.0,200,human,lung,lung cancer
T cell.,113,coordinate,-0.0482552275061607,0.2411433607339859,HLCX022,conch,1,1.0,200,human,lung,lung cancer
T cell.,113,image,0.4721654951572418,0.1456033140420913,HLCX022,conch,1,1.0,200,human,lung,lung cancer
T cell.,113,spatial_knn,-0.0537617914378643,0.2775081396102905,HLCX022,conch,1,1.0,200,human,lung,lung cancer
cardiac muscle myoblast.,28,train_mean,0.0220658779144287,0.2106442749500274,HLCX022,conch,1,1.0,200,human,lung,lung cancer
cardiac muscle myoblast.,28,coordinate,0.0268052276223897,0.2127778381109237,HLCX022,conch,1,1.0,200,human,lung,lung cancer
cardiac muscle myoblast.,28,image,0.4029742181301117,0.1195468083024025,HLCX022,conch,1,1.0,200,human,lung,lung cancer
cardiac muscle myoblast.,28,spatial_knn,-0.0223677940666675,0.2746709287166595,HLCX022,conch,1,1.0,200,human,lung,lung cancer
endothelial cell of vascular tree.,42,train_mean,0.3559789359569549,0.1671584844589233,HLCX022,conch,1,1.0,200,human,lung,lung cancer
endothelial cell of vascular tree.,42,coordinate,0.3326189517974853,0.1786913424730301,HLCX022,conch,1,1.0,200,human,lung,lung cancer
endothelial cell of vascular tree.,42,image,0.6459746956825256,0.0959373489022255,HLCX022,conch,1,1.0,200,human,lung,lung cancer
endothelial cell of vascular tree.,42,spatial_knn,0.2997082769870758,0.2317002117633819,HLCX022,conch,1,1.0,200,human,lung,lung cancer
endothelial cell.,705,train_mean,0.5124816298484802,0.138805404305458,HLCX022,conch,1,1.0,200,human,lung,lung cancer
endothelial cell.,705,coordinate,0.4407448768615722,0.1645496636629104,HLCX022,conch,1,1.0,200,human,lung,lung cancer
endothelial cell.,705,image,0.6099787354469299,0.1078662574291229,HLCX022,conch,1,1.0,200,human,lung,lung cancer
endothelial cell.,705,spatial_knn,0.4683043658733368,0.1951646208763122,HLCX022,conch,1,1.0,200,human,lung,lung cancer
enterocyte.,125,train_mean,0.9068207740783693,0.1007739007472992,HLCX022,conch,1,1.0,200,human,lung,lung cancer
enterocyte.,125,coordinate,0.8771936297416687,0.1041766032576561,HLCX022,conch,1,1.0,200,human,lung,lung cancer
enterocyte.,125,image,0.9560322761535645,0.0714991688728332,HLCX022,conch,1,1.0,200,human,lung,lung cancer
enterocyte.,125,spatial_knn,0.9064804911613464,0.0959746092557907,HLCX022,conch,1,1.0,200,human,lung,lung cancer
epithelial cell of lower respiratory tract.,34,train_mean,0.8517664074897766,0.103520430624485,HLCX022,conch,1,1.0,200,human,lung,lung cancer
epithelial cell of lower respiratory tract.,34,coordinate,0.8814519047737122,0.09243655949831,HLCX022,conch,1,1.0,200,human,lung,lung cancer
epithelial cell of lower respiratory tract.,34,image,0.9038828015327454,0.0990615412592887,HLCX022,conch,1,1.0,200,human,lung,lung cancer
epithelial cell of lower respiratory tract.,34,spatial_knn,0.8880224823951721,0.1055521145462989,HLCX022,conch,1,1.0,200,human,lung,lung cancer
epithelial cell of proximal tubule.,79,train_mean,0.8894405961036682,0.1315669119358062,HLCX022,conch,1,1.0,200,human,lung,lung cancer
epithelial cell of proximal tubule.,79,coordinate,0.907194972038269,0.1137951985001564,HLCX022,conch,1,1.0,200,human,lung,lung cancer
epithelial cell of proximal tubule.,79,image,0.9522586464881896,0.0815836414694786,HLCX022,conch,1,1.0,200,human,lung,lung cancer
epithelial cell of proximal tubule.,79,spatial_knn,0.877591073513031,0.1208589971065521,HLCX022,conch,1,1.0,200,human,lung,lung cancer
epithelial cell.,63,train_mean,0.9091339111328124,0.1271400153636932,HLCX022,conch,1,1.0,200,human,lung,lung cancer
epithelial cell.,63,coordinate,0.8860107064247131,0.1228313520550727,HLCX022,conch,1,1.0,200,human,lung,lung cancer
epithelial cell.,63,image,0.9580676555633544,0.0779179483652114,HLCX022,conch,1,1.0,200,human,lung,lung cancer
epithelial cell.,63,spatial_knn,0.8579794764518738,0.1283672899007797,HLCX022,conch,1,1.0,200,human,lung,lung cancer
fibroblast of cardiac tissue.,33,train_mean,0.0501340143382549,0.19389508664608,HLCX022,conch,1,1.0,200,human,lung,lung cancer
fibroblast of cardiac tissue.,33,coordinate,0.0735628232359886,0.1968710124492645,HLCX022,conch,1,1.0,200,human,lung,lung cancer
fibroblast of cardiac tissue.,33,image,0.4881832003593445,0.1075976341962814,HLCX022,conch,1,1.0,200,human,lung,lung cancer
fibroblast of cardiac tissue.,33,spatial_knn,-0.0030355919152498,0.2676628232002258,HLCX022,conch,1,1.0,200,human,lung,lung cancer
fibroblast.,207,train_mean,0.0965852364897728,0.2247603088617324,HLCX022,conch,1,1.0,200,human,lung,lung cancer
fibroblast.,207,coordinate,0.1198078244924545,0.2184295654296875,HLCX022,conch,1,1.0,200,human,lung,lung cancer
fibroblast.,207,image,0.3568446636199951,0.1720804572105407,HLCX022,conch,1,1.0,200,human,lung,lung cancer
fibroblast.,207,spatial_knn,0.0382623896002769,0.2864019572734833,HLCX022,conch,1,1.0,200,human,lung,lung cancer
macrophage.,156,train_mean,0.1029472798109054,0.1976967900991439,HLCX022,conch,1,1.0,200,human,lung,lung cancer
macrophage.,156,coordinate,0.0721149370074272,0.2113407254219055,HLCX022,conch,1,1.0,200,human,lung,lung cancer
macrophage.,156,image,0.3217720091342926,0.149431899189949,HLCX022,conch,1,1.0,200,human,lung,lung cancer
macrophage.,156,spatial_knn,0.1316372156143188,0.2385031133890152,HLCX022,conch,1,1.0,200,human,lung,lung cancer
smooth muscle cell.,398,train_mean,0.0592138431966304,0.2271184921264648,HLCX022,conch,1,1.0,200,human,lung,lung cancer
smooth muscle cell.,398,coordinate,0.0811898931860923,0.2184934765100479,HLCX022,conch,1,1.0,200,human,lung,lung cancer
smooth muscle cell.,398,image,0.5507970452308655,0.1387446224689483,HLCX022,conch,1,1.0,200,human,lung,lung cancer
smooth muscle cell.,398,spatial_knn,-0.0131351202726364,0.3132176995277405,HLCX022,conch,1,1.0,200,human,lung,lung cancer
smooth muscle myoblast.,21,train_mean,0.0233073458075523,0.2197553217411041,HLCX022,conch,1,1.0,200,human,lung,lung cancer
smooth muscle myoblast.,21,coordinate,0.0399940684437751,0.2220084965229034,HLCX022,conch,1,1.0,200,human,lung,lung cancer
smooth muscle myoblast.,21,image,0.4980148673057556,0.1239663362503051,HLCX022,conch,1,1.0,200,human,lung,lung cancer
smooth muscle myoblast.,21,spatial_knn,-0.0426814295351505,0.2937144637107849,HLCX022,conch,1,1.0,200,human,lung,lung cancer
stromal cell.,63,train_mean,0.0571074597537517,0.19282266497612,HLCX022,conch,1,1.0,200,human,lung,lung cancer
stromal cell.,63,coordinate,0.079269103705883,0.1862911731004715,HLCX022,conch,1,1.0,200,human,lung,lung cancer
stromal cell.,63,image,0.3131068348884582,0.1222443208098411,HLCX022,conch,1,1.0,200,human,lung,lung cancer
stromal cell.,63,spatial_knn,0.0034703775309026,0.2606308460235595,HLCX022,conch,1,1.0,200,human,lung,lung cancer
type I pneumocyte.,50,train_mean,0.5236251950263977,0.1698072850704193,HLCX022,conch,1,1.0,200,human,lung,lung cancer
type I pneumocyte.,50,coordinate,0.4397101104259491,0.2040872275829315,HLCX022,conch,1,1.0,200,human,lung,lung cancer
type I pneumocyte.,50,image,0.4963280856609344,0.1738100498914718,HLCX022,conch,1,1.0,200,human,lung,lung cancer
type I pneumocyte.,50,spatial_knn,0.501040518283844,0.201340839266777,HLCX022,conch,1,1.0,200,human,lung,lung cancer
"CD8-positive, alpha-beta T cell.",48,train_mean,0.1210469752550125,0.1628539413213729,HLCX022,conch,2,1.0,200,human,lung,lung cancer
"CD8-positive, alpha-beta T cell.",48,coordinate,0.0278144180774688,0.1815348267555236,HLCX022,conch,2,1.0,200,human,lung,lung cancer
"CD8-positive, alpha-beta T cell.",48,image,0.5287360548973083,0.097215250134468,HLCX022,conch,2,1.0,200,human,lung,lung cancer
"CD8-positive, alpha-beta T cell.",48,spatial_knn,0.1820385754108429,0.1435264497995376,HLCX022,conch,2,1.0,200,human,lung,lung cancer
T cell.,111,train_mean,0.1097464561462402,0.1757672727108001,HLCX022,conch,2,1.0,200,human,lung,lung cancer
T cell.,111,coordinate,0.0011160968570038,0.1944469064474105,HLCX022,conch,2,1.0,200,human,lung,lung cancer
T cell.,111,image,0.6381664276123047,0.1001529097557067,HLCX022,conch,2,1.0,200,human,lung,lung cancer
T cell.,111,spatial_knn,0.1011765152215957,0.1828893721103668,HLCX022,conch,2,1.0,200,human,lung,lung cancer
endothelial cell of vascular tree.,35,train_mean,0.7775774598121643,0.0982718542218208,HLCX022,conch,2,1.0,200,human,lung,lung cancer
endothelial cell of vascular tree.,35,coordinate,0.6949589252471924,0.1210709288716316,HLCX022,conch,2,1.0,200,human,lung,lung cancer
endothelial cell of vascular tree.,35,image,0.7688814401626587,0.1135390400886535,HLCX022,conch,2,1.0,200,human,lung,lung cancer
endothelial cell of vascular tree.,35,spatial_knn,0.745806097984314,0.1021764278411865,HLCX022,conch,2,1.0,200,human,lung,lung cancer
endothelial cell.,583,train_mean,0.9542364478111268,0.0401394851505756,HLCX022,conch,2,1.0,200,human,lung,lung cancer
endothelial cell.,583,coordinate,0.8875244855880737,0.0638686940073967,HLCX022,conch,2,1.0,200,human,lung,lung cancer
endothelial cell.,583,image,0.9642763733863832,0.0375130921602249,HLCX022,conch,2,1.0,200,human,lung,lung cancer
endothelial cell.,583,spatial_knn,0.9499314427375792,0.041486594825983,HLCX022,conch,2,1.0,200,human,lung,lung cancer
enterocyte.,342,train_mean,0.9069927930831908,0.1276671290397644,HLCX022,conch,2,1.0,200,human,lung,lung cancer
enterocyte.,342,coordinate,0.920131504535675,0.1131402626633644,HLCX022,conch,2,1.0,200,human,lung,lung cancer
enterocyte.,342,image,0.9762641787528992,0.0558491088449955,HLCX022,conch,2,1.0,200,human,lung,lung cancer
enterocyte.,342,spatial_knn,0.9389432668685912,0.1017866656184196,HLCX022,conch,2,1.0,200,human,lung,lung cancer
epithelial cell of lower respiratory tract.,83,train_mean,0.8956837058067322,0.128688782453537,HLCX022,conch,2,1.0,200,human,lung,lung cancer
epithelial cell of lower respiratory tract.,83,coordinate,0.9150663614273072,0.1192015707492828,HLCX022,conch,2,1.0,200,human,lung,lung cancer
epithelial cell of lower respiratory tract.,83,image,0.9655428528785706,0.0607279501855373,HLCX022,conch,2,1.0,200,human,lung,lung cancer
epithelial cell of lower respiratory tract.,83,spatial_knn,0.938794732093811,0.0983826294541359,HLCX022,conch,2,1.0,200,human,lung,lung cancer
epithelial cell of proximal tubule.,249,train_mean,0.9160907864570618,0.2008879631757736,HLCX022,conch,2,1.0,200,human,lung,lung cancer
epithelial cell of proximal tubule.,249,coordinate,0.9395569562911988,0.1812616884708404,HLCX022,conch,2,1.0,200,human,lung,lung cancer
epithelial cell of proximal tubule.,249,image,0.9844143986701964,0.1013971641659736,HLCX022,conch,2,1.0,200,human,lung,lung cancer
epithelial cell of proximal tubule.,249,spatial_knn,0.9343062043190002,0.1834791153669357,HLCX022,conch,2,1.0,200,human,lung,lung cancer
epithelial cell.,154,train_mean,0.9181398153305054,0.1870651543140411,HLCX022,conch,2,1.0,200,human,lung,lung cancer
epithelial cell.,154,coordinate,0.9269222617149352,0.1744874119758606,HLCX022,conch,2,1.0,200,human,lung,lung cancer
epithelial cell.,154,image,0.9873324036598206,0.0843349993228912,HLCX022,conch,2,1.0,200,human,lung,lung cancer
epithelial cell.,154,spatial_knn,0.9429907202720642,0.1631628423929214,HLCX022,conch,2,1.0,200,human,lung,lung cancer
fibroblast.,69,train_mean,0.2508048117160797,0.167012020945549,HLCX022,conch,2,1.0,200,human,lung,lung cancer
fibroblast.,69,coordinate,0.1699348539113998,0.1850403547286987,HLCX022,conch,2,1.0,200,human,lung,lung cancer
fibroblast.,69,image,0.5269042253494263,0.1216229349374771,HLCX022,conch,2,1.0,200,human,lung,lung cancer
fibroblast.,69,spatial_knn,0.2432203143835067,0.165250763297081,HLCX022,conch,2,1.0,200,human,lung,lung cancer
goblet cell.,23,train_mean,0.8508376479148865,0.1220119297504425,HLCX022,conch,2,1.0,200,human,lung,lung cancer
goblet cell.,23,coordinate,0.892665684223175,0.1050085723400116,HLCX022,conch,2,1.0,200,human,lung,lung cancer
goblet cell.,23,image,0.9161237478256226,0.0875448286533355,HLCX022,conch,2,1.0,200,human,lung,lung cancer
goblet cell.,23,spatial_knn,0.8345267176628113,0.1244963258504867,HLCX022,conch,2,1.0,200,human,lung,lung cancer
intestinal epithelial cell.,26,train_mean,0.8611707091331482,0.1099100410938263,HLCX022,conch,2,1.0,200,human,lung,lung cancer
intestinal epithelial cell.,26,coordinate,0.9154793620109558,0.087596520781517,HLCX022,conch,2,1.0,200,human,lung,lung cancer
intestinal epithelial cell.,26,image,0.9512343406677246,0.078318178653717,HLCX022,conch,2,1.0,200,human,lung,lung cancer
intestinal epithelial cell.,26,spatial_knn,0.9201696515083312,0.0842659845948219,HLCX022,conch,2,1.0,200,human,lung,lung cancer
macrophage.,197,train_mean,0.2798395454883575,0.1622304618358612,HLCX022,conch,2,1.0,200,human,lung,lung cancer
macrophage.,197,coordinate,0.280745655298233,0.1675696223974228,HLCX022,conch,2,1.0,200,human,lung,lung cancer
macrophage.,197,image,0.4895438849925995,0.1263732463121414,HLCX022,conch,2,1.0,200,human,lung,lung cancer
macrophage.,197,spatial_knn,0.3251012861728668,0.1560515314340591,HLCX022,conch,2,1.0,200,human,lung,lung cancer
smooth muscle cell.,73,train_mean,0.3218692243099212,0.1691331416368484,HLCX022,conch,2,1.0,200,human,lung,lung cancer
smooth muscle cell.,73,coordinate,0.2430797964334488,0.1863263845443725,HLCX022,conch,2,1.0,200,human,lung,lung cancer
smooth muscle cell.,73,image,0.5352739691734314,0.1323403567075729,HLCX022,conch,2,1.0,200,human,lung,lung cancer
smooth muscle cell.,73,spatial_knn,0.2986577153205871,0.1694613099098205,HLCX022,conch,2,1.0,200,human,lung,lung cancer
stromal cell.,72,train_mean,0.0902446433901786,0.1678159385919571,HLCX022,conch,2,1.0,200,human,lung,lung cancer
stromal cell.,72,coordinate,0.0903592407703399,0.1961130946874618,HLCX022,conch,2,1.0,200,human,lung,lung cancer
stromal cell.,72,image,0.0902902856469154,0.1635823994874954,HLCX022,conch,2,1.0,200,human,lung,lung cancer
stromal cell.,72,spatial_knn,0.1071418523788452,0.1624851375818252,HLCX022,conch,2,1.0,200,human,lung,lung cancer
type I pneumocyte.,27,train_mean,0.8718459010124207,0.1005742475390434,HLCX022,conch,2,1.0,200,human,lung,lung cancer
type I pneumocyte.,27,coordinate,0.7868936061859131,0.123685821890831,HLCX022,conch,2,1.0,200,human,lung,lung cancer
type I pneumocyte.,27,image,0.92169988155365,0.0774293169379234,HLCX022,conch,2,1.0,200,human,lung,lung cancer
type I pneumocyte.,27,spatial_knn,0.8206813931465149,0.1197768002748489,HLCX022,conch,2,1.0,200,human,lung,lung cancer
"CD8-positive, alpha-beta T cell.",38,train_mean,0.0940645709633827,0.1613793820142746,HLCX022,conch,3,1.0,200,human,lung,lung cancer
"CD8-positive, alpha-beta T cell.",38,coordinate,0.1872028410434723,0.1381587088108062,HLCX022,conch,3,1.0,200,human,lung,lung cancer
"CD8-positive, alpha-beta T cell.",38,image,0.6377542614936829,0.0945254489779472,HLCX022,conch,3,1.0,200,human,lung,lung cancer
"CD8-positive, alpha-beta T cell.",38,spatial_knn,-0.0149345267564058,0.2595872282981872,HLCX022,conch,3,1.0,200,human,lung,lung cancer
T cell.,152,train_mean,0.1047958582639694,0.177429512143135,HLCX022,conch,3,1.0,200,human,lung,lung cancer
T cell.,152,coordinate,0.2537676990032196,0.1542773991823196,HLCX022,conch,3,1.0,200,human,lung,lung cancer
T cell.,152,image,0.6460455656051636,0.1046982333064079,HLCX022,conch,3,1.0,200,human,lung,lung cancer
T cell.,152,spatial_knn,-0.0079954657703638,0.2576965093612671,HLCX022,conch,3,1.0,200,human,lung,lung cancer
endothelial cell of vascular tree.,27,train_mean,0.7628380060195923,0.0884641930460929,HLCX022,conch,3,1.0,200,human,lung,lung cancer
endothelial cell of vascular tree.,27,coordinate,0.4842996597290039,0.1215915903449058,HLCX022,conch,3,1.0,200,human,lung,lung cancer
endothelial cell of vascular tree.,27,image,0.7878113985061646,0.0984126850962638,HLCX022,conch,3,1.0,200,human,lung,lung cancer
endothelial cell of vascular tree.,27,spatial_knn,0.6486266255378723,0.201227530837059,HLCX022,conch,3,1.0,200,human,lung,lung cancer
endothelial cell.,652,train_mean,0.9423501491546632,0.069519817829132,HLCX022,conch,3,1.0,200,human,lung,lung cancer
endothelial cell.,652,coordinate,0.5332235097885132,0.1563226878643036,HLCX022,conch,3,1.0,200,human,lung,lung cancer
endothelial cell.,652,image,0.943937599658966,0.0570699833333492,HLCX022,conch,3,1.0,200,human,lung,lung cancer
endothelial cell.,652,spatial_knn,0.856525719165802,0.119077168405056,HLCX022,conch,3,1.0,200,human,lung,lung cancer
enterocyte.,271,train_mean,0.903557538986206,0.120367094874382,HLCX022,conch,3,1.0,200,human,lung,lung cancer
enterocyte.,271,coordinate,0.3131531178951263,0.2167414426803589,HLCX022,conch,3,1.0,200,human,lung,lung cancer
enterocyte.,271,image,0.9587819576263428,0.0764689221978187,HLCX022,conch,3,1.0,200,human,lung,lung cancer
enterocyte.,271,spatial_knn,0.8322460651397705,0.1400697380304336,HLCX022,conch,3,1.0,200,human,lung,lung cancer
epithelial cell of lower respiratory tract.,102,train_mean,0.8983213305473328,0.139770895242691,HLCX022,conch,3,1.0,200,human,lung,lung cancer
epithelial cell of lower respiratory tract.,102,coordinate,0.2840802371501922,0.243107408285141,HLCX022,conch,3,1.0,200,human,lung,lung cancer
epithelial cell of lower respiratory tract.,102,image,0.9440765380859376,0.0806245803833007,HLCX022,conch,3,1.0,200,human,lung,lung cancer
epithelial cell of lower respiratory tract.,102,spatial_knn,0.8617634773254395,0.1244716793298721,HLCX022,conch,3,1.0,200,human,lung,lung cancer
epithelial cell of proximal tubule.,230,train_mean,0.9106789827346802,0.182677686214447,HLCX022,conch,3,1.0,200,human,lung,lung cancer
epithelial cell of proximal tubule.,230,coordinate,0.4137406647205353,0.2705418467521667,HLCX022,conch,3,1.0,200,human,lung,lung cancer
epithelial cell of proximal tubule.,230,image,0.9660667777061462,0.0901186689734458,HLCX022,conch,3,1.0,200,human,lung,lung cancer
epithelial cell of proximal tubule.,230,spatial_knn,0.8613584637641907,0.1481193602085113,HLCX022,conch,3,1.0,200,human,lung,lung cancer
epithelial cell.,247,train_mean,0.9032705426216124,0.1898052245378494,HLCX022,conch,3,1.0,200,human,lung,lung cancer
epithelial cell.,247,coordinate,0.385463148355484,0.2796948850154876,HLCX022,conch,3,1.0,200,human,lung,lung cancer
epithelial cell.,247,image,0.9529299736022948,0.10342987626791,HLCX022,conch,3,1.0,200,human,lung,lung cancer
epithelial cell.,247,spatial_knn,0.8675763607025146,0.1454933434724807,HLCX022,conch,3,1.0,200,human,lung,lung cancer
fibroblast.,49,train_mean,0.2372089624404907,0.1838953495025634,HLCX022,conch,3,1.0,200,human,lung,lung cancer
fibroblast.,49,coordinate,0.3474044799804687,0.1745189875364303,HLCX022,conch,3,1.0,200,human,lung,lung cancer
fibroblast.,49,image,0.5875360369682312,0.136080265045166,HLCX022,conch,3,1.0,200,human,lung,lung cancer
fibroblast.,49,spatial_knn,0.0824036300182342,0.2875214517116546,HLCX022,conch,3,1.0,200,human,lung,lung cancer
goblet cell.,26,train_mean,0.8714056611061096,0.1571744829416275,HLCX022,conch,3,1.0,200,human,lung,lung cancer
goblet cell.,26,coordinate,0.3680549263954162,0.2414336502552032,HLCX022,conch,3,1.0,200,human,lung,lung cancer
goblet cell.,26,image,0.9194415807724,0.1051562950015068,HLCX022,conch,3,1.0,200,human,lung,lung cancer
goblet cell.,26,spatial_knn,0.8519223928451538,0.1351825445890426,HLCX022,conch,3,1.0,200,human,lung,lung cancer
macrophage.,261,train_mean,0.3265675008296966,0.1706906259059906,HLCX022,conch,3,1.0,200,human,lung,lung cancer
macrophage.,261,coordinate,0.2292354851961136,0.1864738762378692,HLCX022,conch,3,1.0,200,human,lung,lung cancer
macrophage.,261,image,0.5555777549743652,0.1378067582845688,HLCX022,conch,3,1.0,200,human,lung,lung cancer
macrophage.,261,spatial_knn,0.3125032782554626,0.2241162359714508,HLCX022,conch,3,1.0,200,human,lung,lung cancer
smooth muscle cell.,71,train_mean,0.3362190425395965,0.175982266664505,HLCX022,conch,3,1.0,200,human,lung,lung cancer
smooth muscle cell.,71,coordinate,0.4293499886989593,0.1636019945144653,HLCX022,conch,3,1.0,200,human,lung,lung cancer
smooth muscle cell.,71,image,0.632796049118042,0.1341026574373245,HLCX022,conch,3,1.0,200,human,lung,lung cancer
smooth muscle cell.,71,spatial_knn,0.2009009569883346,0.2647479474544525,HLCX022,conch,3,1.0,200,human,lung,lung cancer
stromal cell.,39,train_mean,0.2140652239322662,0.1550889313220977,HLCX022,conch,3,1.0,200,human,lung,lung cancer
stromal cell.,39,coordinate,0.3111214339733124,0.1314777731895446,HLCX022,conch,3,1.0,200,human,lung,lung cancer
stromal cell.,39,image,0.5624006986618042,0.1039995774626731,HLCX022,conch,3,1.0,200,human,lung,lung cancer
stromal cell.,39,spatial_knn,0.1177199333906173,0.2424122989177703,HLCX022,conch,3,1.0,200,human,lung,lung cancer
type I pneumocyte.,24,train_mean,0.912459671497345,0.2315212041139602,HLCX022,conch,3,1.0,200,human,lung,lung cancer
type I pneumocyte.,24,coordinate,0.4125927686691284,0.3192810714244842,HLCX022,conch,3,1.0,200,human,lung,lung cancer
type I pneumocyte.,24,image,0.9580644369125366,0.1373235136270523,HLCX022,conch,3,1.0,200,human,lung,lung cancer
type I pneumocyte.,24,spatial_knn,0.8634911775588989,0.1725432723760604,HLCX022,conch,3,1.0,200,human,lung,lung cancer
T cell.,23,train_mean,0.4674736261367798,0.2728530466556549,HLDX010,conch,0,1.0,200,human,liver,liver cancer
T cell.,23,coordinate,0.4535722434520721,0.2834678292274475,HLDX010,conch,0,1.0,200,human,liver,liver cancer
T cell.,23,image,0.466962605714798,0.275868684053421,HLDX010,conch,0,1.0,200,human,liver,liver cancer
T cell.,23,spatial_knn,0.4804053604602813,0.2421498298645019,HLDX010,conch,0,1.0,200,human,liver,liver cancer
alveolar macrophage.,25,train_mean,0.7369086742401123,0.2222466021776199,HLDX010,conch,0,1.0,200,human,liver,liver cancer
alveolar macrophage.,25,coordinate,0.6843211650848389,0.2424901872873306,HLDX010,conch,0,1.0,200,human,liver,liver cancer
alveolar macrophage.,25,image,0.7437042593955994,0.2198132425546646,HLDX010,conch,0,1.0,200,human,liver,liver cancer
alveolar macrophage.,25,spatial_knn,0.7437009215354919,0.2190190106630325,HLDX010,conch,0,1.0,200,human,liver,liver cancer
endothelial cell.,1261,train_mean,0.99458247423172,0.0808109417557716,HLDX010,conch,0,1.0,200,human,liver,liver cancer
endothelial cell.,1261,coordinate,0.9790412783622742,0.0914572775363922,HLDX010,conch,0,1.0,200,human,liver,liver cancer
endothelial cell.,1261,image,0.9942418336868286,0.0808775052428245,HLDX010,conch,0,1.0,200,human,liver,liver cancer
endothelial cell.,1261,spatial_knn,0.986339032649994,0.1076719090342521,HLDX010,conch,0,1.0,200,human,liver,liver cancer
enterocyte.,88,train_mean,0.9773174524307252,0.1587613373994827,HLDX010,conch,0,1.0,200,human,liver,liver cancer
enterocyte.,88,coordinate,0.9731563329696656,0.1556994020938873,HLDX010,conch,0,1.0,200,human,liver,liver cancer
enterocyte.,88,image,0.9759951233863832,0.1597687005996704,HLDX010,conch,0,1.0,200,human,liver,liver cancer
enterocyte.,88,spatial_knn,0.9694358110427856,0.1830709129571914,HLDX010,conch,0,1.0,200,human,liver,liver cancer
fibroblast.,56,train_mean,0.2450401037931442,0.3363429009914398,HLDX010,conch,0,1.0,200,human,liver,liver cancer
fibroblast.,56,coordinate,0.3310875296592712,0.3326874673366546,HLDX010,conch,0,1.0,200,human,liver,liver cancer
fibroblast.,56,image,0.2300642132759094,0.3456669747829437,HLDX010,conch,0,1.0,200,human,liver,liver cancer
fibroblast.,56,spatial_knn,0.2553861439228058,0.317081481218338,HLDX010,conch,0,1.0,200,human,liver,liver cancer
hepatocyte.,447,train_mean,0.9793782830238342,0.1315952986478805,HLDX010,conch,0,1.0,200,human,liver,liver cancer
hepatocyte.,447,coordinate,0.9740769863128662,0.1320253312587738,HLDX010,conch,0,1.0,200,human,liver,liver cancer
hepatocyte.,447,image,0.9776526093482972,0.1300892829895019,HLDX010,conch,0,1.0,200,human,liver,liver cancer
hepatocyte.,447,spatial_knn,0.9745411276817322,0.1433633267879486,HLDX010,conch,0,1.0,200,human,liver,liver cancer
kidney proximal convoluted tubule epithelial cell.,40,train_mean,0.9660022258758544,0.1064644157886505,HLDX010,conch,0,1.0,200,human,liver,liver cancer
kidney proximal convoluted tubule epithelial cell.,40,coordinate,0.9575306177139282,0.1177524700760841,HLDX010,conch,0,1.0,200,human,liver,liver cancer
kidney proximal convoluted tubule epithelial cell.,40,image,0.9609387516975404,0.1134971976280212,HLDX010,conch,0,1.0,200,human,liver,liver cancer
kidney proximal convoluted tubule epithelial cell.,40,spatial_knn,0.9570728540420532,0.1263517439365387,HLDX010,conch,0,1.0,200,human,liver,liver cancer
macrophage.,277,train_mean,0.8448253870010376,0.1605799049139022,HLDX010,conch,0,1.0,200,human,liver,liver cancer
macrophage.,277,coordinate,0.8036502003669739,0.1816675066947937,HLDX010,conch,0,1.0,200,human,liver,liver cancer
macrophage.,277,image,0.8513251543045044,0.157524287700653,HLDX010,conch,0,1.0,200,human,liver,liver cancer
macrophage.,277,spatial_knn,0.8398754000663757,0.1524367481470108,HLDX010,conch,0,1.0,200,human,liver,liver cancer
natural killer cell.,43,train_mean,0.5617186427116394,0.2542208433151245,HLDX010,conch,0,1.0,200,human,liver,liver cancer
natural killer cell.,43,coordinate,0.531049907207489,0.2664866745471954,HLDX010,conch,0,1.0,200,human,liver,liver cancer
natural killer cell.,43,image,0.5697559714317322,0.25018310546875,HLDX010,conch,0,1.0,200,human,liver,liver cancer
natural killer cell.,43,spatial_knn,0.5641418695449829,0.2451969236135482,HLDX010,conch,0,1.0,200,human,liver,liver cancer
T cell.,30,train_mean,0.3184595704078674,0.3014424443244934,HLDX010,conch,1,1.0,200,human,liver,liver cancer
T cell.,30,coordinate,0.3088428378105163,0.3368944227695465,HLDX010,conch,1,1.0,200,human,liver,liver cancer
T cell.,30,image,0.312338650226593,0.2879433333873749,HLDX010,conch,1,1.0,200,human,liver,liver cancer
T cell.,30,spatial_knn,0.3085414469242096,0.2850898504257202,HLDX010,conch,1,1.0,200,human,liver,liver cancer
alveolar macrophage.,22,train_mean,0.8570175170898438,0.1563736051321029,HLDX010,conch,1,1.0,200,human,liver,liver cancer
alveolar macrophage.,22,coordinate,0.8568750023841858,0.1694752275943756,HLDX010,conch,1,1.0,200,human,liver,liver cancer
alveolar macrophage.,22,image,0.8096425533294678,0.1718236654996872,HLDX010,conch,1,1.0,200,human,liver,liver cancer
alveolar macrophage.,22,spatial_knn,0.8536639213562012,0.1543930321931839,HLDX010,conch,1,1.0,200,human,liver,liver cancer
endothelial cell.,1217,train_mean,0.9936280846595764,0.0663419887423515,HLDX010,conch,1,1.0,200,human,liver,liver cancer
endothelial cell.,1217,coordinate,0.984731912612915,0.0663749426603317,HLDX010,conch,1,1.0,200,human,liver,liver cancer
endothelial cell.,1217,image,0.9820389747619628,0.0939105451107025,HLDX010,conch,1,1.0,200,human,liver,liver cancer
endothelial cell.,1217,spatial_knn,0.974646806716919,0.1174680590629577,HLDX010,conch,1,1.0,200,human,liver,liver cancer
enterocyte.,68,train_mean,0.9762417078018188,0.1549552083015442,HLDX010,conch,1,1.0,200,human,liver,liver cancer
enterocyte.,68,coordinate,0.9757844805717468,0.1323321312665939,HLDX010,conch,1,1.0,200,human,liver,liver cancer
enterocyte.,68,image,0.9633164405822754,0.1779702007770538,HLDX010,conch,1,1.0,200,human,liver,liver cancer
enterocyte.,68,spatial_knn,0.97004497051239,0.1934085041284561,HLDX010,conch,1,1.0,200,human,liver,liver cancer
fibroblast.,76,train_mean,0.3581754863262176,0.2977731227874756,HLDX010,conch,1,1.0,200,human,liver,liver cancer
fibroblast.,76,coordinate,0.3549579381942749,0.3178337514400482,HLDX010,conch,1,1.0,200,human,liver,liver cancer
fibroblast.,76,image,0.4600630700588226,0.2639148831367492,HLDX010,conch,1,1.0,200,human,liver,liver cancer
fibroblast.,76,spatial_knn,0.4018532633781433,0.2277007550001144,HLDX010,conch,1,1.0,200,human,liver,liver cancer
hepatocyte.,449,train_mean,0.9806992411613464,0.1228094398975372,HLDX010,conch,1,1.0,200,human,liver,liver cancer
hepatocyte.,449,coordinate,0.9794470071792604,0.1068934947252273,HLDX010,conch,1,1.0,200,human,liver,liver cancer
hepatocyte.,449,image,0.964311182498932,0.1499006748199463,HLDX010,conch,1,1.0,200,human,liver,liver cancer
hepatocyte.,449,spatial_knn,0.9778541922569276,0.1505720317363739,HLDX010,conch,1,1.0,200,human,liver,liver cancer
kidney proximal convoluted tubule epithelial cell.,47,train_mean,0.9636751413345336,0.1008758693933487,HLDX010,conch,1,1.0,200,human,liver,liver cancer
kidney proximal convoluted tubule epithelial cell.,47,coordinate,0.9545398950576782,0.11555977165699,HLDX010,conch,1,1.0,200,human,liver,liver cancer
kidney proximal convoluted tubule epithelial cell.,47,image,0.9509629011154176,0.1156001165509224,HLDX010,conch,1,1.0,200,human,liver,liver cancer
kidney proximal convoluted tubule epithelial cell.,47,spatial_knn,0.9472010731697084,0.1215986609458923,HLDX010,conch,1,1.0,200,human,liver,liver cancer
macrophage.,281,train_mean,0.8264752626419067,0.1740231364965438,HLDX010,conch,1,1.0,200,human,liver,liver cancer
macrophage.,281,coordinate,0.8225989937782288,0.1921756267547607,HLDX010,conch,1,1.0,200,human,liver,liver cancer
macrophage.,281,image,0.7840075492858887,0.1781235039234161,HLDX010,conch,1,1.0,200,human,liver,liver cancer
macrophage.,281,spatial_knn,0.8072548508644104,0.1553433686494827,HLDX010,conch,1,1.0,200,human,liver,liver cancer
myeloid cell.,20,train_mean,0.7381431460380554,0.2066347450017929,HLDX010,conch,1,1.0,200,human,liver,liver cancer
myeloid cell.,20,coordinate,0.7369428873062134,0.2171196937561035,HLDX010,conch,1,1.0,200,human,liver,liver cancer
myeloid cell.,20,image,0.6959012746810913,0.2124920636415481,HLDX010,conch,1,1.0,200,human,liver,liver cancer
myeloid cell.,20,spatial_knn,0.7132365107536316,0.2003428488969802,HLDX010,conch,1,1.0,200,human,liver,liver cancer
natural killer cell.,40,train_mean,0.5454423427581787,0.2597135305404663,HLDX010,conch,1,1.0,200,human,liver,liver cancer
natural killer cell.,40,coordinate,0.5398136973381042,0.2718512117862701,HLDX010,conch,1,1.0,200,human,liver,liver cancer
natural killer cell.,40,image,0.5013710856437683,0.2579621374607086,HLDX010,conch,1,1.0,200,human,liver,liver cancer
natural killer cell.,40,spatial_knn,0.5251289010047913,0.2441131025552749,HLDX010,conch,1,1.0,200,human,liver,liver cancer
stromal cell.,20,train_mean,0.1736012697219848,0.3293034732341766,HLDX010,conch,1,1.0,200,human,liver,liver cancer
stromal cell.,20,coordinate,0.1967338025569915,0.3467185795307159,HLDX010,conch,1,1.0,200,human,liver,liver cancer
stromal cell.,20,image,0.2801543176174164,0.2965577244758606,HLDX010,conch,1,1.0,200,human,liver,liver cancer
stromal cell.,20,spatial_knn,0.2583277821540832,0.2327431887388229,HLDX010,conch,1,1.0,200,human,liver,liver cancer
T cell.,20,train_mean,0.3340296149253845,0.3042152523994446,HLDX010,conch,2,1.0,200,human,liver,liver cancer
T cell.,20,coordinate,0.3245991170406341,0.3166580200195312,HLDX010,conch,2,1.0,200,human,liver,liver cancer
T cell.,20,image,0.3353744745254516,0.3010881245136261,HLDX010,conch,2,1.0,200,human,liver,liver cancer
T cell.,20,spatial_knn,0.3410125374794006,0.2679702937602997,HLDX010,conch,2,1.0,200,human,liver,liver cancer
alveolar macrophage.,29,train_mean,0.8341655731201172,0.1720145642757415,HLDX010,conch,2,1.0,200,human,liver,liver cancer
alveolar macrophage.,29,coordinate,0.83416348695755,0.1705526262521743,HLDX010,conch,2,1.0,200,human,liver,liver cancer
alveolar macrophage.,29,image,0.8204767107963562,0.1763253957033157,HLDX010,conch,2,1.0,200,human,liver,liver cancer
alveolar macrophage.,29,spatial_knn,0.8627453446388245,0.1315023005008697,HLDX010,conch,2,1.0,200,human,liver,liver cancer
endothelial cell.,1243,train_mean,0.990655481815338,0.0634228289127349,HLDX010,conch,2,1.0,200,human,liver,liver cancer
endothelial cell.,1243,coordinate,0.9939268827438354,0.0569045282900333,HLDX010,conch,2,1.0,200,human,liver,liver cancer
endothelial cell.,1243,image,0.9903558492660522,0.0656099170446395,HLDX010,conch,2,1.0,200,human,liver,liver cancer
endothelial cell.,1243,spatial_knn,0.979730784893036,0.1179754957556724,HLDX010,conch,2,1.0,200,human,liver,liver cancer
enterocyte.,90,train_mean,0.9735479354858398,0.1547117382287979,HLDX010,conch,2,1.0,200,human,liver,liver cancer
enterocyte.,90,coordinate,0.9644713401794434,0.1596546024084091,HLDX010,conch,2,1.0,200,human,liver,liver cancer
enterocyte.,90,image,0.9744310975074768,0.1568284928798675,HLDX010,conch,2,1.0,200,human,liver,liver cancer
enterocyte.,90,spatial_knn,0.9452723264694214,0.222557783126831,HLDX010,conch,2,1.0,200,human,liver,liver cancer
fibroblast.,126,train_mean,0.201664924621582,0.3624455034732818,HLDX010,conch,2,1.0,200,human,liver,liver cancer
fibroblast.,126,coordinate,0.2258474826812744,0.3669538497924804,HLDX010,conch,2,1.0,200,human,liver,liver cancer
fibroblast.,126,image,0.2033013701438903,0.3632388412952423,HLDX010,conch,2,1.0,200,human,liver,liver cancer
fibroblast.,126,spatial_knn,0.2155441045761108,0.3271622359752655,HLDX010,conch,2,1.0,200,human,liver,liver cancer
hepatocyte.,348,train_mean,0.980032205581665,0.1110747158527374,HLDX010,conch,2,1.0,200,human,liver,liver cancer
hepatocyte.,348,coordinate,0.9677863717079164,0.1257248371839523,HLDX010,conch,2,1.0,200,human,liver,liver cancer
hepatocyte.,348,image,0.9826883673667908,0.1090187728404998,HLDX010,conch,2,1.0,200,human,liver,liver cancer
hepatocyte.,348,spatial_knn,0.9515936970710754,0.1729271858930587,HLDX010,conch,2,1.0,200,human,liver,liver cancer
kidney proximal convoluted tubule epithelial cell.,55,train_mean,0.969069004058838,0.091166041791439,HLDX010,conch,2,1.0,200,human,liver,liver cancer
kidney proximal convoluted tubule epithelial cell.,55,coordinate,0.9622995853424072,0.1006420701742172,HLDX010,conch,2,1.0,200,human,liver,liver cancer
kidney proximal convoluted tubule epithelial cell.,55,image,0.9721935391426086,0.0862995535135269,HLDX010,conch,2,1.0,200,human,liver,liver cancer
kidney proximal convoluted tubule epithelial cell.,55,spatial_knn,0.9460761547088624,0.1166921257972717,HLDX010,conch,2,1.0,200,human,liver,liver cancer
macrophage.,280,train_mean,0.800347089767456,0.1903448104858398,HLDX010,conch,2,1.0,200,human,liver,liver cancer
macrophage.,280,coordinate,0.7910333871841431,0.1936151981353759,HLDX010,conch,2,1.0,200,human,liver,liver cancer
macrophage.,280,image,0.7905299663543701,0.1921128034591674,HLDX010,conch,2,1.0,200,human,liver,liver cancer
macrophage.,280,spatial_knn,0.8155136108398438,0.149848997592926,HLDX010,conch,2,1.0,200,human,liver,liver cancer
myeloid cell.,22,train_mean,0.6786097288131714,0.2390544712543487,HLDX010,conch,2,1.0,200,human,liver,liver cancer
myeloid cell.,22,coordinate,0.67289137840271,0.2363695204257965,HLDX010,conch,2,1.0,200,human,liver,liver cancer
myeloid cell.,22,image,0.6691728830337524,0.240452229976654,HLDX010,conch,2,1.0,200,human,liver,liver cancer
myeloid cell.,22,spatial_knn,0.6746117472648621,0.2301541119813919,HLDX010,conch,2,1.0,200,human,liver,liver cancer
natural killer cell.,35,train_mean,0.6056264638900757,0.2485056072473526,HLDX010,conch,2,1.0,200,human,liver,liver cancer
natural killer cell.,35,coordinate,0.5920318365097046,0.2476734817028045,HLDX010,conch,2,1.0,200,human,liver,liver cancer
natural killer cell.,35,image,0.6005775332450867,0.248775377869606,HLDX010,conch,2,1.0,200,human,liver,liver cancer
natural killer cell.,35,spatial_knn,0.6170102953910828,0.202483132481575,HLDX010,conch,2,1.0,200,human,liver,liver cancer
stromal cell.,28,train_mean,0.0940856784582138,0.3660207688808441,HLDX010,conch,2,1.0,200,human,liver,liver cancer
stromal cell.,28,coordinate,0.1292306631803512,0.3697459101676941,HLDX010,conch,2,1.0,200,human,liver,liver cancer
stromal cell.,28,image,0.0998615846037864,0.3658055663108825,HLDX010,conch,2,1.0,200,human,liver,liver cancer
stromal cell.,28,spatial_knn,0.0987550616264343,0.3287323415279388,HLDX010,conch,2,1.0,200,human,liver,liver cancer
T cell.,22,train_mean,0.2897689938545227,0.3169580698013305,HLDX010,conch,3,1.0,200,human,liver,liver cancer
T cell.,22,coordinate,0.3017605543136596,0.3032998144626617,HLDX010,conch,3,1.0,200,human,liver,liver cancer
T cell.,22,image,0.2844298779964447,0.3108904659748077,HLDX010,conch,3,1.0,200,human,liver,liver cancer
T cell.,22,spatial_knn,0.2837289869785309,0.2850297391414642,HLDX010,conch,3,1.0,200,human,liver,liver cancer
alveolar macrophage.,28,train_mean,0.7768262028694153,0.2075368911027908,HLDX010,conch,3,1.0,200,human,liver,liver cancer
alveolar macrophage.,28,coordinate,0.762096107006073,0.2063988894224167,HLDX010,conch,3,1.0,200,human,liver,liver cancer
alveolar macrophage.,28,image,0.7774789333343506,0.2078693658113479,HLDX010,conch,3,1.0,200,human,liver,liver cancer
alveolar macrophage.,28,spatial_knn,0.7394211888313293,0.2156702578067779,HLDX010,conch,3,1.0,200,human,liver,liver cancer
endothelial cell.,1313,train_mean,0.9939730763435364,0.071012407541275,HLDX010,conch,3,1.0,200,human,liver,liver cancer
endothelial cell.,1313,coordinate,0.989836573600769,0.0882535874843597,HLDX010,conch,3,1.0,200,human,liver,liver cancer
endothelial cell.,1313,image,0.9928135871887208,0.0784535333514213,HLDX010,conch,3,1.0,200,human,liver,liver cancer
endothelial cell.,1313,spatial_knn,0.985675811767578,0.1109690740704536,HLDX010,conch,3,1.0,200,human,liver,liver cancer
enterocyte.,79,train_mean,0.979350745677948,0.1671600639820099,HLDX010,conch,3,1.0,200,human,liver,liver cancer
enterocyte.,79,coordinate,0.9633687734603882,0.1924444437026977,HLDX010,conch,3,1.0,200,human,liver,liver cancer
enterocyte.,79,image,0.979026198387146,0.1718741357326507,HLDX010,conch,3,1.0,200,human,liver,liver cancer
enterocyte.,79,spatial_knn,0.9646421670913696,0.2104876488447189,HLDX010,conch,3,1.0,200,human,liver,liver cancer
fibroblast.,72,train_mean,0.2600009739398956,0.3368438482284546,HLDX010,conch,3,1.0,200,human,liver,liver cancer
fibroblast.,72,coordinate,0.323700487613678,0.3213899433612823,HLDX010,conch,3,1.0,200,human,liver,liver cancer
fibroblast.,72,image,0.2440913766622543,0.3383368253707886,HLDX010,conch,3,1.0,200,human,liver,liver cancer
fibroblast.,72,spatial_knn,0.2752660810947418,0.3073805272579193,HLDX010,conch,3,1.0,200,human,liver,liver cancer
hepatocyte.,354,train_mean,0.9820974469184875,0.135271668434143,HLDX010,conch,3,1.0,200,human,liver,liver cancer
hepatocyte.,354,coordinate,0.9667106866836548,0.1585238873958587,HLDX010,conch,3,1.0,200,human,liver,liver cancer
hepatocyte.,354,image,0.9827396869659424,0.1382398456335067,HLDX010,conch,3,1.0,200,human,liver,liver cancer
hepatocyte.,354,spatial_knn,0.9678693413734436,0.1763394773006439,HLDX010,conch,3,1.0,200,human,liver,liver cancer
kidney proximal convoluted tubule epithelial cell.,34,train_mean,0.9670932292938232,0.0999632403254509,HLDX010,conch,3,1.0,200,human,liver,liver cancer
kidney proximal convoluted tubule epithelial cell.,34,coordinate,0.9618583917617798,0.109676145017147,HLDX010,conch,3,1.0,200,human,liver,liver cancer
kidney proximal convoluted tubule epithelial cell.,34,image,0.9643862843513488,0.1035115420818328,HLDX010,conch,3,1.0,200,human,liver,liver cancer
kidney proximal convoluted tubule epithelial cell.,34,spatial_knn,0.959293782711029,0.1267807781696319,HLDX010,conch,3,1.0,200,human,liver,liver cancer
macrophage.,288,train_mean,0.7586168646812439,0.1984168887138366,HLDX010,conch,3,1.0,200,human,liver,liver cancer
macrophage.,288,coordinate,0.7516315579414368,0.189153105020523,HLDX010,conch,3,1.0,200,human,liver,liver cancer
macrophage.,288,image,0.7572879195213318,0.1946146786212921,HLDX010,conch,3,1.0,200,human,liver,liver cancer
macrophage.,288,spatial_knn,0.7502611875534058,0.1821692883968353,HLDX010,conch,3,1.0,200,human,liver,liver cancer
monocyte.,26,train_mean,0.3301493525505066,0.3078932166099548,HLDX010,conch,3,1.0,200,human,liver,liver cancer
monocyte.,26,coordinate,0.3026979863643646,0.2924772500991821,HLDX010,conch,3,1.0,200,human,liver,liver cancer
monocyte.,26,image,0.3391886055469513,0.2950321733951568,HLDX010,conch,3,1.0,200,human,liver,liver cancer
monocyte.,26,spatial_knn,0.3207519352436065,0.2917428314685821,HLDX010,conch,3,1.0,200,human,liver,liver cancer
myeloid cell.,20,train_mean,0.6459722518920898,0.2472479343414306,HLDX010,conch,3,1.0,200,human,liver,liver cancer
myeloid cell.,20,coordinate,0.6285467147827148,0.2418915629386901,HLDX010,conch,3,1.0,200,human,liver,liver cancer
myeloid cell.,20,image,0.6493027210235596,0.242231860756874,HLDX010,conch,3,1.0,200,human,liver,liver cancer
myeloid cell.,20,spatial_knn,0.642685055732727,0.235985979437828,HLDX010,conch,3,1.0,200,human,liver,liver cancer
natural killer cell.,32,train_mean,0.5201873779296875,0.2685272693634033,HLDX010,conch,3,1.0,200,human,liver,liver cancer
natural killer cell.,32,coordinate,0.514511227607727,0.2601939141750335,HLDX010,conch,3,1.0,200,human,liver,liver cancer
natural killer cell.,32,image,0.5220290422439575,0.2631261646747589,HLDX010,conch,3,1.0,200,human,liver,liver cancer
natural killer cell.,32,spatial_knn,0.4826516211032867,0.2539305686950683,HLDX010,conch,3,1.0,200,human,liver,liver cancer
smooth muscle cell.,26,train_mean,-0.0050071501173079,0.3734739422798157,HLDX010,conch,3,1.0,200,human,liver,liver cancer
smooth muscle cell.,26,coordinate,0.0567075945436954,0.3630784153938293,HLDX010,conch,3,1.0,200,human,liver,liver cancer
smooth muscle cell.,26,image,-0.0080029927194118,0.3629838526248932,HLDX010,conch,3,1.0,200,human,liver,liver cancer
smooth muscle cell.,26,spatial_knn,0.0326786376535892,0.3355524837970733,HLDX010,conch,3,1.0,200,human,liver,liver cancer
B cell.,78,train_mean,0.6504259705543518,0.1518668532371521,HOCD032,conch,0,1.0,200,human,ovary,ovarian cancer
B cell.,78,coordinate,0.6466639041900635,0.1766440868377685,HOCD032,conch,0,1.0,200,human,ovary,ovarian cancer
B cell.,78,image,0.6523496508598328,0.0744790956377983,HOCD032,conch,0,1.0,200,human,ovary,ovarian cancer
B cell.,78,spatial_knn,0.6641992926597595,0.1013764292001724,HOCD032,conch,0,1.0,200,human,ovary,ovarian cancer
"CD8-positive, alpha-beta T cell.",53,train_mean,0.537196159362793,0.1757736057043075,HOCD032,conch,0,1.0,200,human,ovary,ovarian cancer
"CD8-positive, alpha-beta T cell.",53,coordinate,0.4246649444103241,0.1826529204845428,HOCD032,conch,0,1.0,200,human,ovary,ovarian cancer
"CD8-positive, alpha-beta T cell.",53,image,0.650699257850647,0.0680296793580055,HOCD032,conch,0,1.0,200,human,ovary,ovarian cancer
"CD8-positive, alpha-beta T cell.",53,spatial_knn,0.4561785757541656,0.0936378836631774,HOCD032,conch,0,1.0,200,human,ovary,ovarian cancer
T cell.,69,train_mean,0.6483222842216492,0.1542431861162185,HOCD032,conch,0,1.0,200,human,ovary,ovarian cancer
T cell.,69,coordinate,0.5803908109664917,0.1839376986026764,HOCD032,conch,0,1.0,200,human,ovary,ovarian cancer
T cell.,69,image,0.7077108025550842,0.0658199116587638,HOCD032,conch,0,1.0,200,human,ovary,ovarian cancer
T cell.,69,spatial_knn,0.5951147079467773,0.1052271574735641,HOCD032,conch,0,1.0,200,human,ovary,ovarian cancer
cultured cell.,48,train_mean,0.8486736416816711,0.1101483032107353,HOCD032,conch,0,1.0,200,human,ovary,ovarian cancer
cultured cell.,48,coordinate,0.8744199872016907,0.1206897869706153,HOCD032,conch,0,1.0,200,human,ovary,ovarian cancer
cultured cell.,48,image,0.8864546418190002,0.0976246148347854,HOCD032,conch,0,1.0,200,human,ovary,ovarian cancer
cultured cell.,48,spatial_knn,0.8692601323127747,0.1096352413296699,HOCD032,conch,0,1.0,200,human,ovary,ovarian cancer
dendritic cell.,51,train_mean,0.6074609160423279,0.1269066631793975,HOCD032,conch,0,1.0,200,human,ovary,ovarian cancer
dendritic cell.,51,coordinate,0.5547667145729065,0.1866110116243362,HOCD032,conch,0,1.0,200,human,ovary,ovarian cancer
dendritic cell.,51,image,0.5967300534248352,0.1112607195973396,HOCD032,conch,0,1.0,200,human,ovary,ovarian cancer
dendritic cell.,51,spatial_knn,0.5778485536575317,0.1514279395341873,HOCD032,conch,0,1.0,200,human,ovary,ovarian cancer
endothelial cell of vascular tree.,45,train_mean,0.8837385773658752,0.1047757267951965,HOCD032,conch,0,1.0,200,human,ovary,ovarian cancer
endothelial cell of vascular tree.,45,coordinate,0.8719444870948792,0.1435640901327133,HOCD032,conch,0,1.0,200,human,ovary,ovarian cancer
endothelial cell of vascular tree.,45,image,0.8853383660316467,0.0741161927580833,HOCD032,conch,0,1.0,200,human,ovary,ovarian cancer
endothelial cell of vascular tree.,45,spatial_knn,0.878180205821991,0.0840873047709465,HOCD032,conch,0,1.0,200,human,ovary,ovarian cancer
endothelial cell.,775,train_mean,0.967958927154541,0.0549542978405952,HOCD032,conch,0,1.0,200,human,ovary,ovarian cancer
endothelial cell.,775,coordinate,0.968955934047699,0.080012060701847,HOCD032,conch,0,1.0,200,human,ovary,ovarian cancer
endothelial cell.,775,image,0.9769389629364014,0.0394158512353897,HOCD032,conch,0,1.0,200,human,ovary,ovarian cancer
endothelial cell.,775,spatial_knn,0.9697445034980774,0.0502606108784675,HOCD032,conch,0,1.0,200,human,ovary,ovarian cancer
epithelial cell of lower respiratory tract.,20,train_mean,0.8710344433784485,0.1168282926082611,HOCD032,conch,0,1.0,200,human,ovary,ovarian cancer
epithelial cell of lower respiratory tract.,20,coordinate,0.8984281420707703,0.1149087324738502,HOCD032,conch,0,1.0,200,human,ovary,ovarian cancer
epithelial cell of lower respiratory tract.,20,image,0.903056800365448,0.0994725748896598,HOCD032,conch,0,1.0,200,human,ovary,ovarian cancer
epithelial cell of lower respiratory tract.,20,spatial_knn,0.8937572240829468,0.0996748507022857,HOCD032,conch,0,1.0,200,human,ovary,ovarian cancer
epithelial cell.,74,train_mean,0.9115684628486632,0.1113710030913353,HOCD032,conch,0,1.0,200,human,ovary,ovarian cancer
epithelial cell.,74,coordinate,0.9390657544136048,0.093962475657463,HOCD032,conch,0,1.0,200,human,ovary,ovarian cancer
epithelial cell.,74,image,0.9558060169219972,0.0707772076129913,HOCD032,conch,0,1.0,200,human,ovary,ovarian cancer
epithelial cell.,74,spatial_knn,0.9416472911834716,0.0837959870696067,HOCD032,conch,0,1.0,200,human,ovary,ovarian cancer
fibroblast of cardiac tissue.,72,train_mean,0.3424437940120697,0.2003066390752792,HOCD032,conch,0,1.0,200,human,ovary,ovarian cancer
fibroblast of cardiac tissue.,72,coordinate,0.1840276718139648,0.2489753365516662,HOCD032,conch,0,1.0,200,human,ovary,ovarian cancer
fibroblast of cardiac tissue.,72,image,0.9130830764770508,0.0882255434989929,HOCD032,conch,0,1.0,200,human,ovary,ovarian cancer
fibroblast of cardiac tissue.,72,spatial_knn,0.1984087526798248,0.2101490795612335,HOCD032,conch,0,1.0,200,human,ovary,ovarian cancer
fibroblast.,229,train_mean,0.5457013845443726,0.1423795372247696,HOCD032,conch,0,1.0,200,human,ovary,ovarian cancer
fibroblast.,229,coordinate,0.4030525088310241,0.1881306320428848,HOCD032,conch,0,1.0,200,human,ovary,ovarian cancer
fibroblast.,229,image,0.9199591875076294,0.0567101426422596,HOCD032,conch,0,1.0,200,human,ovary,ovarian cancer
fibroblast.,229,spatial_knn,0.4302458763122558,0.1406885385513305,HOCD032,conch,0,1.0,200,human,ovary,ovarian cancer
macrophage.,319,train_mean,0.6574582457542419,0.11607126891613,HOCD032,conch,0,1.0,200,human,ovary,ovarian cancer
macrophage.,319,coordinate,0.5713828802108765,0.1703522801399231,HOCD032,conch,0,1.0,200,human,ovary,ovarian cancer
macrophage.,319,image,0.6769779920578003,0.0930638909339904,HOCD032,conch,0,1.0,200,human,ovary,ovarian cancer
macrophage.,319,spatial_knn,0.6078161001205444,0.1274659484624862,HOCD032,conch,0,1.0,200,human,ovary,ovarian cancer
malignant cell.,31,train_mean,0.8814677596092224,0.0881758779287338,HOCD032,conch,0,1.0,200,human,ovary,ovarian cancer
malignant cell.,31,coordinate,0.9071414470672609,0.1198928132653236,HOCD032,conch,0,1.0,200,human,ovary,ovarian cancer
malignant cell.,31,image,0.9086392521858216,0.08587446808815,HOCD032,conch,0,1.0,200,human,ovary,ovarian cancer
malignant cell.,31,spatial_knn,0.9121627807617188,0.1101701781153678,HOCD032,conch,0,1.0,200,human,ovary,ovarian cancer
myeloid cell.,30,train_mean,0.8416668772697449,0.0916772931814193,HOCD032,conch,0,1.0,200,human,ovary,ovarian cancer
myeloid cell.,30,coordinate,0.8222774267196655,0.1403498649597168,HOCD032,conch,0,1.0,200,human,ovary,ovarian cancer
myeloid cell.,30,image,0.8682483434677124,0.0711310431361198,HOCD032,conch,0,1.0,200,human,ovary,ovarian cancer
myeloid cell.,30,spatial_knn,0.8372812867164612,0.1043557524681091,HOCD032,conch,0,1.0,200,human,ovary,ovarian cancer
native cell.,24,train_mean,0.7954453229904175,0.1160789430141449,HOCD032,conch,0,1.0,200,human,ovary,ovarian cancer
native cell.,24,coordinate,0.8370318412780762,0.156468316912651,HOCD032,conch,0,1.0,200,human,ovary,ovarian cancer
native cell.,24,image,0.8435391783714294,0.1250594407320022,HOCD032,conch,0,1.0,200,human,ovary,ovarian cancer
native cell.,24,spatial_knn,0.8458794355392456,0.1194966584444046,HOCD032,conch,0,1.0,200,human,ovary,ovarian cancer
natural killer cell.,23,train_mean,0.56964510679245,0.1588406860828399,HOCD032,conch,0,1.0,200,human,ovary,ovarian cancer
natural killer cell.,23,coordinate,0.5147157907485962,0.1836261302232742,HOCD032,conch,0,1.0,200,human,ovary,ovarian cancer
natural killer cell.,23,image,0.5310339331626892,0.0677332431077957,HOCD032,conch,0,1.0,200,human,ovary,ovarian cancer
natural killer cell.,23,spatial_knn,0.4954356551170349,0.1069286093115806,HOCD032,conch,0,1.0,200,human,ovary,ovarian cancer
plasma cell.,46,train_mean,0.878545880317688,0.0840381681919097,HOCD032,conch,0,1.0,200,human,ovary,ovarian cancer
plasma cell.,46,coordinate,0.9105212688446044,0.1204392462968826,HOCD032,conch,0,1.0,200,human,ovary,ovarian cancer
plasma cell.,46,image,0.9055144786834716,0.0590084940195083,HOCD032,conch,0,1.0,200,human,ovary,ovarian cancer
plasma cell.,46,spatial_knn,0.8808748126029968,0.0756029039621353,HOCD032,conch,0,1.0,200,human,ovary,ovarian cancer
smooth muscle cell.,130,train_mean,0.7591304183006287,0.1090702787041664,HOCD032,conch,0,1.0,200,human,ovary,ovarian cancer
smooth muscle cell.,130,coordinate,0.626728355884552,0.1824776381254196,HOCD032,conch,0,1.0,200,human,ovary,ovarian cancer
smooth muscle cell.,130,image,0.9020397663116456,0.0671485438942909,HOCD032,conch,0,1.0,200,human,ovary,ovarian cancer
smooth muscle cell.,130,spatial_knn,0.6535765528678894,0.1420917063951492,HOCD032,conch,0,1.0,200,human,ovary,ovarian cancer
stromal cell.,115,train_mean,0.9098332524299622,0.0800348967313766,HOCD032,conch,0,1.0,200,human,ovary,ovarian cancer
stromal cell.,115,coordinate,0.8812465071678162,0.1405002325773239,HOCD032,conch,0,1.0,200,human,ovary,ovarian cancer
stromal cell.,115,image,0.9146926403045654,0.0601485297083854,HOCD032,conch,0,1.0,200,human,ovary,ovarian cancer
stromal cell.,115,spatial_knn,0.8914530873298645,0.0903985574841499,HOCD032,conch,0,1.0,200,human,ovary,ovarian cancer
B cell.,21,train_mean,0.8569607138633728,0.0788243189454078,HOCD032,conch,1,1.0,200,human,ovary,ovarian cancer
B cell.,21,coordinate,0.6962526440620422,0.1342377960681915,HOCD032,conch,1,1.0,200,human,ovary,ovarian cancer
B cell.,21,image,0.8828701376914978,0.1042583808302879,HOCD032,conch,1,1.0,200,human,ovary,ovarian cancer
B cell.,21,spatial_knn,0.770250141620636,0.1338396817445755,HOCD032,conch,1,1.0,200,human,ovary,ovarian cancer
cultured cell.,41,train_mean,0.886051595211029,0.1428634226322174,HOCD032,conch,1,1.0,200,human,ovary,ovarian cancer
cultured cell.,41,coordinate,0.6916468143463135,0.1735147535800933,HOCD032,conch,1,1.0,200,human,ovary,ovarian cancer
cultured cell.,41,image,0.9260600805282592,0.0927295684814453,HOCD032,conch,1,1.0,200,human,ovary,ovarian cancer
cultured cell.,41,spatial_knn,0.8135035037994385,0.1393616646528244,HOCD032,conch,1,1.0,200,human,ovary,ovarian cancer
dendritic cell.,32,train_mean,0.8690670132637024,0.1189774721860885,HOCD032,conch,1,1.0,200,human,ovary,ovarian cancer
dendritic cell.,32,coordinate,0.7407117486000061,0.1366669535636901,HOCD032,conch,1,1.0,200,human,ovary,ovarian cancer
dendritic cell.,32,image,0.887807309627533,0.094795636832714,HOCD032,conch,1,1.0,200,human,ovary,ovarian cancer
dendritic cell.,32,spatial_knn,0.7877393364906311,0.126267060637474,HOCD032,conch,1,1.0,200,human,ovary,ovarian cancer
endothelial cell of vascular tree.,21,train_mean,0.8622873425483704,0.076617307960987,HOCD032,conch,1,1.0,200,human,ovary,ovarian cancer
endothelial cell of vascular tree.,21,coordinate,0.7256392240524292,0.1144328787922859,HOCD032,conch,1,1.0,200,human,ovary,ovarian cancer
endothelial cell of vascular tree.,21,image,0.8621720671653748,0.0873373001813888,HOCD032,conch,1,1.0,200,human,ovary,ovarian cancer
endothelial cell of vascular tree.,21,spatial_knn,0.7751601338386536,0.1165792047977447,HOCD032,conch,1,1.0,200,human,ovary,ovarian cancer
endothelial cell.,1195,train_mean,0.965723991394043,0.1231051832437515,HOCD032,conch,1,1.0,200,human,ovary,ovarian cancer
endothelial cell.,1195,coordinate,0.8791213035583496,0.1157897040247917,HOCD032,conch,1,1.0,200,human,ovary,ovarian cancer
endothelial cell.,1195,image,0.9890709519386292,0.0519017353653907,HOCD032,conch,1,1.0,200,human,ovary,ovarian cancer
endothelial cell.,1195,spatial_knn,0.9024779796600342,0.1047971174120903,HOCD032,conch,1,1.0,200,human,ovary,ovarian cancer
epithelial cell of lower respiratory tract.,25,train_mean,0.8758315443992615,0.1122814491391182,HOCD032,conch,1,1.0,200,human,ovary,ovarian cancer
epithelial cell of lower respiratory tract.,25,coordinate,0.7437099814414978,0.1451331377029419,HOCD032,conch,1,1.0,200,human,ovary,ovarian cancer
epithelial cell of lower respiratory tract.,25,image,0.9147822856903076,0.08941051363945,HOCD032,conch,1,1.0,200,human,ovary,ovarian cancer
epithelial cell of lower respiratory tract.,25,spatial_knn,0.8272536993026733,0.1224247217178344,HOCD032,conch,1,1.0,200,human,ovary,ovarian cancer
epithelial cell.,87,train_mean,0.9076932072639464,0.1272802799940109,HOCD032,conch,1,1.0,200,human,ovary,ovarian cancer
epithelial cell.,87,coordinate,0.7654061913490295,0.1478668451309204,HOCD032,conch,1,1.0,200,human,ovary,ovarian cancer
epithelial cell.,87,image,0.9520588517189026,0.0727498680353164,HOCD032,conch,1,1.0,200,human,ovary,ovarian cancer
epithelial cell.,87,spatial_knn,0.8488874435424805,0.1219172477722168,HOCD032,conch,1,1.0,200,human,ovary,ovarian cancer
fibroblast of cardiac tissue.,31,train_mean,0.3221913874149322,0.194366306066513,HOCD032,conch,1,1.0,200,human,ovary,ovarian cancer
fibroblast of cardiac tissue.,31,coordinate,0.6652276515960693,0.1388956010341644,HOCD032,conch,1,1.0,200,human,ovary,ovarian cancer
fibroblast of cardiac tissue.,31,image,0.8424907326698303,0.1075268387794494,HOCD032,conch,1,1.0,200,human,ovary,ovarian cancer
fibroblast of cardiac tissue.,31,spatial_knn,0.8169772028923035,0.1106326729059219,HOCD032,conch,1,1.0,200,human,ovary,ovarian cancer
fibroblast.,229,train_mean,0.4608939588069916,0.1784025728702545,HOCD032,conch,1,1.0,200,human,ovary,ovarian cancer
fibroblast.,229,coordinate,0.7169362306594849,0.1473162919282913,HOCD032,conch,1,1.0,200,human,ovary,ovarian cancer
fibroblast.,229,image,0.8808273077011108,0.0998851209878921,HOCD032,conch,1,1.0,200,human,ovary,ovarian cancer
fibroblast.,229,spatial_knn,0.8363509178161621,0.120256133377552,HOCD032,conch,1,1.0,200,human,ovary,ovarian cancer
macrophage.,259,train_mean,0.8195163011550903,0.1188371628522872,HOCD032,conch,1,1.0,200,human,ovary,ovarian cancer
macrophage.,259,coordinate,0.6646683812141418,0.1454537957906723,HOCD032,conch,1,1.0,200,human,ovary,ovarian cancer
macrophage.,259,image,0.8387004137039185,0.1034402549266815,HOCD032,conch,1,1.0,200,human,ovary,ovarian cancer
macrophage.,259,spatial_knn,0.7315026521682739,0.133408322930336,HOCD032,conch,1,1.0,200,human,ovary,ovarian cancer
malignant cell.,35,train_mean,0.8935088515281677,0.1330728828907013,HOCD032,conch,1,1.0,200,human,ovary,ovarian cancer
malignant cell.,35,coordinate,0.7335723638534546,0.1577349603176117,HOCD032,conch,1,1.0,200,human,ovary,ovarian cancer
malignant cell.,35,image,0.94027179479599,0.082879938185215,HOCD032,conch,1,1.0,200,human,ovary,ovarian cancer
malignant cell.,35,spatial_knn,0.8195475339889526,0.1331217139959335,HOCD032,conch,1,1.0,200,human,ovary,ovarian cancer
myeloid cell.,51,train_mean,0.895939290523529,0.0730456784367561,HOCD032,conch,1,1.0,200,human,ovary,ovarian cancer
myeloid cell.,51,coordinate,0.7414769530296326,0.1147503033280372,HOCD032,conch,1,1.0,200,human,ovary,ovarian cancer
myeloid cell.,51,image,0.9274185299873352,0.0636694505810737,HOCD032,conch,1,1.0,200,human,ovary,ovarian cancer
myeloid cell.,51,spatial_knn,0.6868698596954346,0.1287726610898971,HOCD032,conch,1,1.0,200,human,ovary,ovarian cancer
plasma cell.,56,train_mean,0.924402356147766,0.1001694649457931,HOCD032,conch,1,1.0,200,human,ovary,ovarian cancer
plasma cell.,56,coordinate,0.7461823225021362,0.1358837038278579,HOCD032,conch,1,1.0,200,human,ovary,ovarian cancer
plasma cell.,56,image,0.9538994431495668,0.0643657073378562,HOCD032,conch,1,1.0,200,human,ovary,ovarian cancer
plasma cell.,56,spatial_knn,0.8455187678337097,0.1084431186318397,HOCD032,conch,1,1.0,200,human,ovary,ovarian cancer
smooth muscle cell.,113,train_mean,0.9282743334770204,0.077083870768547,HOCD032,conch,1,1.0,200,human,ovary,ovarian cancer
smooth muscle cell.,113,coordinate,0.8263023495674133,0.1038941293954849,HOCD032,conch,1,1.0,200,human,ovary,ovarian cancer
smooth muscle cell.,113,image,0.930621325969696,0.0703733712434768,HOCD032,conch,1,1.0,200,human,ovary,ovarian cancer
smooth muscle cell.,113,spatial_knn,0.930042326450348,0.0704625472426414,HOCD032,conch,1,1.0,200,human,ovary,ovarian cancer
stromal cell.,87,train_mean,0.9437206983566284,0.0527364648878574,HOCD032,conch,1,1.0,200,human,ovary,ovarian cancer
stromal cell.,87,coordinate,0.8074232935905457,0.0945744961500167,HOCD032,conch,1,1.0,200,human,ovary,ovarian cancer
stromal cell.,87,image,0.9479032754898072,0.0605950653553009,HOCD032,conch,1,1.0,200,human,ovary,ovarian cancer
stromal cell.,87,spatial_knn,0.8873364329338074,0.0778877511620521,HOCD032,conch,1,1.0,200,human,ovary,ovarian cancer
B cell.,52,train_mean,0.6795764565467834,0.1859397888183593,HOCD032,conch,2,1.0,200,human,ovary,ovarian cancer
B cell.,52,coordinate,0.4727143347263336,0.1170621961355209,HOCD032,conch,2,1.0,200,human,ovary,ovarian cancer
B cell.,52,image,0.694832444190979,0.0909903720021247,HOCD032,conch,2,1.0,200,human,ovary,ovarian cancer
B cell.,52,spatial_knn,0.6329911947250366,0.1502046138048172,HOCD032,conch,2,1.0,200,human,ovary,ovarian cancer
"CD8-positive, alpha-beta T cell.",46,train_mean,0.4479887187480926,0.2062295824289322,HOCD032,conch,2,1.0,200,human,ovary,ovarian cancer
"CD8-positive, alpha-beta T cell.",46,coordinate,0.6316516995429993,0.1137707605957984,HOCD032,conch,2,1.0,200,human,ovary,ovarian cancer
"CD8-positive, alpha-beta T cell.",46,image,0.6502544283866882,0.106624536216259,HOCD032,conch,2,1.0,200,human,ovary,ovarian cancer
"CD8-positive, alpha-beta T cell.",46,spatial_knn,0.5326333045959473,0.1725717782974243,HOCD032,conch,2,1.0,200,human,ovary,ovarian cancer
T cell.,35,train_mean,0.6253469586372375,0.1689955741167068,HOCD032,conch,2,1.0,200,human,ovary,ovarian cancer
T cell.,35,coordinate,0.6958038210868835,0.09809160977602,HOCD032,conch,2,1.0,200,human,ovary,ovarian cancer
T cell.,35,image,0.6924648880958557,0.0904359146952629,HOCD032,conch,2,1.0,200,human,ovary,ovarian cancer
T cell.,35,spatial_knn,0.6444219350814819,0.1343012005090713,HOCD032,conch,2,1.0,200,human,ovary,ovarian cancer
cultured cell.,26,train_mean,0.8169015645980835,0.1156072989106178,HOCD032,conch,2,1.0,200,human,ovary,ovarian cancer
cultured cell.,26,coordinate,0.6376723647117615,0.1097519099712371,HOCD032,conch,2,1.0,200,human,ovary,ovarian cancer
cultured cell.,26,image,0.84626704454422,0.0843971148133277,HOCD032,conch,2,1.0,200,human,ovary,ovarian cancer
cultured cell.,26,spatial_knn,0.7609490752220154,0.1038184091448783,HOCD032,conch,2,1.0,200,human,ovary,ovarian cancer
dendritic cell.,22,train_mean,0.5609009265899658,0.1507972627878189,HOCD032,conch,2,1.0,200,human,ovary,ovarian cancer
dendritic cell.,22,coordinate,0.5655768513679504,0.1104452908039093,HOCD032,conch,2,1.0,200,human,ovary,ovarian cancer
dendritic cell.,22,image,0.6107689142227173,0.1025314703583717,HOCD032,conch,2,1.0,200,human,ovary,ovarian cancer
dendritic cell.,22,spatial_knn,0.536485493183136,0.1329026818275451,HOCD032,conch,2,1.0,200,human,ovary,ovarian cancer
endothelial cell of vascular tree.,38,train_mean,0.4946000277996063,0.1873688399791717,HOCD032,conch,2,1.0,200,human,ovary,ovarian cancer
endothelial cell of vascular tree.,38,coordinate,0.7032226324081421,0.101282387971878,HOCD032,conch,2,1.0,200,human,ovary,ovarian cancer
endothelial cell of vascular tree.,38,image,0.695412278175354,0.1033918187022209,HOCD032,conch,2,1.0,200,human,ovary,ovarian cancer
endothelial cell of vascular tree.,38,spatial_knn,0.6216139197349548,0.1370325982570648,HOCD032,conch,2,1.0,200,human,ovary,ovarian cancer
endothelial cell.,704,train_mean,0.7393770813941956,0.127403438091278,HOCD032,conch,2,1.0,200,human,ovary,ovarian cancer
endothelial cell.,704,coordinate,0.8163211941719055,0.0688163563609123,HOCD032,conch,2,1.0,200,human,ovary,ovarian cancer
endothelial cell.,704,image,0.8484900593757629,0.0657895728945732,HOCD032,conch,2,1.0,200,human,ovary,ovarian cancer
endothelial cell.,704,spatial_knn,0.7944160103797913,0.0953992381691932,HOCD032,conch,2,1.0,200,human,ovary,ovarian cancer
epithelial cell.,41,train_mean,0.8877885937690735,0.0886509343981742,HOCD032,conch,2,1.0,200,human,ovary,ovarian cancer
epithelial cell.,41,coordinate,0.7141141891479492,0.1133316457271575,HOCD032,conch,2,1.0,200,human,ovary,ovarian cancer
epithelial cell.,41,image,0.9012613892555236,0.0755943655967712,HOCD032,conch,2,1.0,200,human,ovary,ovarian cancer
epithelial cell.,41,spatial_knn,0.8778724074363708,0.081873632967472,HOCD032,conch,2,1.0,200,human,ovary,ovarian cancer
fibroblast of cardiac tissue.,104,train_mean,0.1978294998407364,0.2242426127195358,HOCD032,conch,2,1.0,200,human,ovary,ovarian cancer
fibroblast of cardiac tissue.,104,coordinate,0.6144113540649414,0.1321178972721099,HOCD032,conch,2,1.0,200,human,ovary,ovarian cancer
fibroblast of cardiac tissue.,104,image,0.7561626434326172,0.1138276308774948,HOCD032,conch,2,1.0,200,human,ovary,ovarian cancer
fibroblast of cardiac tissue.,104,spatial_knn,0.3822804987430572,0.1794405430555343,HOCD032,conch,2,1.0,200,human,ovary,ovarian cancer
fibroblast.,561,train_mean,0.2279793322086334,0.2215057611465454,HOCD032,conch,2,1.0,200,human,ovary,ovarian cancer
fibroblast.,561,coordinate,0.6312840580940247,0.1365184038877487,HOCD032,conch,2,1.0,200,human,ovary,ovarian cancer
fibroblast.,561,image,0.7402133941650391,0.1220716014504432,HOCD032,conch,2,1.0,200,human,ovary,ovarian cancer
fibroblast.,561,spatial_knn,0.4046119749546051,0.1780688464641571,HOCD032,conch,2,1.0,200,human,ovary,ovarian cancer
macrophage.,261,train_mean,0.4916094541549682,0.1583748608827591,HOCD032,conch,2,1.0,200,human,ovary,ovarian cancer
macrophage.,261,coordinate,0.6897647976875305,0.0882722362875938,HOCD032,conch,2,1.0,200,human,ovary,ovarian cancer
macrophage.,261,image,0.6555169224739075,0.0911473929882049,HOCD032,conch,2,1.0,200,human,ovary,ovarian cancer
macrophage.,261,spatial_knn,0.562399685382843,0.1324062198400497,HOCD032,conch,2,1.0,200,human,ovary,ovarian cancer
myeloid cell.,31,train_mean,0.7787842154502869,0.1319125145673751,HOCD032,conch,2,1.0,200,human,ovary,ovarian cancer
myeloid cell.,31,coordinate,0.6382497549057007,0.0911551490426063,HOCD032,conch,2,1.0,200,human,ovary,ovarian cancer
myeloid cell.,31,image,0.8029670119285583,0.082339309155941,HOCD032,conch,2,1.0,200,human,ovary,ovarian cancer
myeloid cell.,31,spatial_knn,0.7650101780891418,0.092603251338005,HOCD032,conch,2,1.0,200,human,ovary,ovarian cancer
plasma cell.,35,train_mean,0.8612669706344604,0.1066367775201797,HOCD032,conch,2,1.0,200,human,ovary,ovarian cancer
plasma cell.,35,coordinate,0.584446370601654,0.1011075600981712,HOCD032,conch,2,1.0,200,human,ovary,ovarian cancer
plasma cell.,35,image,0.8719305992126465,0.0628904029726982,HOCD032,conch,2,1.0,200,human,ovary,ovarian cancer
plasma cell.,35,spatial_knn,0.8336172103881836,0.099987044930458,HOCD032,conch,2,1.0,200,human,ovary,ovarian cancer
smooth muscle cell.,148,train_mean,0.4257082939147949,0.1805242598056793,HOCD032,conch,2,1.0,200,human,ovary,ovarian cancer
smooth muscle cell.,148,coordinate,0.7127401232719421,0.10481608659029,HOCD032,conch,2,1.0,200,human,ovary,ovarian cancer
smooth muscle cell.,148,image,0.7987827658653259,0.0923172831535339,HOCD032,conch,2,1.0,200,human,ovary,ovarian cancer
smooth muscle cell.,148,spatial_knn,0.6088610291481018,0.1325243264436721,HOCD032,conch,2,1.0,200,human,ovary,ovarian cancer
stromal cell.,113,train_mean,0.7005867958068848,0.1637870520353317,HOCD032,conch,2,1.0,200,human,ovary,ovarian cancer
stromal cell.,113,coordinate,0.8392015695571899,0.0884924158453941,HOCD032,conch,2,1.0,200,human,ovary,ovarian cancer
stromal cell.,113,image,0.8328947424888611,0.0952636897563934,HOCD032,conch,2,1.0,200,human,ovary,ovarian cancer
stromal cell.,113,spatial_knn,0.760148286819458,0.1087556555867195,HOCD032,conch,2,1.0,200,human,ovary,ovarian cancer
B cell.,131,train_mean,0.508184015750885,0.1940833926200866,HOCD032,conch,3,1.0,200,human,ovary,ovarian cancer
B cell.,131,coordinate,0.5153054594993591,0.2034534364938736,HOCD032,conch,3,1.0,200,human,ovary,ovarian cancer
B cell.,131,image,0.4301739037036896,0.0818375423550605,HOCD032,conch,3,1.0,200,human,ovary,ovarian cancer
B cell.,131,spatial_knn,0.5519111752510071,0.1550822407007217,HOCD032,conch,3,1.0,200,human,ovary,ovarian cancer
"CD8-positive, alpha-beta T cell.",74,train_mean,0.5488207340240479,0.201164111495018,HOCD032,conch,3,1.0,200,human,ovary,ovarian cancer
"CD8-positive, alpha-beta T cell.",74,coordinate,0.4311408102512359,0.2101575136184692,HOCD032,conch,3,1.0,200,human,ovary,ovarian cancer
"CD8-positive, alpha-beta T cell.",74,image,0.5678110122680664,0.075886495411396,HOCD032,conch,3,1.0,200,human,ovary,ovarian cancer
"CD8-positive, alpha-beta T cell.",74,spatial_knn,0.5738107562065125,0.1454740315675735,HOCD032,conch,3,1.0,200,human,ovary,ovarian cancer
T cell.,75,train_mean,0.663655698299408,0.1727007776498794,HOCD032,conch,3,1.0,200,human,ovary,ovarian cancer
T cell.,75,coordinate,0.6467119455337524,0.1847799867391586,HOCD032,conch,3,1.0,200,human,ovary,ovarian cancer
T cell.,75,image,0.6713575124740601,0.0668057650327682,HOCD032,conch,3,1.0,200,human,ovary,ovarian cancer
T cell.,75,spatial_knn,0.70295649766922,0.1213418394327163,HOCD032,conch,3,1.0,200,human,ovary,ovarian cancer
cultured cell.,59,train_mean,0.818260133266449,0.1189547330141067,HOCD032,conch,3,1.0,200,human,ovary,ovarian cancer
cultured cell.,59,coordinate,0.8857036828994751,0.1175270229578018,HOCD032,conch,3,1.0,200,human,ovary,ovarian cancer
cultured cell.,59,image,0.8532292246818542,0.0829250141978263,HOCD032,conch,3,1.0,200,human,ovary,ovarian cancer
cultured cell.,59,spatial_knn,0.8534278273582458,0.1040766835212707,HOCD032,conch,3,1.0,200,human,ovary,ovarian cancer
dendritic cell.,42,train_mean,0.5514936447143555,0.1576869040727615,HOCD032,conch,3,1.0,200,human,ovary,ovarian cancer
dendritic cell.,42,coordinate,0.5282155275344849,0.1728657335042953,HOCD032,conch,3,1.0,200,human,ovary,ovarian cancer
dendritic cell.,42,image,0.5580313801765442,0.0877978131175041,HOCD032,conch,3,1.0,200,human,ovary,ovarian cancer
dendritic cell.,42,spatial_knn,0.6299446821212769,0.1146603375673294,HOCD032,conch,3,1.0,200,human,ovary,ovarian cancer
endothelial cell of vascular tree.,52,train_mean,0.8797612190246582,0.1565164625644683,HOCD032,conch,3,1.0,200,human,ovary,ovarian cancer
endothelial cell of vascular tree.,52,coordinate,0.8480081558227539,0.1638940274715423,HOCD032,conch,3,1.0,200,human,ovary,ovarian cancer
endothelial cell of vascular tree.,52,image,0.7703089714050293,0.0732768550515174,HOCD032,conch,3,1.0,200,human,ovary,ovarian cancer
endothelial cell of vascular tree.,52,spatial_knn,0.8505104184150696,0.1158194094896316,HOCD032,conch,3,1.0,200,human,ovary,ovarian cancer
endothelial cell.,624,train_mean,0.95677250623703,0.0918043553829193,HOCD032,conch,3,1.0,200,human,ovary,ovarian cancer
endothelial cell.,624,coordinate,0.9140224456787108,0.1146252378821373,HOCD032,conch,3,1.0,200,human,ovary,ovarian cancer
endothelial cell.,624,image,0.9357686638832092,0.0412063561379909,HOCD032,conch,3,1.0,200,human,ovary,ovarian cancer
endothelial cell.,624,spatial_knn,0.9242003560066224,0.0732938796281814,HOCD032,conch,3,1.0,200,human,ovary,ovarian cancer
epithelial cell.,51,train_mean,0.8991743922233582,0.0893814861774444,HOCD032,conch,3,1.0,200,human,ovary,ovarian cancer
epithelial cell.,51,coordinate,0.9301833510398864,0.0823592767119407,HOCD032,conch,3,1.0,200,human,ovary,ovarian cancer
epithelial cell.,51,image,0.931493878364563,0.0718090683221817,HOCD032,conch,3,1.0,200,human,ovary,ovarian cancer
epithelial cell.,51,spatial_knn,0.8898084759712219,0.0864489078521728,HOCD032,conch,3,1.0,200,human,ovary,ovarian cancer
fibroblast of cardiac tissue.,62,train_mean,0.3121890425682068,0.2018216848373413,HOCD032,conch,3,1.0,200,human,ovary,ovarian cancer
fibroblast of cardiac tissue.,62,coordinate,0.2488299310207367,0.2139487862586975,HOCD032,conch,3,1.0,200,human,ovary,ovarian cancer
fibroblast of cardiac tissue.,62,image,0.8792092800140381,0.070927157998085,HOCD032,conch,3,1.0,200,human,ovary,ovarian cancer
fibroblast of cardiac tissue.,62,spatial_knn,0.2462883293628692,0.167607769370079,HOCD032,conch,3,1.0,200,human,ovary,ovarian cancer
fibroblast.,226,train_mean,0.4893681108951568,0.1681941300630569,HOCD032,conch,3,1.0,200,human,ovary,ovarian cancer
fibroblast.,226,coordinate,0.3916580379009247,0.1881010681390762,HOCD032,conch,3,1.0,200,human,ovary,ovarian cancer
fibroblast.,226,image,0.9002495408058167,0.0479260943830013,HOCD032,conch,3,1.0,200,human,ovary,ovarian cancer
fibroblast.,226,spatial_knn,0.3969826102256775,0.134812906384468,HOCD032,conch,3,1.0,200,human,ovary,ovarian cancer
macrophage.,309,train_mean,0.5687262415885925,0.1582833975553512,HOCD032,conch,3,1.0,200,human,ovary,ovarian cancer
macrophage.,309,coordinate,0.5181127786636353,0.1728274077177047,HOCD032,conch,3,1.0,200,human,ovary,ovarian cancer
macrophage.,309,image,0.6338760852813721,0.073360338807106,HOCD032,conch,3,1.0,200,human,ovary,ovarian cancer
macrophage.,309,spatial_knn,0.6467451453208923,0.113850250840187,HOCD032,conch,3,1.0,200,human,ovary,ovarian cancer
malignant cell.,30,train_mean,0.8829179406166077,0.0976291373372078,HOCD032,conch,3,1.0,200,human,ovary,ovarian cancer
malignant cell.,30,coordinate,0.9250397086143494,0.1025796383619308,HOCD032,conch,3,1.0,200,human,ovary,ovarian cancer
malignant cell.,30,image,0.9037497639656068,0.0877296775579452,HOCD032,conch,3,1.0,200,human,ovary,ovarian cancer
malignant cell.,30,spatial_knn,0.8963984847068787,0.0852423086762428,HOCD032,conch,3,1.0,200,human,ovary,ovarian cancer
myeloid cell.,55,train_mean,0.7851812243461609,0.1458485275506973,HOCD032,conch,3,1.0,200,human,ovary,ovarian cancer
myeloid cell.,55,coordinate,0.7916958332061768,0.1613931804895401,HOCD032,conch,3,1.0,200,human,ovary,ovarian cancer
myeloid cell.,55,image,0.7683438062667847,0.0646591633558273,HOCD032,conch,3,1.0,200,human,ovary,ovarian cancer
myeloid cell.,55,spatial_knn,0.7649429440498352,0.1307089626789093,HOCD032,conch,3,1.0,200,human,ovary,ovarian cancer
native cell.,31,train_mean,0.8338601589202881,0.1176406517624855,HOCD032,conch,3,1.0,200,human,ovary,ovarian cancer
native cell.,31,coordinate,0.880083441734314,0.1262748837471008,HOCD032,conch,3,1.0,200,human,ovary,ovarian cancer
native cell.,31,image,0.8654789924621582,0.1008125767111778,HOCD032,conch,3,1.0,200,human,ovary,ovarian cancer
native cell.,31,spatial_knn,0.8066332936286926,0.1035759672522544,HOCD032,conch,3,1.0,200,human,ovary,ovarian cancer
natural killer cell.,31,train_mean,0.6384757161140442,0.1800410896539688,HOCD032,conch,3,1.0,200,human,ovary,ovarian cancer
natural killer cell.,31,coordinate,0.5592857599258423,0.196902647614479,HOCD032,conch,3,1.0,200,human,ovary,ovarian cancer
natural killer cell.,31,image,0.5701377391815186,0.0675908774137497,HOCD032,conch,3,1.0,200,human,ovary,ovarian cancer
natural killer cell.,31,spatial_knn,0.6234959959983826,0.1442306786775589,HOCD032,conch,3,1.0,200,human,ovary,ovarian cancer
plasma cell.,67,train_mean,0.7813847064971924,0.1526064574718475,HOCD032,conch,3,1.0,200,human,ovary,ovarian cancer
plasma cell.,67,coordinate,0.7743990421295166,0.1695021986961364,HOCD032,conch,3,1.0,200,human,ovary,ovarian cancer
plasma cell.,67,image,0.7192152738571167,0.0758542194962501,HOCD032,conch,3,1.0,200,human,ovary,ovarian cancer
plasma cell.,67,spatial_knn,0.7580584287643433,0.1268233954906463,HOCD032,conch,3,1.0,200,human,ovary,ovarian cancer
smooth muscle cell.,127,train_mean,0.6485922932624817,0.1497284024953842,HOCD032,conch,3,1.0,200,human,ovary,ovarian cancer
smooth muscle cell.,127,coordinate,0.5251561999320984,0.1760277599096298,HOCD032,conch,3,1.0,200,human,ovary,ovarian cancer
smooth muscle cell.,127,image,0.8555599451065063,0.0659500211477279,HOCD032,conch,3,1.0,200,human,ovary,ovarian cancer
smooth muscle cell.,127,spatial_knn,0.5832423567771912,0.1325207650661468,HOCD032,conch,3,1.0,200,human,ovary,ovarian cancer
stromal cell.,118,train_mean,0.8861576914787292,0.1315298527479171,HOCD032,conch,3,1.0,200,human,ovary,ovarian cancer
stromal cell.,118,coordinate,0.8445338010787964,0.1488657295703888,HOCD032,conch,3,1.0,200,human,ovary,ovarian cancer
stromal cell.,118,image,0.8899132609367371,0.0570620745420455,HOCD032,conch,3,1.0,200,human,ovary,ovarian cancer
stromal cell.,118,spatial_knn,0.8204081654548645,0.1062077209353447,HOCD032,conch,3,1.0,200,human,ovary,ovarian cancer
"CD8-positive, alpha-beta T cell.",31,train_mean,0.3485831022262573,0.0559697113931179,HOCW023,conch,0,1.0,200,human,ovary,ovarian cancer
"CD8-positive, alpha-beta T cell.",31,coordinate,0.3744204640388489,0.1840778291225433,HOCW023,conch,0,1.0,200,human,ovary,ovarian cancer
"CD8-positive, alpha-beta T cell.",31,image,0.4568685293197632,0.0461271852254867,HOCW023,conch,0,1.0,200,human,ovary,ovarian cancer
"CD8-positive, alpha-beta T cell.",31,spatial_knn,0.3621323704719543,0.0917143747210502,HOCW023,conch,0,1.0,200,human,ovary,ovarian cancer
T cell.,29,train_mean,0.3527160882949829,0.056525956839323,HOCW023,conch,0,1.0,200,human,ovary,ovarian cancer
T cell.,29,coordinate,0.3561321198940277,0.1767109334468841,HOCW023,conch,0,1.0,200,human,ovary,ovarian cancer
T cell.,29,image,0.4609348475933075,0.03909382969141,HOCW023,conch,0,1.0,200,human,ovary,ovarian cancer
T cell.,29,spatial_knn,0.3402445316314697,0.0757225453853607,HOCW023,conch,0,1.0,200,human,ovary,ovarian cancer
cultured cell.,55,train_mean,0.7578193545341492,0.0827814936637878,HOCW023,conch,0,1.0,200,human,ovary,ovarian cancer
cultured cell.,55,coordinate,0.916689932346344,0.1400668174028396,HOCW023,conch,0,1.0,200,human,ovary,ovarian cancer
cultured cell.,55,image,0.9081472754478456,0.044810377061367,HOCW023,conch,0,1.0,200,human,ovary,ovarian cancer
cultured cell.,55,spatial_knn,0.9000627398490906,0.0510632097721099,HOCW023,conch,0,1.0,200,human,ovary,ovarian cancer
endothelial cell of vascular tree.,122,train_mean,0.8288434147834778,0.0625647380948066,HOCW023,conch,0,1.0,200,human,ovary,ovarian cancer
endothelial cell of vascular tree.,122,coordinate,0.927068829536438,0.1377352178096771,HOCW023,conch,0,1.0,200,human,ovary,ovarian cancer
endothelial cell of vascular tree.,122,image,0.930660367012024,0.0341617651283741,HOCW023,conch,0,1.0,200,human,ovary,ovarian cancer
endothelial cell of vascular tree.,122,spatial_knn,0.8955399394035339,0.0556162483990192,HOCW023,conch,0,1.0,200,human,ovary,ovarian cancer
endothelial cell.,407,train_mean,0.8098998665809631,0.0288548599928617,HOCW023,conch,0,1.0,200,human,ovary,ovarian cancer
endothelial cell.,407,coordinate,0.6293389797210693,0.159031793475151,HOCW023,conch,0,1.0,200,human,ovary,ovarian cancer
endothelial cell.,407,image,0.8986509442329407,0.0190682858228683,HOCW023,conch,0,1.0,200,human,ovary,ovarian cancer
endothelial cell.,407,spatial_knn,0.7250841856002808,0.0556891821324825,HOCW023,conch,0,1.0,200,human,ovary,ovarian cancer
epithelial cell of lower respiratory tract.,558,train_mean,0.8182286024093628,0.1013673916459083,HOCW023,conch,0,1.0,200,human,ovary,ovarian cancer
epithelial cell of lower respiratory tract.,558,coordinate,0.96412456035614,0.0966641828417778,HOCW023,conch,0,1.0,200,human,ovary,ovarian cancer
epithelial cell of lower respiratory tract.,558,image,0.9659009575843812,0.0353689268231391,HOCW023,conch,0,1.0,200,human,ovary,ovarian cancer
epithelial cell of lower respiratory tract.,558,spatial_knn,0.9298911094665528,0.045834794640541,HOCW023,conch,0,1.0,200,human,ovary,ovarian cancer
epithelial cell of proximal tubule.,26,train_mean,0.623694121837616,0.0648178160190582,HOCW023,conch,0,1.0,200,human,ovary,ovarian cancer
epithelial cell of proximal tubule.,26,coordinate,0.5962998270988464,0.1088000386953353,HOCW023,conch,0,1.0,200,human,ovary,ovarian cancer
epithelial cell of proximal tubule.,26,image,0.6204096674919128,0.0643826127052307,HOCW023,conch,0,1.0,200,human,ovary,ovarian cancer
epithelial cell of proximal tubule.,26,spatial_knn,0.6165684461593628,0.0645942986011505,HOCW023,conch,0,1.0,200,human,ovary,ovarian cancer
epithelial cell.,57,train_mean,0.7659624814987183,0.0865027159452438,HOCW023,conch,0,1.0,200,human,ovary,ovarian cancer
epithelial cell.,57,coordinate,0.8101518154144287,0.085952915251255,HOCW023,conch,0,1.0,200,human,ovary,ovarian cancer
epithelial cell.,57,image,0.8101986646652222,0.0676964670419693,HOCW023,conch,0,1.0,200,human,ovary,ovarian cancer
epithelial cell.,57,spatial_knn,0.7849447727203369,0.0717571303248405,HOCW023,conch,0,1.0,200,human,ovary,ovarian cancer
fibroblast.,94,train_mean,0.5214685201644897,0.0589081235229969,HOCW023,conch,0,1.0,200,human,ovary,ovarian cancer
fibroblast.,94,coordinate,0.3840346038341522,0.2096713781356811,HOCW023,conch,0,1.0,200,human,ovary,ovarian cancer
fibroblast.,94,image,0.7993894815444946,0.0430978313088417,HOCW023,conch,0,1.0,200,human,ovary,ovarian cancer
fibroblast.,94,spatial_knn,0.3992563188076019,0.109065793454647,HOCW023,conch,0,1.0,200,human,ovary,ovarian cancer
glutamatergic neuron.,21,train_mean,0.2258625775575637,0.0667730644345283,HOCW023,conch,0,1.0,200,human,ovary,ovarian cancer
glutamatergic neuron.,21,coordinate,0.3168362975120544,0.1949167996644973,HOCW023,conch,0,1.0,200,human,ovary,ovarian cancer
glutamatergic neuron.,21,image,0.1664792746305465,0.0482773445546627,HOCW023,conch,0,1.0,200,human,ovary,ovarian cancer
glutamatergic neuron.,21,spatial_knn,0.2379195988178253,0.0810873955488205,HOCW023,conch,0,1.0,200,human,ovary,ovarian cancer
intestinal epithelial cell.,31,train_mean,0.7683215141296387,0.1475864052772522,HOCW023,conch,0,1.0,200,human,ovary,ovarian cancer
intestinal epithelial cell.,31,coordinate,0.9208369255065918,0.0718474760651588,HOCW023,conch,0,1.0,200,human,ovary,ovarian cancer
intestinal epithelial cell.,31,image,0.9285241961479188,0.0698943808674812,HOCW023,conch,0,1.0,200,human,ovary,ovarian cancer
intestinal epithelial cell.,31,spatial_knn,0.8611450791358948,0.0862956643104553,HOCW023,conch,0,1.0,200,human,ovary,ovarian cancer
macrophage.,134,train_mean,0.3009451329708099,0.0604696385562419,HOCW023,conch,0,1.0,200,human,ovary,ovarian cancer
macrophage.,134,coordinate,0.2494195848703384,0.1931172311305999,HOCW023,conch,0,1.0,200,human,ovary,ovarian cancer
macrophage.,134,image,0.4256344139575958,0.0516312792897224,HOCW023,conch,0,1.0,200,human,ovary,ovarian cancer
macrophage.,134,spatial_knn,0.2620127201080322,0.0947540402412414,HOCW023,conch,0,1.0,200,human,ovary,ovarian cancer
native cell.,128,train_mean,0.7840112447738647,0.107876069843769,HOCW023,conch,0,1.0,200,human,ovary,ovarian cancer
native cell.,128,coordinate,0.9430140256881714,0.0957122221589088,HOCW023,conch,0,1.0,200,human,ovary,ovarian cancer
native cell.,128,image,0.9509118795394896,0.040322795510292,HOCW023,conch,0,1.0,200,human,ovary,ovarian cancer
native cell.,128,spatial_knn,0.9006964564323425,0.0558231100440025,HOCW023,conch,0,1.0,200,human,ovary,ovarian cancer
smooth muscle cell.,55,train_mean,0.6338090300559998,0.0531535036861896,HOCW023,conch,0,1.0,200,human,ovary,ovarian cancer
smooth muscle cell.,55,coordinate,0.4322679042816162,0.1456571966409683,HOCW023,conch,0,1.0,200,human,ovary,ovarian cancer
smooth muscle cell.,55,image,0.7715501189231873,0.0446350201964378,HOCW023,conch,0,1.0,200,human,ovary,ovarian cancer
smooth muscle cell.,55,spatial_knn,0.5272920727729797,0.0676958635449409,HOCW023,conch,0,1.0,200,human,ovary,ovarian cancer
stromal cell.,462,train_mean,0.5366519689559937,0.0473461635410785,HOCW023,conch,0,1.0,200,human,ovary,ovarian cancer
stromal cell.,462,coordinate,0.4380376040935516,0.2322536259889602,HOCW023,conch,0,1.0,200,human,ovary,ovarian cancer
stromal cell.,462,image,0.7799317836761475,0.0307900048792362,HOCW023,conch,0,1.0,200,human,ovary,ovarian cancer
stromal cell.,462,spatial_knn,0.4415696859359741,0.1189988702535629,HOCW023,conch,0,1.0,200,human,ovary,ovarian cancer
"CD8-positive, alpha-beta T cell.",20,train_mean,0.1551126837730407,0.0849581211805343,HOCW023,conch,1,1.0,200,human,ovary,ovarian cancer
"CD8-positive, alpha-beta T cell.",20,coordinate,0.1610699594020843,0.0550606772303581,HOCW023,conch,1,1.0,200,human,ovary,ovarian cancer
"CD8-positive, alpha-beta T cell.",20,image,0.308754414319992,0.0394389890134334,HOCW023,conch,1,1.0,200,human,ovary,ovarian cancer
"CD8-positive, alpha-beta T cell.",20,spatial_knn,0.1910845339298248,0.0596515014767646,HOCW023,conch,1,1.0,200,human,ovary,ovarian cancer
GABAergic neuron.,26,train_mean,0.1275257468223571,0.0898460298776626,HOCW023,conch,1,1.0,200,human,ovary,ovarian cancer
GABAergic neuron.,26,coordinate,-0.0212203823029994,0.0447639152407646,HOCW023,conch,1,1.0,200,human,ovary,ovarian cancer
GABAergic neuron.,26,image,0.0436235032975673,0.0374170765280723,HOCW023,conch,1,1.0,200,human,ovary,ovarian cancer
GABAergic neuron.,26,spatial_knn,0.0228213518857955,0.0438930504024028,HOCW023,conch,1,1.0,200,human,ovary,ovarian cancer
T cell.,27,train_mean,0.285561203956604,0.0801042765378952,HOCW023,conch,1,1.0,200,human,ovary,ovarian cancer
T cell.,27,coordinate,0.1899996846914291,0.0449105836451053,HOCW023,conch,1,1.0,200,human,ovary,ovarian cancer
T cell.,27,image,0.3343851566314697,0.0339330323040485,HOCW023,conch,1,1.0,200,human,ovary,ovarian cancer
T cell.,27,spatial_knn,0.1386972963809967,0.0584956854581832,HOCW023,conch,1,1.0,200,human,ovary,ovarian cancer
astrocyte.,20,train_mean,0.0852287784218788,0.088051714003086,HOCW023,conch,1,1.0,200,human,ovary,ovarian cancer
astrocyte.,20,coordinate,0.4128378331661224,0.0412171743810176,HOCW023,conch,1,1.0,200,human,ovary,ovarian cancer
astrocyte.,20,image,0.3059723079204559,0.0338459610939025,HOCW023,conch,1,1.0,200,human,ovary,ovarian cancer
astrocyte.,20,spatial_knn,0.2841059565544128,0.0471312515437603,HOCW023,conch,1,1.0,200,human,ovary,ovarian cancer
cardiac muscle myoblast.,24,train_mean,0.2612926661968231,0.0824441537261009,HOCW023,conch,1,1.0,200,human,ovary,ovarian cancer
cardiac muscle myoblast.,24,coordinate,0.4496149122714996,0.0465936362743377,HOCW023,conch,1,1.0,200,human,ovary,ovarian cancer
cardiac muscle myoblast.,24,image,0.658115029335022,0.0271713733673095,HOCW023,conch,1,1.0,200,human,ovary,ovarian cancer
cardiac muscle myoblast.,24,spatial_knn,0.5613492727279663,0.0291649103164672,HOCW023,conch,1,1.0,200,human,ovary,ovarian cancer
endothelial cell of vascular tree.,154,train_mean,0.5960001349449158,0.0739687979221344,HOCW023,conch,1,1.0,200,human,ovary,ovarian cancer
endothelial cell of vascular tree.,154,coordinate,0.636509120464325,0.0346568375825881,HOCW023,conch,1,1.0,200,human,ovary,ovarian cancer
endothelial cell of vascular tree.,154,image,0.7833223938941956,0.0189248453825712,HOCW023,conch,1,1.0,200,human,ovary,ovarian cancer
endothelial cell of vascular tree.,154,spatial_knn,0.7608929872512817,0.0223035346716642,HOCW023,conch,1,1.0,200,human,ovary,ovarian cancer
endothelial cell.,682,train_mean,0.4962705969810486,0.0678763389587402,HOCW023,conch,1,1.0,200,human,ovary,ovarian cancer
endothelial cell.,682,coordinate,0.8617274761199951,0.0210691038519144,HOCW023,conch,1,1.0,200,human,ovary,ovarian cancer
endothelial cell.,682,image,0.9238609671592712,0.0135668301954865,HOCW023,conch,1,1.0,200,human,ovary,ovarian cancer
endothelial cell.,682,spatial_knn,0.8598930835723877,0.0200378932058811,HOCW023,conch,1,1.0,200,human,ovary,ovarian cancer
epithelial cell of lower respiratory tract.,67,train_mean,0.7877116799354553,0.0431511029601097,HOCW023,conch,1,1.0,200,human,ovary,ovarian cancer
epithelial cell of lower respiratory tract.,67,coordinate,0.6695359349250793,0.0552076399326324,HOCW023,conch,1,1.0,200,human,ovary,ovarian cancer
epithelial cell of lower respiratory tract.,67,image,0.8186711668968201,0.0421285666525363,HOCW023,conch,1,1.0,200,human,ovary,ovarian cancer
epithelial cell of lower respiratory tract.,67,spatial_knn,0.5227254033088684,0.0650030001997947,HOCW023,conch,1,1.0,200,human,ovary,ovarian cancer
epithelial cell.,23,train_mean,0.3160050809383392,0.1072621718049049,HOCW023,conch,1,1.0,200,human,ovary,ovarian cancer
epithelial cell.,23,coordinate,0.375376433134079,0.1053398251533508,HOCW023,conch,1,1.0,200,human,ovary,ovarian cancer
epithelial cell.,23,image,0.5257893204689026,0.0966621935367584,HOCW023,conch,1,1.0,200,human,ovary,ovarian cancer
epithelial cell.,23,spatial_knn,0.4740293622016907,0.1026730835437774,HOCW023,conch,1,1.0,200,human,ovary,ovarian cancer
fibroblast.,119,train_mean,0.4055812954902649,0.0814796015620231,HOCW023,conch,1,1.0,200,human,ovary,ovarian cancer
fibroblast.,119,coordinate,0.7545313835144043,0.0605081096291542,HOCW023,conch,1,1.0,200,human,ovary,ovarian cancer
fibroblast.,119,image,0.8518300652503967,0.057451918721199,HOCW023,conch,1,1.0,200,human,ovary,ovarian cancer
fibroblast.,119,spatial_knn,0.7568925619125366,0.057838324457407,HOCW023,conch,1,1.0,200,human,ovary,ovarian cancer
glutamatergic neuron.,45,train_mean,0.3230285346508026,0.0876269489526748,HOCW023,conch,1,1.0,200,human,ovary,ovarian cancer
glutamatergic neuron.,45,coordinate,0.2550632357597351,0.0430802665650844,HOCW023,conch,1,1.0,200,human,ovary,ovarian cancer
glutamatergic neuron.,45,image,0.2914575338363647,0.0334078334271907,HOCW023,conch,1,1.0,200,human,ovary,ovarian cancer
glutamatergic neuron.,45,spatial_knn,0.293067991733551,0.0447231009602546,HOCW023,conch,1,1.0,200,human,ovary,ovarian cancer
kidney loop of Henle thick ascending limb epithelial cell.,30,train_mean,0.3532612323760986,0.0817219689488411,HOCW023,conch,1,1.0,200,human,ovary,ovarian cancer
kidney loop of Henle thick ascending limb epithelial cell.,30,coordinate,0.4354327619075775,0.0392973721027374,HOCW023,conch,1,1.0,200,human,ovary,ovarian cancer
kidney loop of Henle thick ascending limb epithelial cell.,30,image,0.4448425769805908,0.0274235811084508,HOCW023,conch,1,1.0,200,human,ovary,ovarian cancer
kidney loop of Henle thick ascending limb epithelial cell.,30,spatial_knn,0.5548613667488098,0.0339498929679393,HOCW023,conch,1,1.0,200,human,ovary,ovarian cancer
macrophage.,132,train_mean,0.1841283589601516,0.0789417698979377,HOCW023,conch,1,1.0,200,human,ovary,ovarian cancer
macrophage.,132,coordinate,0.3206908106803894,0.0559267587959766,HOCW023,conch,1,1.0,200,human,ovary,ovarian cancer
macrophage.,132,image,0.471928983926773,0.0468953102827072,HOCW023,conch,1,1.0,200,human,ovary,ovarian cancer
macrophage.,132,spatial_knn,0.2529846727848053,0.0593919120728969,HOCW023,conch,1,1.0,200,human,ovary,ovarian cancer
smooth muscle cell.,195,train_mean,0.3870483636856079,0.0788409411907196,HOCW023,conch,1,1.0,200,human,ovary,ovarian cancer
smooth muscle cell.,195,coordinate,0.638517439365387,0.0451861098408699,HOCW023,conch,1,1.0,200,human,ovary,ovarian cancer
smooth muscle cell.,195,image,0.8527674078941345,0.0322528108954429,HOCW023,conch,1,1.0,200,human,ovary,ovarian cancer
smooth muscle cell.,195,spatial_knn,0.7034814953804016,0.040634911507368,HOCW023,conch,1,1.0,200,human,ovary,ovarian cancer
stromal cell.,615,train_mean,0.4936375319957733,0.0710246786475181,HOCW023,conch,1,1.0,200,human,ovary,ovarian cancer
stromal cell.,615,coordinate,0.7992799878120422,0.0261186119168996,HOCW023,conch,1,1.0,200,human,ovary,ovarian cancer
stromal cell.,615,image,0.8581733107566833,0.0164775885641574,HOCW023,conch,1,1.0,200,human,ovary,ovarian cancer
stromal cell.,615,spatial_knn,0.7680082321166992,0.0240332316607236,HOCW023,conch,1,1.0,200,human,ovary,ovarian cancer
"CD8-positive, alpha-beta T cell.",30,train_mean,0.1444352865219116,0.0883501321077346,HOCW023,conch,2,1.0,200,human,ovary,ovarian cancer
"CD8-positive, alpha-beta T cell.",30,coordinate,-0.057662084698677,0.1032475754618644,HOCW023,conch,2,1.0,200,human,ovary,ovarian cancer
"CD8-positive, alpha-beta T cell.",30,image,0.2047732770442962,0.0508191101253032,HOCW023,conch,2,1.0,200,human,ovary,ovarian cancer
"CD8-positive, alpha-beta T cell.",30,spatial_knn,0.0111437672749161,0.0672449842095375,HOCW023,conch,2,1.0,200,human,ovary,ovarian cancer
GABAergic neuron.,31,train_mean,0.0900946259498596,0.0884838476777076,HOCW023,conch,2,1.0,200,human,ovary,ovarian cancer
GABAergic neuron.,31,coordinate,-0.0299755539745092,0.1334232240915298,HOCW023,conch,2,1.0,200,human,ovary,ovarian cancer
GABAergic neuron.,31,image,0.0859983786940574,0.0464533492922782,HOCW023,conch,2,1.0,200,human,ovary,ovarian cancer
GABAergic neuron.,31,spatial_knn,0.0633168518543243,0.0454448498785495,HOCW023,conch,2,1.0,200,human,ovary,ovarian cancer
T cell.,39,train_mean,0.157592162489891,0.0810729563236236,HOCW023,conch,2,1.0,200,human,ovary,ovarian cancer
T cell.,39,coordinate,-0.049554880708456,0.1091370359063148,HOCW023,conch,2,1.0,200,human,ovary,ovarian cancer
T cell.,39,image,0.2477187067270279,0.0328980460762977,HOCW023,conch,2,1.0,200,human,ovary,ovarian cancer
T cell.,39,spatial_knn,0.0345706529915332,0.0481992773711681,HOCW023,conch,2,1.0,200,human,ovary,ovarian cancer
endothelial cell of vascular tree.,89,train_mean,0.6227341294288635,0.0686838626861572,HOCW023,conch,2,1.0,200,human,ovary,ovarian cancer
endothelial cell of vascular tree.,89,coordinate,-0.0978352501988411,0.108188696205616,HOCW023,conch,2,1.0,200,human,ovary,ovarian cancer
endothelial cell of vascular tree.,89,image,0.8109758496284485,0.0233536753803491,HOCW023,conch,2,1.0,200,human,ovary,ovarian cancer
endothelial cell of vascular tree.,89,spatial_knn,0.7531089186668396,0.0250994004309177,HOCW023,conch,2,1.0,200,human,ovary,ovarian cancer
endothelial cell.,704,train_mean,0.4381156265735626,0.0702584460377693,HOCW023,conch,2,1.0,200,human,ovary,ovarian cancer
endothelial cell.,704,coordinate,0.200877845287323,0.101732462644577,HOCW023,conch,2,1.0,200,human,ovary,ovarian cancer
endothelial cell.,704,image,0.9239769577980042,0.0189051236957311,HOCW023,conch,2,1.0,200,human,ovary,ovarian cancer
endothelial cell.,704,spatial_knn,0.8066825270652771,0.0272254236042499,HOCW023,conch,2,1.0,200,human,ovary,ovarian cancer
epithelial cell of lower respiratory tract.,25,train_mean,0.5497627854347229,0.0628086403012275,HOCW023,conch,2,1.0,200,human,ovary,ovarian cancer
epithelial cell of lower respiratory tract.,25,coordinate,-0.457672655582428,0.1960441470146179,HOCW023,conch,2,1.0,200,human,ovary,ovarian cancer
epithelial cell of lower respiratory tract.,25,image,0.523460865020752,0.0612617023289203,HOCW023,conch,2,1.0,200,human,ovary,ovarian cancer
epithelial cell of lower respiratory tract.,25,spatial_knn,0.3944162428379059,0.0680892094969749,HOCW023,conch,2,1.0,200,human,ovary,ovarian cancer
fibroblast.,137,train_mean,0.4049670100212097,0.0869949087500572,HOCW023,conch,2,1.0,200,human,ovary,ovarian cancer
fibroblast.,137,coordinate,0.1426366418600082,0.144241601228714,HOCW023,conch,2,1.0,200,human,ovary,ovarian cancer
fibroblast.,137,image,0.8483501076698303,0.0706487298011779,HOCW023,conch,2,1.0,200,human,ovary,ovarian cancer
fibroblast.,137,spatial_knn,0.7295061945915222,0.0750385820865631,HOCW023,conch,2,1.0,200,human,ovary,ovarian cancer
glutamatergic neuron.,42,train_mean,0.4130657911300659,0.0872544795274734,HOCW023,conch,2,1.0,200,human,ovary,ovarian cancer
glutamatergic neuron.,42,coordinate,-0.3556557595729828,0.1163816601037979,HOCW023,conch,2,1.0,200,human,ovary,ovarian cancer
glutamatergic neuron.,42,image,0.1789724379777908,0.0373919866979122,HOCW023,conch,2,1.0,200,human,ovary,ovarian cancer
glutamatergic neuron.,42,spatial_knn,0.1093688979744911,0.0436404608190059,HOCW023,conch,2,1.0,200,human,ovary,ovarian cancer
kidney loop of Henle thick ascending limb epithelial cell.,23,train_mean,0.2091229110956192,0.0862926170229911,HOCW023,conch,2,1.0,200,human,ovary,ovarian cancer
kidney loop of Henle thick ascending limb epithelial cell.,23,coordinate,0.0796099975705146,0.1014995574951171,HOCW023,conch,2,1.0,200,human,ovary,ovarian cancer
kidney loop of Henle thick ascending limb epithelial cell.,23,image,0.3673030138015747,0.0316792726516723,HOCW023,conch,2,1.0,200,human,ovary,ovarian cancer
kidney loop of Henle thick ascending limb epithelial cell.,23,spatial_knn,0.3729634881019592,0.0408756844699382,HOCW023,conch,2,1.0,200,human,ovary,ovarian cancer
macrophage.,325,train_mean,0.1876874566078186,0.0790288224816322,HOCW023,conch,2,1.0,200,human,ovary,ovarian cancer
macrophage.,325,coordinate,0.1054858192801475,0.0989867448806762,HOCW023,conch,2,1.0,200,human,ovary,ovarian cancer
macrophage.,325,image,0.4827062785625458,0.0437311306595802,HOCW023,conch,2,1.0,200,human,ovary,ovarian cancer
macrophage.,325,spatial_knn,0.1947956979274749,0.056752186268568,HOCW023,conch,2,1.0,200,human,ovary,ovarian cancer
smooth muscle cell.,272,train_mean,0.4317997395992279,0.0791845619678497,HOCW023,conch,2,1.0,200,human,ovary,ovarian cancer
smooth muscle cell.,272,coordinate,0.2185102105140686,0.1043140664696693,HOCW023,conch,2,1.0,200,human,ovary,ovarian cancer
smooth muscle cell.,272,image,0.9270979166030884,0.0373148247599601,HOCW023,conch,2,1.0,200,human,ovary,ovarian cancer
smooth muscle cell.,272,spatial_knn,0.8748956918716431,0.0395510718226432,HOCW023,conch,2,1.0,200,human,ovary,ovarian cancer
stromal cell.,462,train_mean,0.4902732968330383,0.0663922056555748,HOCW023,conch,2,1.0,200,human,ovary,ovarian cancer
stromal cell.,462,coordinate,0.1444325000047683,0.0975999981164932,HOCW023,conch,2,1.0,200,human,ovary,ovarian cancer
stromal cell.,462,image,0.8900355100631714,0.0230169277638196,HOCW023,conch,2,1.0,200,human,ovary,ovarian cancer
stromal cell.,462,spatial_knn,0.7949904799461365,0.028131004422903,HOCW023,conch,2,1.0,200,human,ovary,ovarian cancer
"CD8-positive, alpha-beta T cell.",29,train_mean,0.2135916948318481,0.0641109719872474,HOCW023,conch,3,1.0,200,human,ovary,ovarian cancer
"CD8-positive, alpha-beta T cell.",29,coordinate,0.2149889767169952,0.0903081372380256,HOCW023,conch,3,1.0,200,human,ovary,ovarian cancer
"CD8-positive, alpha-beta T cell.",29,image,0.31547811627388,0.0515580885112285,HOCW023,conch,3,1.0,200,human,ovary,ovarian cancer
"CD8-positive, alpha-beta T cell.",29,spatial_knn,0.1663357317447662,0.086461491882801,HOCW023,conch,3,1.0,200,human,ovary,ovarian cancer
T cell.,24,train_mean,0.3956524729728699,0.0539714507758617,HOCW023,conch,3,1.0,200,human,ovary,ovarian cancer
T cell.,24,coordinate,0.3589551448822021,0.0760177671909332,HOCW023,conch,3,1.0,200,human,ovary,ovarian cancer
T cell.,24,image,0.4399609565734863,0.047563973814249,HOCW023,conch,3,1.0,200,human,ovary,ovarian cancer
T cell.,24,spatial_knn,0.3355333805084228,0.0675119161605835,HOCW023,conch,3,1.0,200,human,ovary,ovarian cancer
cultured cell.,54,train_mean,0.7988516092300415,0.1379137635231018,HOCW023,conch,3,1.0,200,human,ovary,ovarian cancer
cultured cell.,54,coordinate,0.8798646330833435,0.0902178138494491,HOCW023,conch,3,1.0,200,human,ovary,ovarian cancer
cultured cell.,54,image,0.9609208703041076,0.0501312427222728,HOCW023,conch,3,1.0,200,human,ovary,ovarian cancer
cultured cell.,54,spatial_knn,0.9043411016464232,0.0828568935394287,HOCW023,conch,3,1.0,200,human,ovary,ovarian cancer
endothelial cell of vascular tree.,129,train_mean,0.884826123714447,0.069213792681694,HOCW023,conch,3,1.0,200,human,ovary,ovarian cancer
endothelial cell of vascular tree.,129,coordinate,0.9143514037132264,0.0411608666181564,HOCW023,conch,3,1.0,200,human,ovary,ovarian cancer
endothelial cell of vascular tree.,129,image,0.9650614857673644,0.026526415720582,HOCW023,conch,3,1.0,200,human,ovary,ovarian cancer
endothelial cell of vascular tree.,129,spatial_knn,0.8744565844535828,0.0514676570892334,HOCW023,conch,3,1.0,200,human,ovary,ovarian cancer
endothelial cell.,487,train_mean,0.758570671081543,0.0356891080737113,HOCW023,conch,3,1.0,200,human,ovary,ovarian cancer
endothelial cell.,487,coordinate,0.681320309638977,0.046313639730215,HOCW023,conch,3,1.0,200,human,ovary,ovarian cancer
endothelial cell.,487,image,0.8883408904075623,0.0252010971307754,HOCW023,conch,3,1.0,200,human,ovary,ovarian cancer
endothelial cell.,487,spatial_knn,0.6961389780044556,0.039493054151535,HOCW023,conch,3,1.0,200,human,ovary,ovarian cancer
epithelial cell of lower respiratory tract.,494,train_mean,0.8451516032218933,0.1454877108335495,HOCW023,conch,3,1.0,200,human,ovary,ovarian cancer
epithelial cell of lower respiratory tract.,494,coordinate,0.9233652949333192,0.087752379477024,HOCW023,conch,3,1.0,200,human,ovary,ovarian cancer
epithelial cell of lower respiratory tract.,494,image,0.9903408885002136,0.0382356569170951,HOCW023,conch,3,1.0,200,human,ovary,ovarian cancer
epithelial cell of lower respiratory tract.,494,spatial_knn,0.8977754712104797,0.0854500830173492,HOCW023,conch,3,1.0,200,human,ovary,ovarian cancer
fibroblast.,99,train_mean,0.5848554372787476,0.0775210559368133,HOCW023,conch,3,1.0,200,human,ovary,ovarian cancer
fibroblast.,99,coordinate,0.5586200952529907,0.0802423954010009,HOCW023,conch,3,1.0,200,human,ovary,ovarian cancer
fibroblast.,99,image,0.8676416873931885,0.0654106810688972,HOCW023,conch,3,1.0,200,human,ovary,ovarian cancer
fibroblast.,99,spatial_knn,0.5203543901443481,0.0807670578360557,HOCW023,conch,3,1.0,200,human,ovary,ovarian cancer
intestinal epithelial cell.,30,train_mean,0.7806581854820251,0.1655049920082092,HOCW023,conch,3,1.0,200,human,ovary,ovarian cancer
intestinal epithelial cell.,30,coordinate,0.8470552563667297,0.1177767738699913,HOCW023,conch,3,1.0,200,human,ovary,ovarian cancer
intestinal epithelial cell.,30,image,0.9268382787704468,0.0772623047232627,HOCW023,conch,3,1.0,200,human,ovary,ovarian cancer
intestinal epithelial cell.,30,spatial_knn,0.8261112570762634,0.1133138537406921,HOCW023,conch,3,1.0,200,human,ovary,ovarian cancer
macrophage.,219,train_mean,0.262336403131485,0.0621848292648792,HOCW023,conch,3,1.0,200,human,ovary,ovarian cancer
macrophage.,219,coordinate,0.3487093150615692,0.058573193848133,HOCW023,conch,3,1.0,200,human,ovary,ovarian cancer
macrophage.,219,image,0.4943410456180572,0.0475621074438095,HOCW023,conch,3,1.0,200,human,ovary,ovarian cancer
macrophage.,219,spatial_knn,0.2121455073356628,0.0567264929413795,HOCW023,conch,3,1.0,200,human,ovary,ovarian cancer
microglial cell.,20,train_mean,0.064971700310707,0.0641355365514755,HOCW023,conch,3,1.0,200,human,ovary,ovarian cancer
microglial cell.,20,coordinate,0.0497182123363018,0.0782327651977539,HOCW023,conch,3,1.0,200,human,ovary,ovarian cancer
microglial cell.,20,image,0.1765927374362945,0.0388232059776783,HOCW023,conch,3,1.0,200,human,ovary,ovarian cancer
microglial cell.,20,spatial_knn,-0.0105317709967494,0.0639290064573288,HOCW023,conch,3,1.0,200,human,ovary,ovarian cancer
native cell.,135,train_mean,0.8221721649169922,0.1503632068634033,HOCW023,conch,3,1.0,200,human,ovary,ovarian cancer
native cell.,135,coordinate,0.8840471506118774,0.0971428751945495,HOCW023,conch,3,1.0,200,human,ovary,ovarian cancer
native cell.,135,image,0.978050410747528,0.0454111620783805,HOCW023,conch,3,1.0,200,human,ovary,ovarian cancer
native cell.,135,spatial_knn,0.8891286253929138,0.0899472087621688,HOCW023,conch,3,1.0,200,human,ovary,ovarian cancer
smooth muscle cell.,100,train_mean,0.6220971345901489,0.0480949245393276,HOCW023,conch,3,1.0,200,human,ovary,ovarian cancer
smooth muscle cell.,100,coordinate,0.6485486030578613,0.0461812801659107,HOCW023,conch,3,1.0,200,human,ovary,ovarian cancer
smooth muscle cell.,100,image,0.8377588987350464,0.032429352402687,HOCW023,conch,3,1.0,200,human,ovary,ovarian cancer
smooth muscle cell.,100,spatial_knn,0.5628911852836609,0.0478460825979709,HOCW023,conch,3,1.0,200,human,ovary,ovarian cancer
stromal cell.,431,train_mean,0.6460379362106323,0.0450265482068061,HOCW023,conch,3,1.0,200,human,ovary,ovarian cancer
stromal cell.,431,coordinate,0.6494178175926208,0.0606568269431591,HOCW023,conch,3,1.0,200,human,ovary,ovarian cancer
stromal cell.,431,image,0.8620889782905579,0.0306204967200756,HOCW023,conch,3,1.0,200,human,ovary,ovarian cancer
stromal cell.,431,spatial_knn,0.5573952794075012,0.0590928755700588,HOCW023,conch,3,1.0,200,human,ovary,ovarian cancer
B cell.,164,train_mean,0.3039276897907257,0.1615242809057235,HPDA034,conch,0,1.0,200,human,pancreas,ductal adenocarcinoma
B cell.,164,coordinate,0.470017522573471,0.2241081744432449,HPDA034,conch,0,1.0,200,human,pancreas,ductal adenocarcinoma
B cell.,164,image,0.6937513947486877,0.0549807921051979,HPDA034,conch,0,1.0,200,human,pancreas,ductal adenocarcinoma
B cell.,164,spatial_knn,0.2581311464309692,0.2712674140930176,HPDA034,conch,0,1.0,200,human,pancreas,ductal adenocarcinoma
"CD14-positive, CD16-negative classical monocyte.",38,train_mean,0.2876104414463043,0.1874504387378692,HPDA034,conch,0,1.0,200,human,pancreas,ductal adenocarcinoma
"CD14-positive, CD16-negative classical monocyte.",38,coordinate,0.2477997541427612,0.2442200034856796,HPDA034,conch,0,1.0,200,human,pancreas,ductal adenocarcinoma
"CD14-positive, CD16-negative classical monocyte.",38,image,0.5224089026451111,0.1157066151499748,HPDA034,conch,0,1.0,200,human,pancreas,ductal adenocarcinoma
"CD14-positive, CD16-negative classical monocyte.",38,spatial_knn,0.2411154508590698,0.2434975355863571,HPDA034,conch,0,1.0,200,human,pancreas,ductal adenocarcinoma
"CD8-positive, alpha-beta T cell.",98,train_mean,0.3769848942756653,0.1653335392475128,HPDA034,conch,0,1.0,200,human,pancreas,ductal adenocarcinoma
"CD8-positive, alpha-beta T cell.",98,coordinate,0.2655292153358459,0.2679886221885681,HPDA034,conch,0,1.0,200,human,pancreas,ductal adenocarcinoma
"CD8-positive, alpha-beta T cell.",98,image,0.3237125873565674,0.0766466706991195,HPDA034,conch,0,1.0,200,human,pancreas,ductal adenocarcinoma
"CD8-positive, alpha-beta T cell.",98,spatial_knn,0.2982696294784546,0.2827827632427215,HPDA034,conch,0,1.0,200,human,pancreas,ductal adenocarcinoma
T cell.,107,train_mean,0.3693478107452392,0.1533684134483337,HPDA034,conch,0,1.0,200,human,pancreas,ductal adenocarcinoma
T cell.,107,coordinate,0.2920637130737304,0.2649223506450653,HPDA034,conch,0,1.0,200,human,pancreas,ductal adenocarcinoma
T cell.,107,image,0.3066729307174682,0.0840651914477348,HPDA034,conch,0,1.0,200,human,pancreas,ductal adenocarcinoma
T cell.,107,spatial_knn,0.3071715831756592,0.2918761372566223,HPDA034,conch,0,1.0,200,human,pancreas,ductal adenocarcinoma
classical monocyte.,29,train_mean,0.2732966244220733,0.2162861973047256,HPDA034,conch,0,1.0,200,human,pancreas,ductal adenocarcinoma
classical monocyte.,29,coordinate,0.2312075942754745,0.2488252073526382,HPDA034,conch,0,1.0,200,human,pancreas,ductal adenocarcinoma
classical monocyte.,29,image,0.5492319464683533,0.1766062378883361,HPDA034,conch,0,1.0,200,human,pancreas,ductal adenocarcinoma
classical monocyte.,29,spatial_knn,0.2258265316486358,0.2717570662498474,HPDA034,conch,0,1.0,200,human,pancreas,ductal adenocarcinoma
dendritic cell.,167,train_mean,0.2992590665817261,0.151227056980133,HPDA034,conch,0,1.0,200,human,pancreas,ductal adenocarcinoma
dendritic cell.,167,coordinate,0.2333777546882629,0.2542864084243774,HPDA034,conch,0,1.0,200,human,pancreas,ductal adenocarcinoma
dendritic cell.,167,image,0.266597032546997,0.10746880620718,HPDA034,conch,0,1.0,200,human,pancreas,ductal adenocarcinoma
dendritic cell.,167,spatial_knn,0.2574304640293121,0.2789349257946014,HPDA034,conch,0,1.0,200,human,pancreas,ductal adenocarcinoma
endothelial cell.,204,train_mean,0.9116507172584534,0.0620423145592212,HPDA034,conch,0,1.0,200,human,pancreas,ductal adenocarcinoma
endothelial cell.,204,coordinate,0.8308848142623901,0.1278351098299026,HPDA034,conch,0,1.0,200,human,pancreas,ductal adenocarcinoma
endothelial cell.,204,image,0.8806340098381042,0.0808624774217605,HPDA034,conch,0,1.0,200,human,pancreas,ductal adenocarcinoma
endothelial cell.,204,spatial_knn,0.8914940357208252,0.1199480891227722,HPDA034,conch,0,1.0,200,human,pancreas,ductal adenocarcinoma
enterocyte.,35,train_mean,0.3834125995635986,0.204818919301033,HPDA034,conch,0,1.0,200,human,pancreas,ductal adenocarcinoma
enterocyte.,35,coordinate,0.438194215297699,0.2035882472991943,HPDA034,conch,0,1.0,200,human,pancreas,ductal adenocarcinoma
enterocyte.,35,image,0.8654517531394958,0.1130073368549346,HPDA034,conch,0,1.0,200,human,pancreas,ductal adenocarcinoma
enterocyte.,35,spatial_knn,0.4631049633026123,0.193558469414711,HPDA034,conch,0,1.0,200,human,pancreas,ductal adenocarcinoma
epithelial cell.,80,train_mean,0.6952401995658875,0.2463584840297699,HPDA034,conch,0,1.0,200,human,pancreas,ductal adenocarcinoma
epithelial cell.,80,coordinate,0.6922944188117981,0.2277837395668029,HPDA034,conch,0,1.0,200,human,pancreas,ductal adenocarcinoma
epithelial cell.,80,image,0.9591159224510192,0.1317634284496307,HPDA034,conch,0,1.0,200,human,pancreas,ductal adenocarcinoma
epithelial cell.,80,spatial_knn,0.7325717806816101,0.2237276136875152,HPDA034,conch,0,1.0,200,human,pancreas,ductal adenocarcinoma
fibroblast.,115,train_mean,0.8234898447990417,0.1086906492710113,HPDA034,conch,0,1.0,200,human,pancreas,ductal adenocarcinoma
fibroblast.,115,coordinate,0.8774453997612,0.0984672456979751,HPDA034,conch,0,1.0,200,human,pancreas,ductal adenocarcinoma
fibroblast.,115,image,0.9350571632385254,0.0979619100689888,HPDA034,conch,0,1.0,200,human,pancreas,ductal adenocarcinoma
fibroblast.,115,spatial_knn,0.828628420829773,0.113603338599205,HPDA034,conch,0,1.0,200,human,pancreas,ductal adenocarcinoma
goblet cell.,121,train_mean,0.4475881159305572,0.2149708867073059,HPDA034,conch,0,1.0,200,human,pancreas,ductal adenocarcinoma
goblet cell.,121,coordinate,0.5141966938972473,0.2075680643320083,HPDA034,conch,0,1.0,200,human,pancreas,ductal adenocarcinoma
goblet cell.,121,image,0.8988335728645325,0.1084870100021362,HPDA034,conch,0,1.0,200,human,pancreas,ductal adenocarcinoma
goblet cell.,121,spatial_knn,0.5172398090362549,0.2041555047035217,HPDA034,conch,0,1.0,200,human,pancreas,ductal adenocarcinoma
macrophage.,585,train_mean,0.4993800818920135,0.1357647627592086,HPDA034,conch,0,1.0,200,human,pancreas,ductal adenocarcinoma
macrophage.,585,coordinate,0.4500060379505157,0.2239828258752823,HPDA034,conch,0,1.0,200,human,pancreas,ductal adenocarcinoma
macrophage.,585,image,0.5456491708755493,0.097962848842144,HPDA034,conch,0,1.0,200,human,pancreas,ductal adenocarcinoma
macrophage.,585,spatial_knn,0.4360633492469787,0.239674299955368,HPDA034,conch,0,1.0,200,human,pancreas,ductal adenocarcinoma
monocyte.,26,train_mean,0.3968811929225921,0.1766251921653747,HPDA034,conch,0,1.0,200,human,pancreas,ductal adenocarcinoma
monocyte.,26,coordinate,0.309185266494751,0.2314953804016113,HPDA034,conch,0,1.0,200,human,pancreas,ductal adenocarcinoma
monocyte.,26,image,0.4850054681301117,0.1467622965574264,HPDA034,conch,0,1.0,200,human,pancreas,ductal adenocarcinoma
monocyte.,26,spatial_knn,0.3795911073684692,0.2271046936511993,HPDA034,conch,0,1.0,200,human,pancreas,ductal adenocarcinoma
natural killer cell.,65,train_mean,0.3116081655025482,0.1577674150466919,HPDA034,conch,0,1.0,200,human,pancreas,ductal adenocarcinoma
natural killer cell.,65,coordinate,0.2134959101676941,0.2621528208255768,HPDA034,conch,0,1.0,200,human,pancreas,ductal adenocarcinoma
natural killer cell.,65,image,0.2919049263000488,0.0853943079710006,HPDA034,conch,0,1.0,200,human,pancreas,ductal adenocarcinoma
natural killer cell.,65,spatial_knn,0.249189868569374,0.2583908438682556,HPDA034,conch,0,1.0,200,human,pancreas,ductal adenocarcinoma
neutrophil.,87,train_mean,0.2504716217517853,0.2008268386125564,HPDA034,conch,0,1.0,200,human,pancreas,ductal adenocarcinoma
neutrophil.,87,coordinate,0.1609533876180648,0.2794618904590606,HPDA034,conch,0,1.0,200,human,pancreas,ductal adenocarcinoma
neutrophil.,87,image,0.3770184814929962,0.1675036251544952,HPDA034,conch,0,1.0,200,human,pancreas,ductal adenocarcinoma
neutrophil.,87,spatial_knn,0.1923243999481201,0.2871885895729065,HPDA034,conch,0,1.0,200,human,pancreas,ductal adenocarcinoma
plasma cell.,244,train_mean,0.3529630601406097,0.1898912340402603,HPDA034,conch,0,1.0,200,human,pancreas,ductal adenocarcinoma
plasma cell.,244,coordinate,0.7222599387168884,0.1331235319375991,HPDA034,conch,0,1.0,200,human,pancreas,ductal adenocarcinoma
plasma cell.,244,image,0.9171189665794371,0.0814345628023147,HPDA034,conch,0,1.0,200,human,pancreas,ductal adenocarcinoma
plasma cell.,244,spatial_knn,0.5553296804428101,0.1685622036457061,HPDA034,conch,0,1.0,200,human,pancreas,ductal adenocarcinoma
B cell.,60,train_mean,0.3629212081432342,0.1443736404180526,HPDA034,conch,1,1.0,200,human,pancreas,ductal adenocarcinoma
B cell.,60,coordinate,0.5700104236602783,0.1871041506528854,HPDA034,conch,1,1.0,200,human,pancreas,ductal adenocarcinoma
B cell.,60,image,0.5262549519538879,0.0732631534337997,HPDA034,conch,1,1.0,200,human,pancreas,ductal adenocarcinoma
B cell.,60,spatial_knn,0.5373620390892029,0.0501751713454723,HPDA034,conch,1,1.0,200,human,pancreas,ductal adenocarcinoma
"CD8-positive, alpha-beta T cell.",55,train_mean,0.5118687152862549,0.1370247900485992,HPDA034,conch,1,1.0,200,human,pancreas,ductal adenocarcinoma
"CD8-positive, alpha-beta T cell.",55,coordinate,0.7215909957885742,0.1960798352956771,HPDA034,conch,1,1.0,200,human,pancreas,ductal adenocarcinoma
"CD8-positive, alpha-beta T cell.",55,image,0.7396858334541321,0.0542334243655204,HPDA034,conch,1,1.0,200,human,pancreas,ductal adenocarcinoma
"CD8-positive, alpha-beta T cell.",55,spatial_knn,0.6628738641738892,0.0568163841962814,HPDA034,conch,1,1.0,200,human,pancreas,ductal adenocarcinoma
T cell.,66,train_mean,0.3985904157161712,0.133344754576683,HPDA034,conch,1,1.0,200,human,pancreas,ductal adenocarcinoma
T cell.,66,coordinate,0.5577432513237,0.1997302323579788,HPDA034,conch,1,1.0,200,human,pancreas,ductal adenocarcinoma
T cell.,66,image,0.6505317091941833,0.0719164386391639,HPDA034,conch,1,1.0,200,human,pancreas,ductal adenocarcinoma
T cell.,66,spatial_knn,0.563711404800415,0.0517399758100509,HPDA034,conch,1,1.0,200,human,pancreas,ductal adenocarcinoma
dendritic cell.,88,train_mean,0.4342692196369171,0.120128333568573,HPDA034,conch,1,1.0,200,human,pancreas,ductal adenocarcinoma
dendritic cell.,88,coordinate,0.6925899982452393,0.1732832044363021,HPDA034,conch,1,1.0,200,human,pancreas,ductal adenocarcinoma
dendritic cell.,88,image,0.7140316963195801,0.0711611732840538,HPDA034,conch,1,1.0,200,human,pancreas,ductal adenocarcinoma
dendritic cell.,88,spatial_knn,0.6477864980697632,0.058907363563776,HPDA034,conch,1,1.0,200,human,pancreas,ductal adenocarcinoma
endothelial cell.,428,train_mean,0.8258263468742371,0.174216091632843,HPDA034,conch,1,1.0,200,human,pancreas,ductal adenocarcinoma
endothelial cell.,428,coordinate,0.9225950241088868,0.1545327007770538,HPDA034,conch,1,1.0,200,human,pancreas,ductal adenocarcinoma
endothelial cell.,428,image,0.9749917984008788,0.0638330653309822,HPDA034,conch,1,1.0,200,human,pancreas,ductal adenocarcinoma
endothelial cell.,428,spatial_knn,0.9402177929878236,0.0957809910178184,HPDA034,conch,1,1.0,200,human,pancreas,ductal adenocarcinoma
epithelial cell.,247,train_mean,0.6557086110115051,0.3251817226409912,HPDA034,conch,1,1.0,200,human,pancreas,ductal adenocarcinoma
epithelial cell.,247,coordinate,0.8029142618179321,0.2323824167251587,HPDA034,conch,1,1.0,200,human,pancreas,ductal adenocarcinoma
epithelial cell.,247,image,0.9700320959091188,0.1108544021844863,HPDA034,conch,1,1.0,200,human,pancreas,ductal adenocarcinoma
epithelial cell.,247,spatial_knn,0.8110736608505249,0.2373989969491958,HPDA034,conch,1,1.0,200,human,pancreas,ductal adenocarcinoma
fibroblast of cardiac tissue.,92,train_mean,0.7483475804328918,0.1611749976873397,HPDA034,conch,1,1.0,200,human,pancreas,ductal adenocarcinoma
fibroblast of cardiac tissue.,92,coordinate,0.6440044641494751,0.3106045126914978,HPDA034,conch,1,1.0,200,human,pancreas,ductal adenocarcinoma
fibroblast of cardiac tissue.,92,image,0.8986027836799622,0.1121853664517402,HPDA034,conch,1,1.0,200,human,pancreas,ductal adenocarcinoma
fibroblast of cardiac tissue.,92,spatial_knn,0.6248632073402405,0.2131949812173843,HPDA034,conch,1,1.0,200,human,pancreas,ductal adenocarcinoma
fibroblast.,300,train_mean,0.8149402737617493,0.1506391763687133,HPDA034,conch,1,1.0,200,human,pancreas,ductal adenocarcinoma
fibroblast.,300,coordinate,0.8120262026786804,0.2247473299503326,HPDA034,conch,1,1.0,200,human,pancreas,ductal adenocarcinoma
fibroblast.,300,image,0.9225712418556212,0.1040882766246795,HPDA034,conch,1,1.0,200,human,pancreas,ductal adenocarcinoma
fibroblast.,300,spatial_knn,0.8134026527404785,0.1407460570335388,HPDA034,conch,1,1.0,200,human,pancreas,ductal adenocarcinoma
goblet cell.,45,train_mean,0.5919142961502075,0.2638631165027618,HPDA034,conch,1,1.0,200,human,pancreas,ductal adenocarcinoma
goblet cell.,45,coordinate,0.73457270860672,0.2633970975875854,HPDA034,conch,1,1.0,200,human,pancreas,ductal adenocarcinoma
goblet cell.,45,image,0.9407204985618592,0.1055347174406051,HPDA034,conch,1,1.0,200,human,pancreas,ductal adenocarcinoma
goblet cell.,45,spatial_knn,0.7032118439674377,0.2226374298334121,HPDA034,conch,1,1.0,200,human,pancreas,ductal adenocarcinoma
macrophage.,569,train_mean,0.7816810607910156,0.0822742357850074,HPDA034,conch,1,1.0,200,human,pancreas,ductal adenocarcinoma
macrophage.,569,coordinate,0.8171409368515015,0.2077500224113464,HPDA034,conch,1,1.0,200,human,pancreas,ductal adenocarcinoma
macrophage.,569,image,0.8896897435188293,0.0546163395047187,HPDA034,conch,1,1.0,200,human,pancreas,ductal adenocarcinoma
macrophage.,569,spatial_knn,0.7761309742927551,0.0860529392957687,HPDA034,conch,1,1.0,200,human,pancreas,ductal adenocarcinoma
monocyte.,20,train_mean,0.5937709212303162,0.1257731467485427,HPDA034,conch,1,1.0,200,human,pancreas,ductal adenocarcinoma
monocyte.,20,coordinate,0.6718992590904236,0.2739650011062622,HPDA034,conch,1,1.0,200,human,pancreas,ductal adenocarcinoma
monocyte.,20,image,0.7375327348709106,0.1015321165323257,HPDA034,conch,1,1.0,200,human,pancreas,ductal adenocarcinoma
monocyte.,20,spatial_knn,0.6593762040138245,0.1477637290954589,HPDA034,conch,1,1.0,200,human,pancreas,ductal adenocarcinoma
natural killer cell.,42,train_mean,0.2530598640441894,0.1411740034818649,HPDA034,conch,1,1.0,200,human,pancreas,ductal adenocarcinoma
natural killer cell.,42,coordinate,0.438759297132492,0.2058326601982116,HPDA034,conch,1,1.0,200,human,pancreas,ductal adenocarcinoma
natural killer cell.,42,image,0.5365510582923889,0.0826250091195106,HPDA034,conch,1,1.0,200,human,pancreas,ductal adenocarcinoma
natural killer cell.,42,spatial_knn,0.5554322600364685,0.0630800351500511,HPDA034,conch,1,1.0,200,human,pancreas,ductal adenocarcinoma
neutrophil.,37,train_mean,0.2275914996862411,0.1961636543273925,HPDA034,conch,1,1.0,200,human,pancreas,ductal adenocarcinoma
neutrophil.,37,coordinate,0.675321102142334,0.1547265648841858,HPDA034,conch,1,1.0,200,human,pancreas,ductal adenocarcinoma
neutrophil.,37,image,0.8320913910865784,0.1119975969195365,HPDA034,conch,1,1.0,200,human,pancreas,ductal adenocarcinoma
neutrophil.,37,spatial_knn,0.6458471417427063,0.1593702435493469,HPDA034,conch,1,1.0,200,human,pancreas,ductal adenocarcinoma
plasma cell.,33,train_mean,0.6214452385902405,0.1169998720288276,HPDA034,conch,1,1.0,200,human,pancreas,ductal adenocarcinoma
plasma cell.,33,coordinate,0.6703488230705261,0.191600814461708,HPDA034,conch,1,1.0,200,human,pancreas,ductal adenocarcinoma
plasma cell.,33,image,0.793158233165741,0.0877575799822807,HPDA034,conch,1,1.0,200,human,pancreas,ductal adenocarcinoma
plasma cell.,33,spatial_knn,0.7240884304046631,0.0954111441969871,HPDA034,conch,1,1.0,200,human,pancreas,ductal adenocarcinoma
secretory cell.,42,train_mean,0.6857569813728333,0.3961333930492401,HPDA034,conch,1,1.0,200,human,pancreas,ductal adenocarcinoma
secretory cell.,42,coordinate,0.8361809849739075,0.2470253705978393,HPDA034,conch,1,1.0,200,human,pancreas,ductal adenocarcinoma
secretory cell.,42,image,0.9502450823783876,0.1947498172521591,HPDA034,conch,1,1.0,200,human,pancreas,ductal adenocarcinoma
secretory cell.,42,spatial_knn,0.8119120597839355,0.3290533125400543,HPDA034,conch,1,1.0,200,human,pancreas,ductal adenocarcinoma
smooth muscle cell.,98,train_mean,0.7931652665138245,0.1093092858791351,HPDA034,conch,1,1.0,200,human,pancreas,ductal adenocarcinoma
smooth muscle cell.,98,coordinate,0.6742314696311951,0.3534855842590332,HPDA034,conch,1,1.0,200,human,pancreas,ductal adenocarcinoma
smooth muscle cell.,98,image,0.8727460503578186,0.0874794051051139,HPDA034,conch,1,1.0,200,human,pancreas,ductal adenocarcinoma
smooth muscle cell.,98,spatial_knn,0.645456850528717,0.2074104398488998,HPDA034,conch,1,1.0,200,human,pancreas,ductal adenocarcinoma
stromal cell.,29,train_mean,0.667275607585907,0.1216700002551078,HPDA034,conch,1,1.0,200,human,pancreas,ductal adenocarcinoma
stromal cell.,29,coordinate,0.4875615835189819,0.3119962811470032,HPDA034,conch,1,1.0,200,human,pancreas,ductal adenocarcinoma
stromal cell.,29,image,0.7035467028617859,0.0846822634339332,HPDA034,conch,1,1.0,200,human,pancreas,ductal adenocarcinoma
stromal cell.,29,spatial_knn,0.4264161288738251,0.1774535775184631,HPDA034,conch,1,1.0,200,human,pancreas,ductal adenocarcinoma
B cell.,22,train_mean,0.4043061137199402,0.154600515961647,HPDA034,conch,2,1.0,200,human,pancreas,ductal adenocarcinoma
B cell.,22,coordinate,0.2836112976074219,0.1399109959602356,HPDA034,conch,2,1.0,200,human,pancreas,ductal adenocarcinoma
B cell.,22,image,0.442488431930542,0.0952054560184478,HPDA034,conch,2,1.0,200,human,pancreas,ductal adenocarcinoma
B cell.,22,spatial_knn,0.3026565313339233,0.1580407917499542,HPDA034,conch,2,1.0,200,human,pancreas,ductal adenocarcinoma
"CD14-positive, CD16-negative classical monocyte.",25,train_mean,0.4411540627479553,0.1553980410099029,HPDA034,conch,2,1.0,200,human,pancreas,ductal adenocarcinoma
"CD14-positive, CD16-negative classical monocyte.",25,coordinate,0.3966941833496094,0.1394416093826294,HPDA034,conch,2,1.0,200,human,pancreas,ductal adenocarcinoma
"CD14-positive, CD16-negative classical monocyte.",25,image,0.6549310684204102,0.0844778791069984,HPDA034,conch,2,1.0,200,human,pancreas,ductal adenocarcinoma
"CD14-positive, CD16-negative classical monocyte.",25,spatial_knn,0.3918813169002533,0.1608132123947143,HPDA034,conch,2,1.0,200,human,pancreas,ductal adenocarcinoma
"CD8-positive, alpha-beta T cell.",65,train_mean,0.5505806803703308,0.1494085192680359,HPDA034,conch,2,1.0,200,human,pancreas,ductal adenocarcinoma
"CD8-positive, alpha-beta T cell.",65,coordinate,0.5710570216178894,0.1068122759461402,HPDA034,conch,2,1.0,200,human,pancreas,ductal adenocarcinoma
"CD8-positive, alpha-beta T cell.",65,image,0.6531894207000732,0.093410849571228,HPDA034,conch,2,1.0,200,human,pancreas,ductal adenocarcinoma
"CD8-positive, alpha-beta T cell.",65,spatial_knn,0.584937572479248,0.1219753846526146,HPDA034,conch,2,1.0,200,human,pancreas,ductal adenocarcinoma
T cell.,39,train_mean,0.403328001499176,0.1449111998081207,HPDA034,conch,2,1.0,200,human,pancreas,ductal adenocarcinoma
T cell.,39,coordinate,0.4053143858909607,0.1181623190641403,HPDA034,conch,2,1.0,200,human,pancreas,ductal adenocarcinoma
T cell.,39,image,0.4994051158428192,0.1069556772708892,HPDA034,conch,2,1.0,200,human,pancreas,ductal adenocarcinoma
T cell.,39,spatial_knn,0.455857515335083,0.1186292320489883,HPDA034,conch,2,1.0,200,human,pancreas,ductal adenocarcinoma
endothelial cell.,464,train_mean,0.8928815722465515,0.1126058027148246,HPDA034,conch,2,1.0,200,human,pancreas,ductal adenocarcinoma
endothelial cell.,464,coordinate,0.9088189005851746,0.1050891801714897,HPDA034,conch,2,1.0,200,human,pancreas,ductal adenocarcinoma
endothelial cell.,464,image,0.93688702583313,0.0725888833403587,HPDA034,conch,2,1.0,200,human,pancreas,ductal adenocarcinoma
endothelial cell.,464,spatial_knn,0.9224092364311218,0.0813596472144126,HPDA034,conch,2,1.0,200,human,pancreas,ductal adenocarcinoma
epithelial cell.,136,train_mean,0.7394163608551025,0.3053160011768341,HPDA034,conch,2,1.0,200,human,pancreas,ductal adenocarcinoma
epithelial cell.,136,coordinate,0.9340686798095704,0.2409303784370422,HPDA034,conch,2,1.0,200,human,pancreas,ductal adenocarcinoma
epithelial cell.,136,image,0.9695343375205994,0.1021980121731758,HPDA034,conch,2,1.0,200,human,pancreas,ductal adenocarcinoma
epithelial cell.,136,spatial_knn,0.8859314322471619,0.2028314471244812,HPDA034,conch,2,1.0,200,human,pancreas,ductal adenocarcinoma
fibroblast of cardiac tissue.,117,train_mean,0.7087311744689941,0.1377592086791992,HPDA034,conch,2,1.0,200,human,pancreas,ductal adenocarcinoma
fibroblast of cardiac tissue.,117,coordinate,0.5225376486778259,0.1723556071519851,HPDA034,conch,2,1.0,200,human,pancreas,ductal adenocarcinoma
fibroblast of cardiac tissue.,117,image,0.9089053273200988,0.0835627242922782,HPDA034,conch,2,1.0,200,human,pancreas,ductal adenocarcinoma
fibroblast of cardiac tissue.,117,spatial_knn,0.6310850381851196,0.1656369864940643,HPDA034,conch,2,1.0,200,human,pancreas,ductal adenocarcinoma
fibroblast.,450,train_mean,0.7942712903022766,0.110247790813446,HPDA034,conch,2,1.0,200,human,pancreas,ductal adenocarcinoma
fibroblast.,450,coordinate,0.7657867074012756,0.1205003857612609,HPDA034,conch,2,1.0,200,human,pancreas,ductal adenocarcinoma
fibroblast.,450,image,0.9480092525482178,0.0593609921634197,HPDA034,conch,2,1.0,200,human,pancreas,ductal adenocarcinoma
fibroblast.,450,spatial_knn,0.8349711894989014,0.0993263348937034,HPDA034,conch,2,1.0,200,human,pancreas,ductal adenocarcinoma
goblet cell.,25,train_mean,0.6959916949272156,0.3120811879634857,HPDA034,conch,2,1.0,200,human,pancreas,ductal adenocarcinoma
goblet cell.,25,coordinate,0.8801286816596985,0.269008070230484,HPDA034,conch,2,1.0,200,human,pancreas,ductal adenocarcinoma
goblet cell.,25,image,0.9512367844581604,0.1191757097840309,HPDA034,conch,2,1.0,200,human,pancreas,ductal adenocarcinoma
goblet cell.,25,spatial_knn,0.7596454620361328,0.2517730593681335,HPDA034,conch,2,1.0,200,human,pancreas,ductal adenocarcinoma
immature innate lymphoid cell.,26,train_mean,0.7032595276832581,0.1558763831853866,HPDA034,conch,2,1.0,200,human,pancreas,ductal adenocarcinoma
immature innate lymphoid cell.,26,coordinate,0.4888737797737121,0.2010243684053421,HPDA034,conch,2,1.0,200,human,pancreas,ductal adenocarcinoma
immature innate lymphoid cell.,26,image,0.8737583160400391,0.11000707000494,HPDA034,conch,2,1.0,200,human,pancreas,ductal adenocarcinoma
immature innate lymphoid cell.,26,spatial_knn,0.5895791053771973,0.190818578004837,HPDA034,conch,2,1.0,200,human,pancreas,ductal adenocarcinoma
macrophage.,528,train_mean,0.7479865550994873,0.0941722095012664,HPDA034,conch,2,1.0,200,human,pancreas,ductal adenocarcinoma
macrophage.,528,coordinate,0.6862083077430725,0.1062233969569206,HPDA034,conch,2,1.0,200,human,pancreas,ductal adenocarcinoma
macrophage.,528,image,0.8191458582878113,0.0803848877549171,HPDA034,conch,2,1.0,200,human,pancreas,ductal adenocarcinoma
macrophage.,528,spatial_knn,0.7394083738327026,0.1130123883485794,HPDA034,conch,2,1.0,200,human,pancreas,ductal adenocarcinoma
monocyte.,21,train_mean,0.6811752319335938,0.113691821694374,HPDA034,conch,2,1.0,200,human,pancreas,ductal adenocarcinoma
monocyte.,21,coordinate,0.6571452021598816,0.1133225634694099,HPDA034,conch,2,1.0,200,human,pancreas,ductal adenocarcinoma
monocyte.,21,image,0.8018208146095276,0.0873965844511985,HPDA034,conch,2,1.0,200,human,pancreas,ductal adenocarcinoma
monocyte.,21,spatial_knn,0.6655375361442566,0.1176504045724868,HPDA034,conch,2,1.0,200,human,pancreas,ductal adenocarcinoma
smooth muscle cell.,227,train_mean,0.7097886800765991,0.1309664845466613,HPDA034,conch,2,1.0,200,human,pancreas,ductal adenocarcinoma
smooth muscle cell.,227,coordinate,0.6845590472221375,0.1276866793632507,HPDA034,conch,2,1.0,200,human,pancreas,ductal adenocarcinoma
smooth muscle cell.,227,image,0.8858017325401306,0.0855245292186737,HPDA034,conch,2,1.0,200,human,pancreas,ductal adenocarcinoma
smooth muscle cell.,227,spatial_knn,0.7794656157493591,0.1240624636411666,HPDA034,conch,2,1.0,200,human,pancreas,ductal adenocarcinoma
stromal cell.,40,train_mean,0.6103090643882751,0.1284497827291488,HPDA034,conch,2,1.0,200,human,pancreas,ductal adenocarcinoma
stromal cell.,40,coordinate,0.4428570568561554,0.1571178585290908,HPDA034,conch,2,1.0,200,human,pancreas,ductal adenocarcinoma
stromal cell.,40,image,0.8159523010253906,0.0984802469611167,HPDA034,conch,2,1.0,200,human,pancreas,ductal adenocarcinoma
stromal cell.,40,spatial_knn,0.4985176026821136,0.1640001833438873,HPDA034,conch,2,1.0,200,human,pancreas,ductal adenocarcinoma
B cell.,20,train_mean,0.3484691083431244,0.1698080897331237,HPDA034,conch,3,1.0,200,human,pancreas,ductal adenocarcinoma
B cell.,20,coordinate,0.4298558533191681,0.2054852694272995,HPDA034,conch,3,1.0,200,human,pancreas,ductal adenocarcinoma
B cell.,20,image,0.7752955555915833,0.0761586874723434,HPDA034,conch,3,1.0,200,human,pancreas,ductal adenocarcinoma
B cell.,20,spatial_knn,0.5307450294494629,0.0857887715101242,HPDA034,conch,3,1.0,200,human,pancreas,ductal adenocarcinoma
"CD8-positive, alpha-beta T cell.",39,train_mean,0.4695286452770233,0.1583680361509323,HPDA034,conch,3,1.0,200,human,pancreas,ductal adenocarcinoma
"CD8-positive, alpha-beta T cell.",39,coordinate,0.1928004920482635,0.2012080550193786,HPDA034,conch,3,1.0,200,human,pancreas,ductal adenocarcinoma
"CD8-positive, alpha-beta T cell.",39,image,0.7655734419822693,0.0590560808777809,HPDA034,conch,3,1.0,200,human,pancreas,ductal adenocarcinoma
"CD8-positive, alpha-beta T cell.",39,spatial_knn,0.7167356014251709,0.0633128508925437,HPDA034,conch,3,1.0,200,human,pancreas,ductal adenocarcinoma
T cell.,37,train_mean,0.4176791310310364,0.1596801877021789,HPDA034,conch,3,1.0,200,human,pancreas,ductal adenocarcinoma
T cell.,37,coordinate,0.2515156269073486,0.2097168117761612,HPDA034,conch,3,1.0,200,human,pancreas,ductal adenocarcinoma
T cell.,37,image,0.6896916627883911,0.0970765501260757,HPDA034,conch,3,1.0,200,human,pancreas,ductal adenocarcinoma
T cell.,37,spatial_knn,0.6837324500083923,0.1011247262358665,HPDA034,conch,3,1.0,200,human,pancreas,ductal adenocarcinoma
classical monocyte.,21,train_mean,0.2535128593444824,0.1880029290914535,HPDA034,conch,3,1.0,200,human,pancreas,ductal adenocarcinoma
classical monocyte.,21,coordinate,0.1552522778511047,0.1797264069318771,HPDA034,conch,3,1.0,200,human,pancreas,ductal adenocarcinoma
classical monocyte.,21,image,0.5616599917411804,0.1137991473078727,HPDA034,conch,3,1.0,200,human,pancreas,ductal adenocarcinoma
classical monocyte.,21,spatial_knn,0.3068759739398956,0.1409064978361129,HPDA034,conch,3,1.0,200,human,pancreas,ductal adenocarcinoma
endothelial cell.,339,train_mean,0.4784857332706451,0.1790488213300705,HPDA034,conch,3,1.0,200,human,pancreas,ductal adenocarcinoma
endothelial cell.,339,coordinate,0.1621257215738296,0.2962213158607483,HPDA034,conch,3,1.0,200,human,pancreas,ductal adenocarcinoma
endothelial cell.,339,image,0.8297937512397766,0.1133855283260345,HPDA034,conch,3,1.0,200,human,pancreas,ductal adenocarcinoma
endothelial cell.,339,spatial_knn,0.7528208494186401,0.1450038850307464,HPDA034,conch,3,1.0,200,human,pancreas,ductal adenocarcinoma
fibroblast of cardiac tissue.,91,train_mean,0.4804327189922333,0.1787088811397552,HPDA034,conch,3,1.0,200,human,pancreas,ductal adenocarcinoma
fibroblast of cardiac tissue.,91,coordinate,0.1724669188261032,0.2887268364429474,HPDA034,conch,3,1.0,200,human,pancreas,ductal adenocarcinoma
fibroblast of cardiac tissue.,91,image,0.8811445236206055,0.1014151573181152,HPDA034,conch,3,1.0,200,human,pancreas,ductal adenocarcinoma
fibroblast of cardiac tissue.,91,spatial_knn,0.8441266417503357,0.1155045628547668,HPDA034,conch,3,1.0,200,human,pancreas,ductal adenocarcinoma
fibroblast.,636,train_mean,0.4241324663162231,0.2180933505296707,HPDA034,conch,3,1.0,200,human,pancreas,ductal adenocarcinoma
fibroblast.,636,coordinate,0.1727106124162674,0.3382112085819244,HPDA034,conch,3,1.0,200,human,pancreas,ductal adenocarcinoma
fibroblast.,636,image,0.8580244183540344,0.1465798467397689,HPDA034,conch,3,1.0,200,human,pancreas,ductal adenocarcinoma
fibroblast.,636,spatial_knn,0.8087222576141357,0.1808022111654281,HPDA034,conch,3,1.0,200,human,pancreas,ductal adenocarcinoma
goblet cell.,30,train_mean,0.3968420922756195,0.2300110757350921,HPDA034,conch,3,1.0,200,human,pancreas,ductal adenocarcinoma
goblet cell.,30,coordinate,0.29561647772789,0.3339378237724304,HPDA034,conch,3,1.0,200,human,pancreas,ductal adenocarcinoma
goblet cell.,30,image,0.9066643118858336,0.1065396219491958,HPDA034,conch,3,1.0,200,human,pancreas,ductal adenocarcinoma
goblet cell.,30,spatial_knn,0.8500334024429321,0.1596164852380752,HPDA034,conch,3,1.0,200,human,pancreas,ductal adenocarcinoma
immature innate lymphoid cell.,27,train_mean,0.4540631771087646,0.2072931230068206,HPDA034,conch,3,1.0,200,human,pancreas,ductal adenocarcinoma
immature innate lymphoid cell.,27,coordinate,0.2186066210269928,0.3296385109424591,HPDA034,conch,3,1.0,200,human,pancreas,ductal adenocarcinoma
immature innate lymphoid cell.,27,image,0.842045783996582,0.139209046959877,HPDA034,conch,3,1.0,200,human,pancreas,ductal adenocarcinoma
immature innate lymphoid cell.,27,spatial_knn,0.6605422496795654,0.1819413155317306,HPDA034,conch,3,1.0,200,human,pancreas,ductal adenocarcinoma
macrophage.,513,train_mean,0.4105413556098938,0.1737979352474212,HPDA034,conch,3,1.0,200,human,pancreas,ductal adenocarcinoma
macrophage.,513,coordinate,0.2260392159223556,0.2741611897945404,HPDA034,conch,3,1.0,200,human,pancreas,ductal adenocarcinoma
macrophage.,513,image,0.7895079851150513,0.1101913899183273,HPDA034,conch,3,1.0,200,human,pancreas,ductal adenocarcinoma
macrophage.,513,spatial_knn,0.7122467160224915,0.1330357789993286,HPDA034,conch,3,1.0,200,human,pancreas,ductal adenocarcinoma
monocyte.,25,train_mean,0.314386785030365,0.2065233588218689,HPDA034,conch,3,1.0,200,human,pancreas,ductal adenocarcinoma
monocyte.,25,coordinate,0.2082236260175705,0.2422791421413421,HPDA034,conch,3,1.0,200,human,pancreas,ductal adenocarcinoma
monocyte.,25,image,0.6269965171813965,0.1555924862623214,HPDA034,conch,3,1.0,200,human,pancreas,ductal adenocarcinoma
monocyte.,25,spatial_knn,0.4107684195041656,0.1836509853601455,HPDA034,conch,3,1.0,200,human,pancreas,ductal adenocarcinoma
natural killer cell.,22,train_mean,0.4155846834182739,0.1559644490480423,HPDA034,conch,3,1.0,200,human,pancreas,ductal adenocarcinoma
natural killer cell.,22,coordinate,0.2257468551397323,0.2037260234355926,HPDA034,conch,3,1.0,200,human,pancreas,ductal adenocarcinoma
natural killer cell.,22,image,0.6839731931686401,0.0821636244654655,HPDA034,conch,3,1.0,200,human,pancreas,ductal adenocarcinoma
natural killer cell.,22,spatial_knn,0.6983858942985535,0.0815942883491516,HPDA034,conch,3,1.0,200,human,pancreas,ductal adenocarcinoma
plasma cell.,109,train_mean,0.3014330267906189,0.2080150842666626,HPDA034,conch,3,1.0,200,human,pancreas,ductal adenocarcinoma
plasma cell.,109,coordinate,0.5186914205551147,0.2842177152633667,HPDA034,conch,3,1.0,200,human,pancreas,ductal adenocarcinoma
plasma cell.,109,image,0.8646410703659058,0.1024614349007606,HPDA034,conch,3,1.0,200,human,pancreas,ductal adenocarcinoma
plasma cell.,109,spatial_knn,0.6346131563186646,0.159482941031456,HPDA034,conch,3,1.0,200,human,pancreas,ductal adenocarcinoma
smooth muscle cell.,282,train_mean,0.5082322955131531,0.181380420923233,HPDA034,conch,3,1.0,200,human,pancreas,ductal adenocarcinoma
smooth muscle cell.,282,coordinate,0.0247140359133481,0.3233645260334015,HPDA034,conch,3,1.0,200,human,pancreas,ductal adenocarcinoma
smooth muscle cell.,282,image,0.7977657914161682,0.117254838347435,HPDA034,conch,3,1.0,200,human,pancreas,ductal adenocarcinoma
smooth muscle cell.,282,spatial_knn,0.5268869400024414,0.1601674109697342,HPDA034,conch,3,1.0,200,human,pancreas,ductal adenocarcinoma
stromal cell.,53,train_mean,0.4819518327713012,0.1671166121959686,HPDA034,conch,3,1.0,200,human,pancreas,ductal adenocarcinoma
stromal cell.,53,coordinate,0.1353148519992828,0.2920076251029968,HPDA034,conch,3,1.0,200,human,pancreas,ductal adenocarcinoma
stromal cell.,53,image,0.847891628742218,0.0922544226050376,HPDA034,conch,3,1.0,200,human,pancreas,ductal adenocarcinoma
stromal cell.,53,spatial_knn,0.6864022612571716,0.1254133284091949,HPDA034,conch,3,1.0,200,human,pancreas,ductal adenocarcinoma
B cell.,23,train_mean,0.2531397044658661,0.1089251860976219,HPXM007,conch,0,1.0,200,human,pancreas,pancreas
B cell.,23,coordinate,0.4258924424648285,0.095486044883728,HPXM007,conch,0,1.0,200,human,pancreas,pancreas
B cell.,23,image,0.4863977432250976,0.0766695663332939,HPXM007,conch,0,1.0,200,human,pancreas,pancreas
B cell.,23,spatial_knn,0.4152836799621582,0.0910723507404327,HPXM007,conch,0,1.0,200,human,pancreas,pancreas
"CD8-positive, alpha-beta T cell.",82,train_mean,0.2835651338100433,0.1075155436992645,HPXM007,conch,0,1.0,200,human,pancreas,pancreas
"CD8-positive, alpha-beta T cell.",82,coordinate,0.4538630247116089,0.100580133497715,HPXM007,conch,0,1.0,200,human,pancreas,pancreas
"CD8-positive, alpha-beta T cell.",82,image,0.6088212132453918,0.0622600987553596,HPXM007,conch,0,1.0,200,human,pancreas,pancreas
"CD8-positive, alpha-beta T cell.",82,spatial_knn,0.4588279128074646,0.0845191851258277,HPXM007,conch,0,1.0,200,human,pancreas,pancreas
T cell.,95,train_mean,0.1757784485816955,0.1292259842157364,HPXM007,conch,0,1.0,200,human,pancreas,pancreas
T cell.,95,coordinate,0.4106116890907287,0.1109437942504882,HPXM007,conch,0,1.0,200,human,pancreas,pancreas
T cell.,95,image,0.6566444039344788,0.0820768624544143,HPXM007,conch,0,1.0,200,human,pancreas,pancreas
T cell.,95,spatial_knn,0.3813210129737854,0.1031375750899314,HPXM007,conch,0,1.0,200,human,pancreas,pancreas
endothelial cell of vascular tree.,30,train_mean,0.6210718154907227,0.0795699432492256,HPXM007,conch,0,1.0,200,human,pancreas,pancreas
endothelial cell of vascular tree.,30,coordinate,0.5616105198860168,0.0877185761928558,HPXM007,conch,0,1.0,200,human,pancreas,pancreas
endothelial cell of vascular tree.,30,image,0.7798247337341309,0.0554653368890285,HPXM007,conch,0,1.0,200,human,pancreas,pancreas
endothelial cell of vascular tree.,30,spatial_knn,0.583116352558136,0.0836244150996208,HPXM007,conch,0,1.0,200,human,pancreas,pancreas
endothelial cell.,593,train_mean,0.7756445407867432,0.0915697440505027,HPXM007,conch,0,1.0,200,human,pancreas,pancreas
endothelial cell.,593,coordinate,0.8586471080780029,0.0740818232297897,HPXM007,conch,0,1.0,200,human,pancreas,pancreas
endothelial cell.,593,image,0.962433397769928,0.041847176849842,HPXM007,conch,0,1.0,200,human,pancreas,pancreas
endothelial cell.,593,spatial_knn,0.9230835437774658,0.0603634342551231,HPXM007,conch,0,1.0,200,human,pancreas,pancreas
enterocyte.,95,train_mean,0.8029835224151611,0.1499648988246917,HPXM007,conch,0,1.0,200,human,pancreas,pancreas
enterocyte.,95,coordinate,0.4828574657440185,0.188067227602005,HPXM007,conch,0,1.0,200,human,pancreas,pancreas
enterocyte.,95,image,0.9676102995872498,0.0669230669736862,HPXM007,conch,0,1.0,200,human,pancreas,pancreas
enterocyte.,95,spatial_knn,0.6910586357116699,0.1591699868440628,HPXM007,conch,0,1.0,200,human,pancreas,pancreas
epithelial cell of proximal tubule.,31,train_mean,0.6971002817153931,0.1696604192256927,HPXM007,conch,0,1.0,200,human,pancreas,pancreas
epithelial cell of proximal tubule.,31,coordinate,0.3349046111106872,0.2102580666542053,HPXM007,conch,0,1.0,200,human,pancreas,pancreas
epithelial cell of proximal tubule.,31,image,0.868529736995697,0.1163851469755172,HPXM007,conch,0,1.0,200,human,pancreas,pancreas
epithelial cell of proximal tubule.,31,spatial_knn,0.5442272424697876,0.1873501688241958,HPXM007,conch,0,1.0,200,human,pancreas,pancreas
fibroblast.,201,train_mean,0.5621494054794312,0.1194108352065086,HPXM007,conch,0,1.0,200,human,pancreas,pancreas
fibroblast.,201,coordinate,0.7899571657180786,0.0930792763829231,HPXM007,conch,0,1.0,200,human,pancreas,pancreas
fibroblast.,201,image,0.9036019444465636,0.0875351801514625,HPXM007,conch,0,1.0,200,human,pancreas,pancreas
fibroblast.,201,spatial_knn,0.7528255581855774,0.103701926767826,HPXM007,conch,0,1.0,200,human,pancreas,pancreas
kidney collecting duct principal cell.,280,train_mean,0.6272226572036743,0.2708545923233032,HPXM007,conch,0,1.0,200,human,pancreas,pancreas
kidney collecting duct principal cell.,280,coordinate,0.9351015686988832,0.1561070680618286,HPXM007,conch,0,1.0,200,human,pancreas,pancreas
kidney collecting duct principal cell.,280,image,0.986632764339447,0.0973761603236198,HPXM007,conch,0,1.0,200,human,pancreas,pancreas
kidney collecting duct principal cell.,280,spatial_knn,0.9623820185661316,0.1591390073299408,HPXM007,conch,0,1.0,200,human,pancreas,pancreas
kidney loop of Henle thick ascending limb epithelial cell.,68,train_mean,0.6892119646072388,0.1764313280582428,HPXM007,conch,0,1.0,200,human,pancreas,pancreas
kidney loop of Henle thick ascending limb epithelial cell.,68,coordinate,0.8307895660400391,0.132006362080574,HPXM007,conch,0,1.0,200,human,pancreas,pancreas
kidney loop of Henle thick ascending limb epithelial cell.,68,image,0.9690986275672911,0.0769741535186767,HPXM007,conch,0,1.0,200,human,pancreas,pancreas
kidney loop of Henle thick ascending limb epithelial cell.,68,spatial_knn,0.9120109677314758,0.1227650418877601,HPXM007,conch,0,1.0,200,human,pancreas,pancreas
kidney proximal convoluted tubule epithelial cell.,62,train_mean,0.6283251047134399,0.1893152147531509,HPXM007,conch,0,1.0,200,human,pancreas,pancreas
kidney proximal convoluted tubule epithelial cell.,62,coordinate,0.9104869961738586,0.1056608706712722,HPXM007,conch,0,1.0,200,human,pancreas,pancreas
kidney proximal convoluted tubule epithelial cell.,62,image,0.9738986492156982,0.0590792149305343,HPXM007,conch,0,1.0,200,human,pancreas,pancreas
kidney proximal convoluted tubule epithelial cell.,62,spatial_knn,0.9681936502456664,0.0784920081496238,HPXM007,conch,0,1.0,200,human,pancreas,pancreas
macrophage.,223,train_mean,0.5205906629562378,0.0894403234124183,HPXM007,conch,0,1.0,200,human,pancreas,pancreas
macrophage.,223,coordinate,0.7031334042549133,0.0760236755013465,HPXM007,conch,0,1.0,200,human,pancreas,pancreas
macrophage.,223,image,0.7017675638198853,0.0656520575284957,HPXM007,conch,0,1.0,200,human,pancreas,pancreas
macrophage.,223,spatial_knn,0.6502999067306519,0.075135737657547,HPXM007,conch,0,1.0,200,human,pancreas,pancreas
smooth muscle cell.,95,train_mean,0.5210230946540833,0.1224902644753456,HPXM007,conch,0,1.0,200,human,pancreas,pancreas
smooth muscle cell.,95,coordinate,0.6468436121940613,0.1088311299681663,HPXM007,conch,0,1.0,200,human,pancreas,pancreas
smooth muscle cell.,95,image,0.8837377429008484,0.0783864557743072,HPXM007,conch,0,1.0,200,human,pancreas,pancreas
smooth muscle cell.,95,spatial_knn,0.6702523827552795,0.1061969026923179,HPXM007,conch,0,1.0,200,human,pancreas,pancreas
stromal cell.,271,train_mean,0.5286729335784912,0.1147024556994438,HPXM007,conch,0,1.0,200,human,pancreas,pancreas
stromal cell.,271,coordinate,0.8155469298362732,0.0792359486222267,HPXM007,conch,0,1.0,200,human,pancreas,pancreas
stromal cell.,271,image,0.8983699679374695,0.0741791278123855,HPXM007,conch,0,1.0,200,human,pancreas,pancreas
stromal cell.,271,spatial_knn,0.7266268134117126,0.0937088653445243,HPXM007,conch,0,1.0,200,human,pancreas,pancreas
"CD8-positive, alpha-beta T cell.",49,train_mean,0.2249347567558288,0.1129412353038787,HPXM007,conch,1,1.0,200,human,pancreas,pancreas
"CD8-positive, alpha-beta T cell.",49,coordinate,0.500413715839386,0.2169312089681625,HPXM007,conch,1,1.0,200,human,pancreas,pancreas
"CD8-positive, alpha-beta T cell.",49,image,0.6642104983329773,0.069343201816082,HPXM007,conch,1,1.0,200,human,pancreas,pancreas
"CD8-positive, alpha-beta T cell.",49,spatial_knn,0.4655613899230957,0.1009371429681778,HPXM007,conch,1,1.0,200,human,pancreas,pancreas
T cell.,55,train_mean,0.2809030711650848,0.124908372759819,HPXM007,conch,1,1.0,200,human,pancreas,pancreas
T cell.,55,coordinate,0.4969367384910583,0.218302696943283,HPXM007,conch,1,1.0,200,human,pancreas,pancreas
T cell.,55,image,0.6839422583580017,0.0856344103813171,HPXM007,conch,1,1.0,200,human,pancreas,pancreas
T cell.,55,spatial_knn,0.5045742392539978,0.1155664771795272,HPXM007,conch,1,1.0,200,human,pancreas,pancreas
endothelial cell.,708,train_mean,0.4064918458461761,0.1880864053964615,HPXM007,conch,1,1.0,200,human,pancreas,pancreas
endothelial cell.,708,coordinate,0.9610324501991272,0.0804589912295341,HPXM007,conch,1,1.0,200,human,pancreas,pancreas
endothelial cell.,708,image,0.9818056225776672,0.0427412763237953,HPXM007,conch,1,1.0,200,human,pancreas,pancreas
endothelial cell.,708,spatial_knn,0.9373642206192015,0.1119061559438705,HPXM007,conch,1,1.0,200,human,pancreas,pancreas
enterocyte.,92,train_mean,0.3529462218284607,0.2519751191139221,HPXM007,conch,1,1.0,200,human,pancreas,pancreas
enterocyte.,92,coordinate,0.9486493468284608,0.091377392411232,HPXM007,conch,1,1.0,200,human,pancreas,pancreas
enterocyte.,92,image,0.972436547279358,0.081350490450859,HPXM007,conch,1,1.0,200,human,pancreas,pancreas
enterocyte.,92,spatial_knn,0.9404557347297668,0.1575830429792404,HPXM007,conch,1,1.0,200,human,pancreas,pancreas
epithelial cell of proximal tubule.,21,train_mean,0.4475078880786896,0.2180540114641189,HPXM007,conch,1,1.0,200,human,pancreas,pancreas
epithelial cell of proximal tubule.,21,coordinate,0.726928174495697,0.2008992433547973,HPXM007,conch,1,1.0,200,human,pancreas,pancreas
epithelial cell of proximal tubule.,21,image,0.8671356439590454,0.1243694797158241,HPXM007,conch,1,1.0,200,human,pancreas,pancreas
epithelial cell of proximal tubule.,21,spatial_knn,0.7699139714241028,0.1687411069869995,HPXM007,conch,1,1.0,200,human,pancreas,pancreas
epithelial cell.,22,train_mean,0.4538622498512268,0.2361351996660232,HPXM007,conch,1,1.0,200,human,pancreas,pancreas
epithelial cell.,22,coordinate,0.8254446983337402,0.1632528752088546,HPXM007,conch,1,1.0,200,human,pancreas,pancreas
epithelial cell.,22,image,0.917945683002472,0.1256509274244308,HPXM007,conch,1,1.0,200,human,pancreas,pancreas
epithelial cell.,22,spatial_knn,0.8406817317008972,0.1821815222501754,HPXM007,conch,1,1.0,200,human,pancreas,pancreas
fibroblast.,84,train_mean,0.6294421553611755,0.1044961884617805,HPXM007,conch,1,1.0,200,human,pancreas,pancreas
fibroblast.,84,coordinate,0.7502504587173462,0.1545649170875549,HPXM007,conch,1,1.0,200,human,pancreas,pancreas
fibroblast.,84,image,0.8632172346115112,0.0688426196575164,HPXM007,conch,1,1.0,200,human,pancreas,pancreas
fibroblast.,84,spatial_knn,0.8242143392562866,0.0802457183599472,HPXM007,conch,1,1.0,200,human,pancreas,pancreas
kidney collecting duct principal cell.,525,train_mean,0.3350362777709961,0.2875086665153503,HPXM007,conch,1,1.0,200,human,pancreas,pancreas
kidney collecting duct principal cell.,525,coordinate,0.9606528878211976,0.0912220105528831,HPXM007,conch,1,1.0,200,human,pancreas,pancreas
kidney collecting duct principal cell.,525,image,0.9800506830215454,0.0884099975228309,HPXM007,conch,1,1.0,200,human,pancreas,pancreas
kidney collecting duct principal cell.,525,spatial_knn,0.9385586977005004,0.1971052587032318,HPXM007,conch,1,1.0,200,human,pancreas,pancreas
kidney loop of Henle thick ascending limb epithelial cell.,105,train_mean,0.3897610604763031,0.226505771279335,HPXM007,conch,1,1.0,200,human,pancreas,pancreas
kidney loop of Henle thick ascending limb epithelial cell.,105,coordinate,0.9261653423309326,0.0974727943539619,HPXM007,conch,1,1.0,200,human,pancreas,pancreas
kidney loop of Henle thick ascending limb epithelial cell.,105,image,0.9655969738960266,0.0773173719644546,HPXM007,conch,1,1.0,200,human,pancreas,pancreas
kidney loop of Henle thick ascending limb epithelial cell.,105,spatial_knn,0.9256970882415771,0.1536840200424194,HPXM007,conch,1,1.0,200,human,pancreas,pancreas
kidney proximal convoluted tubule epithelial cell.,102,train_mean,0.3363803327083587,0.2387401163578033,HPXM007,conch,1,1.0,200,human,pancreas,pancreas
kidney proximal convoluted tubule epithelial cell.,102,coordinate,0.9589945077896118,0.0749256759881973,HPXM007,conch,1,1.0,200,human,pancreas,pancreas
kidney proximal convoluted tubule epithelial cell.,102,image,0.978747546672821,0.0568280220031738,HPXM007,conch,1,1.0,200,human,pancreas,pancreas
kidney proximal convoluted tubule epithelial cell.,102,spatial_knn,0.9485592246055604,0.143263429403305,HPXM007,conch,1,1.0,200,human,pancreas,pancreas
macrophage.,212,train_mean,0.3481792509555816,0.1333185136318206,HPXM007,conch,1,1.0,200,human,pancreas,pancreas
macrophage.,212,coordinate,0.8007795214653015,0.1638001948595047,HPXM007,conch,1,1.0,200,human,pancreas,pancreas
macrophage.,212,image,0.8301767110824585,0.0785829350352287,HPXM007,conch,1,1.0,200,human,pancreas,pancreas
macrophage.,212,spatial_knn,0.7858789563179016,0.0864097699522972,HPXM007,conch,1,1.0,200,human,pancreas,pancreas
pancreatic A cell.,95,train_mean,0.2173282653093338,0.2264613807201385,HPXM007,conch,1,1.0,200,human,pancreas,pancreas
pancreatic A cell.,95,coordinate,0.754439115524292,0.1701209843158722,HPXM007,conch,1,1.0,200,human,pancreas,pancreas
pancreatic A cell.,95,image,0.7536839246749878,0.15341816842556,HPXM007,conch,1,1.0,200,human,pancreas,pancreas
pancreatic A cell.,95,spatial_knn,0.789619505405426,0.1562504172325134,HPXM007,conch,1,1.0,200,human,pancreas,pancreas
smooth muscle cell.,28,train_mean,0.5503150224685669,0.1167232021689415,HPXM007,conch,1,1.0,200,human,pancreas,pancreas
smooth muscle cell.,28,coordinate,0.5283581018447876,0.1477875113487243,HPXM007,conch,1,1.0,200,human,pancreas,pancreas
smooth muscle cell.,28,image,0.7492687702178955,0.0942891165614128,HPXM007,conch,1,1.0,200,human,pancreas,pancreas
smooth muscle cell.,28,spatial_knn,0.7256250381469727,0.0999645069241523,HPXM007,conch,1,1.0,200,human,pancreas,pancreas
stromal cell.,78,train_mean,0.6387364268302917,0.0908515080809593,HPXM007,conch,1,1.0,200,human,pancreas,pancreas
stromal cell.,78,coordinate,0.4208408892154693,0.1618421971797943,HPXM007,conch,1,1.0,200,human,pancreas,pancreas
stromal cell.,78,image,0.7330415844917297,0.0791977792978286,HPXM007,conch,1,1.0,200,human,pancreas,pancreas
stromal cell.,78,spatial_knn,0.6975796818733215,0.0837193876504898,HPXM007,conch,1,1.0,200,human,pancreas,pancreas
"CD8-positive, alpha-beta T cell.",52,train_mean,0.058973416686058,0.1242190226912498,HPXM007,conch,2,1.0,200,human,pancreas,pancreas
"CD8-positive, alpha-beta T cell.",52,coordinate,-0.0078939609229564,0.1487018018960952,HPXM007,conch,2,1.0,200,human,pancreas,pancreas
"CD8-positive, alpha-beta T cell.",52,image,0.4354123175144195,0.0769974961876869,HPXM007,conch,2,1.0,200,human,pancreas,pancreas
"CD8-positive, alpha-beta T cell.",52,spatial_knn,0.0656345263123512,0.1163314878940582,HPXM007,conch,2,1.0,200,human,pancreas,pancreas
T cell.,59,train_mean,0.1594799906015396,0.123750627040863,HPXM007,conch,2,1.0,200,human,pancreas,pancreas
T cell.,59,coordinate,0.1107759997248649,0.1497653126716613,HPXM007,conch,2,1.0,200,human,pancreas,pancreas
T cell.,59,image,0.5270290374755859,0.0768192037940025,HPXM007,conch,2,1.0,200,human,pancreas,pancreas
T cell.,59,spatial_knn,0.1879528164863586,0.1262301504611969,HPXM007,conch,2,1.0,200,human,pancreas,pancreas
endothelial cell of vascular tree.,53,train_mean,0.4744937717914581,0.1121526658535003,HPXM007,conch,2,1.0,200,human,pancreas,pancreas
endothelial cell of vascular tree.,53,coordinate,0.8852983117103577,0.0610467121005058,HPXM007,conch,2,1.0,200,human,pancreas,pancreas
endothelial cell of vascular tree.,53,image,0.8797078132629395,0.0559724606573581,HPXM007,conch,2,1.0,200,human,pancreas,pancreas
endothelial cell of vascular tree.,53,spatial_knn,0.8809084296226501,0.0552281774580478,HPXM007,conch,2,1.0,200,human,pancreas,pancreas
endothelial cell.,499,train_mean,0.6891596913337708,0.0818075835704803,HPXM007,conch,2,1.0,200,human,pancreas,pancreas
endothelial cell.,499,coordinate,0.9059792160987854,0.0512220226228237,HPXM007,conch,2,1.0,200,human,pancreas,pancreas
endothelial cell.,499,image,0.916740894317627,0.0419021472334861,HPXM007,conch,2,1.0,200,human,pancreas,pancreas
endothelial cell.,499,spatial_knn,0.8787354230880737,0.0524129047989845,HPXM007,conch,2,1.0,200,human,pancreas,pancreas
enterocyte.,184,train_mean,0.3886890709400177,0.2447149157524109,HPXM007,conch,2,1.0,200,human,pancreas,pancreas
enterocyte.,184,coordinate,0.8684483170509338,0.1632115691900253,HPXM007,conch,2,1.0,200,human,pancreas,pancreas
enterocyte.,184,image,0.9591782093048096,0.0981096029281616,HPXM007,conch,2,1.0,200,human,pancreas,pancreas
enterocyte.,184,spatial_knn,0.7328361868858337,0.2071864902973175,HPXM007,conch,2,1.0,200,human,pancreas,pancreas
epithelial cell of lower respiratory tract.,64,train_mean,0.3644292056560516,0.245980754494667,HPXM007,conch,2,1.0,200,human,pancreas,pancreas
epithelial cell of lower respiratory tract.,64,coordinate,0.8486536145210266,0.1683416217565536,HPXM007,conch,2,1.0,200,human,pancreas,pancreas
epithelial cell of lower respiratory tract.,64,image,0.9603794813156128,0.0956641361117363,HPXM007,conch,2,1.0,200,human,pancreas,pancreas
epithelial cell of lower respiratory tract.,64,spatial_knn,0.8179729580879211,0.2006415724754333,HPXM007,conch,2,1.0,200,human,pancreas,pancreas
epithelial cell of proximal tubule.,79,train_mean,0.3930359482765198,0.2775345742702484,HPXM007,conch,2,1.0,200,human,pancreas,pancreas
epithelial cell of proximal tubule.,79,coordinate,0.885915994644165,0.1947416365146637,HPXM007,conch,2,1.0,200,human,pancreas,pancreas
epithelial cell of proximal tubule.,79,image,0.9556010365486144,0.1326357573270797,HPXM007,conch,2,1.0,200,human,pancreas,pancreas
epithelial cell of proximal tubule.,79,spatial_knn,0.7940476536750793,0.2306222170591354,HPXM007,conch,2,1.0,200,human,pancreas,pancreas
epithelial cell.,23,train_mean,0.4958405494689941,0.2461590319871902,HPXM007,conch,2,1.0,200,human,pancreas,pancreas
epithelial cell.,23,coordinate,0.8181678652763367,0.191064104437828,HPXM007,conch,2,1.0,200,human,pancreas,pancreas
epithelial cell.,23,image,0.9076663255691528,0.1366496235132217,HPXM007,conch,2,1.0,200,human,pancreas,pancreas
epithelial cell.,23,spatial_knn,0.7311182022094727,0.2287454903125763,HPXM007,conch,2,1.0,200,human,pancreas,pancreas
fibroblast of cardiac tissue.,31,train_mean,0.4620221257209778,0.1080863699316978,HPXM007,conch,2,1.0,200,human,pancreas,pancreas
fibroblast of cardiac tissue.,31,coordinate,0.4983852207660675,0.1176552399992942,HPXM007,conch,2,1.0,200,human,pancreas,pancreas
fibroblast of cardiac tissue.,31,image,0.8677745461463928,0.0526227094233036,HPXM007,conch,2,1.0,200,human,pancreas,pancreas
fibroblast of cardiac tissue.,31,spatial_knn,0.6640469431877136,0.0769846811890602,HPXM007,conch,2,1.0,200,human,pancreas,pancreas
fibroblast.,178,train_mean,0.4183568656444549,0.1344314962625503,HPXM007,conch,2,1.0,200,human,pancreas,pancreas
fibroblast.,178,coordinate,0.4905753433704376,0.1364053338766098,HPXM007,conch,2,1.0,200,human,pancreas,pancreas
fibroblast.,178,image,0.9209616780281068,0.066448837518692,HPXM007,conch,2,1.0,200,human,pancreas,pancreas
fibroblast.,178,spatial_knn,0.5965883135795593,0.1130492389202117,HPXM007,conch,2,1.0,200,human,pancreas,pancreas
kidney collecting duct principal cell.,48,train_mean,0.8247888088226318,0.181308627128601,HPXM007,conch,2,1.0,200,human,pancreas,pancreas
kidney collecting duct principal cell.,48,coordinate,0.9285630583763124,0.1250328719615936,HPXM007,conch,2,1.0,200,human,pancreas,pancreas
kidney collecting duct principal cell.,48,image,0.9735127687454224,0.0718766003847122,HPXM007,conch,2,1.0,200,human,pancreas,pancreas
kidney collecting duct principal cell.,48,spatial_knn,0.9495986700057985,0.1111104860901832,HPXM007,conch,2,1.0,200,human,pancreas,pancreas
kidney loop of Henle thick ascending limb epithelial cell.,26,train_mean,0.8115693926811218,0.098405085504055,HPXM007,conch,2,1.0,200,human,pancreas,pancreas
kidney loop of Henle thick ascending limb epithelial cell.,26,coordinate,0.8535372614860535,0.0874101370573043,HPXM007,conch,2,1.0,200,human,pancreas,pancreas
kidney loop of Henle thick ascending limb epithelial cell.,26,image,0.9135443568229676,0.0691262856125831,HPXM007,conch,2,1.0,200,human,pancreas,pancreas
kidney loop of Henle thick ascending limb epithelial cell.,26,spatial_knn,0.9000182747840881,0.0712037980556488,HPXM007,conch,2,1.0,200,human,pancreas,pancreas
macrophage.,214,train_mean,0.295083075761795,0.1095762774348259,HPXM007,conch,2,1.0,200,human,pancreas,pancreas
macrophage.,214,coordinate,0.195466935634613,0.13626429438591,HPXM007,conch,2,1.0,200,human,pancreas,pancreas
macrophage.,214,image,0.5436691641807556,0.0754181668162345,HPXM007,conch,2,1.0,200,human,pancreas,pancreas
macrophage.,214,spatial_knn,0.3566343188285827,0.0880965963006019,HPXM007,conch,2,1.0,200,human,pancreas,pancreas
smooth muscle cell.,246,train_mean,0.3825728595256805,0.1552326381206512,HPXM007,conch,2,1.0,200,human,pancreas,pancreas
smooth muscle cell.,246,coordinate,0.592261791229248,0.1343912184238433,HPXM007,conch,2,1.0,200,human,pancreas,pancreas
smooth muscle cell.,246,image,0.9059399962425232,0.0886194705963134,HPXM007,conch,2,1.0,200,human,pancreas,pancreas
smooth muscle cell.,246,spatial_knn,0.75450599193573,0.1181626692414283,HPXM007,conch,2,1.0,200,human,pancreas,pancreas
stromal cell.,321,train_mean,0.4109039008617401,0.1313292831182479,HPXM007,conch,2,1.0,200,human,pancreas,pancreas
stromal cell.,321,coordinate,0.4727441072463989,0.138281300663948,HPXM007,conch,2,1.0,200,human,pancreas,pancreas
stromal cell.,321,image,0.935107171535492,0.0565828792750835,HPXM007,conch,2,1.0,200,human,pancreas,pancreas
stromal cell.,321,spatial_knn,0.556119978427887,0.11251250654459,HPXM007,conch,2,1.0,200,human,pancreas,pancreas
B cell.,20,train_mean,0.1060546562075614,0.1234534680843353,HPXM007,conch,3,1.0,200,human,pancreas,pancreas
B cell.,20,coordinate,0.2971616983413696,0.129725307226181,HPXM007,conch,3,1.0,200,human,pancreas,pancreas
B cell.,20,image,0.4037438631057739,0.0739321410655975,HPXM007,conch,3,1.0,200,human,pancreas,pancreas
B cell.,20,spatial_knn,0.2334489077329635,0.1098635345697403,HPXM007,conch,3,1.0,200,human,pancreas,pancreas
"CD8-positive, alpha-beta T cell.",51,train_mean,0.1472386568784713,0.1220559477806091,HPXM007,conch,3,1.0,200,human,pancreas,pancreas
"CD8-positive, alpha-beta T cell.",51,coordinate,0.2882336974143982,0.1317358911037445,HPXM007,conch,3,1.0,200,human,pancreas,pancreas
"CD8-positive, alpha-beta T cell.",51,image,0.5233191847801208,0.0660902485251426,HPXM007,conch,3,1.0,200,human,pancreas,pancreas
"CD8-positive, alpha-beta T cell.",51,spatial_knn,0.2305299341678619,0.1214581578969955,HPXM007,conch,3,1.0,200,human,pancreas,pancreas
T cell.,68,train_mean,0.060942530632019,0.1402679830789566,HPXM007,conch,3,1.0,200,human,pancreas,pancreas
T cell.,68,coordinate,0.1839067339897155,0.1484796106815338,HPXM007,conch,3,1.0,200,human,pancreas,pancreas
T cell.,68,image,0.5465901494026184,0.0802089944481849,HPXM007,conch,3,1.0,200,human,pancreas,pancreas
T cell.,68,spatial_knn,0.1958651393651962,0.12757308781147,HPXM007,conch,3,1.0,200,human,pancreas,pancreas
endothelial cell of vascular tree.,41,train_mean,0.478497177362442,0.1088902205228805,HPXM007,conch,3,1.0,200,human,pancreas,pancreas
endothelial cell of vascular tree.,41,coordinate,0.6760514974594116,0.0924782380461692,HPXM007,conch,3,1.0,200,human,pancreas,pancreas
endothelial cell of vascular tree.,41,image,0.8068997859954834,0.0645479932427406,HPXM007,conch,3,1.0,200,human,pancreas,pancreas
endothelial cell of vascular tree.,41,spatial_knn,0.6635259389877319,0.0861236229538917,HPXM007,conch,3,1.0,200,human,pancreas,pancreas
endothelial cell.,457,train_mean,0.5085991024971008,0.1002642884850502,HPXM007,conch,3,1.0,200,human,pancreas,pancreas
endothelial cell.,457,coordinate,0.6656820774078369,0.0927733033895492,HPXM007,conch,3,1.0,200,human,pancreas,pancreas
endothelial cell.,457,image,0.8658124208450317,0.0483388528227806,HPXM007,conch,3,1.0,200,human,pancreas,pancreas
endothelial cell.,457,spatial_knn,0.7286964654922485,0.072845958173275,HPXM007,conch,3,1.0,200,human,pancreas,pancreas
enterocyte.,224,train_mean,0.329105794429779,0.2340608537197113,HPXM007,conch,3,1.0,200,human,pancreas,pancreas
enterocyte.,224,coordinate,0.5166263580322266,0.2113591432571411,HPXM007,conch,3,1.0,200,human,pancreas,pancreas
enterocyte.,224,image,0.9182199239730836,0.1069581732153892,HPXM007,conch,3,1.0,200,human,pancreas,pancreas
enterocyte.,224,spatial_knn,0.3540402352809906,0.2320560365915298,HPXM007,conch,3,1.0,200,human,pancreas,pancreas
epithelial cell of lower respiratory tract.,68,train_mean,0.3395723402500152,0.2939592003822326,HPXM007,conch,3,1.0,200,human,pancreas,pancreas
epithelial cell of lower respiratory tract.,68,coordinate,0.5300440192222595,0.2691053748130798,HPXM007,conch,3,1.0,200,human,pancreas,pancreas
epithelial cell of lower respiratory tract.,68,image,0.9394930005073548,0.152437686920166,HPXM007,conch,3,1.0,200,human,pancreas,pancreas
epithelial cell of lower respiratory tract.,68,spatial_knn,0.4382866621017456,0.2845262885093689,HPXM007,conch,3,1.0,200,human,pancreas,pancreas
epithelial cell of proximal tubule.,83,train_mean,0.4031898081302643,0.2401269227266311,HPXM007,conch,3,1.0,200,human,pancreas,pancreas
epithelial cell of proximal tubule.,83,coordinate,0.5482621192932129,0.2209838926792144,HPXM007,conch,3,1.0,200,human,pancreas,pancreas
epithelial cell of proximal tubule.,83,image,0.9552586674690248,0.1050145551562309,HPXM007,conch,3,1.0,200,human,pancreas,pancreas
epithelial cell of proximal tubule.,83,spatial_knn,0.50795578956604,0.2301532328128814,HPXM007,conch,3,1.0,200,human,pancreas,pancreas
epithelial cell.,29,train_mean,0.3376553356647491,0.2607456147670746,HPXM007,conch,3,1.0,200,human,pancreas,pancreas
epithelial cell.,29,coordinate,0.5533795356750488,0.2327715009450912,HPXM007,conch,3,1.0,200,human,pancreas,pancreas
epithelial cell.,29,image,0.9066508412361144,0.1376341134309768,HPXM007,conch,3,1.0,200,human,pancreas,pancreas
epithelial cell.,29,spatial_knn,0.3741274774074554,0.2596873342990875,HPXM007,conch,3,1.0,200,human,pancreas,pancreas
fibroblast.,203,train_mean,0.3823279142379761,0.1407259255647659,HPXM007,conch,3,1.0,200,human,pancreas,pancreas
fibroblast.,203,coordinate,0.6811891198158264,0.1078095361590385,HPXM007,conch,3,1.0,200,human,pancreas,pancreas
fibroblast.,203,image,0.9355212450027466,0.0681701526045799,HPXM007,conch,3,1.0,200,human,pancreas,pancreas
fibroblast.,203,spatial_knn,0.7738872766494751,0.0917573422193527,HPXM007,conch,3,1.0,200,human,pancreas,pancreas
kidney loop of Henle thick ascending limb epithelial cell.,23,train_mean,0.4911012351512909,0.1068179085850715,HPXM007,conch,3,1.0,200,human,pancreas,pancreas
kidney loop of Henle thick ascending limb epithelial cell.,23,coordinate,0.2380939573049545,0.1328384131193161,HPXM007,conch,3,1.0,200,human,pancreas,pancreas
kidney loop of Henle thick ascending limb epithelial cell.,23,image,0.6239641308784485,0.0797315165400505,HPXM007,conch,3,1.0,200,human,pancreas,pancreas
kidney loop of Henle thick ascending limb epithelial cell.,23,spatial_knn,0.6305042505264282,0.0991991460323333,HPXM007,conch,3,1.0,200,human,pancreas,pancreas
macrophage.,215,train_mean,0.2001240104436874,0.117565743625164,HPXM007,conch,3,1.0,200,human,pancreas,pancreas
macrophage.,215,coordinate,0.4617204368114471,0.1136392503976821,HPXM007,conch,3,1.0,200,human,pancreas,pancreas
macrophage.,215,image,0.5825038552284241,0.0663920044898986,HPXM007,conch,3,1.0,200,human,pancreas,pancreas
macrophage.,215,spatial_knn,0.4074136912822723,0.0964880287647247,HPXM007,conch,3,1.0,200,human,pancreas,pancreas
myeloid cell.,27,train_mean,0.2252777218818664,0.1272111535072326,HPXM007,conch,3,1.0,200,human,pancreas,pancreas
myeloid cell.,27,coordinate,0.5961524844169617,0.0975961834192276,HPXM007,conch,3,1.0,200,human,pancreas,pancreas
myeloid cell.,27,image,0.6731687784194946,0.0753612145781517,HPXM007,conch,3,1.0,200,human,pancreas,pancreas
myeloid cell.,27,spatial_knn,0.516271710395813,0.096329241991043,HPXM007,conch,3,1.0,200,human,pancreas,pancreas
pancreatic A cell.,52,train_mean,0.0929271280765533,0.1589061915874481,HPXM007,conch,3,1.0,200,human,pancreas,pancreas
pancreatic A cell.,52,coordinate,0.1246026381850242,0.1590094715356826,HPXM007,conch,3,1.0,200,human,pancreas,pancreas
pancreatic A cell.,52,image,0.5977844595909119,0.1024310737848281,HPXM007,conch,3,1.0,200,human,pancreas,pancreas
pancreatic A cell.,52,spatial_knn,0.1345697939395904,0.1918634325265884,HPXM007,conch,3,1.0,200,human,pancreas,pancreas
smooth muscle cell.,176,train_mean,0.3738751709461212,0.1708492189645767,HPXM007,conch,3,1.0,200,human,pancreas,pancreas
smooth muscle cell.,176,coordinate,0.6477068662643433,0.1375250816345214,HPXM007,conch,3,1.0,200,human,pancreas,pancreas
smooth muscle cell.,176,image,0.9352483749389648,0.0937727838754654,HPXM007,conch,3,1.0,200,human,pancreas,pancreas
smooth muscle cell.,176,spatial_knn,0.8096316456794739,0.1194585859775543,HPXM007,conch,3,1.0,200,human,pancreas,pancreas
stromal cell of ovary.,26,train_mean,0.2623736262321472,0.1220104843378067,HPXM007,conch,3,1.0,200,human,pancreas,pancreas
stromal cell of ovary.,26,coordinate,0.5682908892631531,0.123808741569519,HPXM007,conch,3,1.0,200,human,pancreas,pancreas
stromal cell of ovary.,26,image,0.7519674897193909,0.0790090635418891,HPXM007,conch,3,1.0,200,human,pancreas,pancreas
stromal cell of ovary.,26,spatial_knn,0.4726602733135223,0.1021566241979599,HPXM007,conch,3,1.0,200,human,pancreas,pancreas
stromal cell.,382,train_mean,0.3706310093402862,0.1342372447252273,HPXM007,conch,3,1.0,200,human,pancreas,pancreas
stromal cell.,382,coordinate,0.6545150876045227,0.1092587038874626,HPXM007,conch,3,1.0,200,human,pancreas,pancreas
stromal cell.,382,image,0.9471865296363832,0.0528773181140422,HPXM007,conch,3,1.0,200,human,pancreas,pancreas
stromal cell.,382,spatial_knn,0.7593897581100464,0.084987923502922,HPXM007,conch,3,1.0,200,human,pancreas,pancreas
"Analyze the following list of 200 genes sorted by decreasing expression levels in a Human cell and determine its cell type.
Cell sentence:.
Based on these genes, the corresponding cell type is: neuron.",28,train_mean,,0.0976804122328758,HSDX009,conch,0,1.0,200,human,skin,non-diseased section 1
"Analyze the following list of 200 genes sorted by decreasing expression levels in a Human cell and determine its cell type.
Cell sentence:.
Based on these genes, the corresponding cell type is: neuron.",28,coordinate,,0.0689362660050392,HSDX009,conch,0,1.0,200,human,skin,non-diseased section 1
"Analyze the following list of 200 genes sorted by decreasing expression levels in a Human cell and determine its cell type.
Cell sentence:.
Based on these genes, the corresponding cell type is: neuron.",28,image,,0.0533624924719333,HSDX009,conch,0,1.0,200,human,skin,non-diseased section 1
"Analyze the following list of 200 genes sorted by decreasing expression levels in a Human cell and determine its cell type.
Cell sentence:.
Based on these genes, the corresponding cell type is: neuron.",28,spatial_knn,,0.054513856768608,HSDX009,conch,0,1.0,200,human,skin,non-diseased section 1
"Below is a list of 200 gene names in order of descending expression level from a Human cell. Based on this, predict what the cell type of this cell is.
Cell sentence:.
These genes are most likely associated with cell type: neuron.",34,train_mean,,0.0976804047822952,HSDX009,conch,0,1.0,200,human,skin,non-diseased section 1
"Below is a list of 200 gene names in order of descending expression level from a Human cell. Based on this, predict what the cell type of this cell is.
Cell sentence:.
These genes are most likely associated with cell type: neuron.",34,coordinate,,0.0731106996536254,HSDX009,conch,0,1.0,200,human,skin,non-diseased section 1
"Below is a list of 200 gene names in order of descending expression level from a Human cell. Based on this, predict what the cell type of this cell is.
Cell sentence:.
These genes are most likely associated with cell type: neuron.",34,image,,0.0486564598977565,HSDX009,conch,0,1.0,200,human,skin,non-diseased section 1
"Below is a list of 200 gene names in order of descending expression level from a Human cell. Based on this, predict what the cell type of this cell is.
Cell sentence:.
These genes are most likely associated with cell type: neuron.",34,spatial_knn,,0.0499889068305492,HSDX009,conch,0,1.0,200,human,skin,non-diseased section 1
"Below is a list of 200 gene names sorted by descending expression in a Human cell. Determine the cell type of this cell from its expressed genes.
Cell sentence:.
The associated cell type for these genes appears to be: neuron.",26,train_mean,,0.0976804122328758,HSDX009,conch,0,1.0,200,human,skin,non-diseased section 1
"Below is a list of 200 gene names sorted by descending expression in a Human cell. Determine the cell type of this cell from its expressed genes.
Cell sentence:.
The associated cell type for these genes appears to be: neuron.",26,coordinate,,0.0819178372621536,HSDX009,conch,0,1.0,200,human,skin,non-diseased section 1
"Below is a list of 200 gene names sorted by descending expression in a Human cell. Determine the cell type of this cell from its expressed genes.
Cell sentence:.
The associated cell type for these genes appears to be: neuron.",26,image,,0.0350680537521839,HSDX009,conch,0,1.0,200,human,skin,non-diseased section 1
"Below is a list of 200 gene names sorted by descending expression in a Human cell. Determine the cell type of this cell from its expressed genes.
Cell sentence:.
The associated cell type for these genes appears to be: neuron.",26,spatial_knn,,0.0453151986002922,HSDX009,conch,0,1.0,200,human,skin,non-diseased section 1
"Below is a list of 200 genes ordered by descending expression in a Human cell. Use this information to determine the cell type.
Cell sentence:.
These genes suggest the cell type is most likely: neuron.",28,train_mean,,0.0976804122328758,HSDX009,conch,0,1.0,200,human,skin,non-diseased section 1
"Below is a list of 200 genes ordered by descending expression in a Human cell. Use this information to determine the cell type.
Cell sentence:.
These genes suggest the cell type is most likely: neuron.",28,coordinate,,0.0838658586144447,HSDX009,conch,0,1.0,200,human,skin,non-diseased section 1
"Below is a list of 200 genes ordered by descending expression in a Human cell. Use this information to determine the cell type.
Cell sentence:.
These genes suggest the cell type is most likely: neuron.",28,image,,0.0393943600356578,HSDX009,conch,0,1.0,200,human,skin,non-diseased section 1
"Below is a list of 200 genes ordered by descending expression in a Human cell. Use this information to determine the cell type.
Cell sentence:.
These genes suggest the cell type is most likely: neuron.",28,spatial_knn,,0.0362680181860923,HSDX009,conch,0,1.0,200,human,skin,non-diseased section 1
"CD8-positive, alpha-beta T cell.",43,train_mean,0.0023520719259977,0.0959813222289085,HSDX009,conch,0,1.0,200,human,skin,non-diseased section 1
"CD8-positive, alpha-beta T cell.",43,coordinate,0.1070733219385147,0.0789445787668228,HSDX009,conch,0,1.0,200,human,skin,non-diseased section 1
"CD8-positive, alpha-beta T cell.",43,image,-0.0225269086658954,0.0501818843185901,HSDX009,conch,0,1.0,200,human,skin,non-diseased section 1
"CD8-positive, alpha-beta T cell.",43,spatial_knn,0.0126236453652381,0.0286675859242677,HSDX009,conch,0,1.0,200,human,skin,non-diseased section 1
"Examine the list of 200 gene names sorted by decreasing expression in a Human cell, and from this, identify its cell type.
Cell sentence:.
These genes are commonly found in cell type: neuron.",27,train_mean,,0.0976804122328758,HSDX009,conch,0,1.0,200,human,skin,non-diseased section 1
"Examine the list of 200 gene names sorted by decreasing expression in a Human cell, and from this, identify its cell type.
Cell sentence:.
These genes are commonly found in cell type: neuron.",27,coordinate,,0.0581620447337627,HSDX009,conch,0,1.0,200,human,skin,non-diseased section 1
"Examine the list of 200 gene names sorted by decreasing expression in a Human cell, and from this, identify its cell type.
Cell sentence:.
These genes are commonly found in cell type: neuron.",27,image,,0.0460000373423099,HSDX009,conch,0,1.0,200,human,skin,non-diseased section 1
"Examine the list of 200 gene names sorted by decreasing expression in a Human cell, and from this, identify its cell type.
Cell sentence:.
These genes are commonly found in cell type: neuron.",27,spatial_knn,,0.0557724870741367,HSDX009,conch,0,1.0,200,human,skin,non-diseased section 1
"From the list of 200 gene names ordered by decreasing expression level in a Human cell, infer the cell type of the cell.
Cell sentence:.
These genes suggest the cell type is most likely: neuron.",24,train_mean,,0.0976804122328758,HSDX009,conch,0,1.0,200,human,skin,non-diseased section 1
"From the list of 200 gene names ordered by decreasing expression level in a Human cell, infer the cell type of the cell.
Cell sentence:.
These genes suggest the cell type is most likely: neuron.",24,coordinate,,0.0679065585136413,HSDX009,conch,0,1.0,200,human,skin,non-diseased section 1
"From the list of 200 gene names ordered by decreasing expression level in a Human cell, infer the cell type of the cell.
Cell sentence:.
These genes suggest the cell type is most likely: neuron.",24,image,,0.0507621839642524,HSDX009,conch,0,1.0,200,human,skin,non-diseased section 1
"From the list of 200 gene names ordered by decreasing expression level in a Human cell, infer the cell type of the cell.
Cell sentence:.
These genes suggest the cell type is most likely: neuron.",24,spatial_knn,,0.042123194783926,HSDX009,conch,0,1.0,200,human,skin,non-diseased section 1
"From the list of 200 gene names sorted by decreasing expression levels in a Human cell, predict the cell type.
Cell sentence:.
The genes provided are most commonly expressed in cell type: neuron.",28,train_mean,,0.0976804122328758,HSDX009,conch,0,1.0,200,human,skin,non-diseased section 1
"From the list of 200 gene names sorted by decreasing expression levels in a Human cell, predict the cell type.
Cell sentence:.
The genes provided are most commonly expressed in cell type: neuron.",28,coordinate,,0.0841076895594596,HSDX009,conch,0,1.0,200,human,skin,non-diseased section 1
"From the list of 200 gene names sorted by decreasing expression levels in a Human cell, predict the cell type.
Cell sentence:.
The genes provided are most commonly expressed in cell type: neuron.",28,image,,0.0404676012694835,HSDX009,conch,0,1.0,200,human,skin,non-diseased section 1
"From the list of 200 gene names sorted by decreasing expression levels in a Human cell, predict the cell type.
Cell sentence:.
The genes provided are most commonly expressed in cell type: neuron.",28,spatial_knn,,0.0395052842795848,HSDX009,conch,0,1.0,200,human,skin,non-diseased section 1
"Here is a list of 200 genes in order of descending expression level from a Human cell. Identify the cell type of this cell based on this information.
Cell sentence:.
The expected cell type based on these genes is: neuron.",32,train_mean,,0.0976804122328758,HSDX009,conch,0,1.0,200,human,skin,non-diseased section 1
"Here is a list of 200 genes in order of descending expression level from a Human cell. Identify the cell type of this cell based on this information.
Cell sentence:.
The expected cell type based on these genes is: neuron.",32,coordinate,,0.0780016183853149,HSDX009,conch,0,1.0,200,human,skin,non-diseased section 1
"Here is a list of 200 genes in order of descending expression level from a Human cell. Identify the cell type of this cell based on this information.
Cell sentence:.
The expected cell type based on these genes is: neuron.",32,image,,0.036481998860836,HSDX009,conch,0,1.0,200,human,skin,non-diseased section 1
"Here is a list of 200 genes in order of descending expression level from a Human cell. Identify the cell type of this cell based on this information.
Cell sentence:.
The expected cell type based on these genes is: neuron.",32,spatial_knn,,0.0268629025667905,HSDX009,conch,0,1.0,200,human,skin,non-diseased section 1
"Here is a list of 200 genes ordered by expression level in a Human cell. Based on this information, identify the cell type.
Cell sentence:.
Based on the expression levels, the cell type would likely be: neuron.",34,train_mean,,0.0976804047822952,HSDX009,conch,0,1.0,200,human,skin,non-diseased section 1
"Here is a list of 200 genes ordered by expression level in a Human cell. Based on this information, identify the cell type.
Cell sentence:.
Based on the expression levels, the cell type would likely be: neuron.",34,coordinate,,0.0686248391866684,HSDX009,conch,0,1.0,200,human,skin,non-diseased section 1
"Here is a list of 200 genes ordered by expression level in a Human cell. Based on this information, identify the cell type.
Cell sentence:.
Based on the expression levels, the cell type would likely be: neuron.",34,image,,0.0446089096367359,HSDX009,conch,0,1.0,200,human,skin,non-diseased section 1
"Here is a list of 200 genes ordered by expression level in a Human cell. Based on this information, identify the cell type.
Cell sentence:.
Based on the expression levels, the cell type would likely be: neuron.",34,spatial_knn,,0.0441545620560646,HSDX009,conch,0,1.0,200,human,skin,non-diseased section 1
"The 200 gene names below are arranged by descending expression level in a Human cell. Determine the cell type of this cell.
Cell sentence:.
The cell type that these genes are most commonly linked with is: neuron.",31,train_mean,,0.0976804122328758,HSDX009,conch,0,1.0,200,human,skin,non-diseased section 1
"The 200 gene names below are arranged by descending expression level in a Human cell. Determine the cell type of this cell.
Cell sentence:.
The cell type that these genes are most commonly linked with is: neuron.",31,coordinate,,0.1041228324174881,HSDX009,conch,0,1.0,200,human,skin,non-diseased section 1
"The 200 gene names below are arranged by descending expression level in a Human cell. Determine the cell type of this cell.
Cell sentence:.
The cell type that these genes are most commonly linked with is: neuron.",31,image,,0.046294342726469,HSDX009,conch,0,1.0,200,human,skin,non-diseased section 1
"The 200 gene names below are arranged by descending expression level in a Human cell. Determine the cell type of this cell.
Cell sentence:.
The cell type that these genes are most commonly linked with is: neuron.",31,spatial_knn,,0.042704164981842,HSDX009,conch,0,1.0,200,human,skin,non-diseased section 1
"The 200 gene names below are listed by descending expression level in a Human cell. Predict the cell type based on this information.
Cell sentence:.
These genes are indicative of cell type: neuron.",29,train_mean,,0.0976804122328758,HSDX009,conch,0,1.0,200,human,skin,non-diseased section 1
"The 200 gene names below are listed by descending expression level in a Human cell. Predict the cell type based on this information.
Cell sentence:.
These genes are indicative of cell type: neuron.",29,coordinate,,0.0535250343382358,HSDX009,conch,0,1.0,200,human,skin,non-diseased section 1
"The 200 gene names below are listed by descending expression level in a Human cell. Predict the cell type based on this information.
Cell sentence:.
These genes are indicative of cell type: neuron.",29,image,,0.0414877273142337,HSDX009,conch,0,1.0,200,human,skin,non-diseased section 1
"The 200 gene names below are listed by descending expression level in a Human cell. Predict the cell type based on this information.
Cell sentence:.
These genes are indicative of cell type: neuron.",29,spatial_knn,,0.0534709431231021,HSDX009,conch,0,1.0,200,human,skin,non-diseased section 1
"The following list contains 200 gene names ordered by descending expression level in a Human cell. Deduce the cell type based on this.
Cell sentence:.
These genes typically correspond to cell type: CD74 MALAT1 RPLP1 RPL41 RPL10 RPS12 RPL13 RPL32 RPS18 RPL18A RPL28 RPS8 RPL19 RPS23 RPS19 RPL11 RPS27A RPL30 RPS15A RPS3A RPL39 RPS28 RPS15 RPL12 RPS27 RPL8 RPL29 RPS13 RPL7A RPS3 RPL34 RPS14 RPL18 RPS7 RPLP0 RPL35A RPS5 RPLP2 RPS24 RPL37 RPS4X RPL3 RPS21 RPL36 RPS6 RPL5 RPL14 RPS25 RPL35 RPS9 RPL6 RPL15 RPL9 RPSA RPL21 RPL10A RPL23A RPS2 RPL24 RPL37A RPS16 RPL13A RPL22 RPS29 EEF1B2 RPL7 RACK1 RPL4 RPL31 RPL27 RPS26 RPL38 RPL26 RPS11 RPL27A TPT1 RPS20 EEF1D NACA RPL23 PTMA RPS4Y1 FAU RPL17 TMSB10 EEF2 UBA52 RPL36A PFDN5 EEF1G B2M RPS17 TMSB4X FTL ACTB HLA-DRA HLA-DRB1 HLA-DPA1 HLA-DPB1 HLA-B EIF1 PABPC1 CD37 HLA-DQA1 HLA-C BTF3 COX4I1 NPM1 HLA-DRB5 HLA-DQB1 HNRNPA1 PFN1 CD79A FTH1 H3-3B NME2 TOMM7 HLA-DMA H3-3A RPL36AL HLA-E RPL22L1 EIF3E PPDPF TMA7 EIF3F CD52 RPS10 EIF3K RPL36AL HLA-A EIF3H NOP53 RPS4Y2 HINT1 RPL35 PPIA UBC EIF3L EIF3F PNRC1 EIF3K RPS15P4 RPL8 TSC22D3 HNRNPA2B1 EIF3H SERF2 RPL23 ATP5MC2 RPL31-AS1 EIF4A2 RPL7P9 ATP5F1E NAP1L1 RPL10P9 UQCRH EIF3G EIF3M SLC25A6 EIF3D PSMB9 TMEM258 RPS3AP6 UQCRB RPL22L2 RPL36P2 RPSAP9 EIF3E-AS1 RPL10P6 RPL13AP5 EIF4A1 RPL26P19 RPSAP9 PSMB1 ATP5MG RPL3P4 RPL9P9 RPSAP8 RPSAP4 SNHG29 RPL26P6 RPL24P8 RPSAP2 RPL13AP25 RPSAP18 RPL15P2 RPL37P2 RPSAP6 RPL13AP7.
These genes typically correspond to cell type: memory B cell.",25,train_mean,,0.0976804122328758,HSDX009,conch,0,1.0,200,human,skin,non-diseased section 1
"The following list contains 200 gene names ordered by descending expression level in a Human cell. Deduce the cell type based on this.
Cell sentence:.
These genes typically correspond to cell type: CD74 MALAT1 RPLP1 RPL41 RPL10 RPS12 RPL13 RPL32 RPS18 RPL18A RPL28 RPS8 RPL19 RPS23 RPS19 RPL11 RPS27A RPL30 RPS15A RPS3A RPL39 RPS28 RPS15 RPL12 RPS27 RPL8 RPL29 RPS13 RPL7A RPS3 RPL34 RPS14 RPL18 RPS7 RPLP0 RPL35A RPS5 RPLP2 RPS24 RPL37 RPS4X RPL3 RPS21 RPL36 RPS6 RPL5 RPL14 RPS25 RPL35 RPS9 RPL6 RPL15 RPL9 RPSA RPL21 RPL10A RPL23A RPS2 RPL24 RPL37A RPS16 RPL13A RPL22 RPS29 EEF1B2 RPL7 RACK1 RPL4 RPL31 RPL27 RPS26 RPL38 RPL26 RPS11 RPL27A TPT1 RPS20 EEF1D NACA RPL23 PTMA RPS4Y1 FAU RPL17 TMSB10 EEF2 UBA52 RPL36A PFDN5 EEF1G B2M RPS17 TMSB4X FTL ACTB HLA-DRA HLA-DRB1 HLA-DPA1 HLA-DPB1 HLA-B EIF1 PABPC1 CD37 HLA-DQA1 HLA-C BTF3 COX4I1 NPM1 HLA-DRB5 HLA-DQB1 HNRNPA1 PFN1 CD79A FTH1 H3-3B NME2 TOMM7 HLA-DMA H3-3A RPL36AL HLA-E RPL22L1 EIF3E PPDPF TMA7 EIF3F CD52 RPS10 EIF3K RPL36AL HLA-A EIF3H NOP53 RPS4Y2 HINT1 RPL35 PPIA UBC EIF3L EIF3F PNRC1 EIF3K RPS15P4 RPL8 TSC22D3 HNRNPA2B1 EIF3H SERF2 RPL23 ATP5MC2 RPL31-AS1 EIF4A2 RPL7P9 ATP5F1E NAP1L1 RPL10P9 UQCRH EIF3G EIF3M SLC25A6 EIF3D PSMB9 TMEM258 RPS3AP6 UQCRB RPL22L2 RPL36P2 RPSAP9 EIF3E-AS1 RPL10P6 RPL13AP5 EIF4A1 RPL26P19 RPSAP9 PSMB1 ATP5MG RPL3P4 RPL9P9 RPSAP8 RPSAP4 SNHG29 RPL26P6 RPL24P8 RPSAP2 RPL13AP25 RPSAP18 RPL15P2 RPL37P2 RPSAP6 RPL13AP7.
These genes typically correspond to cell type: memory B cell.",25,coordinate,,0.0743983462452888,HSDX009,conch,0,1.0,200,human,skin,non-diseased section 1
"The following list contains 200 gene names ordered by descending expression level in a Human cell. Deduce the cell type based on this.
Cell sentence:.
These genes typically correspond to cell type: CD74 MALAT1 RPLP1 RPL41 RPL10 RPS12 RPL13 RPL32 RPS18 RPL18A RPL28 RPS8 RPL19 RPS23 RPS19 RPL11 RPS27A RPL30 RPS15A RPS3A RPL39 RPS28 RPS15 RPL12 RPS27 RPL8 RPL29 RPS13 RPL7A RPS3 RPL34 RPS14 RPL18 RPS7 RPLP0 RPL35A RPS5 RPLP2 RPS24 RPL37 RPS4X RPL3 RPS21 RPL36 RPS6 RPL5 RPL14 RPS25 RPL35 RPS9 RPL6 RPL15 RPL9 RPSA RPL21 RPL10A RPL23A RPS2 RPL24 RPL37A RPS16 RPL13A RPL22 RPS29 EEF1B2 RPL7 RACK1 RPL4 RPL31 RPL27 RPS26 RPL38 RPL26 RPS11 RPL27A TPT1 RPS20 EEF1D NACA RPL23 PTMA RPS4Y1 FAU RPL17 TMSB10 EEF2 UBA52 RPL36A PFDN5 EEF1G B2M RPS17 TMSB4X FTL ACTB HLA-DRA HLA-DRB1 HLA-DPA1 HLA-DPB1 HLA-B EIF1 PABPC1 CD37 HLA-DQA1 HLA-C BTF3 COX4I1 NPM1 HLA-DRB5 HLA-DQB1 HNRNPA1 PFN1 CD79A FTH1 H3-3B NME2 TOMM7 HLA-DMA H3-3A RPL36AL HLA-E RPL22L1 EIF3E PPDPF TMA7 EIF3F CD52 RPS10 EIF3K RPL36AL HLA-A EIF3H NOP53 RPS4Y2 HINT1 RPL35 PPIA UBC EIF3L EIF3F PNRC1 EIF3K RPS15P4 RPL8 TSC22D3 HNRNPA2B1 EIF3H SERF2 RPL23 ATP5MC2 RPL31-AS1 EIF4A2 RPL7P9 ATP5F1E NAP1L1 RPL10P9 UQCRH EIF3G EIF3M SLC25A6 EIF3D PSMB9 TMEM258 RPS3AP6 UQCRB RPL22L2 RPL36P2 RPSAP9 EIF3E-AS1 RPL10P6 RPL13AP5 EIF4A1 RPL26P19 RPSAP9 PSMB1 ATP5MG RPL3P4 RPL9P9 RPSAP8 RPSAP4 SNHG29 RPL26P6 RPL24P8 RPSAP2 RPL13AP25 RPSAP18 RPL15P2 RPL37P2 RPSAP6 RPL13AP7.
These genes typically correspond to cell type: memory B cell.",25,image,,0.0343537740409374,HSDX009,conch,0,1.0,200,human,skin,non-diseased section 1
"The following list contains 200 gene names ordered by descending expression level in a Human cell. Deduce the cell type based on this.
Cell sentence:.
These genes typically correspond to cell type: CD74 MALAT1 RPLP1 RPL41 RPL10 RPS12 RPL13 RPL32 RPS18 RPL18A RPL28 RPS8 RPL19 RPS23 RPS19 RPL11 RPS27A RPL30 RPS15A RPS3A RPL39 RPS28 RPS15 RPL12 RPS27 RPL8 RPL29 RPS13 RPL7A RPS3 RPL34 RPS14 RPL18 RPS7 RPLP0 RPL35A RPS5 RPLP2 RPS24 RPL37 RPS4X RPL3 RPS21 RPL36 RPS6 RPL5 RPL14 RPS25 RPL35 RPS9 RPL6 RPL15 RPL9 RPSA RPL21 RPL10A RPL23A RPS2 RPL24 RPL37A RPS16 RPL13A RPL22 RPS29 EEF1B2 RPL7 RACK1 RPL4 RPL31 RPL27 RPS26 RPL38 RPL26 RPS11 RPL27A TPT1 RPS20 EEF1D NACA RPL23 PTMA RPS4Y1 FAU RPL17 TMSB10 EEF2 UBA52 RPL36A PFDN5 EEF1G B2M RPS17 TMSB4X FTL ACTB HLA-DRA HLA-DRB1 HLA-DPA1 HLA-DPB1 HLA-B EIF1 PABPC1 CD37 HLA-DQA1 HLA-C BTF3 COX4I1 NPM1 HLA-DRB5 HLA-DQB1 HNRNPA1 PFN1 CD79A FTH1 H3-3B NME2 TOMM7 HLA-DMA H3-3A RPL36AL HLA-E RPL22L1 EIF3E PPDPF TMA7 EIF3F CD52 RPS10 EIF3K RPL36AL HLA-A EIF3H NOP53 RPS4Y2 HINT1 RPL35 PPIA UBC EIF3L EIF3F PNRC1 EIF3K RPS15P4 RPL8 TSC22D3 HNRNPA2B1 EIF3H SERF2 RPL23 ATP5MC2 RPL31-AS1 EIF4A2 RPL7P9 ATP5F1E NAP1L1 RPL10P9 UQCRH EIF3G EIF3M SLC25A6 EIF3D PSMB9 TMEM258 RPS3AP6 UQCRB RPL22L2 RPL36P2 RPSAP9 EIF3E-AS1 RPL10P6 RPL13AP5 EIF4A1 RPL26P19 RPSAP9 PSMB1 ATP5MG RPL3P4 RPL9P9 RPSAP8 RPSAP4 SNHG29 RPL26P6 RPL24P8 RPSAP2 RPL13AP25 RPSAP18 RPL15P2 RPL37P2 RPSAP6 RPL13AP7.
These genes typically correspond to cell type: memory B cell.",25,spatial_knn,,0.0363664552569389,HSDX009,conch,0,1.0,200,human,skin,non-diseased section 1
cardiac muscle myoblast.,28,train_mean,0.404309332370758,0.1027621626853942,HSDX009,conch,0,1.0,200,human,skin,non-diseased section 1
cardiac muscle myoblast.,28,coordinate,-0.7131035327911377,0.1316633969545364,HSDX009,conch,0,1.0,200,human,skin,non-diseased section 1
cardiac muscle myoblast.,28,image,0.8761957287788391,0.0490524545311927,HSDX009,conch,0,1.0,200,human,skin,non-diseased section 1
cardiac muscle myoblast.,28,spatial_knn,0.8346279263496399,0.0560521259903907,HSDX009,conch,0,1.0,200,human,skin,non-diseased section 1
endothelial cell of lymphatic vessel.,53,train_mean,0.0737649276852607,0.094799019396305,HSDX009,conch,0,1.0,200,human,skin,non-diseased section 1
endothelial cell of lymphatic vessel.,53,coordinate,0.0397452488541603,0.068446047604084,HSDX009,conch,0,1.0,200,human,skin,non-diseased section 1
endothelial cell of lymphatic vessel.,53,image,0.1156820431351661,0.0455860272049903,HSDX009,conch,0,1.0,200,human,skin,non-diseased section 1
endothelial cell of lymphatic vessel.,53,spatial_knn,-0.005112032406032,0.0405960641801357,HSDX009,conch,0,1.0,200,human,skin,non-diseased section 1
endothelial cell of vascular tree.,105,train_mean,0.6184244751930237,0.0661192834377288,HSDX009,conch,0,1.0,200,human,skin,non-diseased section 1
endothelial cell of vascular tree.,105,coordinate,-0.4076979756355285,0.1084466204047203,HSDX009,conch,0,1.0,200,human,skin,non-diseased section 1
endothelial cell of vascular tree.,105,image,0.7986749410629272,0.0409598685801029,HSDX009,conch,0,1.0,200,human,skin,non-diseased section 1
endothelial cell of vascular tree.,105,spatial_knn,0.5115416049957275,0.0636509880423545,HSDX009,conch,0,1.0,200,human,skin,non-diseased section 1
endothelial cell.,792,train_mean,0.3928941190242767,0.114169456064701,HSDX009,conch,0,1.0,200,human,skin,non-diseased section 1
endothelial cell.,792,coordinate,-0.2176257520914077,0.162499114871025,HSDX009,conch,0,1.0,200,human,skin,non-diseased section 1
endothelial cell.,792,image,0.4849509000778198,0.1091579049825668,HSDX009,conch,0,1.0,200,human,skin,non-diseased section 1
endothelial cell.,792,spatial_knn,0.3865699768066406,0.1208233907818794,HSDX009,conch,0,1.0,200,human,skin,non-diseased section 1
fibroblast of cardiac tissue.,66,train_mean,0.590018630027771,0.1124455034732818,HSDX009,conch,0,1.0,200,human,skin,non-diseased section 1
fibroblast of cardiac tissue.,66,coordinate,0.2035651355981826,0.1499752849340438,HSDX009,conch,0,1.0,200,human,skin,non-diseased section 1
fibroblast of cardiac tissue.,66,image,0.8502703905105591,0.0846821963787078,HSDX009,conch,0,1.0,200,human,skin,non-diseased section 1
fibroblast of cardiac tissue.,66,spatial_knn,0.6298434734344482,0.1094220653176307,HSDX009,conch,0,1.0,200,human,skin,non-diseased section 1
fibroblast.,283,train_mean,0.6271169781684875,0.1492636799812317,HSDX009,conch,0,1.0,200,human,skin,non-diseased section 1
fibroblast.,283,coordinate,0.0834129378199577,0.2053206413984298,HSDX009,conch,0,1.0,200,human,skin,non-diseased section 1
fibroblast.,283,image,0.8951005935668945,0.1156827211380004,HSDX009,conch,0,1.0,200,human,skin,non-diseased section 1
fibroblast.,283,spatial_knn,0.6275408267974854,0.1491907835006714,HSDX009,conch,0,1.0,200,human,skin,non-diseased section 1
macrophage.,157,train_mean,0.1828057914972305,0.1436769813299179,HSDX009,conch,0,1.0,200,human,skin,non-diseased section 1
macrophage.,157,coordinate,0.0375728979706764,0.1678178459405899,HSDX009,conch,0,1.0,200,human,skin,non-diseased section 1
macrophage.,157,image,0.3368036448955536,0.1340718865394592,HSDX009,conch,0,1.0,200,human,skin,non-diseased section 1
macrophage.,157,spatial_knn,0.3595838546752929,0.1357501149177551,HSDX009,conch,0,1.0,200,human,skin,non-diseased section 1
smooth muscle cell.,40,train_mean,0.5477818846702576,0.0890708044171333,HSDX009,conch,0,1.0,200,human,skin,non-diseased section 1
smooth muscle cell.,40,coordinate,-0.247514009475708,0.1274144798517227,HSDX009,conch,0,1.0,200,human,skin,non-diseased section 1
smooth muscle cell.,40,image,0.6996970772743225,0.0749383568763732,HSDX009,conch,0,1.0,200,human,skin,non-diseased section 1
smooth muscle cell.,40,spatial_knn,0.6689127087593079,0.0840992555022239,HSDX009,conch,0,1.0,200,human,skin,non-diseased section 1
stromal cell of ovary.,23,train_mean,0.385980874300003,0.0857887417078018,HSDX009,conch,0,1.0,200,human,skin,non-diseased section 1
stromal cell of ovary.,23,coordinate,-0.2976833581924438,0.0711360946297645,HSDX009,conch,0,1.0,200,human,skin,non-diseased section 1
stromal cell of ovary.,23,image,0.5748509168624878,0.0552249439060688,HSDX009,conch,0,1.0,200,human,skin,non-diseased section 1
stromal cell of ovary.,23,spatial_knn,0.4747298955917358,0.0471497736871242,HSDX009,conch,0,1.0,200,human,skin,non-diseased section 1
stromal cell.,83,train_mean,0.591356635093689,0.0874636396765708,HSDX009,conch,0,1.0,200,human,skin,non-diseased section 1
stromal cell.,83,coordinate,-0.0543125346302986,0.1202451512217521,HSDX009,conch,0,1.0,200,human,skin,non-diseased section 1
stromal cell.,83,image,0.832631528377533,0.0610281787812709,HSDX009,conch,0,1.0,200,human,skin,non-diseased section 1
stromal cell.,83,spatial_knn,0.4360822141170501,0.1075453162193298,HSDX009,conch,0,1.0,200,human,skin,non-diseased section 1
"CD8-positive, alpha-beta T cell.",23,train_mean,0.1611286699771881,0.0793391391634941,HSDX009,conch,1,1.0,200,human,skin,non-diseased section 1
"CD8-positive, alpha-beta T cell.",23,coordinate,0.2038356661796569,0.2002549916505813,HSDX009,conch,1,1.0,200,human,skin,non-diseased section 1
"CD8-positive, alpha-beta T cell.",23,image,0.2798430323600769,0.0867009982466697,HSDX009,conch,1,1.0,200,human,skin,non-diseased section 1
"CD8-positive, alpha-beta T cell.",23,spatial_knn,0.0858218222856521,0.1428417563438415,HSDX009,conch,1,1.0,200,human,skin,non-diseased section 1
cardiac muscle myoblast.,124,train_mean,0.461385428905487,0.235403910279274,HSDX009,conch,1,1.0,200,human,skin,non-diseased section 1
cardiac muscle myoblast.,124,coordinate,0.1073919013142585,0.3136223256587982,HSDX009,conch,1,1.0,200,human,skin,non-diseased section 1
cardiac muscle myoblast.,124,image,0.9807912707328796,0.1104005202651023,HSDX009,conch,1,1.0,200,human,skin,non-diseased section 1
cardiac muscle myoblast.,124,spatial_knn,0.5590181946754456,0.218578040599823,HSDX009,conch,1,1.0,200,human,skin,non-diseased section 1
endothelial cell of vascular tree.,70,train_mean,0.8055629134178162,0.0732357650995254,HSDX009,conch,1,1.0,200,human,skin,non-diseased section 1
endothelial cell of vascular tree.,70,coordinate,0.7214969992637634,0.1625592410564422,HSDX009,conch,1,1.0,200,human,skin,non-diseased section 1
endothelial cell of vascular tree.,70,image,0.9027456641197203,0.0524531975388526,HSDX009,conch,1,1.0,200,human,skin,non-diseased section 1
endothelial cell of vascular tree.,70,spatial_knn,0.8212739825248718,0.0660173073410987,HSDX009,conch,1,1.0,200,human,skin,non-diseased section 1
endothelial cell.,616,train_mean,0.7502483129501343,0.0609196461737155,HSDX009,conch,1,1.0,200,human,skin,non-diseased section 1
endothelial cell.,616,coordinate,0.8024162650108337,0.1402671486139297,HSDX009,conch,1,1.0,200,human,skin,non-diseased section 1
endothelial cell.,616,image,0.8483672142028809,0.0467440374195575,HSDX009,conch,1,1.0,200,human,skin,non-diseased section 1
endothelial cell.,616,spatial_knn,0.7183873057365417,0.0628184974193573,HSDX009,conch,1,1.0,200,human,skin,non-diseased section 1
enterocyte.,89,train_mean,0.2327070087194442,0.278677761554718,HSDX009,conch,1,1.0,200,human,skin,non-diseased section 1
enterocyte.,89,coordinate,0.3390478789806366,0.2718829214572906,HSDX009,conch,1,1.0,200,human,skin,non-diseased section 1
enterocyte.,89,image,0.9742511510849,0.1169663816690445,HSDX009,conch,1,1.0,200,human,skin,non-diseased section 1
enterocyte.,89,spatial_knn,0.542468786239624,0.2373389452695846,HSDX009,conch,1,1.0,200,human,skin,non-diseased section 1
epithelial cell.,21,train_mean,0.3816642761230469,0.2609137892723083,HSDX009,conch,1,1.0,200,human,skin,non-diseased section 1
epithelial cell.,21,coordinate,0.5162684321403503,0.2336903363466262,HSDX009,conch,1,1.0,200,human,skin,non-diseased section 1
epithelial cell.,21,image,0.9609995484352112,0.1147884204983711,HSDX009,conch,1,1.0,200,human,skin,non-diseased section 1
epithelial cell.,21,spatial_knn,0.7246300578117371,0.2025170773267746,HSDX009,conch,1,1.0,200,human,skin,non-diseased section 1
fibroblast of cardiac tissue.,106,train_mean,0.7662851214408875,0.1089571937918663,HSDX009,conch,1,1.0,200,human,skin,non-diseased section 1
fibroblast of cardiac tissue.,106,coordinate,0.6265567541122437,0.1719047278165817,HSDX009,conch,1,1.0,200,human,skin,non-diseased section 1
fibroblast of cardiac tissue.,106,image,0.939016342163086,0.0616519451141357,HSDX009,conch,1,1.0,200,human,skin,non-diseased section 1
fibroblast of cardiac tissue.,106,spatial_knn,0.819553792476654,0.0971809327602386,HSDX009,conch,1,1.0,200,human,skin,non-diseased section 1
fibroblast.,518,train_mean,0.7832927107810974,0.1310166269540786,HSDX009,conch,1,1.0,200,human,skin,non-diseased section 1
fibroblast.,518,coordinate,0.678219199180603,0.1563195884227752,HSDX009,conch,1,1.0,200,human,skin,non-diseased section 1
fibroblast.,518,image,0.9622412919998168,0.0802136361598968,HSDX009,conch,1,1.0,200,human,skin,non-diseased section 1
fibroblast.,518,spatial_knn,0.805737316608429,0.1239109933376312,HSDX009,conch,1,1.0,200,human,skin,non-diseased section 1
macrophage.,175,train_mean,0.3253503441810608,0.1156923025846481,HSDX009,conch,1,1.0,200,human,skin,non-diseased section 1
macrophage.,175,coordinate,0.3260802328586578,0.1931067854166031,HSDX009,conch,1,1.0,200,human,skin,non-diseased section 1
macrophage.,175,image,0.454506903886795,0.1151416078209877,HSDX009,conch,1,1.0,200,human,skin,non-diseased section 1
macrophage.,175,spatial_knn,0.2620807290077209,0.1203279271721839,HSDX009,conch,1,1.0,200,human,skin,non-diseased section 1
malignant cell.,24,train_mean,0.4008665680885315,0.1439892351627349,HSDX009,conch,1,1.0,200,human,skin,non-diseased section 1
malignant cell.,24,coordinate,0.5306342840194702,0.1911104470491409,HSDX009,conch,1,1.0,200,human,skin,non-diseased section 1
malignant cell.,24,image,0.9202166795730592,0.061825193464756,HSDX009,conch,1,1.0,200,human,skin,non-diseased section 1
malignant cell.,24,spatial_knn,0.6281027793884277,0.121563047170639,HSDX009,conch,1,1.0,200,human,skin,non-diseased section 1
myeloid cell.,22,train_mean,0.3343793749809265,0.0830023288726806,HSDX009,conch,1,1.0,200,human,skin,non-diseased section 1
myeloid cell.,22,coordinate,0.3712995052337646,0.1735510379076004,HSDX009,conch,1,1.0,200,human,skin,non-diseased section 1
myeloid cell.,22,image,0.4177611470222473,0.0858489125967025,HSDX009,conch,1,1.0,200,human,skin,non-diseased section 1
myeloid cell.,22,spatial_knn,0.2555001974105835,0.1159314066171646,HSDX009,conch,1,1.0,200,human,skin,non-diseased section 1
smooth muscle cell.,130,train_mean,0.5489844083786011,0.1580836474895477,HSDX009,conch,1,1.0,200,human,skin,non-diseased section 1
smooth muscle cell.,130,coordinate,0.2096269875764846,0.2436394095420837,HSDX009,conch,1,1.0,200,human,skin,non-diseased section 1
smooth muscle cell.,130,image,0.9549351334571838,0.0871419012546539,HSDX009,conch,1,1.0,200,human,skin,non-diseased section 1
smooth muscle cell.,130,spatial_knn,0.7046614289283752,0.1346108466386795,HSDX009,conch,1,1.0,200,human,skin,non-diseased section 1
stromal cell.,190,train_mean,0.7414836287498474,0.0876236334443092,HSDX009,conch,1,1.0,200,human,skin,non-diseased section 1
stromal cell.,190,coordinate,0.6502426862716675,0.1690180897712707,HSDX009,conch,1,1.0,200,human,skin,non-diseased section 1
stromal cell.,190,image,0.9305736422538756,0.0502847991883754,HSDX009,conch,1,1.0,200,human,skin,non-diseased section 1
stromal cell.,190,spatial_knn,0.751933753490448,0.0836058929562568,HSDX009,conch,1,1.0,200,human,skin,non-diseased section 1
"CD8-positive, alpha-beta T cell.",36,train_mean,0.2269548177719116,0.0793593004345893,HSDX009,conch,2,1.0,200,human,skin,non-diseased section 1
"CD8-positive, alpha-beta T cell.",36,coordinate,0.2428492903709411,0.2078685760498047,HSDX009,conch,2,1.0,200,human,skin,non-diseased section 1
"CD8-positive, alpha-beta T cell.",36,image,0.4106311798095703,0.0732850581407547,HSDX009,conch,2,1.0,200,human,skin,non-diseased section 1
"CD8-positive, alpha-beta T cell.",36,spatial_knn,0.2004089653491974,0.112505204975605,HSDX009,conch,2,1.0,200,human,skin,non-diseased section 1
T cell.,36,train_mean,0.2601452469825744,0.1183737888932228,HSDX009,conch,2,1.0,200,human,skin,non-diseased section 1
T cell.,36,coordinate,0.2374095171689987,0.2048603147268295,HSDX009,conch,2,1.0,200,human,skin,non-diseased section 1
T cell.,36,image,0.4265634715557098,0.1089741662144661,HSDX009,conch,2,1.0,200,human,skin,non-diseased section 1
T cell.,36,spatial_knn,0.0799299255013465,0.1632531434297561,HSDX009,conch,2,1.0,200,human,skin,non-diseased section 1
cardiac muscle myoblast.,21,train_mean,0.5838872194290161,0.2634705305099487,HSDX009,conch,2,1.0,200,human,skin,non-diseased section 1
cardiac muscle myoblast.,21,coordinate,0.5683531165122986,0.2492240965366363,HSDX009,conch,2,1.0,200,human,skin,non-diseased section 1
cardiac muscle myoblast.,21,image,0.9810261726379396,0.1813457608222961,HSDX009,conch,2,1.0,200,human,skin,non-diseased section 1
cardiac muscle myoblast.,21,spatial_knn,0.9363338947296144,0.1515027284622192,HSDX009,conch,2,1.0,200,human,skin,non-diseased section 1
endothelial cell of vascular tree.,65,train_mean,0.5878636240959167,0.0811931639909744,HSDX009,conch,2,1.0,200,human,skin,non-diseased section 1
endothelial cell of vascular tree.,65,coordinate,0.7623953819274902,0.1479045003652572,HSDX009,conch,2,1.0,200,human,skin,non-diseased section 1
endothelial cell of vascular tree.,65,image,0.9098919034004213,0.0432768277823925,HSDX009,conch,2,1.0,200,human,skin,non-diseased section 1
endothelial cell of vascular tree.,65,spatial_knn,0.5919494032859802,0.0895989835262298,HSDX009,conch,2,1.0,200,human,skin,non-diseased section 1
endothelial cell.,669,train_mean,0.5076310634613037,0.1003279983997345,HSDX009,conch,2,1.0,200,human,skin,non-diseased section 1
endothelial cell.,669,coordinate,0.7657514810562134,0.1310110837221145,HSDX009,conch,2,1.0,200,human,skin,non-diseased section 1
endothelial cell.,669,image,0.9546765685081482,0.0417310819029808,HSDX009,conch,2,1.0,200,human,skin,non-diseased section 1
endothelial cell.,669,spatial_knn,0.5099471807479858,0.1035452038049697,HSDX009,conch,2,1.0,200,human,skin,non-diseased section 1
enterocyte.,166,train_mean,0.0753782093524932,0.2504796683788299,HSDX009,conch,2,1.0,200,human,skin,non-diseased section 1
enterocyte.,166,coordinate,0.397276908159256,0.2348485589027404,HSDX009,conch,2,1.0,200,human,skin,non-diseased section 1
enterocyte.,166,image,0.9347479343414308,0.1152609512209892,HSDX009,conch,2,1.0,200,human,skin,non-diseased section 1
enterocyte.,166,spatial_knn,0.2857212126255035,0.2358540296554565,HSDX009,conch,2,1.0,200,human,skin,non-diseased section 1
epithelial cell.,31,train_mean,0.1572831720113754,0.2379676848649978,HSDX009,conch,2,1.0,200,human,skin,non-diseased section 1
epithelial cell.,31,coordinate,0.5595078468322754,0.200313314795494,HSDX009,conch,2,1.0,200,human,skin,non-diseased section 1
epithelial cell.,31,image,0.9520018100738524,0.0890479609370231,HSDX009,conch,2,1.0,200,human,skin,non-diseased section 1
epithelial cell.,31,spatial_knn,0.5786662101745605,0.1958776712417602,HSDX009,conch,2,1.0,200,human,skin,non-diseased section 1
fibroblast of cardiac tissue.,60,train_mean,0.7240445613861084,0.077314905822277,HSDX009,conch,2,1.0,200,human,skin,non-diseased section 1
fibroblast of cardiac tissue.,60,coordinate,0.6386257410049438,0.1514137238264084,HSDX009,conch,2,1.0,200,human,skin,non-diseased section 1
fibroblast of cardiac tissue.,60,image,0.9125587344169616,0.0485203824937343,HSDX009,conch,2,1.0,200,human,skin,non-diseased section 1
fibroblast of cardiac tissue.,60,spatial_knn,0.8621360659599304,0.0568195581436157,HSDX009,conch,2,1.0,200,human,skin,non-diseased section 1
fibroblast.,441,train_mean,0.7342218160629272,0.1479217112064361,HSDX009,conch,2,1.0,200,human,skin,non-diseased section 1
fibroblast.,441,coordinate,0.6676506996154785,0.1518450081348419,HSDX009,conch,2,1.0,200,human,skin,non-diseased section 1
fibroblast.,441,image,0.9447008371353148,0.0949462130665779,HSDX009,conch,2,1.0,200,human,skin,non-diseased section 1
fibroblast.,441,spatial_knn,0.7609893083572388,0.1306053400039672,HSDX009,conch,2,1.0,200,human,skin,non-diseased section 1
goblet cell.,25,train_mean,0.1067061424255371,0.1623556613922119,HSDX009,conch,2,1.0,200,human,skin,non-diseased section 1
goblet cell.,25,coordinate,0.46343994140625,0.1917969137430191,HSDX009,conch,2,1.0,200,human,skin,non-diseased section 1
goblet cell.,25,image,0.9251132607460022,0.0598772279918193,HSDX009,conch,2,1.0,200,human,skin,non-diseased section 1
goblet cell.,25,spatial_knn,0.1820882856845855,0.1653948277235031,HSDX009,conch,2,1.0,200,human,skin,non-diseased section 1
intestinal epithelial cell.,45,train_mean,0.1150627806782722,0.1776407063007354,HSDX009,conch,2,1.0,200,human,skin,non-diseased section 1
intestinal epithelial cell.,45,coordinate,0.4168757498264313,0.208557054400444,HSDX009,conch,2,1.0,200,human,skin,non-diseased section 1
intestinal epithelial cell.,45,image,0.9151296019554138,0.0698692798614502,HSDX009,conch,2,1.0,200,human,skin,non-diseased section 1
intestinal epithelial cell.,45,spatial_knn,0.1458141356706619,0.1822922974824905,HSDX009,conch,2,1.0,200,human,skin,non-diseased section 1
kidney collecting duct principal cell.,36,train_mean,0.1267535984516143,0.125169426202774,HSDX009,conch,2,1.0,200,human,skin,non-diseased section 1
kidney collecting duct principal cell.,36,coordinate,0.4014499485492706,0.200593501329422,HSDX009,conch,2,1.0,200,human,skin,non-diseased section 1
kidney collecting duct principal cell.,36,image,0.8357786536216736,0.0781280249357223,HSDX009,conch,2,1.0,200,human,skin,non-diseased section 1
kidney collecting duct principal cell.,36,spatial_knn,0.1090631484985351,0.1441911160945892,HSDX009,conch,2,1.0,200,human,skin,non-diseased section 1
macrophage.,158,train_mean,0.3461144566535949,0.1051133200526237,HSDX009,conch,2,1.0,200,human,skin,non-diseased section 1
macrophage.,158,coordinate,0.3011553585529327,0.1815522164106369,HSDX009,conch,2,1.0,200,human,skin,non-diseased section 1
macrophage.,158,image,0.523545503616333,0.0982283651828765,HSDX009,conch,2,1.0,200,human,skin,non-diseased section 1
macrophage.,158,spatial_knn,0.1853308081626892,0.1274611502885818,HSDX009,conch,2,1.0,200,human,skin,non-diseased section 1
malignant cell.,39,train_mean,0.209350436925888,0.1562289446592331,HSDX009,conch,2,1.0,200,human,skin,non-diseased section 1
malignant cell.,39,coordinate,0.5251656770706177,0.1821888834238052,HSDX009,conch,2,1.0,200,human,skin,non-diseased section 1
malignant cell.,39,image,0.9249472618103028,0.0626473799347877,HSDX009,conch,2,1.0,200,human,skin,non-diseased section 1
malignant cell.,39,spatial_knn,0.2125335037708282,0.1681020557880401,HSDX009,conch,2,1.0,200,human,skin,non-diseased section 1
myeloid cell.,34,train_mean,0.3120510280132293,0.099219374358654,HSDX009,conch,2,1.0,200,human,skin,non-diseased section 1
myeloid cell.,34,coordinate,0.2892549633979797,0.1760611534118652,HSDX009,conch,2,1.0,200,human,skin,non-diseased section 1
myeloid cell.,34,image,0.4567567706108093,0.0933615714311599,HSDX009,conch,2,1.0,200,human,skin,non-diseased section 1
myeloid cell.,34,spatial_knn,0.221534177660942,0.1117379739880561,HSDX009,conch,2,1.0,200,human,skin,non-diseased section 1
smooth muscle cell.,26,train_mean,0.6923765540122986,0.1293696016073227,HSDX009,conch,2,1.0,200,human,skin,non-diseased section 1
smooth muscle cell.,26,coordinate,0.6289563775062561,0.1533774435520172,HSDX009,conch,2,1.0,200,human,skin,non-diseased section 1
smooth muscle cell.,26,image,0.9300874471664428,0.0960880294442176,HSDX009,conch,2,1.0,200,human,skin,non-diseased section 1
smooth muscle cell.,26,spatial_knn,0.8120454549789429,0.0996203571557998,HSDX009,conch,2,1.0,200,human,skin,non-diseased section 1
stromal cell of ovary.,24,train_mean,0.5330370664596558,0.0688510611653328,HSDX009,conch,2,1.0,200,human,skin,non-diseased section 1
stromal cell of ovary.,24,coordinate,0.4628949761390686,0.1949854344129562,HSDX009,conch,2,1.0,200,human,skin,non-diseased section 1
stromal cell of ovary.,24,image,0.7409076690673828,0.0729598328471183,HSDX009,conch,2,1.0,200,human,skin,non-diseased section 1
stromal cell of ovary.,24,spatial_knn,0.5120396018028259,0.0979646891355514,HSDX009,conch,2,1.0,200,human,skin,non-diseased section 1
stromal cell.,166,train_mean,0.6762654781341553,0.0927115827798843,HSDX009,conch,2,1.0,200,human,skin,non-diseased section 1
stromal cell.,166,coordinate,0.6822871565818787,0.1494127511978149,HSDX009,conch,2,1.0,200,human,skin,non-diseased section 1
stromal cell.,166,image,0.9195427298545836,0.0557853505015373,HSDX009,conch,2,1.0,200,human,skin,non-diseased section 1
stromal cell.,166,spatial_knn,0.7453131079673767,0.0831300243735313,HSDX009,conch,2,1.0,200,human,skin,non-diseased section 1
B cell.,21,train_mean,0.2365228235721588,0.0886943042278289,HSDX009,conch,3,1.0,200,human,skin,non-diseased section 1
B cell.,21,coordinate,-0.180215984582901,0.0812659263610839,HSDX009,conch,3,1.0,200,human,skin,non-diseased section 1
B cell.,21,image,0.1942913681268692,0.0733803287148475,HSDX009,conch,3,1.0,200,human,skin,non-diseased section 1
B cell.,21,spatial_knn,0.3122653067111969,0.0425503961741924,HSDX009,conch,3,1.0,200,human,skin,non-diseased section 1
"Below is a list of 200 gene names in order of descending expression level from a Human cell. Based on this, predict what the cell type of this cell is.
Cell sentence:.
These genes are most likely associated with cell type: neuron.",20,train_mean,,0.0982456505298614,HSDX009,conch,3,1.0,200,human,skin,non-diseased section 1
"Below is a list of 200 gene names in order of descending expression level from a Human cell. Based on this, predict what the cell type of this cell is.
Cell sentence:.
These genes are most likely associated with cell type: neuron.",20,coordinate,,0.0795648023486137,HSDX009,conch,3,1.0,200,human,skin,non-diseased section 1
"Below is a list of 200 gene names in order of descending expression level from a Human cell. Based on this, predict what the cell type of this cell is.
Cell sentence:.
These genes are most likely associated with cell type: neuron.",20,image,,0.0648631229996681,HSDX009,conch,3,1.0,200,human,skin,non-diseased section 1
"Below is a list of 200 gene names in order of descending expression level from a Human cell. Based on this, predict what the cell type of this cell is.
Cell sentence:.
These genes are most likely associated with cell type: neuron.",20,spatial_knn,,0.0211995877325534,HSDX009,conch,3,1.0,200,human,skin,non-diseased section 1
"Below is a list of 200 genes ordered by descending expression in a Human cell. Use this information to determine the cell type.
Cell sentence:.
These genes suggest the cell type is most likely: neuron.",25,train_mean,,0.0982456505298614,HSDX009,conch,3,1.0,200,human,skin,non-diseased section 1
"Below is a list of 200 genes ordered by descending expression in a Human cell. Use this information to determine the cell type.
Cell sentence:.
These genes suggest the cell type is most likely: neuron.",25,coordinate,,0.0785695761442184,HSDX009,conch,3,1.0,200,human,skin,non-diseased section 1
"Below is a list of 200 genes ordered by descending expression in a Human cell. Use this information to determine the cell type.
Cell sentence:.
These genes suggest the cell type is most likely: neuron.",25,image,,0.0602376498281955,HSDX009,conch,3,1.0,200,human,skin,non-diseased section 1
"Below is a list of 200 genes ordered by descending expression in a Human cell. Use this information to determine the cell type.
Cell sentence:.
These genes suggest the cell type is most likely: neuron.",25,spatial_knn,,0.0132395699620246,HSDX009,conch,3,1.0,200,human,skin,non-diseased section 1
"CD8-positive, alpha-beta T cell.",53,train_mean,0.1449647694826126,0.0904899984598159,HSDX009,conch,3,1.0,200,human,skin,non-diseased section 1
"CD8-positive, alpha-beta T cell.",53,coordinate,-0.097304917871952,0.0852223709225654,HSDX009,conch,3,1.0,200,human,skin,non-diseased section 1
"CD8-positive, alpha-beta T cell.",53,image,0.1391490250825882,0.0729198306798935,HSDX009,conch,3,1.0,200,human,skin,non-diseased section 1
"CD8-positive, alpha-beta T cell.",53,spatial_knn,0.2178498655557632,0.0552338920533657,HSDX009,conch,3,1.0,200,human,skin,non-diseased section 1
"Examine the list of 200 gene names sorted by decreasing expression in a Human cell, and from this, identify its cell type.
Cell sentence:.
These genes are commonly found in cell type: neuron.",22,train_mean,,0.0982456505298614,HSDX009,conch,3,1.0,200,human,skin,non-diseased section 1
"Examine the list of 200 gene names sorted by decreasing expression in a Human cell, and from this, identify its cell type.
Cell sentence:.
These genes are commonly found in cell type: neuron.",22,coordinate,,0.0576331540942192,HSDX009,conch,3,1.0,200,human,skin,non-diseased section 1
"Examine the list of 200 gene names sorted by decreasing expression in a Human cell, and from this, identify its cell type.
Cell sentence:.
These genes are commonly found in cell type: neuron.",22,image,,0.0650199502706527,HSDX009,conch,3,1.0,200,human,skin,non-diseased section 1
"Examine the list of 200 gene names sorted by decreasing expression in a Human cell, and from this, identify its cell type.
Cell sentence:.
These genes are commonly found in cell type: neuron.",22,spatial_knn,,0.0278931204229593,HSDX009,conch,3,1.0,200,human,skin,non-diseased section 1
"Here is a list of 200 genes in order of descending expression level from a Human cell. Identify the cell type of this cell based on this information.
Cell sentence:.
The expected cell type based on these genes is: neuron.",23,train_mean,,0.098245657980442,HSDX009,conch,3,1.0,200,human,skin,non-diseased section 1
"Here is a list of 200 genes in order of descending expression level from a Human cell. Identify the cell type of this cell based on this information.
Cell sentence:.
The expected cell type based on these genes is: neuron.",23,coordinate,,0.0652985423803329,HSDX009,conch,3,1.0,200,human,skin,non-diseased section 1
"Here is a list of 200 genes in order of descending expression level from a Human cell. Identify the cell type of this cell based on this information.
Cell sentence:.
The expected cell type based on these genes is: neuron.",23,image,,0.0650292560458183,HSDX009,conch,3,1.0,200,human,skin,non-diseased section 1
"Here is a list of 200 genes in order of descending expression level from a Human cell. Identify the cell type of this cell based on this information.
Cell sentence:.
The expected cell type based on these genes is: neuron.",23,spatial_knn,,0.0314008332788944,HSDX009,conch,3,1.0,200,human,skin,non-diseased section 1
"Here is a list of 200 genes ordered by expression level in a Human cell. Based on this information, identify the cell type.
Cell sentence:.
Based on the expression levels, the cell type would likely be: neuron.",34,train_mean,,0.0982456505298614,HSDX009,conch,3,1.0,200,human,skin,non-diseased section 1
"Here is a list of 200 genes ordered by expression level in a Human cell. Based on this information, identify the cell type.
Cell sentence:.
Based on the expression levels, the cell type would likely be: neuron.",34,coordinate,,0.0562926605343818,HSDX009,conch,3,1.0,200,human,skin,non-diseased section 1
"Here is a list of 200 genes ordered by expression level in a Human cell. Based on this information, identify the cell type.
Cell sentence:.
Based on the expression levels, the cell type would likely be: neuron.",34,image,,0.0870198234915733,HSDX009,conch,3,1.0,200,human,skin,non-diseased section 1
"Here is a list of 200 genes ordered by expression level in a Human cell. Based on this information, identify the cell type.
Cell sentence:.
Based on the expression levels, the cell type would likely be: neuron.",34,spatial_knn,,0.0268513560295104,HSDX009,conch,3,1.0,200,human,skin,non-diseased section 1
T cell.,36,train_mean,0.1231965273618698,0.1016547456383705,HSDX009,conch,3,1.0,200,human,skin,non-diseased section 1
T cell.,36,coordinate,-0.0761108323931694,0.1548573225736618,HSDX009,conch,3,1.0,200,human,skin,non-diseased section 1
T cell.,36,image,0.2475256621837616,0.0834015905857086,HSDX009,conch,3,1.0,200,human,skin,non-diseased section 1
T cell.,36,spatial_knn,0.0896188765764236,0.1304525136947631,HSDX009,conch,3,1.0,200,human,skin,non-diseased section 1
"The 200 gene names below are arranged by descending expression level in a Human cell. Determine the cell type of this cell.
Cell sentence:.
The cell type that these genes are most commonly linked with is: neuron.",33,train_mean,,0.0982456505298614,HSDX009,conch,3,1.0,200,human,skin,non-diseased section 1
"The 200 gene names below are arranged by descending expression level in a Human cell. Determine the cell type of this cell.
Cell sentence:.
The cell type that these genes are most commonly linked with is: neuron.",33,coordinate,,0.0753161236643791,HSDX009,conch,3,1.0,200,human,skin,non-diseased section 1
"The 200 gene names below are arranged by descending expression level in a Human cell. Determine the cell type of this cell.
Cell sentence:.
The cell type that these genes are most commonly linked with is: neuron.",33,image,,0.091095358133316,HSDX009,conch,3,1.0,200,human,skin,non-diseased section 1
"The 200 gene names below are arranged by descending expression level in a Human cell. Determine the cell type of this cell.
Cell sentence:.
The cell type that these genes are most commonly linked with is: neuron.",33,spatial_knn,,0.0140230609104037,HSDX009,conch,3,1.0,200,human,skin,non-diseased section 1
"The following list contains 200 gene names ordered by descending expression level in a Human cell. Deduce the cell type based on this.
Cell sentence:.
These genes typically correspond to cell type: CD74 MALAT1 RPLP1 RPL41 RPL10 RPS12 RPL13 RPL32 RPS18 RPL18A RPL28 RPS8 RPL19 RPS23 RPS19 RPL11 RPS27A RPL30 RPS15A RPS3A RPL39 RPS28 RPS15 RPL12 RPS27 RPL8 RPL29 RPS13 RPL7A RPS3 RPL34 RPS14 RPL18 RPS7 RPLP0 RPL35A RPS5 RPLP2 RPS24 RPL37 RPS4X RPL3 RPS21 RPL36 RPS6 RPL5 RPL14 RPS25 RPL35 RPS9 RPL6 RPL15 RPL9 RPSA RPL21 RPL10A RPL23A RPS2 RPL24 RPL37A RPS16 RPL13A RPL22 RPS29 EEF1B2 RPL7 RACK1 RPL4 RPL31 RPL27 RPS26 RPL38 RPL26 RPS11 RPL27A TPT1 RPS20 EEF1D NACA RPL23 PTMA RPS4Y1 FAU RPL17 TMSB10 EEF2 UBA52 RPL36A PFDN5 EEF1G B2M RPS17 TMSB4X FTL ACTB HLA-DRA HLA-DRB1 HLA-DPA1 HLA-DPB1 HLA-B EIF1 PABPC1 CD37 HLA-DQA1 HLA-C BTF3 COX4I1 NPM1 HLA-DRB5 HLA-DQB1 HNRNPA1 PFN1 CD79A FTH1 H3-3B NME2 TOMM7 HLA-DMA H3-3A RPL36AL HLA-E RPL22L1 EIF3E PPDPF TMA7 EIF3F CD52 RPS10 EIF3K RPL36AL HLA-A EIF3H NOP53 RPS4Y2 HINT1 RPL35 PPIA UBC EIF3L EIF3F PNRC1 EIF3K RPS15P4 RPL8 TSC22D3 HNRNPA2B1 EIF3H SERF2 RPL23 ATP5MC2 RPL31-AS1 EIF4A2 RPL7P9 ATP5F1E NAP1L1 RPL10P9 UQCRH EIF3G EIF3M SLC25A6 EIF3D PSMB9 TMEM258 RPS3AP6 UQCRB RPL22L2 RPL36P2 RPSAP9 EIF3E-AS1 RPL10P6 RPL13AP5 EIF4A1 RPL26P19 RPSAP9 PSMB1 ATP5MG RPL3P4 RPL9P9 RPSAP8 RPSAP4 SNHG29 RPL26P6 RPL24P8 RPSAP2 RPL13AP25 RPSAP18 RPL15P2 RPL37P2 RPSAP6 RPL13AP7.
These genes typically correspond to cell type: memory B cell.",21,train_mean,,0.0982456505298614,HSDX009,conch,3,1.0,200,human,skin,non-diseased section 1
"The following list contains 200 gene names ordered by descending expression level in a Human cell. Deduce the cell type based on this.
Cell sentence:.
These genes typically correspond to cell type: CD74 MALAT1 RPLP1 RPL41 RPL10 RPS12 RPL13 RPL32 RPS18 RPL18A RPL28 RPS8 RPL19 RPS23 RPS19 RPL11 RPS27A RPL30 RPS15A RPS3A RPL39 RPS28 RPS15 RPL12 RPS27 RPL8 RPL29 RPS13 RPL7A RPS3 RPL34 RPS14 RPL18 RPS7 RPLP0 RPL35A RPS5 RPLP2 RPS24 RPL37 RPS4X RPL3 RPS21 RPL36 RPS6 RPL5 RPL14 RPS25 RPL35 RPS9 RPL6 RPL15 RPL9 RPSA RPL21 RPL10A RPL23A RPS2 RPL24 RPL37A RPS16 RPL13A RPL22 RPS29 EEF1B2 RPL7 RACK1 RPL4 RPL31 RPL27 RPS26 RPL38 RPL26 RPS11 RPL27A TPT1 RPS20 EEF1D NACA RPL23 PTMA RPS4Y1 FAU RPL17 TMSB10 EEF2 UBA52 RPL36A PFDN5 EEF1G B2M RPS17 TMSB4X FTL ACTB HLA-DRA HLA-DRB1 HLA-DPA1 HLA-DPB1 HLA-B EIF1 PABPC1 CD37 HLA-DQA1 HLA-C BTF3 COX4I1 NPM1 HLA-DRB5 HLA-DQB1 HNRNPA1 PFN1 CD79A FTH1 H3-3B NME2 TOMM7 HLA-DMA H3-3A RPL36AL HLA-E RPL22L1 EIF3E PPDPF TMA7 EIF3F CD52 RPS10 EIF3K RPL36AL HLA-A EIF3H NOP53 RPS4Y2 HINT1 RPL35 PPIA UBC EIF3L EIF3F PNRC1 EIF3K RPS15P4 RPL8 TSC22D3 HNRNPA2B1 EIF3H SERF2 RPL23 ATP5MC2 RPL31-AS1 EIF4A2 RPL7P9 ATP5F1E NAP1L1 RPL10P9 UQCRH EIF3G EIF3M SLC25A6 EIF3D PSMB9 TMEM258 RPS3AP6 UQCRB RPL22L2 RPL36P2 RPSAP9 EIF3E-AS1 RPL10P6 RPL13AP5 EIF4A1 RPL26P19 RPSAP9 PSMB1 ATP5MG RPL3P4 RPL9P9 RPSAP8 RPSAP4 SNHG29 RPL26P6 RPL24P8 RPSAP2 RPL13AP25 RPSAP18 RPL15P2 RPL37P2 RPSAP6 RPL13AP7.
These genes typically correspond to cell type: memory B cell.",21,coordinate,,0.0670979022979736,HSDX009,conch,3,1.0,200,human,skin,non-diseased section 1
"The following list contains 200 gene names ordered by descending expression level in a Human cell. Deduce the cell type based on this.
Cell sentence:.
These genes typically correspond to cell type: CD74 MALAT1 RPLP1 RPL41 RPL10 RPS12 RPL13 RPL32 RPS18 RPL18A RPL28 RPS8 RPL19 RPS23 RPS19 RPL11 RPS27A RPL30 RPS15A RPS3A RPL39 RPS28 RPS15 RPL12 RPS27 RPL8 RPL29 RPS13 RPL7A RPS3 RPL34 RPS14 RPL18 RPS7 RPLP0 RPL35A RPS5 RPLP2 RPS24 RPL37 RPS4X RPL3 RPS21 RPL36 RPS6 RPL5 RPL14 RPS25 RPL35 RPS9 RPL6 RPL15 RPL9 RPSA RPL21 RPL10A RPL23A RPS2 RPL24 RPL37A RPS16 RPL13A RPL22 RPS29 EEF1B2 RPL7 RACK1 RPL4 RPL31 RPL27 RPS26 RPL38 RPL26 RPS11 RPL27A TPT1 RPS20 EEF1D NACA RPL23 PTMA RPS4Y1 FAU RPL17 TMSB10 EEF2 UBA52 RPL36A PFDN5 EEF1G B2M RPS17 TMSB4X FTL ACTB HLA-DRA HLA-DRB1 HLA-DPA1 HLA-DPB1 HLA-B EIF1 PABPC1 CD37 HLA-DQA1 HLA-C BTF3 COX4I1 NPM1 HLA-DRB5 HLA-DQB1 HNRNPA1 PFN1 CD79A FTH1 H3-3B NME2 TOMM7 HLA-DMA H3-3A RPL36AL HLA-E RPL22L1 EIF3E PPDPF TMA7 EIF3F CD52 RPS10 EIF3K RPL36AL HLA-A EIF3H NOP53 RPS4Y2 HINT1 RPL35 PPIA UBC EIF3L EIF3F PNRC1 EIF3K RPS15P4 RPL8 TSC22D3 HNRNPA2B1 EIF3H SERF2 RPL23 ATP5MC2 RPL31-AS1 EIF4A2 RPL7P9 ATP5F1E NAP1L1 RPL10P9 UQCRH EIF3G EIF3M SLC25A6 EIF3D PSMB9 TMEM258 RPS3AP6 UQCRB RPL22L2 RPL36P2 RPSAP9 EIF3E-AS1 RPL10P6 RPL13AP5 EIF4A1 RPL26P19 RPSAP9 PSMB1 ATP5MG RPL3P4 RPL9P9 RPSAP8 RPSAP4 SNHG29 RPL26P6 RPL24P8 RPSAP2 RPL13AP25 RPSAP18 RPL15P2 RPL37P2 RPSAP6 RPL13AP7.
These genes typically correspond to cell type: memory B cell.",21,image,,0.0606572777032852,HSDX009,conch,3,1.0,200,human,skin,non-diseased section 1
"The following list contains 200 gene names ordered by descending expression level in a Human cell. Deduce the cell type based on this.
Cell sentence:.
These genes typically correspond to cell type: CD74 MALAT1 RPLP1 RPL41 RPL10 RPS12 RPL13 RPL32 RPS18 RPL18A RPL28 RPS8 RPL19 RPS23 RPS19 RPL11 RPS27A RPL30 RPS15A RPS3A RPL39 RPS28 RPS15 RPL12 RPS27 RPL8 RPL29 RPS13 RPL7A RPS3 RPL34 RPS14 RPL18 RPS7 RPLP0 RPL35A RPS5 RPLP2 RPS24 RPL37 RPS4X RPL3 RPS21 RPL36 RPS6 RPL5 RPL14 RPS25 RPL35 RPS9 RPL6 RPL15 RPL9 RPSA RPL21 RPL10A RPL23A RPS2 RPL24 RPL37A RPS16 RPL13A RPL22 RPS29 EEF1B2 RPL7 RACK1 RPL4 RPL31 RPL27 RPS26 RPL38 RPL26 RPS11 RPL27A TPT1 RPS20 EEF1D NACA RPL23 PTMA RPS4Y1 FAU RPL17 TMSB10 EEF2 UBA52 RPL36A PFDN5 EEF1G B2M RPS17 TMSB4X FTL ACTB HLA-DRA HLA-DRB1 HLA-DPA1 HLA-DPB1 HLA-B EIF1 PABPC1 CD37 HLA-DQA1 HLA-C BTF3 COX4I1 NPM1 HLA-DRB5 HLA-DQB1 HNRNPA1 PFN1 CD79A FTH1 H3-3B NME2 TOMM7 HLA-DMA H3-3A RPL36AL HLA-E RPL22L1 EIF3E PPDPF TMA7 EIF3F CD52 RPS10 EIF3K RPL36AL HLA-A EIF3H NOP53 RPS4Y2 HINT1 RPL35 PPIA UBC EIF3L EIF3F PNRC1 EIF3K RPS15P4 RPL8 TSC22D3 HNRNPA2B1 EIF3H SERF2 RPL23 ATP5MC2 RPL31-AS1 EIF4A2 RPL7P9 ATP5F1E NAP1L1 RPL10P9 UQCRH EIF3G EIF3M SLC25A6 EIF3D PSMB9 TMEM258 RPS3AP6 UQCRB RPL22L2 RPL36P2 RPSAP9 EIF3E-AS1 RPL10P6 RPL13AP5 EIF4A1 RPL26P19 RPSAP9 PSMB1 ATP5MG RPL3P4 RPL9P9 RPSAP8 RPSAP4 SNHG29 RPL26P6 RPL24P8 RPSAP2 RPL13AP25 RPSAP18 RPL15P2 RPL37P2 RPSAP6 RPL13AP7.
These genes typically correspond to cell type: memory B cell.",21,spatial_knn,,0.0341682657599449,HSDX009,conch,3,1.0,200,human,skin,non-diseased section 1
cardiac muscle myoblast.,52,train_mean,0.4666216969490051,0.1203409656882286,HSDX009,conch,3,1.0,200,human,skin,non-diseased section 1
cardiac muscle myoblast.,52,coordinate,0.363240897655487,0.1370930522680282,HSDX009,conch,3,1.0,200,human,skin,non-diseased section 1
cardiac muscle myoblast.,52,image,0.9534239768981934,0.0437286123633384,HSDX009,conch,3,1.0,200,human,skin,non-diseased section 1
cardiac muscle myoblast.,52,spatial_knn,0.1208169758319854,0.1359346807003021,HSDX009,conch,3,1.0,200,human,skin,non-diseased section 1
endothelial cell of lymphatic vessel.,45,train_mean,0.2845620810985565,0.0890490412712097,HSDX009,conch,3,1.0,200,human,skin,non-diseased section 1
endothelial cell of lymphatic vessel.,45,coordinate,0.2921594381332397,0.0599785521626472,HSDX009,conch,3,1.0,200,human,skin,non-diseased section 1
endothelial cell of lymphatic vessel.,45,image,0.3593236207962036,0.0706261917948722,HSDX009,conch,3,1.0,200,human,skin,non-diseased section 1
endothelial cell of lymphatic vessel.,45,spatial_knn,0.025669939815998,0.0420874953269958,HSDX009,conch,3,1.0,200,human,skin,non-diseased section 1
endothelial cell of vascular tree.,72,train_mean,0.6323822736740112,0.0681689456105232,HSDX009,conch,3,1.0,200,human,skin,non-diseased section 1
endothelial cell of vascular tree.,72,coordinate,-0.1916934698820114,0.1029756814241409,HSDX009,conch,3,1.0,200,human,skin,non-diseased section 1
endothelial cell of vascular tree.,72,image,0.617961585521698,0.0549024529755115,HSDX009,conch,3,1.0,200,human,skin,non-diseased section 1
endothelial cell of vascular tree.,72,spatial_knn,0.3732083439826965,0.0590211637318134,HSDX009,conch,3,1.0,200,human,skin,non-diseased section 1
endothelial cell.,520,train_mean,0.6740201115608215,0.0611572377383708,HSDX009,conch,3,1.0,200,human,skin,non-diseased section 1
endothelial cell.,520,coordinate,-0.2701129913330078,0.1674256771802902,HSDX009,conch,3,1.0,200,human,skin,non-diseased section 1
endothelial cell.,520,image,0.8911285996437073,0.0357663184404373,HSDX009,conch,3,1.0,200,human,skin,non-diseased section 1
endothelial cell.,520,spatial_knn,0.3209015130996704,0.1087239682674408,HSDX009,conch,3,1.0,200,human,skin,non-diseased section 1
enterocyte.,113,train_mean,0.1783782541751861,0.2094378322362899,HSDX009,conch,3,1.0,200,human,skin,non-diseased section 1
enterocyte.,113,coordinate,-0.1106287688016891,0.28398397564888,HSDX009,conch,3,1.0,200,human,skin,non-diseased section 1
enterocyte.,113,image,0.9484633803367616,0.0819906741380691,HSDX009,conch,3,1.0,200,human,skin,non-diseased section 1
enterocyte.,113,spatial_knn,-0.0834657773375511,0.2429599612951278,HSDX009,conch,3,1.0,200,human,skin,non-diseased section 1
fibroblast of cardiac tissue.,50,train_mean,0.7960584759712219,0.0655006617307663,HSDX009,conch,3,1.0,200,human,skin,non-diseased section 1
fibroblast of cardiac tissue.,50,coordinate,-0.102962389588356,0.1711661666631698,HSDX009,conch,3,1.0,200,human,skin,non-diseased section 1
fibroblast of cardiac tissue.,50,image,0.8924017548561096,0.0498225837945938,HSDX009,conch,3,1.0,200,human,skin,non-diseased section 1
fibroblast of cardiac tissue.,50,spatial_knn,0.8705037236213684,0.0615779757499694,HSDX009,conch,3,1.0,200,human,skin,non-diseased section 1
fibroblast.,336,train_mean,0.7882764339447021,0.1020703166723251,HSDX009,conch,3,1.0,200,human,skin,non-diseased section 1
fibroblast.,336,coordinate,-0.1195371225476265,0.2310794591903686,HSDX009,conch,3,1.0,200,human,skin,non-diseased section 1
fibroblast.,336,image,0.938206911087036,0.067715972661972,HSDX009,conch,3,1.0,200,human,skin,non-diseased section 1
fibroblast.,336,spatial_knn,0.9133689999580384,0.0609478242695331,HSDX009,conch,3,1.0,200,human,skin,non-diseased section 1
goblet cell.,21,train_mean,0.2179395258426666,0.1748851537704467,HSDX009,conch,3,1.0,200,human,skin,non-diseased section 1
goblet cell.,21,coordinate,-0.1547100841999054,0.2646280527114868,HSDX009,conch,3,1.0,200,human,skin,non-diseased section 1
goblet cell.,21,image,0.9325440526008606,0.0643320232629776,HSDX009,conch,3,1.0,200,human,skin,non-diseased section 1
goblet cell.,21,spatial_knn,-0.0780739858746528,0.2196101546287536,HSDX009,conch,3,1.0,200,human,skin,non-diseased section 1
intestinal epithelial cell.,34,train_mean,0.2034743130207061,0.1507504880428314,HSDX009,conch,3,1.0,200,human,skin,non-diseased section 1
intestinal epithelial cell.,34,coordinate,-0.1326854825019836,0.215980976819992,HSDX009,conch,3,1.0,200,human,skin,non-diseased section 1
intestinal epithelial cell.,34,image,0.8541763424873352,0.0826728418469429,HSDX009,conch,3,1.0,200,human,skin,non-diseased section 1
intestinal epithelial cell.,34,spatial_knn,-0.075714111328125,0.1855821758508682,HSDX009,conch,3,1.0,200,human,skin,non-diseased section 1
kidney collecting duct principal cell.,39,train_mean,0.242059051990509,0.1135679706931114,HSDX009,conch,3,1.0,200,human,skin,non-diseased section 1
kidney collecting duct principal cell.,39,coordinate,-0.1142737194895744,0.1830471605062484,HSDX009,conch,3,1.0,200,human,skin,non-diseased section 1
kidney collecting duct principal cell.,39,image,0.8446574807167053,0.0739862471818924,HSDX009,conch,3,1.0,200,human,skin,non-diseased section 1
kidney collecting duct principal cell.,39,spatial_knn,-0.0399123877286911,0.1477372646331787,HSDX009,conch,3,1.0,200,human,skin,non-diseased section 1
macrophage.,163,train_mean,0.3690061569213867,0.0853672698140144,HSDX009,conch,3,1.0,200,human,skin,non-diseased section 1
macrophage.,163,coordinate,-0.2085243165493011,0.1704609096050262,HSDX009,conch,3,1.0,200,human,skin,non-diseased section 1
macrophage.,163,image,0.479039192199707,0.0793433561921119,HSDX009,conch,3,1.0,200,human,skin,non-diseased section 1
macrophage.,163,spatial_knn,0.4332919120788574,0.1113871932029724,HSDX009,conch,3,1.0,200,human,skin,non-diseased section 1
malignant cell.,37,train_mean,0.3582178056240082,0.1141445040702819,HSDX009,conch,3,1.0,200,human,skin,non-diseased section 1
malignant cell.,37,coordinate,-0.1124097779393196,0.1781247705221176,HSDX009,conch,3,1.0,200,human,skin,non-diseased section 1
malignant cell.,37,image,0.883171796798706,0.0606690533459186,HSDX009,conch,3,1.0,200,human,skin,non-diseased section 1
malignant cell.,37,spatial_knn,0.0677608549594879,0.1440307796001434,HSDX009,conch,3,1.0,200,human,skin,non-diseased section 1
myeloid cell.,21,train_mean,0.3163322508335113,0.100089780986309,HSDX009,conch,3,1.0,200,human,skin,non-diseased section 1
myeloid cell.,21,coordinate,-0.1155944317579269,0.182096466422081,HSDX009,conch,3,1.0,200,human,skin,non-diseased section 1
myeloid cell.,21,image,0.4582625031471252,0.0872007831931114,HSDX009,conch,3,1.0,200,human,skin,non-diseased section 1
myeloid cell.,21,spatial_knn,0.303791731595993,0.1258220821619033,HSDX009,conch,3,1.0,200,human,skin,non-diseased section 1
smooth muscle cell.,41,train_mean,0.6113253831863403,0.1120422258973121,HSDX009,conch,3,1.0,200,human,skin,non-diseased section 1
smooth muscle cell.,41,coordinate,0.5210479497909546,0.1585515886545181,HSDX009,conch,3,1.0,200,human,skin,non-diseased section 1
smooth muscle cell.,41,image,0.9027919769287108,0.0692883059382438,HSDX009,conch,3,1.0,200,human,skin,non-diseased section 1
smooth muscle cell.,41,spatial_knn,0.2383696287870407,0.1625684201717376,HSDX009,conch,3,1.0,200,human,skin,non-diseased section 1
stromal cell.,124,train_mean,0.751758337020874,0.081524983048439,HSDX009,conch,3,1.0,200,human,skin,non-diseased section 1
stromal cell.,124,coordinate,-0.1309840083122253,0.2063574492931366,HSDX009,conch,3,1.0,200,human,skin,non-diseased section 1
stromal cell.,124,image,0.8877062201499939,0.0590374208986759,HSDX009,conch,3,1.0,200,human,skin,non-diseased section 1
stromal cell.,124,spatial_knn,0.8536268472671509,0.0708090811967849,HSDX009,conch,3,1.0,200,human,skin,non-diseased section 1
unknown,2400,train_mean,0.967828929424286,0.0354541838169097,HSDX009_2,conch,0,1.0,200,human,skin,non-diseased section 2
unknown,2400,coordinate,0.742524266242981,0.0774600729346275,HSDX009_2,conch,0,1.0,200,human,skin,non-diseased section 2
unknown,2400,image,0.946851372718811,0.0140752205625176,HSDX009_2,conch,0,1.0,200,human,skin,non-diseased section 2
unknown,2400,spatial_knn,0.8390779495239258,0.0434477627277374,HSDX009_2,conch,0,1.0,200,human,skin,non-diseased section 2
unknown,2400,train_mean,0.8035517334938049,0.0357280112802982,HSDX009_2,conch,1,1.0,200,human,skin,non-diseased section 2
unknown,2400,coordinate,0.815099835395813,0.0460298433899879,HSDX009_2,conch,1,1.0,200,human,skin,non-diseased section 2
unknown,2400,image,0.9713165760040284,0.014277009293437,HSDX009_2,conch,1,1.0,200,human,skin,non-diseased section 2
unknown,2400,spatial_knn,0.4241416454315185,0.0768855586647987,HSDX009_2,conch,1,1.0,200,human,skin,non-diseased section 2
unknown,2400,train_mean,0.4826052188873291,0.0716615915298461,HSDX009_2,conch,2,1.0,200,human,skin,non-diseased section 2
unknown,2400,coordinate,0.7477439641952515,0.0561762861907482,HSDX009_2,conch,2,1.0,200,human,skin,non-diseased section 2
unknown,2400,image,0.9634864330291748,0.0203918162733316,HSDX009_2,conch,2,1.0,200,human,skin,non-diseased section 2
unknown,2400,spatial_knn,0.474910706281662,0.0777920261025428,HSDX009_2,conch,2,1.0,200,human,skin,non-diseased section 2
unknown,2400,train_mean,0.5220913887023926,0.0707438960671424,HSDX009_2,conch,3,1.0,200,human,skin,non-diseased section 2
unknown,2400,coordinate,0.7905704975128174,0.0577355250716209,HSDX009_2,conch,3,1.0,200,human,skin,non-diseased section 2
unknown,2400,image,0.9266203045845032,0.0347947068512439,HSDX009_2,conch,3,1.0,200,human,skin,non-diseased section 2
unknown,2400,spatial_knn,0.1850741952657699,0.1141619682312011,HSDX009_2,conch,3,1.0,200,human,skin,non-diseased section 2
"CD8-positive, alpha-beta T cell.",26,train_mean,0.2721589505672455,0.3491285741329193,HSPD012,conch,0,1.0,200,human,skin,melanoma
"CD8-positive, alpha-beta T cell.",26,coordinate,0.534038245677948,0.3134396076202392,HSPD012,conch,0,1.0,200,human,skin,melanoma
"CD8-positive, alpha-beta T cell.",26,image,0.8038284182548523,0.1319213211536407,HSPD012,conch,0,1.0,200,human,skin,melanoma
"CD8-positive, alpha-beta T cell.",26,spatial_knn,0.7441830039024353,0.1606280207633972,HSPD012,conch,0,1.0,200,human,skin,melanoma
T cell.,306,train_mean,0.3450824916362762,0.3270371854305267,HSPD012,conch,0,1.0,200,human,skin,melanoma
T cell.,306,coordinate,0.4482660889625549,0.4330763816833496,HSPD012,conch,0,1.0,200,human,skin,melanoma
T cell.,306,image,0.9035691022872924,0.0975571721792221,HSPD012,conch,0,1.0,200,human,skin,melanoma
T cell.,306,spatial_knn,0.8510514497756958,0.123077817261219,HSPD012,conch,0,1.0,200,human,skin,melanoma
basal cell of epidermis.,60,train_mean,0.1781211346387863,0.5078177452087402,HSPD012,conch,0,1.0,200,human,skin,melanoma
basal cell of epidermis.,60,coordinate,0.2335432171821594,1.078974366188049,HSPD012,conch,0,1.0,200,human,skin,melanoma
basal cell of epidermis.,60,image,0.8358619809150696,0.2723788917064667,HSPD012,conch,0,1.0,200,human,skin,melanoma
basal cell of epidermis.,60,spatial_knn,0.6843924522399902,0.3420398831367492,HSPD012,conch,0,1.0,200,human,skin,melanoma
endothelial cell.,370,train_mean,0.3163183033466339,0.3568310737609863,HSPD012,conch,0,1.0,200,human,skin,melanoma
endothelial cell.,370,coordinate,0.3039205372333526,0.4628997445106506,HSPD012,conch,0,1.0,200,human,skin,melanoma
endothelial cell.,370,image,0.7749495506286621,0.1937930732965469,HSPD012,conch,0,1.0,200,human,skin,melanoma
endothelial cell.,370,spatial_knn,0.5456953048706055,0.251645416021347,HSPD012,conch,0,1.0,200,human,skin,melanoma
epithelial cell of esophagus.,55,train_mean,0.019254557788372,0.7631853818893433,HSPD012,conch,0,1.0,200,human,skin,melanoma
epithelial cell of esophagus.,55,coordinate,0.4076473712921142,1.0675312280654907,HSPD012,conch,0,1.0,200,human,skin,melanoma
epithelial cell of esophagus.,55,image,0.9314136505126952,0.27360400557518,HSPD012,conch,0,1.0,200,human,skin,melanoma
epithelial cell of esophagus.,55,spatial_knn,0.8998298645019531,0.3539386391639709,HSPD012,conch,0,1.0,200,human,skin,melanoma
fibroblast of cardiac tissue.,93,train_mean,0.2374134510755539,0.4342094659805298,HSPD012,conch,0,1.0,200,human,skin,melanoma
fibroblast of cardiac tissue.,93,coordinate,0.4323166608810425,0.4545028805732727,HSPD012,conch,0,1.0,200,human,skin,melanoma
fibroblast of cardiac tissue.,93,image,0.9155917763710022,0.172960951924324,HSPD012,conch,0,1.0,200,human,skin,melanoma
fibroblast of cardiac tissue.,93,spatial_knn,0.4737798869609833,0.3431603908538818,HSPD012,conch,0,1.0,200,human,skin,melanoma
fibroblast.,752,train_mean,0.2968727648258209,0.4064984023571014,HSPD012,conch,0,1.0,200,human,skin,melanoma
fibroblast.,752,coordinate,0.3428372740745544,0.5299264192581177,HSPD012,conch,0,1.0,200,human,skin,melanoma
fibroblast.,752,image,0.9372984766960144,0.1508466899394989,HSPD012,conch,0,1.0,200,human,skin,melanoma
fibroblast.,752,spatial_knn,0.5863659977912903,0.3103537261486053,HSPD012,conch,0,1.0,200,human,skin,melanoma
keratinocyte.,22,train_mean,0.0424589067697525,0.6525407433509827,HSPD012,conch,0,1.0,200,human,skin,melanoma
keratinocyte.,22,coordinate,0.4252959191799164,0.9638574719429016,HSPD012,conch,0,1.0,200,human,skin,melanoma
keratinocyte.,22,image,0.91736900806427,0.2534283995628357,HSPD012,conch,0,1.0,200,human,skin,melanoma
keratinocyte.,22,spatial_knn,0.9469646215438844,0.2025633603334427,HSPD012,conch,0,1.0,200,human,skin,melanoma
macrophage.,479,train_mean,0.3969544470310211,0.3223487138748169,HSPD012,conch,0,1.0,200,human,skin,melanoma
macrophage.,479,coordinate,0.4053986668586731,0.4843324720859527,HSPD012,conch,0,1.0,200,human,skin,melanoma
macrophage.,479,image,0.8978665471076965,0.1226234138011932,HSPD012,conch,0,1.0,200,human,skin,melanoma
macrophage.,479,spatial_knn,0.8039357662200928,0.1663305312395095,HSPD012,conch,0,1.0,200,human,skin,melanoma
monocyte.,35,train_mean,0.3819787502288818,0.3434262275695801,HSPD012,conch,0,1.0,200,human,skin,melanoma
monocyte.,35,coordinate,0.3796689212322235,0.522356390953064,HSPD012,conch,0,1.0,200,human,skin,melanoma
monocyte.,35,image,0.8189420104026794,0.1842290610074997,HSPD012,conch,0,1.0,200,human,skin,melanoma
monocyte.,35,spatial_knn,0.7735389471054077,0.2048971056938171,HSPD012,conch,0,1.0,200,human,skin,melanoma
smooth muscle cell.,28,train_mean,0.2767155468463897,0.3822631537914276,HSPD012,conch,0,1.0,200,human,skin,melanoma
smooth muscle cell.,28,coordinate,0.1819095313549041,0.5113136172294617,HSPD012,conch,0,1.0,200,human,skin,melanoma
smooth muscle cell.,28,image,0.7050402164459229,0.2252378910779953,HSPD012,conch,0,1.0,200,human,skin,melanoma
smooth muscle cell.,28,spatial_knn,0.2753857374191284,0.3254874348640442,HSPD012,conch,0,1.0,200,human,skin,melanoma
"CD8-positive, alpha-beta T cell.",21,train_mean,0.414469301700592,0.2883196473121643,HSPD012,conch,1,1.0,200,human,skin,melanoma
"CD8-positive, alpha-beta T cell.",21,coordinate,-0.0038861008360981,0.6714622378349304,HSPD012,conch,1,1.0,200,human,skin,melanoma
"CD8-positive, alpha-beta T cell.",21,image,0.853582501411438,0.1079335138201713,HSPD012,conch,1,1.0,200,human,skin,melanoma
"CD8-positive, alpha-beta T cell.",21,spatial_knn,0.069936491549015,0.5802912712097168,HSPD012,conch,1,1.0,200,human,skin,melanoma
T cell.,266,train_mean,0.6168456077575684,0.2306811809539795,HSPD012,conch,1,1.0,200,human,skin,melanoma
T cell.,266,coordinate,0.2299233675003051,0.5844178795814514,HSPD012,conch,1,1.0,200,human,skin,melanoma
T cell.,266,image,0.9408055543899536,0.0812691152095794,HSPD012,conch,1,1.0,200,human,skin,melanoma
T cell.,266,spatial_knn,0.3530078828334808,0.467479944229126,HSPD012,conch,1,1.0,200,human,skin,melanoma
basal cell of epidermis.,55,train_mean,0.1816393882036209,0.5014230608940125,HSPD012,conch,1,1.0,200,human,skin,melanoma
basal cell of epidermis.,55,coordinate,0.3329218327999115,0.6826387643814087,HSPD012,conch,1,1.0,200,human,skin,melanoma
basal cell of epidermis.,55,image,0.8959211707115173,0.2332749366760254,HSPD012,conch,1,1.0,200,human,skin,melanoma
basal cell of epidermis.,55,spatial_knn,0.0655291154980659,0.6974115371704102,HSPD012,conch,1,1.0,200,human,skin,melanoma
endothelial cell.,239,train_mean,0.5531710386276245,0.2528172135353088,HSPD012,conch,1,1.0,200,human,skin,melanoma
endothelial cell.,239,coordinate,0.2026998698711395,0.5885593295097351,HSPD012,conch,1,1.0,200,human,skin,melanoma
endothelial cell.,239,image,0.8868342638015747,0.1244291365146637,HSPD012,conch,1,1.0,200,human,skin,melanoma
endothelial cell.,239,spatial_knn,0.2924584448337555,0.4836491346359253,HSPD012,conch,1,1.0,200,human,skin,melanoma
epithelial cell of esophagus.,73,train_mean,0.0292789563536643,0.7217903733253479,HSPD012,conch,1,1.0,200,human,skin,melanoma
epithelial cell of esophagus.,73,coordinate,0.3366991877555847,0.7974342703819275,HSPD012,conch,1,1.0,200,human,skin,melanoma
epithelial cell of esophagus.,73,image,0.9500994682312012,0.2246868759393692,HSPD012,conch,1,1.0,200,human,skin,melanoma
epithelial cell of esophagus.,73,spatial_knn,-0.0723297521471977,0.9346905946731568,HSPD012,conch,1,1.0,200,human,skin,melanoma
epithelial cell.,24,train_mean,0.1687869131565094,0.4486173391342163,HSPD012,conch,1,1.0,200,human,skin,melanoma
epithelial cell.,24,coordinate,0.3922008275985718,0.6789541244506836,HSPD012,conch,1,1.0,200,human,skin,melanoma
epithelial cell.,24,image,0.9288257956504822,0.1666363775730133,HSPD012,conch,1,1.0,200,human,skin,melanoma
epithelial cell.,24,spatial_knn,0.0130972629413008,0.7571365237236023,HSPD012,conch,1,1.0,200,human,skin,melanoma
fibroblast of cardiac tissue.,53,train_mean,0.3717904388904571,0.3909574151039123,HSPD012,conch,1,1.0,200,human,skin,melanoma
fibroblast of cardiac tissue.,53,coordinate,0.133279487490654,0.6534497141838074,HSPD012,conch,1,1.0,200,human,skin,melanoma
fibroblast of cardiac tissue.,53,image,0.9296570420265198,0.1656688153743744,HSPD012,conch,1,1.0,200,human,skin,melanoma
fibroblast of cardiac tissue.,53,spatial_knn,0.2078302949666977,0.5109322667121887,HSPD012,conch,1,1.0,200,human,skin,melanoma
fibroblast.,656,train_mean,0.4347655475139618,0.3488909602165222,HSPD012,conch,1,1.0,200,human,skin,melanoma
fibroblast.,656,coordinate,0.1221830770373344,0.6431141495704651,HSPD012,conch,1,1.0,200,human,skin,melanoma
fibroblast.,656,image,0.9287692308425904,0.1574442386627197,HSPD012,conch,1,1.0,200,human,skin,melanoma
fibroblast.,656,spatial_knn,0.1991154849529266,0.5194329023361206,HSPD012,conch,1,1.0,200,human,skin,melanoma
keratinocyte.,36,train_mean,0.0685050040483474,0.6596457958221436,HSPD012,conch,1,1.0,200,human,skin,melanoma
keratinocyte.,36,coordinate,0.3154676854610443,0.7291447520256042,HSPD012,conch,1,1.0,200,human,skin,melanoma
keratinocyte.,36,image,0.9823921322822572,0.1528864204883575,HSPD012,conch,1,1.0,200,human,skin,melanoma
keratinocyte.,36,spatial_knn,0.0960302427411079,0.695919930934906,HSPD012,conch,1,1.0,200,human,skin,melanoma
macrophage.,558,train_mean,0.8181150555610657,0.1629115492105484,HSPD012,conch,1,1.0,200,human,skin,melanoma
macrophage.,558,coordinate,0.475567102432251,0.4935971796512604,HSPD012,conch,1,1.0,200,human,skin,melanoma
macrophage.,558,image,0.9544007182121276,0.0866788998246193,HSPD012,conch,1,1.0,200,human,skin,melanoma
macrophage.,558,spatial_knn,0.5756686925888062,0.3883236348628998,HSPD012,conch,1,1.0,200,human,skin,melanoma
malignant cell.,120,train_mean,0.8959960341453552,0.2749382555484772,HSPD012,conch,1,1.0,200,human,skin,melanoma
malignant cell.,120,coordinate,0.8908894658088684,0.2506165206432342,HSPD012,conch,1,1.0,200,human,skin,melanoma
malignant cell.,120,image,0.9299420714378356,0.2036286741495132,HSPD012,conch,1,1.0,200,human,skin,melanoma
malignant cell.,120,spatial_knn,0.9167070984840392,0.2049719095230102,HSPD012,conch,1,1.0,200,human,skin,melanoma
melanocyte.,49,train_mean,0.8754643797874451,0.3944486379623413,HSPD012,conch,1,1.0,200,human,skin,melanoma
melanocyte.,49,coordinate,0.9517702460289,0.1858274191617965,HSPD012,conch,1,1.0,200,human,skin,melanoma
melanocyte.,49,image,0.9818812012672424,0.1634388715028762,HSPD012,conch,1,1.0,200,human,skin,melanoma
melanocyte.,49,spatial_knn,0.96420818567276,0.1736463606357574,HSPD012,conch,1,1.0,200,human,skin,melanoma
monocyte.,48,train_mean,0.5443544387817383,0.2911753952503204,HSPD012,conch,1,1.0,200,human,skin,melanoma
monocyte.,48,coordinate,0.1790913641452789,0.5901651978492737,HSPD012,conch,1,1.0,200,human,skin,melanoma
monocyte.,48,image,0.8702298402786255,0.1749386638402938,HSPD012,conch,1,1.0,200,human,skin,melanoma
monocyte.,48,spatial_knn,0.3357296288013458,0.4290436804294586,HSPD012,conch,1,1.0,200,human,skin,melanoma
smooth muscle cell.,38,train_mean,0.3150266706943512,0.3947451114654541,HSPD012,conch,1,1.0,200,human,skin,melanoma
smooth muscle cell.,38,coordinate,0.2471658587455749,0.5613014698028564,HSPD012,conch,1,1.0,200,human,skin,melanoma
smooth muscle cell.,38,image,0.5161197185516357,0.3531507551670074,HSPD012,conch,1,1.0,200,human,skin,melanoma
smooth muscle cell.,38,spatial_knn,0.2308374047279358,0.4525937736034393,HSPD012,conch,1,1.0,200,human,skin,melanoma
T cell.,273,train_mean,0.6682977080345154,0.2056183069944381,HSPD012,conch,2,1.0,200,human,skin,melanoma
T cell.,273,coordinate,0.3161188960075378,0.6575478315353394,HSPD012,conch,2,1.0,200,human,skin,melanoma
T cell.,273,image,0.854684591293335,0.1274499148130417,HSPD012,conch,2,1.0,200,human,skin,melanoma
T cell.,273,spatial_knn,0.5781118273735046,0.3183100521564483,HSPD012,conch,2,1.0,200,human,skin,melanoma
basal cell of epidermis.,72,train_mean,0.2077846229076385,0.5419629216194153,HSPD012,conch,2,1.0,200,human,skin,melanoma
basal cell of epidermis.,72,coordinate,0.2604773938655853,0.774409294128418,HSPD012,conch,2,1.0,200,human,skin,melanoma
basal cell of epidermis.,72,image,0.910348415374756,0.2765122652053833,HSPD012,conch,2,1.0,200,human,skin,melanoma
basal cell of epidermis.,72,spatial_knn,0.1572425663471222,0.6359448432922363,HSPD012,conch,2,1.0,200,human,skin,melanoma
basal cell.,28,train_mean,0.7235153913497925,0.3128130435943603,HSPD012,conch,2,1.0,200,human,skin,melanoma
basal cell.,28,coordinate,0.8552685976028442,0.4483480155467987,HSPD012,conch,2,1.0,200,human,skin,melanoma
basal cell.,28,image,0.8936287760734558,0.2306655049324035,HSPD012,conch,2,1.0,200,human,skin,melanoma
basal cell.,28,spatial_knn,0.8317105770111084,0.2965632975101471,HSPD012,conch,2,1.0,200,human,skin,melanoma
endothelial cell.,118,train_mean,0.7962639927864075,0.1699888110160827,HSPD012,conch,2,1.0,200,human,skin,melanoma
endothelial cell.,118,coordinate,0.4745999276638031,0.6095548868179321,HSPD012,conch,2,1.0,200,human,skin,melanoma
endothelial cell.,118,image,0.8339017629623413,0.1551354527473449,HSPD012,conch,2,1.0,200,human,skin,melanoma
endothelial cell.,118,spatial_knn,0.5670133233070374,0.4058343470096588,HSPD012,conch,2,1.0,200,human,skin,melanoma
epithelial cell of esophagus.,95,train_mean,-0.0535107217729091,0.8154787421226501,HSPD012,conch,2,1.0,200,human,skin,melanoma
epithelial cell of esophagus.,95,coordinate,0.0412686876952648,1.049557089805603,HSPD012,conch,2,1.0,200,human,skin,melanoma
epithelial cell of esophagus.,95,image,0.9676515460014344,0.3190364837646484,HSPD012,conch,2,1.0,200,human,skin,melanoma
epithelial cell of esophagus.,95,spatial_knn,-0.0699661001563072,0.9240455031394958,HSPD012,conch,2,1.0,200,human,skin,melanoma
fibroblast.,153,train_mean,0.6743028163909912,0.2206085920333862,HSPD012,conch,2,1.0,200,human,skin,melanoma
fibroblast.,153,coordinate,0.1849325597286224,0.6824308037757874,HSPD012,conch,2,1.0,200,human,skin,melanoma
fibroblast.,153,image,0.7244261503219604,0.2020906060934066,HSPD012,conch,2,1.0,200,human,skin,melanoma
fibroblast.,153,spatial_knn,0.4099986553192138,0.3622980713844299,HSPD012,conch,2,1.0,200,human,skin,melanoma
keratinocyte.,93,train_mean,0.0193419344723224,0.7797989249229431,HSPD012,conch,2,1.0,200,human,skin,melanoma
keratinocyte.,93,coordinate,0.1472761631011963,0.9685633182525636,HSPD012,conch,2,1.0,200,human,skin,melanoma
keratinocyte.,93,image,0.9499072432518004,0.3741603195667267,HSPD012,conch,2,1.0,200,human,skin,melanoma
keratinocyte.,93,spatial_knn,0.0092927403748035,0.8600265383720398,HSPD012,conch,2,1.0,200,human,skin,melanoma
macrophage.,702,train_mean,0.8813472986221313,0.1587407290935516,HSPD012,conch,2,1.0,200,human,skin,melanoma
macrophage.,702,coordinate,0.7229351997375488,0.4979778528213501,HSPD012,conch,2,1.0,200,human,skin,melanoma
macrophage.,702,image,0.9191462993621826,0.1277859359979629,HSPD012,conch,2,1.0,200,human,skin,melanoma
macrophage.,702,spatial_knn,0.8541529178619385,0.2280149459838867,HSPD012,conch,2,1.0,200,human,skin,melanoma
malignant cell.,356,train_mean,0.7812539339065552,0.3792526423931122,HSPD012,conch,2,1.0,200,human,skin,melanoma
malignant cell.,356,coordinate,0.959916651248932,0.2258423566818237,HSPD012,conch,2,1.0,200,human,skin,melanoma
malignant cell.,356,image,0.9742013812065125,0.1444193869829177,HSPD012,conch,2,1.0,200,human,skin,melanoma
malignant cell.,356,spatial_knn,0.956382691860199,0.158873051404953,HSPD012,conch,2,1.0,200,human,skin,melanoma
melanocyte.,210,train_mean,0.7709231376647949,0.4408943653106689,HSPD012,conch,2,1.0,200,human,skin,melanoma
melanocyte.,210,coordinate,0.9827297925949096,0.1382421255111694,HSPD012,conch,2,1.0,200,human,skin,melanoma
melanocyte.,210,image,0.986217737197876,0.1117409840226173,HSPD012,conch,2,1.0,200,human,skin,melanoma
melanocyte.,210,spatial_knn,0.9870928525924684,0.0966627076268196,HSPD012,conch,2,1.0,200,human,skin,melanoma
monocyte.,65,train_mean,0.5868453979492188,0.2718734741210937,HSPD012,conch,2,1.0,200,human,skin,melanoma
monocyte.,65,coordinate,0.1549361497163772,0.7068249583244324,HSPD012,conch,2,1.0,200,human,skin,melanoma
monocyte.,65,image,0.7667247653007507,0.2144285291433334,HSPD012,conch,2,1.0,200,human,skin,melanoma
monocyte.,65,spatial_knn,0.4416841268539428,0.3774953782558441,HSPD012,conch,2,1.0,200,human,skin,melanoma
natural killer cell.,32,train_mean,0.5708039999008179,0.2334933876991272,HSPD012,conch,2,1.0,200,human,skin,melanoma
natural killer cell.,32,coordinate,0.1922579705715179,0.7054666876792908,HSPD012,conch,2,1.0,200,human,skin,melanoma
natural killer cell.,32,image,0.772739827632904,0.1506261974573135,HSPD012,conch,2,1.0,200,human,skin,melanoma
natural killer cell.,32,spatial_knn,0.3679392337799072,0.4281871020793915,HSPD012,conch,2,1.0,200,human,skin,melanoma
oligodendrocyte.,55,train_mean,0.7575922608375549,0.3614228665828705,HSPD012,conch,2,1.0,200,human,skin,melanoma
oligodendrocyte.,55,coordinate,0.9831213355064392,0.2060623317956924,HSPD012,conch,2,1.0,200,human,skin,melanoma
oligodendrocyte.,55,image,0.983147919178009,0.1220224127173423,HSPD012,conch,2,1.0,200,human,skin,melanoma
oligodendrocyte.,55,spatial_knn,0.980787992477417,0.1587193459272384,HSPD012,conch,2,1.0,200,human,skin,melanoma
"CD8-positive, alpha-beta T cell.",46,train_mean,0.3109077513217926,0.3217305541038513,HSPD012,conch,3,1.0,200,human,skin,melanoma
"CD8-positive, alpha-beta T cell.",46,coordinate,0.7189619541168213,0.1653179824352264,HSPD012,conch,3,1.0,200,human,skin,melanoma
"CD8-positive, alpha-beta T cell.",46,image,0.8493937253952026,0.1133543103933334,HSPD012,conch,3,1.0,200,human,skin,melanoma
"CD8-positive, alpha-beta T cell.",46,spatial_knn,0.7039442658424377,0.1894841939210891,HSPD012,conch,3,1.0,200,human,skin,melanoma
T cell.,530,train_mean,0.3857462108135223,0.3063914775848388,HSPD012,conch,3,1.0,200,human,skin,melanoma
T cell.,530,coordinate,0.6464105248451233,0.2001699060201645,HSPD012,conch,3,1.0,200,human,skin,melanoma
T cell.,530,image,0.9277767539024352,0.0831484571099281,HSPD012,conch,3,1.0,200,human,skin,melanoma
T cell.,530,spatial_knn,0.7432126998901367,0.1784468442201614,HSPD012,conch,3,1.0,200,human,skin,melanoma
basal cell of epidermis.,115,train_mean,0.1943577080965042,0.5570432543754578,HSPD012,conch,3,1.0,200,human,skin,melanoma
basal cell of epidermis.,115,coordinate,0.3238528072834015,0.620539128780365,HSPD012,conch,3,1.0,200,human,skin,melanoma
basal cell of epidermis.,115,image,0.8200779557228088,0.3382198810577392,HSPD012,conch,3,1.0,200,human,skin,melanoma
basal cell of epidermis.,115,spatial_knn,0.020800283178687,0.5953989624977112,HSPD012,conch,3,1.0,200,human,skin,melanoma
classical monocyte.,37,train_mean,0.4212704002857208,0.3063263297080993,HSPD012,conch,3,1.0,200,human,skin,melanoma
classical monocyte.,37,coordinate,0.6169391870498657,0.2103044688701629,HSPD012,conch,3,1.0,200,human,skin,melanoma
classical monocyte.,37,image,0.887208104133606,0.115170769393444,HSPD012,conch,3,1.0,200,human,skin,melanoma
classical monocyte.,37,spatial_knn,0.7538636326789856,0.1793617457151413,HSPD012,conch,3,1.0,200,human,skin,melanoma
cultured cell.,28,train_mean,0.1265064477920532,0.4957408607006073,HSPD012,conch,3,1.0,200,human,skin,melanoma
cultured cell.,28,coordinate,0.2754826545715332,0.6797066330909729,HSPD012,conch,3,1.0,200,human,skin,melanoma
cultured cell.,28,image,0.84032142162323,0.2593806087970733,HSPD012,conch,3,1.0,200,human,skin,melanoma
cultured cell.,28,spatial_knn,-0.0164508093148469,0.5314798951148987,HSPD012,conch,3,1.0,200,human,skin,melanoma
endothelial cell.,202,train_mean,0.4439426362514496,0.2934682369232178,HSPD012,conch,3,1.0,200,human,skin,melanoma
endothelial cell.,202,coordinate,0.4161850810050964,0.3684402704238891,HSPD012,conch,3,1.0,200,human,skin,melanoma
endothelial cell.,202,image,0.8548995852470398,0.1343124955892563,HSPD012,conch,3,1.0,200,human,skin,melanoma
endothelial cell.,202,spatial_knn,0.7953519225120544,0.1819028407335281,HSPD012,conch,3,1.0,200,human,skin,melanoma
epithelial cell of esophagus.,131,train_mean,-0.0435193069279193,0.8450677990913391,HSPD012,conch,3,1.0,200,human,skin,melanoma
epithelial cell of esophagus.,131,coordinate,0.4053623676300049,0.7698407173156738,HSPD012,conch,3,1.0,200,human,skin,melanoma
epithelial cell of esophagus.,131,image,0.8583309650421143,0.447576493024826,HSPD012,conch,3,1.0,200,human,skin,melanoma
epithelial cell of esophagus.,131,spatial_knn,-0.1975088715553283,0.8708074688911438,HSPD012,conch,3,1.0,200,human,skin,melanoma
epithelial cell.,27,train_mean,0.464312881231308,0.3067083060741424,HSPD012,conch,3,1.0,200,human,skin,melanoma
epithelial cell.,27,coordinate,0.2239083498716354,0.6135090589523315,HSPD012,conch,3,1.0,200,human,skin,melanoma
epithelial cell.,27,image,0.830565333366394,0.1717303991317749,HSPD012,conch,3,1.0,200,human,skin,melanoma
epithelial cell.,27,spatial_knn,0.2539030611515045,0.3592212498188019,HSPD012,conch,3,1.0,200,human,skin,melanoma
fibroblast of cardiac tissue.,22,train_mean,0.3204158544540405,0.3642841279506683,HSPD012,conch,3,1.0,200,human,skin,melanoma
fibroblast of cardiac tissue.,22,coordinate,0.3381041288375854,0.5983582139015198,HSPD012,conch,3,1.0,200,human,skin,melanoma
fibroblast of cardiac tissue.,22,image,0.874505877494812,0.1624068468809127,HSPD012,conch,3,1.0,200,human,skin,melanoma
fibroblast of cardiac tissue.,22,spatial_knn,0.8925336599349976,0.2003617584705352,HSPD012,conch,3,1.0,200,human,skin,melanoma
fibroblast.,377,train_mean,0.4098135232925415,0.3523755073547363,HSPD012,conch,3,1.0,200,human,skin,melanoma
fibroblast.,377,coordinate,0.3881321251392364,0.516456127166748,HSPD012,conch,3,1.0,200,human,skin,melanoma
fibroblast.,377,image,0.9304121136665344,0.1528601050376892,HSPD012,conch,3,1.0,200,human,skin,melanoma
fibroblast.,377,spatial_knn,0.8737726807594299,0.1734460890293121,HSPD012,conch,3,1.0,200,human,skin,melanoma
keratinocyte.,62,train_mean,-0.0239924546331167,0.7920533418655396,HSPD012,conch,3,1.0,200,human,skin,melanoma
keratinocyte.,62,coordinate,0.4623698592185974,0.6749795079231262,HSPD012,conch,3,1.0,200,human,skin,melanoma
keratinocyte.,62,image,0.8235778212547302,0.4555530846118927,HSPD012,conch,3,1.0,200,human,skin,melanoma
keratinocyte.,62,spatial_knn,-0.1676532179117202,0.8141452670097351,HSPD012,conch,3,1.0,200,human,skin,melanoma
macrophage.,506,train_mean,0.5122938752174377,0.2795738577842712,HSPD012,conch,3,1.0,200,human,skin,melanoma
macrophage.,506,coordinate,0.4658468663692474,0.3450064957141876,HSPD012,conch,3,1.0,200,human,skin,melanoma
macrophage.,506,image,0.9278784990310668,0.1057632192969322,HSPD012,conch,3,1.0,200,human,skin,melanoma
macrophage.,506,spatial_knn,0.719943642616272,0.2023240178823471,HSPD012,conch,3,1.0,200,human,skin,melanoma
malignant cell.,72,train_mean,0.796988308429718,0.229043960571289,HSPD012,conch,3,1.0,200,human,skin,melanoma
malignant cell.,72,coordinate,0.8430118560791016,0.2276394516229629,HSPD012,conch,3,1.0,200,human,skin,melanoma
malignant cell.,72,image,0.911376178264618,0.1592054367065429,HSPD012,conch,3,1.0,200,human,skin,melanoma
malignant cell.,72,spatial_knn,0.7759374976158142,0.2422976940870285,HSPD012,conch,3,1.0,200,human,skin,melanoma
monocyte.,55,train_mean,0.4134902954101562,0.3282856941223144,HSPD012,conch,3,1.0,200,human,skin,melanoma
monocyte.,55,coordinate,0.4885660707950592,0.3213221132755279,HSPD012,conch,3,1.0,200,human,skin,melanoma
monocyte.,55,image,0.8412095308303833,0.1748959124088287,HSPD012,conch,3,1.0,200,human,skin,melanoma
monocyte.,55,spatial_knn,0.6233545541763306,0.2522370815277099,HSPD012,conch,3,1.0,200,human,skin,melanoma
natural killer cell.,30,train_mean,0.3363859951496124,0.323070615530014,HSPD012,conch,3,1.0,200,human,skin,melanoma
natural killer cell.,30,coordinate,0.588981032371521,0.2063965201377868,HSPD012,conch,3,1.0,200,human,skin,melanoma
natural killer cell.,30,image,0.8291627168655396,0.124163806438446,HSPD012,conch,3,1.0,200,human,skin,melanoma
natural killer cell.,30,spatial_knn,0.6201556921005249,0.2216396182775497,HSPD012,conch,3,1.0,200,human,skin,melanoma
stratified epithelial cell.,23,train_mean,0.120022527873516,0.6996678113937378,HSPD012,conch,3,1.0,200,human,skin,melanoma
stratified epithelial cell.,23,coordinate,0.5433217883110046,0.598974347114563,HSPD012,conch,3,1.0,200,human,skin,melanoma
stratified epithelial cell.,23,image,0.7342052459716797,0.47528275847435,HSPD012,conch,3,1.0,200,human,skin,melanoma
stratified epithelial cell.,23,spatial_knn,0.0676584988832473,0.711732804775238,HSPD012,conch,3,1.0,200,human,skin,melanoma
B cell.,893,train_mean,0.8968642354011536,0.1082606464624404,HTDX008,conch,0,1.0,200,human,tonsil,reactive follicular hyperplasia
B cell.,893,coordinate,0.7501331567764282,0.1498578935861587,HTDX008,conch,0,1.0,200,human,tonsil,reactive follicular hyperplasia
B cell.,893,image,0.9280583262443542,0.0920559242367744,HTDX008,conch,0,1.0,200,human,tonsil,reactive follicular hyperplasia
B cell.,893,spatial_knn,0.9047489762306212,0.0988136455416679,HTDX008,conch,0,1.0,200,human,tonsil,reactive follicular hyperplasia
"CD8-positive, alpha-beta T cell.",122,train_mean,0.9021291732788086,0.0784279555082321,HTDX008,conch,0,1.0,200,human,tonsil,reactive follicular hyperplasia
"CD8-positive, alpha-beta T cell.",122,coordinate,0.9294305443763732,0.0656182467937469,HTDX008,conch,0,1.0,200,human,tonsil,reactive follicular hyperplasia
"CD8-positive, alpha-beta T cell.",122,image,0.9435059428215028,0.0577008426189422,HTDX008,conch,0,1.0,200,human,tonsil,reactive follicular hyperplasia
"CD8-positive, alpha-beta T cell.",122,spatial_knn,0.8850180506706238,0.0901562273502349,HTDX008,conch,0,1.0,200,human,tonsil,reactive follicular hyperplasia
T cell.,685,train_mean,0.833861231803894,0.112884871661663,HTDX008,conch,0,1.0,200,human,tonsil,reactive follicular hyperplasia
T cell.,685,coordinate,0.9077767133712769,0.09445221722126,HTDX008,conch,0,1.0,200,human,tonsil,reactive follicular hyperplasia
T cell.,685,image,0.911692440509796,0.0858535543084144,HTDX008,conch,0,1.0,200,human,tonsil,reactive follicular hyperplasia
T cell.,685,spatial_knn,0.7843083739280701,0.1282465010881424,HTDX008,conch,0,1.0,200,human,tonsil,reactive follicular hyperplasia
dendritic cell.,36,train_mean,0.8452167510986328,0.1215187236666679,HTDX008,conch,0,1.0,200,human,tonsil,reactive follicular hyperplasia
dendritic cell.,36,coordinate,0.596386730670929,0.1865871250629425,HTDX008,conch,0,1.0,200,human,tonsil,reactive follicular hyperplasia
dendritic cell.,36,image,0.8749310970306396,0.1061150059103965,HTDX008,conch,0,1.0,200,human,tonsil,reactive follicular hyperplasia
dendritic cell.,36,spatial_knn,0.7579565644264221,0.1450167894363403,HTDX008,conch,0,1.0,200,human,tonsil,reactive follicular hyperplasia
endothelial cell.,185,train_mean,0.4716952741146087,0.1686683595180511,HTDX008,conch,0,1.0,200,human,tonsil,reactive follicular hyperplasia
endothelial cell.,185,coordinate,0.3675923943519592,0.1902771741151809,HTDX008,conch,0,1.0,200,human,tonsil,reactive follicular hyperplasia
endothelial cell.,185,image,0.6982003450393677,0.1211664527654647,HTDX008,conch,0,1.0,200,human,tonsil,reactive follicular hyperplasia
endothelial cell.,185,spatial_knn,0.4138094782829284,0.1883083581924438,HTDX008,conch,0,1.0,200,human,tonsil,reactive follicular hyperplasia
enterocyte.,94,train_mean,0.0963342636823654,0.4781504571437835,HTDX008,conch,0,1.0,200,human,tonsil,reactive follicular hyperplasia
enterocyte.,94,coordinate,0.1542095839977264,0.4700868129730224,HTDX008,conch,0,1.0,200,human,tonsil,reactive follicular hyperplasia
enterocyte.,94,image,0.9667471051216124,0.1548892110586166,HTDX008,conch,0,1.0,200,human,tonsil,reactive follicular hyperplasia
enterocyte.,94,spatial_knn,0.1374604701995849,0.4720339477062225,HTDX008,conch,0,1.0,200,human,tonsil,reactive follicular hyperplasia
macrophage.,101,train_mean,0.6848329901695251,0.1465312242507934,HTDX008,conch,0,1.0,200,human,tonsil,reactive follicular hyperplasia
macrophage.,101,coordinate,0.6228122115135193,0.1711383759975433,HTDX008,conch,0,1.0,200,human,tonsil,reactive follicular hyperplasia
macrophage.,101,image,0.7237394452095032,0.136903315782547,HTDX008,conch,0,1.0,200,human,tonsil,reactive follicular hyperplasia
macrophage.,101,spatial_knn,0.6504595875740051,0.1596197187900543,HTDX008,conch,0,1.0,200,human,tonsil,reactive follicular hyperplasia
monocyte.,34,train_mean,0.6793829798698425,0.1641604006290435,HTDX008,conch,0,1.0,200,human,tonsil,reactive follicular hyperplasia
monocyte.,34,coordinate,0.6782901287078857,0.1741713732481002,HTDX008,conch,0,1.0,200,human,tonsil,reactive follicular hyperplasia
monocyte.,34,image,0.7153946757316589,0.1572447121143341,HTDX008,conch,0,1.0,200,human,tonsil,reactive follicular hyperplasia
monocyte.,34,spatial_knn,0.669416069984436,0.1696560233831405,HTDX008,conch,0,1.0,200,human,tonsil,reactive follicular hyperplasia
natural killer cell.,86,train_mean,0.8236892223358154,0.1051528304815292,HTDX008,conch,0,1.0,200,human,tonsil,reactive follicular hyperplasia
natural killer cell.,86,coordinate,0.8739525079727173,0.102953165769577,HTDX008,conch,0,1.0,200,human,tonsil,reactive follicular hyperplasia
natural killer cell.,86,image,0.8682321310043335,0.0932073518633842,HTDX008,conch,0,1.0,200,human,tonsil,reactive follicular hyperplasia
natural killer cell.,86,spatial_knn,0.785212516784668,0.1190417781472206,HTDX008,conch,0,1.0,200,human,tonsil,reactive follicular hyperplasia
B cell.,858,train_mean,0.8816366791725159,0.1137622371315956,HTDX008,conch,1,1.0,200,human,tonsil,reactive follicular hyperplasia
B cell.,858,coordinate,0.8681495189666748,0.1195235326886177,HTDX008,conch,1,1.0,200,human,tonsil,reactive follicular hyperplasia
B cell.,858,image,0.9450742602348328,0.0862766057252883,HTDX008,conch,1,1.0,200,human,tonsil,reactive follicular hyperplasia
B cell.,858,spatial_knn,0.9357710480690002,0.0885790586471557,HTDX008,conch,1,1.0,200,human,tonsil,reactive follicular hyperplasia
"CD8-positive, alpha-beta T cell.",113,train_mean,0.906665027141571,0.0747190415859222,HTDX008,conch,1,1.0,200,human,tonsil,reactive follicular hyperplasia
"CD8-positive, alpha-beta T cell.",113,coordinate,0.5181792378425598,0.2083227038383484,HTDX008,conch,1,1.0,200,human,tonsil,reactive follicular hyperplasia
"CD8-positive, alpha-beta T cell.",113,image,0.9282984733581544,0.0636470541357994,HTDX008,conch,1,1.0,200,human,tonsil,reactive follicular hyperplasia
"CD8-positive, alpha-beta T cell.",113,spatial_knn,0.8064193725585938,0.105711743235588,HTDX008,conch,1,1.0,200,human,tonsil,reactive follicular hyperplasia
T cell.,566,train_mean,0.8508756756782532,0.1091514229774475,HTDX008,conch,1,1.0,200,human,tonsil,reactive follicular hyperplasia
T cell.,566,coordinate,0.4305218160152435,0.2290795296430587,HTDX008,conch,1,1.0,200,human,tonsil,reactive follicular hyperplasia
T cell.,566,image,0.8879294991493225,0.0969927385449409,HTDX008,conch,1,1.0,200,human,tonsil,reactive follicular hyperplasia
T cell.,566,spatial_knn,0.7050246596336365,0.1470916718244552,HTDX008,conch,1,1.0,200,human,tonsil,reactive follicular hyperplasia
dendritic cell.,32,train_mean,0.6547326445579529,0.223356619477272,HTDX008,conch,1,1.0,200,human,tonsil,reactive follicular hyperplasia
dendritic cell.,32,coordinate,0.8635845184326172,0.146490529179573,HTDX008,conch,1,1.0,200,human,tonsil,reactive follicular hyperplasia
dendritic cell.,32,image,0.9244256615638732,0.1505004465579986,HTDX008,conch,1,1.0,200,human,tonsil,reactive follicular hyperplasia
dendritic cell.,32,spatial_knn,0.7499881982803345,0.1946485340595245,HTDX008,conch,1,1.0,200,human,tonsil,reactive follicular hyperplasia
endothelial cell.,220,train_mean,0.2997685372829437,0.2249848693609237,HTDX008,conch,1,1.0,200,human,tonsil,reactive follicular hyperplasia
endothelial cell.,220,coordinate,0.576494038105011,0.201774924993515,HTDX008,conch,1,1.0,200,human,tonsil,reactive follicular hyperplasia
endothelial cell.,220,image,0.8090680241584778,0.1244781464338302,HTDX008,conch,1,1.0,200,human,tonsil,reactive follicular hyperplasia
endothelial cell.,220,spatial_knn,0.3654060959815979,0.2188338935375213,HTDX008,conch,1,1.0,200,human,tonsil,reactive follicular hyperplasia
enterocyte.,196,train_mean,0.0086412131786346,0.4993011951446533,HTDX008,conch,1,1.0,200,human,tonsil,reactive follicular hyperplasia
enterocyte.,196,coordinate,0.4178372025489807,0.4281497001647949,HTDX008,conch,1,1.0,200,human,tonsil,reactive follicular hyperplasia
enterocyte.,196,image,0.937372624874115,0.2388626188039779,HTDX008,conch,1,1.0,200,human,tonsil,reactive follicular hyperplasia
enterocyte.,196,spatial_knn,0.0855413228273391,0.4933783411979675,HTDX008,conch,1,1.0,200,human,tonsil,reactive follicular hyperplasia
epithelial cell.,23,train_mean,0.104691281914711,0.4196150302886963,HTDX008,conch,1,1.0,200,human,tonsil,reactive follicular hyperplasia
epithelial cell.,23,coordinate,0.4638285934925079,0.3564667701721191,HTDX008,conch,1,1.0,200,human,tonsil,reactive follicular hyperplasia
epithelial cell.,23,image,0.9027698040008544,0.1980028450489044,HTDX008,conch,1,1.0,200,human,tonsil,reactive follicular hyperplasia
epithelial cell.,23,spatial_knn,0.1233614683151245,0.4187113046646118,HTDX008,conch,1,1.0,200,human,tonsil,reactive follicular hyperplasia
fibroblast.,23,train_mean,0.3762215077877044,0.1733129471540451,HTDX008,conch,1,1.0,200,human,tonsil,reactive follicular hyperplasia
fibroblast.,23,coordinate,0.2697823643684387,0.250329852104187,HTDX008,conch,1,1.0,200,human,tonsil,reactive follicular hyperplasia
fibroblast.,23,image,0.4373429715633392,0.1530808210372924,HTDX008,conch,1,1.0,200,human,tonsil,reactive follicular hyperplasia
fibroblast.,23,spatial_knn,0.4171803891658783,0.1633806377649307,HTDX008,conch,1,1.0,200,human,tonsil,reactive follicular hyperplasia
foveolar cell of stomach.,38,train_mean,0.0546238608658313,0.4168754816055298,HTDX008,conch,1,1.0,200,human,tonsil,reactive follicular hyperplasia
foveolar cell of stomach.,38,coordinate,0.3719236552715301,0.3743447363376617,HTDX008,conch,1,1.0,200,human,tonsil,reactive follicular hyperplasia
foveolar cell of stomach.,38,image,0.839486300945282,0.2445696890354156,HTDX008,conch,1,1.0,200,human,tonsil,reactive follicular hyperplasia
foveolar cell of stomach.,38,spatial_knn,0.1696584820747375,0.4068194031715393,HTDX008,conch,1,1.0,200,human,tonsil,reactive follicular hyperplasia
macrophage.,70,train_mean,0.6563942432403564,0.1544422209262848,HTDX008,conch,1,1.0,200,human,tonsil,reactive follicular hyperplasia
macrophage.,70,coordinate,0.6787596344947815,0.1664681583642959,HTDX008,conch,1,1.0,200,human,tonsil,reactive follicular hyperplasia
macrophage.,70,image,0.8158513307571411,0.1135796457529068,HTDX008,conch,1,1.0,200,human,tonsil,reactive follicular hyperplasia
macrophage.,70,spatial_knn,0.665452241897583,0.1544267237186432,HTDX008,conch,1,1.0,200,human,tonsil,reactive follicular hyperplasia
myeloid cell.,20,train_mean,0.6498099565505981,0.1402529925107956,HTDX008,conch,1,1.0,200,human,tonsil,reactive follicular hyperplasia
myeloid cell.,20,coordinate,0.7172982096672058,0.1543065011501312,HTDX008,conch,1,1.0,200,human,tonsil,reactive follicular hyperplasia
myeloid cell.,20,image,0.7525582313537598,0.1157017946243286,HTDX008,conch,1,1.0,200,human,tonsil,reactive follicular hyperplasia
myeloid cell.,20,spatial_knn,0.7040771245956421,0.1294122040271759,HTDX008,conch,1,1.0,200,human,tonsil,reactive follicular hyperplasia
natural killer cell.,55,train_mean,0.8796622157096863,0.0828002989292144,HTDX008,conch,1,1.0,200,human,tonsil,reactive follicular hyperplasia
natural killer cell.,55,coordinate,0.4898822009563446,0.2135270237922668,HTDX008,conch,1,1.0,200,human,tonsil,reactive follicular hyperplasia
natural killer cell.,55,image,0.8205229043960571,0.0979844853281974,HTDX008,conch,1,1.0,200,human,tonsil,reactive follicular hyperplasia
natural killer cell.,55,spatial_knn,0.8058004379272461,0.1042485386133194,HTDX008,conch,1,1.0,200,human,tonsil,reactive follicular hyperplasia
B cell.,808,train_mean,0.8925633430480957,0.1036733984947204,HTDX008,conch,2,1.0,200,human,tonsil,reactive follicular hyperplasia
B cell.,808,coordinate,0.8853567242622375,0.1031611710786819,HTDX008,conch,2,1.0,200,human,tonsil,reactive follicular hyperplasia
B cell.,808,image,0.9630979895591736,0.066694401204586,HTDX008,conch,2,1.0,200,human,tonsil,reactive follicular hyperplasia
B cell.,808,spatial_knn,0.972258985042572,0.0599992647767066,HTDX008,conch,2,1.0,200,human,tonsil,reactive follicular hyperplasia
"CD8-positive, alpha-beta T cell.",117,train_mean,0.8756395578384399,0.0895802974700927,HTDX008,conch,2,1.0,200,human,tonsil,reactive follicular hyperplasia
"CD8-positive, alpha-beta T cell.",117,coordinate,0.5629869103431702,0.173097625374794,HTDX008,conch,2,1.0,200,human,tonsil,reactive follicular hyperplasia
"CD8-positive, alpha-beta T cell.",117,image,0.8812479972839355,0.0799733996391296,HTDX008,conch,2,1.0,200,human,tonsil,reactive follicular hyperplasia
"CD8-positive, alpha-beta T cell.",117,spatial_knn,0.7688064575195312,0.1196769773960113,HTDX008,conch,2,1.0,200,human,tonsil,reactive follicular hyperplasia
T cell.,610,train_mean,0.8370382189750671,0.1077133268117904,HTDX008,conch,2,1.0,200,human,tonsil,reactive follicular hyperplasia
T cell.,610,coordinate,0.5064206123352051,0.1926658004522323,HTDX008,conch,2,1.0,200,human,tonsil,reactive follicular hyperplasia
T cell.,610,image,0.8484236598014832,0.1035969778895378,HTDX008,conch,2,1.0,200,human,tonsil,reactive follicular hyperplasia
T cell.,610,spatial_knn,0.7024116516113281,0.147770270705223,HTDX008,conch,2,1.0,200,human,tonsil,reactive follicular hyperplasia
dendritic cell.,38,train_mean,0.7756627798080444,0.1516359895467758,HTDX008,conch,2,1.0,200,human,tonsil,reactive follicular hyperplasia
dendritic cell.,38,coordinate,0.8631659150123596,0.1214474588632583,HTDX008,conch,2,1.0,200,human,tonsil,reactive follicular hyperplasia
dendritic cell.,38,image,0.8886291980743408,0.1121012270450592,HTDX008,conch,2,1.0,200,human,tonsil,reactive follicular hyperplasia
dendritic cell.,38,spatial_knn,0.7781966328620911,0.1578323990106582,HTDX008,conch,2,1.0,200,human,tonsil,reactive follicular hyperplasia
endothelial cell of vascular tree.,21,train_mean,0.2164685428142547,0.1919202506542205,HTDX008,conch,2,1.0,200,human,tonsil,reactive follicular hyperplasia
endothelial cell of vascular tree.,21,coordinate,0.3350752592086792,0.2080927342176437,HTDX008,conch,2,1.0,200,human,tonsil,reactive follicular hyperplasia
endothelial cell of vascular tree.,21,image,0.3895243704319,0.1552276462316513,HTDX008,conch,2,1.0,200,human,tonsil,reactive follicular hyperplasia
endothelial cell of vascular tree.,21,spatial_knn,0.1991477459669113,0.1972162723541259,HTDX008,conch,2,1.0,200,human,tonsil,reactive follicular hyperplasia
endothelial cell.,233,train_mean,0.5387071371078491,0.1342711597681045,HTDX008,conch,2,1.0,200,human,tonsil,reactive follicular hyperplasia
endothelial cell.,233,coordinate,0.6469337344169617,0.157551497220993,HTDX008,conch,2,1.0,200,human,tonsil,reactive follicular hyperplasia
endothelial cell.,233,image,0.7344281077384949,0.0898411273956298,HTDX008,conch,2,1.0,200,human,tonsil,reactive follicular hyperplasia
endothelial cell.,233,spatial_knn,0.4528276026248932,0.1508418619632721,HTDX008,conch,2,1.0,200,human,tonsil,reactive follicular hyperplasia
enterocyte.,83,train_mean,0.1164103895425796,0.3405945897102356,HTDX008,conch,2,1.0,200,human,tonsil,reactive follicular hyperplasia
enterocyte.,83,coordinate,0.5332945585250854,0.2716366648674011,HTDX008,conch,2,1.0,200,human,tonsil,reactive follicular hyperplasia
enterocyte.,83,image,0.9327479600906372,0.1344384402036667,HTDX008,conch,2,1.0,200,human,tonsil,reactive follicular hyperplasia
enterocyte.,83,spatial_knn,0.0450132004916667,0.3590758740901947,HTDX008,conch,2,1.0,200,human,tonsil,reactive follicular hyperplasia
fibroblast.,28,train_mean,0.3506499826908111,0.1795653253793716,HTDX008,conch,2,1.0,200,human,tonsil,reactive follicular hyperplasia
fibroblast.,28,coordinate,0.2393178343772888,0.2286835759878158,HTDX008,conch,2,1.0,200,human,tonsil,reactive follicular hyperplasia
fibroblast.,28,image,0.4217489659786224,0.1550529450178146,HTDX008,conch,2,1.0,200,human,tonsil,reactive follicular hyperplasia
fibroblast.,28,spatial_knn,0.3704548478126526,0.1851285248994827,HTDX008,conch,2,1.0,200,human,tonsil,reactive follicular hyperplasia
macrophage.,109,train_mean,0.6668155193328857,0.1208900734782219,HTDX008,conch,2,1.0,200,human,tonsil,reactive follicular hyperplasia
macrophage.,109,coordinate,0.592948317527771,0.1589512974023819,HTDX008,conch,2,1.0,200,human,tonsil,reactive follicular hyperplasia
macrophage.,109,image,0.6865532398223877,0.1011045426130294,HTDX008,conch,2,1.0,200,human,tonsil,reactive follicular hyperplasia
macrophage.,109,spatial_knn,0.6476050615310669,0.1266357749700546,HTDX008,conch,2,1.0,200,human,tonsil,reactive follicular hyperplasia
myeloid cell.,41,train_mean,0.6462065577507019,0.1248256787657737,HTDX008,conch,2,1.0,200,human,tonsil,reactive follicular hyperplasia
myeloid cell.,41,coordinate,0.669654130935669,0.1607801914215088,HTDX008,conch,2,1.0,200,human,tonsil,reactive follicular hyperplasia
myeloid cell.,41,image,0.6119347810745239,0.1078298166394233,HTDX008,conch,2,1.0,200,human,tonsil,reactive follicular hyperplasia
myeloid cell.,41,spatial_knn,0.652109682559967,0.1278870999813079,HTDX008,conch,2,1.0,200,human,tonsil,reactive follicular hyperplasia
natural killer cell.,74,train_mean,0.8406434655189514,0.087735466659069,HTDX008,conch,2,1.0,200,human,tonsil,reactive follicular hyperplasia
natural killer cell.,74,coordinate,0.5324124693870544,0.1718069463968277,HTDX008,conch,2,1.0,200,human,tonsil,reactive follicular hyperplasia
natural killer cell.,74,image,0.8305060863494873,0.0842534452676773,HTDX008,conch,2,1.0,200,human,tonsil,reactive follicular hyperplasia
natural killer cell.,74,spatial_knn,0.7389155626296997,0.1216369569301605,HTDX008,conch,2,1.0,200,human,tonsil,reactive follicular hyperplasia
B cell.,1027,train_mean,0.8895946741104126,0.0974379405379295,HTDX008,conch,3,1.0,200,human,tonsil,reactive follicular hyperplasia
B cell.,1027,coordinate,0.4785879850387573,0.1840508431196212,HTDX008,conch,3,1.0,200,human,tonsil,reactive follicular hyperplasia
B cell.,1027,image,0.9397157430648804,0.0720387995243072,HTDX008,conch,3,1.0,200,human,tonsil,reactive follicular hyperplasia
B cell.,1027,spatial_knn,0.765762448310852,0.1298384219408035,HTDX008,conch,3,1.0,200,human,tonsil,reactive follicular hyperplasia
"CD8-positive, alpha-beta T cell.",168,train_mean,0.9019492864608764,0.0841362401843071,HTDX008,conch,3,1.0,200,human,tonsil,reactive follicular hyperplasia
"CD8-positive, alpha-beta T cell.",168,coordinate,0.8358637094497681,0.0908144637942314,HTDX008,conch,3,1.0,200,human,tonsil,reactive follicular hyperplasia
"CD8-positive, alpha-beta T cell.",168,image,0.933761715888977,0.066359631717205,HTDX008,conch,3,1.0,200,human,tonsil,reactive follicular hyperplasia
"CD8-positive, alpha-beta T cell.",168,spatial_knn,0.9183756709098816,0.0798270255327224,HTDX008,conch,3,1.0,200,human,tonsil,reactive follicular hyperplasia
T cell.,656,train_mean,0.8665879964828491,0.0930697992444038,HTDX008,conch,3,1.0,200,human,tonsil,reactive follicular hyperplasia
T cell.,656,coordinate,0.9034817218780518,0.0774884819984436,HTDX008,conch,3,1.0,200,human,tonsil,reactive follicular hyperplasia
T cell.,656,image,0.8944550156593323,0.081268772482872,HTDX008,conch,3,1.0,200,human,tonsil,reactive follicular hyperplasia
T cell.,656,spatial_knn,0.9397724866867064,0.0630638524889946,HTDX008,conch,3,1.0,200,human,tonsil,reactive follicular hyperplasia
dendritic cell.,38,train_mean,0.7302882671356201,0.1607753783464431,HTDX008,conch,3,1.0,200,human,tonsil,reactive follicular hyperplasia
dendritic cell.,38,coordinate,0.371805727481842,0.2289975583553314,HTDX008,conch,3,1.0,200,human,tonsil,reactive follicular hyperplasia
dendritic cell.,38,image,0.7904950380325317,0.1420248746871948,HTDX008,conch,3,1.0,200,human,tonsil,reactive follicular hyperplasia
dendritic cell.,38,spatial_knn,0.5877385139465332,0.1929396092891693,HTDX008,conch,3,1.0,200,human,tonsil,reactive follicular hyperplasia
endothelial cell.,138,train_mean,0.5531402230262756,0.1359870135784149,HTDX008,conch,3,1.0,200,human,tonsil,reactive follicular hyperplasia
endothelial cell.,138,coordinate,0.4171343743801117,0.1480017304420471,HTDX008,conch,3,1.0,200,human,tonsil,reactive follicular hyperplasia
endothelial cell.,138,image,0.718771755695343,0.0986946821212768,HTDX008,conch,3,1.0,200,human,tonsil,reactive follicular hyperplasia
endothelial cell.,138,spatial_knn,0.4817346930503845,0.1566827446222305,HTDX008,conch,3,1.0,200,human,tonsil,reactive follicular hyperplasia
enterocyte.,26,train_mean,0.2079482674598693,0.3314631879329681,HTDX008,conch,3,1.0,200,human,tonsil,reactive follicular hyperplasia
enterocyte.,26,coordinate,0.2115937322378158,0.3321242034435272,HTDX008,conch,3,1.0,200,human,tonsil,reactive follicular hyperplasia
enterocyte.,26,image,0.828267514705658,0.19854436814785,HTDX008,conch,3,1.0,200,human,tonsil,reactive follicular hyperplasia
enterocyte.,26,spatial_knn,0.0580825470387935,0.3522496223449707,HTDX008,conch,3,1.0,200,human,tonsil,reactive follicular hyperplasia
macrophage.,85,train_mean,0.677275538444519,0.1301154643297195,HTDX008,conch,3,1.0,200,human,tonsil,reactive follicular hyperplasia
macrophage.,85,coordinate,0.5592467784881592,0.1496959924697876,HTDX008,conch,3,1.0,200,human,tonsil,reactive follicular hyperplasia
macrophage.,85,image,0.7308667302131653,0.1172059029340744,HTDX008,conch,3,1.0,200,human,tonsil,reactive follicular hyperplasia
macrophage.,85,spatial_knn,0.6827511787414551,0.1335218995809555,HTDX008,conch,3,1.0,200,human,tonsil,reactive follicular hyperplasia
natural killer cell.,99,train_mean,0.8724089860916138,0.083899438381195,HTDX008,conch,3,1.0,200,human,tonsil,reactive follicular hyperplasia
natural killer cell.,99,coordinate,0.8340300917625427,0.0868007242679596,HTDX008,conch,3,1.0,200,human,tonsil,reactive follicular hyperplasia
natural killer cell.,99,image,0.9018262028694152,0.0739387869834899,HTDX008,conch,3,1.0,200,human,tonsil,reactive follicular hyperplasia
natural killer cell.,99,spatial_knn,0.9140799641609192,0.0760561972856521,HTDX008,conch,3,1.0,200,human,tonsil,reactive follicular hyperplasia
capillary endothelial cell.,20,train_mean,0.8881381750106812,0.485601544380188,MBDC037,conch,0,1.0,200,mouse,bone,femur
capillary endothelial cell.,20,coordinate,0.2651798725128174,0.6210073232650757,MBDC037,conch,0,1.0,200,mouse,bone,femur
capillary endothelial cell.,20,image,0.8485564589500427,0.5006826519966125,MBDC037,conch,0,1.0,200,mouse,bone,femur
capillary endothelial cell.,20,spatial_knn,0.0925625339150428,0.6669163107872009,MBDC037,conch,0,1.0,200,mouse,bone,femur
cardiac muscle cell.,106,train_mean,0.8812495470046997,0.3003337383270263,MBDC037,conch,0,1.0,200,mouse,bone,femur
cardiac muscle cell.,106,coordinate,0.4809395968914032,0.4159513711929321,MBDC037,conch,0,1.0,200,mouse,bone,femur
cardiac muscle cell.,106,image,0.8500206470489502,0.3142723441123962,MBDC037,conch,0,1.0,200,mouse,bone,femur
cardiac muscle cell.,106,spatial_knn,-0.1401443779468536,0.5194565653800964,MBDC037,conch,0,1.0,200,mouse,bone,femur
cardiac muscle myoblast.,169,train_mean,0.9000760912895203,0.5530875325202942,MBDC037,conch,0,1.0,200,mouse,bone,femur
cardiac muscle myoblast.,169,coordinate,0.3597092628479004,0.6783026456832886,MBDC037,conch,0,1.0,200,mouse,bone,femur
cardiac muscle myoblast.,169,image,0.8677048087120056,0.5667501091957092,MBDC037,conch,0,1.0,200,mouse,bone,femur
cardiac muscle myoblast.,169,spatial_knn,-0.0931193307042121,0.7645081281661987,MBDC037,conch,0,1.0,200,mouse,bone,femur
endothelial cell.,669,train_mean,0.8971981406211853,0.1332682371139526,MBDC037,conch,0,1.0,200,mouse,bone,femur
endothelial cell.,669,coordinate,0.5420569777488708,0.2303306758403778,MBDC037,conch,0,1.0,200,mouse,bone,femur
endothelial cell.,669,image,0.8662778735160828,0.1469152718782425,MBDC037,conch,0,1.0,200,mouse,bone,femur
endothelial cell.,669,spatial_knn,0.2526857852935791,0.2882431447505951,MBDC037,conch,0,1.0,200,mouse,bone,femur
erythroblast.,43,train_mean,0.2615527808666229,0.2844798564910888,MBDC037,conch,0,1.0,200,mouse,bone,femur
erythroblast.,43,coordinate,0.4367780685424804,0.2594702541828155,MBDC037,conch,0,1.0,200,mouse,bone,femur
erythroblast.,43,image,0.327939361333847,0.2693918347358703,MBDC037,conch,0,1.0,200,mouse,bone,femur
erythroblast.,43,spatial_knn,0.6367925405502319,0.1915120333433151,MBDC037,conch,0,1.0,200,mouse,bone,femur
erythrocyte.,125,train_mean,0.2831850349903106,0.3075104057788849,MBDC037,conch,0,1.0,200,mouse,bone,femur
erythrocyte.,125,coordinate,0.501354992389679,0.2608623504638672,MBDC037,conch,0,1.0,200,mouse,bone,femur
erythrocyte.,125,image,0.3532613813877105,0.2911645472049713,MBDC037,conch,0,1.0,200,mouse,bone,femur
erythrocyte.,125,spatial_knn,0.6183322072029114,0.2399483770132064,MBDC037,conch,0,1.0,200,mouse,bone,femur
erythroid lineage cell.,46,train_mean,0.4875562787055969,0.2247836291790008,MBDC037,conch,0,1.0,200,mouse,bone,femur
erythroid lineage cell.,46,coordinate,0.6737122535705566,0.1888028681278228,MBDC037,conch,0,1.0,200,mouse,bone,femur
erythroid lineage cell.,46,image,0.5513213872909546,0.2085030823945999,MBDC037,conch,0,1.0,200,mouse,bone,femur
erythroid lineage cell.,46,spatial_knn,0.7391199469566345,0.1557974219322204,MBDC037,conch,0,1.0,200,mouse,bone,femur
fibroblast of cardiac tissue.,38,train_mean,0.4440091848373413,0.284146100282669,MBDC037,conch,0,1.0,200,mouse,bone,femur
fibroblast of cardiac tissue.,38,coordinate,0.4801268577575683,0.272123247385025,MBDC037,conch,0,1.0,200,mouse,bone,femur
fibroblast of cardiac tissue.,38,image,0.4184690713882446,0.2879834175109863,MBDC037,conch,0,1.0,200,mouse,bone,femur
fibroblast of cardiac tissue.,38,spatial_knn,0.7235215306282043,0.269529789686203,MBDC037,conch,0,1.0,200,mouse,bone,femur
fibroblast.,160,train_mean,0.2698433697223663,0.2618015706539154,MBDC037,conch,0,1.0,200,mouse,bone,femur
fibroblast.,160,coordinate,0.522560179233551,0.216282844543457,MBDC037,conch,0,1.0,200,mouse,bone,femur
fibroblast.,160,image,0.2571280300617218,0.2603211104869842,MBDC037,conch,0,1.0,200,mouse,bone,femur
fibroblast.,160,spatial_knn,0.6285170316696167,0.1844887435436248,MBDC037,conch,0,1.0,200,mouse,bone,femur
macrophage.,293,train_mean,0.229306936264038,0.2503076195716858,MBDC037,conch,0,1.0,200,mouse,bone,femur
macrophage.,293,coordinate,0.6809774041175842,0.1602124869823455,MBDC037,conch,0,1.0,200,mouse,bone,femur
macrophage.,293,image,0.2986970543861389,0.2349489480257034,MBDC037,conch,0,1.0,200,mouse,bone,femur
macrophage.,293,spatial_knn,0.661657452583313,0.1551473140716552,MBDC037,conch,0,1.0,200,mouse,bone,femur
megakaryocyte-erythroid progenitor cell.,52,train_mean,0.3672417402267456,0.2185301482677459,MBDC037,conch,0,1.0,200,mouse,bone,femur
megakaryocyte-erythroid progenitor cell.,52,coordinate,0.6606365442276001,0.1655660420656204,MBDC037,conch,0,1.0,200,mouse,bone,femur
megakaryocyte-erythroid progenitor cell.,52,image,0.4444676637649536,0.2022604197263717,MBDC037,conch,0,1.0,200,mouse,bone,femur
megakaryocyte-erythroid progenitor cell.,52,spatial_knn,0.8218172192573547,0.0918028354644775,MBDC037,conch,0,1.0,200,mouse,bone,femur
megakaryocyte.,123,train_mean,0.2374066561460495,0.2776669263839721,MBDC037,conch,0,1.0,200,mouse,bone,femur
megakaryocyte.,123,coordinate,0.6688967347145081,0.1776576936244964,MBDC037,conch,0,1.0,200,mouse,bone,femur
megakaryocyte.,123,image,0.3223239183425903,0.2588931620121002,MBDC037,conch,0,1.0,200,mouse,bone,femur
megakaryocyte.,123,spatial_knn,0.7582102417945862,0.2086040526628494,MBDC037,conch,0,1.0,200,mouse,bone,femur
monocyte.,123,train_mean,0.1879344582557678,0.2977271974086761,MBDC037,conch,0,1.0,200,mouse,bone,femur
monocyte.,123,coordinate,0.6192405819892883,0.203566089272499,MBDC037,conch,0,1.0,200,mouse,bone,femur
monocyte.,123,image,0.2688117623329162,0.2797548770904541,MBDC037,conch,0,1.0,200,mouse,bone,femur
monocyte.,123,spatial_knn,0.7856541872024536,0.197330355644226,MBDC037,conch,0,1.0,200,mouse,bone,femur
neutrophil.,270,train_mean,0.2113421261310577,0.2723517715930938,MBDC037,conch,0,1.0,200,mouse,bone,femur
neutrophil.,270,coordinate,0.6341718435287476,0.181045576930046,MBDC037,conch,0,1.0,200,mouse,bone,femur
neutrophil.,270,image,0.2933715581893921,0.2543646097183227,MBDC037,conch,0,1.0,200,mouse,bone,femur
neutrophil.,270,spatial_knn,0.7348105311393738,0.1733644753694534,MBDC037,conch,0,1.0,200,mouse,bone,femur
smooth muscle cell.,37,train_mean,0.8972168564796448,0.2721247673034668,MBDC037,conch,0,1.0,200,mouse,bone,femur
smooth muscle cell.,37,coordinate,0.4583955705165863,0.3853677809238434,MBDC037,conch,0,1.0,200,mouse,bone,femur
smooth muscle cell.,37,image,0.860228955745697,0.2880048453807831,MBDC037,conch,0,1.0,200,mouse,bone,femur
smooth muscle cell.,37,spatial_knn,0.617716372013092,0.379843533039093,MBDC037,conch,0,1.0,200,mouse,bone,femur
capillary endothelial cell.,35,train_mean,0.8727173209190369,0.4876214861869812,MBDC037,conch,1,1.0,200,mouse,bone,femur
capillary endothelial cell.,35,coordinate,0.9625273942947388,0.1966503113508224,MBDC037,conch,1,1.0,200,mouse,bone,femur
capillary endothelial cell.,35,image,0.8162551522254944,0.5064225196838379,MBDC037,conch,1,1.0,200,mouse,bone,femur
capillary endothelial cell.,35,spatial_knn,0.9470397233963012,0.3398153185844421,MBDC037,conch,1,1.0,200,mouse,bone,femur
cardiac muscle cell.,101,train_mean,0.864569365978241,0.2459755688905716,MBDC037,conch,1,1.0,200,mouse,bone,femur
cardiac muscle cell.,101,coordinate,0.9705700874328612,0.2842704653739929,MBDC037,conch,1,1.0,200,mouse,bone,femur
cardiac muscle cell.,101,image,0.816614031791687,0.2641300857067108,MBDC037,conch,1,1.0,200,mouse,bone,femur
cardiac muscle cell.,101,spatial_knn,0.8169001936912537,0.2508448958396911,MBDC037,conch,1,1.0,200,mouse,bone,femur
cardiac muscle myoblast.,180,train_mean,0.8795019388198853,0.5052790641784668,MBDC037,conch,1,1.0,200,mouse,bone,femur
cardiac muscle myoblast.,180,coordinate,0.9853670001029968,0.176219955086708,MBDC037,conch,1,1.0,200,mouse,bone,femur
cardiac muscle myoblast.,180,image,0.8302826881408691,0.5229615569114685,MBDC037,conch,1,1.0,200,mouse,bone,femur
cardiac muscle myoblast.,180,spatial_knn,0.9588901996612548,0.3647153973579407,MBDC037,conch,1,1.0,200,mouse,bone,femur
endothelial cell.,600,train_mean,0.908111035823822,0.1240883991122245,MBDC037,conch,1,1.0,200,mouse,bone,femur
endothelial cell.,600,coordinate,0.932063639163971,0.2554347217082977,MBDC037,conch,1,1.0,200,mouse,bone,femur
endothelial cell.,600,image,0.865898072719574,0.1423449963331222,MBDC037,conch,1,1.0,200,mouse,bone,femur
endothelial cell.,600,spatial_knn,0.9149098992347716,0.1234662756323814,MBDC037,conch,1,1.0,200,mouse,bone,femur
erythroblast.,39,train_mean,0.2768749892711639,0.2925622165203094,MBDC037,conch,1,1.0,200,mouse,bone,femur
erythroblast.,39,coordinate,0.0246994104236364,0.5715556144714355,MBDC037,conch,1,1.0,200,mouse,bone,femur
erythroblast.,39,image,0.3568389415740967,0.2750227451324463,MBDC037,conch,1,1.0,200,mouse,bone,femur
erythroblast.,39,spatial_knn,0.512932300567627,0.2641670107841491,MBDC037,conch,1,1.0,200,mouse,bone,femur
erythrocyte.,131,train_mean,0.338228315114975,0.2857286334037781,MBDC037,conch,1,1.0,200,mouse,bone,femur
erythrocyte.,131,coordinate,0.0962186157703399,0.5351385474205017,MBDC037,conch,1,1.0,200,mouse,bone,femur
erythrocyte.,131,image,0.4201563000679016,0.2673206925392151,MBDC037,conch,1,1.0,200,mouse,bone,femur
erythrocyte.,131,spatial_knn,0.6179511547088623,0.2337805032730102,MBDC037,conch,1,1.0,200,mouse,bone,femur
erythroid lineage cell.,31,train_mean,0.4036462306976318,0.2458896785974502,MBDC037,conch,1,1.0,200,mouse,bone,femur
erythroid lineage cell.,31,coordinate,0.1497338861227035,0.5296107530593872,MBDC037,conch,1,1.0,200,mouse,bone,femur
erythroid lineage cell.,31,image,0.4831559658050537,0.2276540249586105,MBDC037,conch,1,1.0,200,mouse,bone,femur
erythroid lineage cell.,31,spatial_knn,0.6282997131347656,0.2214591205120086,MBDC037,conch,1,1.0,200,mouse,bone,femur
fibroblast of cardiac tissue.,51,train_mean,0.5001559853553772,0.2363266348838806,MBDC037,conch,1,1.0,200,mouse,bone,femur
fibroblast of cardiac tissue.,51,coordinate,0.5137242078781128,0.3672106266021728,MBDC037,conch,1,1.0,200,mouse,bone,femur
fibroblast of cardiac tissue.,51,image,0.4673960208892822,0.241156980395317,MBDC037,conch,1,1.0,200,mouse,bone,femur
fibroblast of cardiac tissue.,51,spatial_knn,0.5218085646629333,0.2745864689350128,MBDC037,conch,1,1.0,200,mouse,bone,femur
fibroblast.,157,train_mean,0.2845901846885681,0.2570129930973053,MBDC037,conch,1,1.0,200,mouse,bone,femur
fibroblast.,157,coordinate,0.2899544239044189,0.4186599850654602,MBDC037,conch,1,1.0,200,mouse,bone,femur
fibroblast.,157,image,0.2707765698432922,0.2556115686893463,MBDC037,conch,1,1.0,200,mouse,bone,femur
fibroblast.,157,spatial_knn,0.3616861999034881,0.2884905040264129,MBDC037,conch,1,1.0,200,mouse,bone,femur
macrophage.,311,train_mean,0.2664995491504669,0.2423348128795623,MBDC037,conch,1,1.0,200,mouse,bone,femur
macrophage.,311,coordinate,0.0817490741610527,0.4510328769683838,MBDC037,conch,1,1.0,200,mouse,bone,femur
macrophage.,311,image,0.3519665598869324,0.2240148484706878,MBDC037,conch,1,1.0,200,mouse,bone,femur
macrophage.,311,spatial_knn,0.526114821434021,0.2221797257661819,MBDC037,conch,1,1.0,200,mouse,bone,femur
megakaryocyte-erythroid progenitor cell.,61,train_mean,0.351653128862381,0.2209846526384353,MBDC037,conch,1,1.0,200,mouse,bone,femur
megakaryocyte-erythroid progenitor cell.,61,coordinate,0.0671862438321113,0.5381225347518921,MBDC037,conch,1,1.0,200,mouse,bone,femur
megakaryocyte-erythroid progenitor cell.,61,image,0.4446851015090942,0.2017156779766082,MBDC037,conch,1,1.0,200,mouse,bone,femur
megakaryocyte-erythroid progenitor cell.,61,spatial_knn,0.793433427810669,0.1421811133623123,MBDC037,conch,1,1.0,200,mouse,bone,femur
megakaryocyte.,136,train_mean,0.2835325896739959,0.266908586025238,MBDC037,conch,1,1.0,200,mouse,bone,femur
megakaryocyte.,136,coordinate,0.0421143621206283,0.4679825901985168,MBDC037,conch,1,1.0,200,mouse,bone,femur
megakaryocyte.,136,image,0.3841726779937744,0.2451753169298172,MBDC037,conch,1,1.0,200,mouse,bone,femur
megakaryocyte.,136,spatial_knn,0.808890700340271,0.1445978581905365,MBDC037,conch,1,1.0,200,mouse,bone,femur
monocyte.,121,train_mean,0.2366719096899032,0.2842910587787628,MBDC037,conch,1,1.0,200,mouse,bone,femur
monocyte.,121,coordinate,0.0574898123741149,0.4598811864852905,MBDC037,conch,1,1.0,200,mouse,bone,femur
monocyte.,121,image,0.3302476704120636,0.2640351057052612,MBDC037,conch,1,1.0,200,mouse,bone,femur
monocyte.,121,spatial_knn,0.7402229309082031,0.1814608722925186,MBDC037,conch,1,1.0,200,mouse,bone,femur
neutrophil.,239,train_mean,0.2612022161483764,0.2655056416988373,MBDC037,conch,1,1.0,200,mouse,bone,femur
neutrophil.,239,coordinate,0.0598279051482677,0.4652478098869324,MBDC037,conch,1,1.0,200,mouse,bone,femur
neutrophil.,239,image,0.3575117290019989,0.2447425276041031,MBDC037,conch,1,1.0,200,mouse,bone,femur
neutrophil.,239,spatial_knn,0.7136449813842773,0.1839945912361145,MBDC037,conch,1,1.0,200,mouse,bone,femur
smooth muscle cell.,44,train_mean,0.8687397837638855,0.215083435177803,MBDC037,conch,1,1.0,200,mouse,bone,femur
smooth muscle cell.,44,coordinate,0.928656816482544,0.2312233746051788,MBDC037,conch,1,1.0,200,mouse,bone,femur
smooth muscle cell.,44,image,0.8165504932403564,0.2348090708255767,MBDC037,conch,1,1.0,200,mouse,bone,femur
smooth muscle cell.,44,spatial_knn,0.91476172208786,0.1613420695066452,MBDC037,conch,1,1.0,200,mouse,bone,femur
capillary endothelial cell.,103,train_mean,0.7745300531387329,0.4829665720462799,MBDC037,conch,2,1.0,200,mouse,bone,femur
capillary endothelial cell.,103,coordinate,0.9139408469200134,0.2938993275165558,MBDC037,conch,2,1.0,200,mouse,bone,femur
capillary endothelial cell.,103,image,0.7745300531387329,0.4829665720462799,MBDC037,conch,2,1.0,200,mouse,bone,femur
capillary endothelial cell.,103,spatial_knn,0.7462543845176697,0.5091583132743835,MBDC037,conch,2,1.0,200,mouse,bone,femur
cardiac endothelial cell.,27,train_mean,0.7672341465950012,0.4018482863903045,MBDC037,conch,2,1.0,200,mouse,bone,femur
cardiac endothelial cell.,27,coordinate,0.9048378467559814,0.2479606568813324,MBDC037,conch,2,1.0,200,mouse,bone,femur
cardiac endothelial cell.,27,image,0.7672341465950012,0.4018482863903045,MBDC037,conch,2,1.0,200,mouse,bone,femur
cardiac endothelial cell.,27,spatial_knn,0.8438767194747925,0.405473530292511,MBDC037,conch,2,1.0,200,mouse,bone,femur
cardiac muscle cell.,311,train_mean,0.7845836877822876,0.2279105931520462,MBDC037,conch,2,1.0,200,mouse,bone,femur
cardiac muscle cell.,311,coordinate,0.9114709496498108,0.2356201112270355,MBDC037,conch,2,1.0,200,mouse,bone,femur
cardiac muscle cell.,311,image,0.7845836877822876,0.2279105931520462,MBDC037,conch,2,1.0,200,mouse,bone,femur
cardiac muscle cell.,311,spatial_knn,0.7849503755569458,0.233048602938652,MBDC037,conch,2,1.0,200,mouse,bone,femur
cardiac muscle myoblast.,305,train_mean,0.8046010136604309,0.4173432886600494,MBDC037,conch,2,1.0,200,mouse,bone,femur
cardiac muscle myoblast.,305,coordinate,0.9323969483375548,0.2193140685558319,MBDC037,conch,2,1.0,200,mouse,bone,femur
cardiac muscle myoblast.,305,image,0.8046010136604309,0.4173432886600494,MBDC037,conch,2,1.0,200,mouse,bone,femur
cardiac muscle myoblast.,305,spatial_knn,0.8630671501159668,0.4176985621452331,MBDC037,conch,2,1.0,200,mouse,bone,femur
endothelial cell.,614,train_mean,0.83118736743927,0.1715705841779709,MBDC037,conch,2,1.0,200,mouse,bone,femur
endothelial cell.,614,coordinate,0.94311785697937,0.1450309008359909,MBDC037,conch,2,1.0,200,mouse,bone,femur
endothelial cell.,614,image,0.83118736743927,0.1715705841779709,MBDC037,conch,2,1.0,200,mouse,bone,femur
endothelial cell.,614,spatial_knn,0.8016518950462341,0.1977751553058624,MBDC037,conch,2,1.0,200,mouse,bone,femur
erythrocyte.,53,train_mean,0.359971821308136,0.2574519217014313,MBDC037,conch,2,1.0,200,mouse,bone,femur
erythrocyte.,53,coordinate,0.2826513350009918,0.2380014210939407,MBDC037,conch,2,1.0,200,mouse,bone,femur
erythrocyte.,53,image,0.359971821308136,0.2574519217014313,MBDC037,conch,2,1.0,200,mouse,bone,femur
erythrocyte.,53,spatial_knn,0.3361652791500091,0.2687539458274841,MBDC037,conch,2,1.0,200,mouse,bone,femur
fibroblast of cardiac tissue.,72,train_mean,0.4141716361045837,0.2442925870418548,MBDC037,conch,2,1.0,200,mouse,bone,femur
fibroblast of cardiac tissue.,72,coordinate,0.559238612651825,0.2430225014686584,MBDC037,conch,2,1.0,200,mouse,bone,femur
fibroblast of cardiac tissue.,72,image,0.4141716361045837,0.2442925870418548,MBDC037,conch,2,1.0,200,mouse,bone,femur
fibroblast of cardiac tissue.,72,spatial_knn,0.5040192604064941,0.2186825722455978,MBDC037,conch,2,1.0,200,mouse,bone,femur
fibroblast.,208,train_mean,0.2521703243255615,0.2612619996070862,MBDC037,conch,2,1.0,200,mouse,bone,femur
fibroblast.,208,coordinate,0.3314077258110046,0.2422757744789123,MBDC037,conch,2,1.0,200,mouse,bone,femur
fibroblast.,208,image,0.2521703243255615,0.2612619996070862,MBDC037,conch,2,1.0,200,mouse,bone,femur
fibroblast.,208,spatial_knn,0.257081538438797,0.2430356591939926,MBDC037,conch,2,1.0,200,mouse,bone,femur
kidney distal convoluted tubule epithelial cell.,21,train_mean,0.6201408505439758,0.2247246354818344,MBDC037,conch,2,1.0,200,mouse,bone,femur
kidney distal convoluted tubule epithelial cell.,21,coordinate,0.7213960289955139,0.4569527804851532,MBDC037,conch,2,1.0,200,mouse,bone,femur
kidney distal convoluted tubule epithelial cell.,21,image,0.6201408505439758,0.2247246354818344,MBDC037,conch,2,1.0,200,mouse,bone,femur
kidney distal convoluted tubule epithelial cell.,21,spatial_knn,0.7191987037658691,0.107902206480503,MBDC037,conch,2,1.0,200,mouse,bone,femur
macrophage.,111,train_mean,0.4449101090431213,0.1961396187543869,MBDC037,conch,2,1.0,200,mouse,bone,femur
macrophage.,111,coordinate,0.3474166095256805,0.1688518971204757,MBDC037,conch,2,1.0,200,mouse,bone,femur
macrophage.,111,image,0.4449101090431213,0.1961396187543869,MBDC037,conch,2,1.0,200,mouse,bone,femur
macrophage.,111,spatial_knn,0.5982761383056641,0.165334939956665,MBDC037,conch,2,1.0,200,mouse,bone,femur
megakaryocyte-erythroid progenitor cell.,31,train_mean,0.3418379724025726,0.2311503142118454,MBDC037,conch,2,1.0,200,mouse,bone,femur
megakaryocyte-erythroid progenitor cell.,31,coordinate,0.5200315713882446,0.1667646467685699,MBDC037,conch,2,1.0,200,mouse,bone,femur
megakaryocyte-erythroid progenitor cell.,31,image,0.3418379724025726,0.2311503142118454,MBDC037,conch,2,1.0,200,mouse,bone,femur
megakaryocyte-erythroid progenitor cell.,31,spatial_knn,0.3958713710308075,0.2337984293699264,MBDC037,conch,2,1.0,200,mouse,bone,femur
megakaryocyte.,59,train_mean,0.332500696182251,0.2692123651504516,MBDC037,conch,2,1.0,200,mouse,bone,femur
megakaryocyte.,59,coordinate,0.595806896686554,0.2290401458740234,MBDC037,conch,2,1.0,200,mouse,bone,femur
megakaryocyte.,59,image,0.332500696182251,0.2692123651504516,MBDC037,conch,2,1.0,200,mouse,bone,femur
megakaryocyte.,59,spatial_knn,0.2911721765995025,0.3022767901420593,MBDC037,conch,2,1.0,200,mouse,bone,femur
monocyte.,61,train_mean,0.3241201341152191,0.2664076387882232,MBDC037,conch,2,1.0,200,mouse,bone,femur
monocyte.,61,coordinate,0.5537699460983276,0.2166798412799835,MBDC037,conch,2,1.0,200,mouse,bone,femur
monocyte.,61,image,0.3241201341152191,0.2664076387882232,MBDC037,conch,2,1.0,200,mouse,bone,femur
monocyte.,61,spatial_knn,0.6799948215484619,0.1884608715772628,MBDC037,conch,2,1.0,200,mouse,bone,femur
neutrophil.,102,train_mean,0.3955669701099396,0.2300990670919418,MBDC037,conch,2,1.0,200,mouse,bone,femur
neutrophil.,102,coordinate,0.6228177547454834,0.1769561022520065,MBDC037,conch,2,1.0,200,mouse,bone,femur
neutrophil.,102,image,0.3955669701099396,0.2300990670919418,MBDC037,conch,2,1.0,200,mouse,bone,femur
neutrophil.,102,spatial_knn,0.4902862906455993,0.2200087010860443,MBDC037,conch,2,1.0,200,mouse,bone,femur
smooth muscle cell.,70,train_mean,0.7463488578796387,0.2213077545166015,MBDC037,conch,2,1.0,200,mouse,bone,femur
smooth muscle cell.,70,coordinate,0.8576661944389343,0.2057414054870605,MBDC037,conch,2,1.0,200,mouse,bone,femur
smooth muscle cell.,70,image,0.7463488578796387,0.2213077545166015,MBDC037,conch,2,1.0,200,mouse,bone,femur
smooth muscle cell.,70,spatial_knn,0.8268076777458191,0.2176384180784225,MBDC037,conch,2,1.0,200,mouse,bone,femur
capillary endothelial cell.,44,train_mean,0.8504623174667358,0.442480206489563,MBDC037,conch,3,1.0,200,mouse,bone,femur
capillary endothelial cell.,44,coordinate,-0.7100451588630676,0.8135883212089539,MBDC037,conch,3,1.0,200,mouse,bone,femur
capillary endothelial cell.,44,image,0.941591739654541,0.3822241425514221,MBDC037,conch,3,1.0,200,mouse,bone,femur
capillary endothelial cell.,44,spatial_knn,0.1561384797096252,0.6281144022941589,MBDC037,conch,3,1.0,200,mouse,bone,femur
cardiac muscle cell.,86,train_mean,0.8563199639320374,0.2181461155414581,MBDC037,conch,3,1.0,200,mouse,bone,femur
cardiac muscle cell.,86,coordinate,-0.7286702394485474,0.5681960582733154,MBDC037,conch,3,1.0,200,mouse,bone,femur
cardiac muscle cell.,86,image,0.9609922170639038,0.1235643997788429,MBDC037,conch,3,1.0,200,mouse,bone,femur
cardiac muscle cell.,86,spatial_knn,0.5397821068763733,0.3427344262599945,MBDC037,conch,3,1.0,200,mouse,bone,femur
cardiac muscle myoblast.,123,train_mean,0.8729501962661743,0.4304676949977875,MBDC037,conch,3,1.0,200,mouse,bone,femur
cardiac muscle myoblast.,123,coordinate,-0.7567394375801086,0.8291625380516052,MBDC037,conch,3,1.0,200,mouse,bone,femur
cardiac muscle myoblast.,123,image,0.9661942720413208,0.3362883031368255,MBDC037,conch,3,1.0,200,mouse,bone,femur
cardiac muscle myoblast.,123,spatial_knn,0.3652727007865906,0.6022360920906067,MBDC037,conch,3,1.0,200,mouse,bone,femur
endothelial cell.,530,train_mean,0.8643524646759033,0.1241078674793243,MBDC037,conch,3,1.0,200,mouse,bone,femur
endothelial cell.,530,coordinate,-0.5593390464782715,0.4695093631744385,MBDC037,conch,3,1.0,200,mouse,bone,femur
endothelial cell.,530,image,0.8699448704719543,0.1352464705705642,MBDC037,conch,3,1.0,200,mouse,bone,femur
endothelial cell.,530,spatial_knn,0.5967299938201904,0.2449050098657608,MBDC037,conch,3,1.0,200,mouse,bone,femur
erythroblast.,50,train_mean,0.2278517335653305,0.2991814315319061,MBDC037,conch,3,1.0,200,mouse,bone,femur
erythroblast.,50,coordinate,0.448188304901123,0.2662797272205353,MBDC037,conch,3,1.0,200,mouse,bone,femur
erythroblast.,50,image,0.2233055233955383,0.2837171256542206,MBDC037,conch,3,1.0,200,mouse,bone,femur
erythroblast.,50,spatial_knn,0.175893634557724,0.2699469029903412,MBDC037,conch,3,1.0,200,mouse,bone,femur
erythrocyte.,130,train_mean,0.2321979999542236,0.3302668333053589,MBDC037,conch,3,1.0,200,mouse,bone,femur
erythrocyte.,130,coordinate,0.4708572328090668,0.3121828436851501,MBDC037,conch,3,1.0,200,mouse,bone,femur
erythrocyte.,130,image,0.219442993402481,0.3231732547283172,MBDC037,conch,3,1.0,200,mouse,bone,femur
erythrocyte.,130,spatial_knn,0.1829360574483871,0.3208156228065491,MBDC037,conch,3,1.0,200,mouse,bone,femur
erythroid lineage cell.,31,train_mean,0.2939237356185913,0.2733117938041687,MBDC037,conch,3,1.0,200,mouse,bone,femur
erythroid lineage cell.,31,coordinate,0.466497927904129,0.2798958420753479,MBDC037,conch,3,1.0,200,mouse,bone,femur
erythroid lineage cell.,31,image,0.269861489534378,0.2697632014751434,MBDC037,conch,3,1.0,200,mouse,bone,femur
erythroid lineage cell.,31,spatial_knn,0.1023687496781349,0.2947414219379425,MBDC037,conch,3,1.0,200,mouse,bone,femur
fibroblast of cardiac tissue.,68,train_mean,0.3618752062320709,0.254364401102066,MBDC037,conch,3,1.0,200,mouse,bone,femur
fibroblast of cardiac tissue.,68,coordinate,-0.1594065576791763,0.3933973014354706,MBDC037,conch,3,1.0,200,mouse,bone,femur
fibroblast of cardiac tissue.,68,image,0.2994831800460815,0.3092842996120453,MBDC037,conch,3,1.0,200,mouse,bone,femur
fibroblast of cardiac tissue.,68,spatial_knn,0.120661623775959,0.2588422894477844,MBDC037,conch,3,1.0,200,mouse,bone,femur
fibroblast.,249,train_mean,0.2426613867282867,0.2791551649570465,MBDC037,conch,3,1.0,200,mouse,bone,femur
fibroblast.,249,coordinate,-0.0280214287340641,0.3459359109401703,MBDC037,conch,3,1.0,200,mouse,bone,femur
fibroblast.,249,image,0.1634441614151001,0.3196701407432556,MBDC037,conch,3,1.0,200,mouse,bone,femur
fibroblast.,249,spatial_knn,0.0599716641008853,0.2600608766078949,MBDC037,conch,3,1.0,200,mouse,bone,femur
macrophage.,218,train_mean,0.249583750963211,0.2442142069339752,MBDC037,conch,3,1.0,200,mouse,bone,femur
macrophage.,218,coordinate,0.5495817065238953,0.2470095008611679,MBDC037,conch,3,1.0,200,mouse,bone,femur
macrophage.,218,image,0.1752975583076477,0.2486132085323333,MBDC037,conch,3,1.0,200,mouse,bone,femur
macrophage.,218,spatial_knn,0.1486479640007019,0.2194157987833023,MBDC037,conch,3,1.0,200,mouse,bone,femur
megakaryocyte-erythroid progenitor cell.,72,train_mean,0.2403841763734817,0.2583671808242798,MBDC037,conch,3,1.0,200,mouse,bone,femur
megakaryocyte-erythroid progenitor cell.,72,coordinate,0.5407019853591919,0.2455490529537201,MBDC037,conch,3,1.0,200,mouse,bone,femur
megakaryocyte-erythroid progenitor cell.,72,image,0.2290512174367904,0.2448468804359436,MBDC037,conch,3,1.0,200,mouse,bone,femur
megakaryocyte-erythroid progenitor cell.,72,spatial_knn,0.1821897476911544,0.2380271255970001,MBDC037,conch,3,1.0,200,mouse,bone,femur
megakaryocyte.,156,train_mean,0.226061925292015,0.2986399531364441,MBDC037,conch,3,1.0,200,mouse,bone,femur
megakaryocyte.,156,coordinate,0.6155555248260498,0.2998408675193786,MBDC037,conch,3,1.0,200,mouse,bone,femur
megakaryocyte.,156,image,0.2150477170944214,0.2915964126586914,MBDC037,conch,3,1.0,200,mouse,bone,femur
megakaryocyte.,156,spatial_knn,0.1272159665822982,0.3132286965847015,MBDC037,conch,3,1.0,200,mouse,bone,femur
monocyte.,143,train_mean,0.2034486681222915,0.3002309501171112,MBDC037,conch,3,1.0,200,mouse,bone,femur
monocyte.,143,coordinate,0.6035674214363098,0.2687720358371734,MBDC037,conch,3,1.0,200,mouse,bone,femur
monocyte.,143,image,0.1701884716749191,0.2970429956912994,MBDC037,conch,3,1.0,200,mouse,bone,femur
monocyte.,143,spatial_knn,0.2050484716892242,0.286118596792221,MBDC037,conch,3,1.0,200,mouse,bone,femur
neutrophil.,276,train_mean,0.2303337901830673,0.2685122489929199,MBDC037,conch,3,1.0,200,mouse,bone,femur
neutrophil.,276,coordinate,0.6181886196136475,0.2399944067001342,MBDC037,conch,3,1.0,200,mouse,bone,femur
neutrophil.,276,image,0.2164077013731002,0.258464515209198,MBDC037,conch,3,1.0,200,mouse,bone,femur
neutrophil.,276,spatial_knn,0.3488430082798004,0.2242948859930038,MBDC037,conch,3,1.0,200,mouse,bone,femur
smooth muscle cell.,54,train_mean,0.7251287698745728,0.2391242831945419,MBDC037,conch,3,1.0,200,mouse,bone,femur
smooth muscle cell.,54,coordinate,-0.4820375144481659,0.5290336012840271,MBDC037,conch,3,1.0,200,mouse,bone,femur
smooth muscle cell.,54,image,0.7537552714347839,0.2291293144226074,MBDC037,conch,3,1.0,200,mouse,bone,femur
smooth muscle cell.,54,spatial_knn,0.394343614578247,0.3395874202251434,MBDC037,conch,3,1.0,200,mouse,bone,femur
"CD8-positive, alpha-beta T cell.",23,train_mean,0.7566007375717163,0.2527572214603424,PCHM006,conch,0,1.0,200,human,pancreas,pancreatic cancer
"CD8-positive, alpha-beta T cell.",23,coordinate,0.7263725399971008,0.2822049260139465,PCHM006,conch,0,1.0,200,human,pancreas,pancreatic cancer
"CD8-positive, alpha-beta T cell.",23,image,0.8486981987953186,0.1111445426940918,PCHM006,conch,0,1.0,200,human,pancreas,pancreatic cancer
"CD8-positive, alpha-beta T cell.",23,spatial_knn,0.7651023268699646,0.2145864963531494,PCHM006,conch,0,1.0,200,human,pancreas,pancreatic cancer
T cell.,84,train_mean,0.7897436618804932,0.1951737403869629,PCHM006,conch,0,1.0,200,human,pancreas,pancreatic cancer
T cell.,84,coordinate,0.7834933400154114,0.2165842056274414,PCHM006,conch,0,1.0,200,human,pancreas,pancreatic cancer
T cell.,84,image,0.9164412021636964,0.0876406207680702,PCHM006,conch,0,1.0,200,human,pancreas,pancreatic cancer
T cell.,84,spatial_knn,0.8472165465354919,0.1474635601043701,PCHM006,conch,0,1.0,200,human,pancreas,pancreatic cancer
endothelial cell.,633,train_mean,0.9805723428726196,0.0559820607304573,PCHM006,conch,0,1.0,200,human,pancreas,pancreatic cancer
endothelial cell.,633,coordinate,0.964037537574768,0.0791701599955558,PCHM006,conch,0,1.0,200,human,pancreas,pancreatic cancer
endothelial cell.,633,image,0.9885104894638062,0.048068705946207,PCHM006,conch,0,1.0,200,human,pancreas,pancreatic cancer
endothelial cell.,633,spatial_knn,0.9667989611625672,0.0819547772407531,PCHM006,conch,0,1.0,200,human,pancreas,pancreatic cancer
enterocyte.,29,train_mean,0.8369635343551636,0.2258176207542419,PCHM006,conch,0,1.0,200,human,pancreas,pancreatic cancer
enterocyte.,29,coordinate,0.7926746010780334,0.2449157536029815,PCHM006,conch,0,1.0,200,human,pancreas,pancreatic cancer
enterocyte.,29,image,0.9637333750724792,0.1184564307332038,PCHM006,conch,0,1.0,200,human,pancreas,pancreatic cancer
enterocyte.,29,spatial_knn,0.8724352717399597,0.2104520499706268,PCHM006,conch,0,1.0,200,human,pancreas,pancreatic cancer
epithelial cell of proximal tubule.,33,train_mean,0.8875674605369568,0.185438260436058,PCHM006,conch,0,1.0,200,human,pancreas,pancreatic cancer
epithelial cell of proximal tubule.,33,coordinate,0.8829956650733948,0.1823256462812423,PCHM006,conch,0,1.0,200,human,pancreas,pancreatic cancer
epithelial cell of proximal tubule.,33,image,0.9572212100028992,0.11374182254076,PCHM006,conch,0,1.0,200,human,pancreas,pancreatic cancer
epithelial cell of proximal tubule.,33,spatial_knn,0.8521338701248169,0.2174265831708908,PCHM006,conch,0,1.0,200,human,pancreas,pancreatic cancer
epithelial cell.,273,train_mean,0.9397671818733216,0.1815573126077652,PCHM006,conch,0,1.0,200,human,pancreas,pancreatic cancer
epithelial cell.,273,coordinate,0.9064026474952698,0.1895961612462997,PCHM006,conch,0,1.0,200,human,pancreas,pancreatic cancer
epithelial cell.,273,image,0.9835923314094543,0.1078102067112922,PCHM006,conch,0,1.0,200,human,pancreas,pancreatic cancer
epithelial cell.,273,spatial_knn,0.8905310034751892,0.2334562391042709,PCHM006,conch,0,1.0,200,human,pancreas,pancreatic cancer
fibroblast.,366,train_mean,0.8018117547035217,0.1942896693944931,PCHM006,conch,0,1.0,200,human,pancreas,pancreatic cancer
fibroblast.,366,coordinate,0.8959742188453674,0.1414101868867874,PCHM006,conch,0,1.0,200,human,pancreas,pancreatic cancer
fibroblast.,366,image,0.9405269026756288,0.116115391254425,PCHM006,conch,0,1.0,200,human,pancreas,pancreatic cancer
fibroblast.,366,spatial_knn,0.9138479232788086,0.130930483341217,PCHM006,conch,0,1.0,200,human,pancreas,pancreatic cancer
intestinal epithelial cell.,27,train_mean,0.8783665895462036,0.2509921193122864,PCHM006,conch,0,1.0,200,human,pancreas,pancreatic cancer
intestinal epithelial cell.,27,coordinate,0.8298901319503784,0.2637796998023987,PCHM006,conch,0,1.0,200,human,pancreas,pancreatic cancer
intestinal epithelial cell.,27,image,0.956078827381134,0.1816232502460479,PCHM006,conch,0,1.0,200,human,pancreas,pancreatic cancer
intestinal epithelial cell.,27,spatial_knn,0.8495872616767883,0.2839767634868622,PCHM006,conch,0,1.0,200,human,pancreas,pancreatic cancer
macrophage.,297,train_mean,0.8102745413780212,0.1694172620773315,PCHM006,conch,0,1.0,200,human,pancreas,pancreatic cancer
macrophage.,297,coordinate,0.82663494348526,0.1754603683948516,PCHM006,conch,0,1.0,200,human,pancreas,pancreatic cancer
macrophage.,297,image,0.9236200451850892,0.099698320031166,PCHM006,conch,0,1.0,200,human,pancreas,pancreatic cancer
macrophage.,297,spatial_knn,0.8567421436309814,0.1441738754510879,PCHM006,conch,0,1.0,200,human,pancreas,pancreatic cancer
native cell.,21,train_mean,0.8038660883903503,0.2874903976917267,PCHM006,conch,0,1.0,200,human,pancreas,pancreatic cancer
native cell.,21,coordinate,0.8588359355926514,0.2460246831178665,PCHM006,conch,0,1.0,200,human,pancreas,pancreatic cancer
native cell.,21,image,0.8759608268737793,0.2106949985027313,PCHM006,conch,0,1.0,200,human,pancreas,pancreatic cancer
native cell.,21,spatial_knn,0.8025693893432617,0.2554129660129547,PCHM006,conch,0,1.0,200,human,pancreas,pancreatic cancer
pancreatic A cell.,57,train_mean,0.7200841903686523,0.2435896396636963,PCHM006,conch,0,1.0,200,human,pancreas,pancreatic cancer
pancreatic A cell.,57,coordinate,0.6030078530311584,0.2947516441345215,PCHM006,conch,0,1.0,200,human,pancreas,pancreatic cancer
pancreatic A cell.,57,image,0.7888996005058289,0.2148056030273437,PCHM006,conch,0,1.0,200,human,pancreas,pancreatic cancer
pancreatic A cell.,57,spatial_knn,0.7171769738197327,0.2454883903264999,PCHM006,conch,0,1.0,200,human,pancreas,pancreatic cancer
secretory cell.,85,train_mean,0.9122695326805116,0.1974292248487472,PCHM006,conch,0,1.0,200,human,pancreas,pancreatic cancer
secretory cell.,85,coordinate,0.8724505305290222,0.2108514308929443,PCHM006,conch,0,1.0,200,human,pancreas,pancreatic cancer
secretory cell.,85,image,0.9634989500045776,0.1385933607816696,PCHM006,conch,0,1.0,200,human,pancreas,pancreatic cancer
secretory cell.,85,spatial_knn,0.8618192672729492,0.2416671961545944,PCHM006,conch,0,1.0,200,human,pancreas,pancreatic cancer
smooth muscle cell.,83,train_mean,0.8670307993888855,0.1429115086793899,PCHM006,conch,0,1.0,200,human,pancreas,pancreatic cancer
smooth muscle cell.,83,coordinate,0.9248608350753784,0.1159769147634506,PCHM006,conch,0,1.0,200,human,pancreas,pancreatic cancer
smooth muscle cell.,83,image,0.9285892248153688,0.1038490906357765,PCHM006,conch,0,1.0,200,human,pancreas,pancreatic cancer
smooth muscle cell.,83,spatial_knn,0.9153162837028505,0.1144826486706733,PCHM006,conch,0,1.0,200,human,pancreas,pancreatic cancer
stromal cell.,135,train_mean,0.8355365991592407,0.1570940613746643,PCHM006,conch,0,1.0,200,human,pancreas,pancreatic cancer
stromal cell.,135,coordinate,0.8737446069717407,0.1511291116476059,PCHM006,conch,0,1.0,200,human,pancreas,pancreatic cancer
stromal cell.,135,image,0.94343501329422,0.0886286720633506,PCHM006,conch,0,1.0,200,human,pancreas,pancreatic cancer
stromal cell.,135,spatial_knn,0.879629909992218,0.1304159164428711,PCHM006,conch,0,1.0,200,human,pancreas,pancreatic cancer
B cell.,26,train_mean,0.7296557426452637,0.2267849892377853,PCHM006,conch,1,1.0,200,human,pancreas,pancreatic cancer
B cell.,26,coordinate,0.774114191532135,0.2237324863672256,PCHM006,conch,1,1.0,200,human,pancreas,pancreatic cancer
B cell.,26,image,0.8699102997779846,0.1102692633867263,PCHM006,conch,1,1.0,200,human,pancreas,pancreatic cancer
B cell.,26,spatial_knn,0.8153989911079407,0.1570167541503906,PCHM006,conch,1,1.0,200,human,pancreas,pancreatic cancer
"CD8-positive, alpha-beta T cell.",21,train_mean,0.7042999267578125,0.2564296722412109,PCHM006,conch,1,1.0,200,human,pancreas,pancreatic cancer
"CD8-positive, alpha-beta T cell.",21,coordinate,0.7599167227745056,0.2528058588504791,PCHM006,conch,1,1.0,200,human,pancreas,pancreatic cancer
"CD8-positive, alpha-beta T cell.",21,image,0.8740454912185669,0.1412884443998336,PCHM006,conch,1,1.0,200,human,pancreas,pancreatic cancer
"CD8-positive, alpha-beta T cell.",21,spatial_knn,0.8301188945770264,0.1523419022560119,PCHM006,conch,1,1.0,200,human,pancreas,pancreatic cancer
T cell.,83,train_mean,0.760459840297699,0.1993627697229385,PCHM006,conch,1,1.0,200,human,pancreas,pancreatic cancer
T cell.,83,coordinate,0.8070777058601379,0.1905854940414428,PCHM006,conch,1,1.0,200,human,pancreas,pancreatic cancer
T cell.,83,image,0.9318463802337646,0.0853990092873573,PCHM006,conch,1,1.0,200,human,pancreas,pancreatic cancer
T cell.,83,spatial_knn,0.8552365303039551,0.1329962313175201,PCHM006,conch,1,1.0,200,human,pancreas,pancreatic cancer
endothelial cell.,621,train_mean,0.9223817586898804,0.1142890453338623,PCHM006,conch,1,1.0,200,human,pancreas,pancreatic cancer
endothelial cell.,621,coordinate,0.9180047512054444,0.1197292059659957,PCHM006,conch,1,1.0,200,human,pancreas,pancreatic cancer
endothelial cell.,621,image,0.964979887008667,0.0800894871354103,PCHM006,conch,1,1.0,200,human,pancreas,pancreatic cancer
endothelial cell.,621,spatial_knn,0.9350402355194092,0.1198464781045913,PCHM006,conch,1,1.0,200,human,pancreas,pancreatic cancer
epithelial cell.,170,train_mean,0.9176514744758606,0.1941377967596054,PCHM006,conch,1,1.0,200,human,pancreas,pancreatic cancer
epithelial cell.,170,coordinate,0.8517211079597473,0.2279115319252014,PCHM006,conch,1,1.0,200,human,pancreas,pancreatic cancer
epithelial cell.,170,image,0.9625186324119568,0.136524423956871,PCHM006,conch,1,1.0,200,human,pancreas,pancreatic cancer
epithelial cell.,170,spatial_knn,0.8828449845314026,0.2296466678380966,PCHM006,conch,1,1.0,200,human,pancreas,pancreatic cancer
fibroblast.,520,train_mean,0.7042495012283325,0.2923787236213684,PCHM006,conch,1,1.0,200,human,pancreas,pancreatic cancer
fibroblast.,520,coordinate,0.7671400904655457,0.2662835419178009,PCHM006,conch,1,1.0,200,human,pancreas,pancreatic cancer
fibroblast.,520,image,0.911383867263794,0.1831747591495514,PCHM006,conch,1,1.0,200,human,pancreas,pancreatic cancer
fibroblast.,520,spatial_knn,0.7585672736167908,0.2858511507511139,PCHM006,conch,1,1.0,200,human,pancreas,pancreatic cancer
macrophage.,391,train_mean,0.72446209192276,0.2158722579479217,PCHM006,conch,1,1.0,200,human,pancreas,pancreatic cancer
macrophage.,391,coordinate,0.8034491539001465,0.1873941570520401,PCHM006,conch,1,1.0,200,human,pancreas,pancreatic cancer
macrophage.,391,image,0.8959888219833374,0.1367465704679489,PCHM006,conch,1,1.0,200,human,pancreas,pancreatic cancer
macrophage.,391,spatial_knn,0.8411823511123657,0.1680579632520675,PCHM006,conch,1,1.0,200,human,pancreas,pancreatic cancer
native cell.,27,train_mean,0.7610830068588257,0.2983504831790924,PCHM006,conch,1,1.0,200,human,pancreas,pancreatic cancer
native cell.,27,coordinate,0.8140855431556702,0.2713449001312256,PCHM006,conch,1,1.0,200,human,pancreas,pancreatic cancer
native cell.,27,image,0.8961074352264404,0.2188560515642166,PCHM006,conch,1,1.0,200,human,pancreas,pancreatic cancer
native cell.,27,spatial_knn,0.8014495372772217,0.2981354594230652,PCHM006,conch,1,1.0,200,human,pancreas,pancreatic cancer
secretory cell.,55,train_mean,0.8959351181983948,0.1955985128879547,PCHM006,conch,1,1.0,200,human,pancreas,pancreatic cancer
secretory cell.,55,coordinate,0.8355007767677307,0.2244236022233963,PCHM006,conch,1,1.0,200,human,pancreas,pancreatic cancer
secretory cell.,55,image,0.9456765055656432,0.1545158922672271,PCHM006,conch,1,1.0,200,human,pancreas,pancreatic cancer
secretory cell.,55,spatial_knn,0.8972557783126831,0.1959797292947769,PCHM006,conch,1,1.0,200,human,pancreas,pancreatic cancer
smooth muscle cell.,77,train_mean,0.7971950769424438,0.1784985065460205,PCHM006,conch,1,1.0,200,human,pancreas,pancreatic cancer
smooth muscle cell.,77,coordinate,0.8205541372299194,0.174427330493927,PCHM006,conch,1,1.0,200,human,pancreas,pancreatic cancer
smooth muscle cell.,77,image,0.8872753381729126,0.1326170563697815,PCHM006,conch,1,1.0,200,human,pancreas,pancreatic cancer
smooth muscle cell.,77,spatial_knn,0.8150603175163269,0.1744328886270523,PCHM006,conch,1,1.0,200,human,pancreas,pancreatic cancer
stromal cell.,138,train_mean,0.7519767880439758,0.1949918270111084,PCHM006,conch,1,1.0,200,human,pancreas,pancreatic cancer
stromal cell.,138,coordinate,0.7951281666755676,0.1858889460563659,PCHM006,conch,1,1.0,200,human,pancreas,pancreatic cancer
stromal cell.,138,image,0.9255661964416504,0.1114589720964431,PCHM006,conch,1,1.0,200,human,pancreas,pancreatic cancer
stromal cell.,138,spatial_knn,0.7896252274513245,0.1736074537038803,PCHM006,conch,1,1.0,200,human,pancreas,pancreatic cancer
T cell.,21,train_mean,0.8198754787445068,0.1628084778785705,PCHM006,conch,2,1.0,200,human,pancreas,pancreatic cancer
T cell.,21,coordinate,0.7673418521881104,0.1780114024877548,PCHM006,conch,2,1.0,200,human,pancreas,pancreatic cancer
T cell.,21,image,0.8712689876556396,0.1285475939512252,PCHM006,conch,2,1.0,200,human,pancreas,pancreatic cancer
T cell.,21,spatial_knn,0.775546133518219,0.1802341043949127,PCHM006,conch,2,1.0,200,human,pancreas,pancreatic cancer
endothelial cell.,717,train_mean,0.9583996534347534,0.0907351374626159,PCHM006,conch,2,1.0,200,human,pancreas,pancreatic cancer
endothelial cell.,717,coordinate,0.9629194736480712,0.0920264050364494,PCHM006,conch,2,1.0,200,human,pancreas,pancreatic cancer
endothelial cell.,717,image,0.9811809659004213,0.0590994656085968,PCHM006,conch,2,1.0,200,human,pancreas,pancreatic cancer
endothelial cell.,717,spatial_knn,0.9618370532989502,0.0933389961719513,PCHM006,conch,2,1.0,200,human,pancreas,pancreatic cancer
enterocyte.,65,train_mean,0.7915334701538086,0.2116337120532989,PCHM006,conch,2,1.0,200,human,pancreas,pancreatic cancer
enterocyte.,65,coordinate,0.9392299652099608,0.1196780651807785,PCHM006,conch,2,1.0,200,human,pancreas,pancreatic cancer
enterocyte.,65,image,0.965933918952942,0.1082839518785476,PCHM006,conch,2,1.0,200,human,pancreas,pancreatic cancer
enterocyte.,65,spatial_knn,0.8409543633460999,0.1865332871675491,PCHM006,conch,2,1.0,200,human,pancreas,pancreatic cancer
epithelial cell of proximal tubule.,39,train_mean,0.8357410430908203,0.2122519612312317,PCHM006,conch,2,1.0,200,human,pancreas,pancreatic cancer
epithelial cell of proximal tubule.,39,coordinate,0.8928918838500977,0.186653271317482,PCHM006,conch,2,1.0,200,human,pancreas,pancreatic cancer
epithelial cell of proximal tubule.,39,image,0.9477570056915284,0.1343618184328079,PCHM006,conch,2,1.0,200,human,pancreas,pancreatic cancer
epithelial cell of proximal tubule.,39,spatial_knn,0.8759890198707581,0.2028359770774841,PCHM006,conch,2,1.0,200,human,pancreas,pancreatic cancer
epithelial cell.,377,train_mean,0.8923782706260681,0.2026731967926025,PCHM006,conch,2,1.0,200,human,pancreas,pancreatic cancer
epithelial cell.,377,coordinate,0.9598827958106996,0.1673351228237152,PCHM006,conch,2,1.0,200,human,pancreas,pancreatic cancer
epithelial cell.,377,image,0.9844062924385072,0.081562265753746,PCHM006,conch,2,1.0,200,human,pancreas,pancreatic cancer
epithelial cell.,377,spatial_knn,0.930371880531311,0.1893294155597686,PCHM006,conch,2,1.0,200,human,pancreas,pancreatic cancer
fibroblast.,278,train_mean,0.8762949109077454,0.1323926299810409,PCHM006,conch,2,1.0,200,human,pancreas,pancreatic cancer
fibroblast.,278,coordinate,0.759609580039978,0.193556860089302,PCHM006,conch,2,1.0,200,human,pancreas,pancreatic cancer
fibroblast.,278,image,0.9291672706604004,0.0989146009087562,PCHM006,conch,2,1.0,200,human,pancreas,pancreatic cancer
fibroblast.,278,spatial_knn,0.8547924757003784,0.1431889683008194,PCHM006,conch,2,1.0,200,human,pancreas,pancreatic cancer
intestinal epithelial cell.,40,train_mean,0.8422872424125671,0.2660250663757324,PCHM006,conch,2,1.0,200,human,pancreas,pancreatic cancer
intestinal epithelial cell.,40,coordinate,0.9342167973518372,0.2270238846540451,PCHM006,conch,2,1.0,200,human,pancreas,pancreatic cancer
intestinal epithelial cell.,40,image,0.9610071778297424,0.1390834152698516,PCHM006,conch,2,1.0,200,human,pancreas,pancreatic cancer
intestinal epithelial cell.,40,spatial_knn,0.8750251531600952,0.2596888542175293,PCHM006,conch,2,1.0,200,human,pancreas,pancreatic cancer
macrophage.,186,train_mean,0.8742717504501343,0.1449484825134277,PCHM006,conch,2,1.0,200,human,pancreas,pancreatic cancer
macrophage.,186,coordinate,0.8071377873420715,0.166477084159851,PCHM006,conch,2,1.0,200,human,pancreas,pancreatic cancer
macrophage.,186,image,0.9310501217842102,0.0983095243573188,PCHM006,conch,2,1.0,200,human,pancreas,pancreatic cancer
macrophage.,186,spatial_knn,0.8776755928993225,0.131035640835762,PCHM006,conch,2,1.0,200,human,pancreas,pancreatic cancer
pancreatic A cell.,193,train_mean,0.7409125566482544,0.2312330454587936,PCHM006,conch,2,1.0,200,human,pancreas,pancreatic cancer
pancreatic A cell.,193,coordinate,0.8212909698486328,0.1971416622400283,PCHM006,conch,2,1.0,200,human,pancreas,pancreatic cancer
pancreatic A cell.,193,image,0.8064756393432617,0.2127481698989868,PCHM006,conch,2,1.0,200,human,pancreas,pancreatic cancer
pancreatic A cell.,193,spatial_knn,0.7952128648757935,0.2085761129856109,PCHM006,conch,2,1.0,200,human,pancreas,pancreatic cancer
pancreatic ductal cell.,65,train_mean,0.851140022277832,0.2215387225151062,PCHM006,conch,2,1.0,200,human,pancreas,pancreatic cancer
pancreatic ductal cell.,65,coordinate,0.9218930602073668,0.1799487620592117,PCHM006,conch,2,1.0,200,human,pancreas,pancreatic cancer
pancreatic ductal cell.,65,image,0.9409208297729492,0.1343297809362411,PCHM006,conch,2,1.0,200,human,pancreas,pancreatic cancer
pancreatic ductal cell.,65,spatial_knn,0.9064172506332396,0.1985011845827102,PCHM006,conch,2,1.0,200,human,pancreas,pancreatic cancer
secretory cell.,88,train_mean,0.8856273293495178,0.2173829078674316,PCHM006,conch,2,1.0,200,human,pancreas,pancreatic cancer
secretory cell.,88,coordinate,0.9081824421882628,0.2131684124469757,PCHM006,conch,2,1.0,200,human,pancreas,pancreatic cancer
secretory cell.,88,image,0.9730650782585144,0.1017752438783645,PCHM006,conch,2,1.0,200,human,pancreas,pancreatic cancer
secretory cell.,88,spatial_knn,0.9249618649482728,0.2041285037994384,PCHM006,conch,2,1.0,200,human,pancreas,pancreatic cancer
smooth muscle cell.,34,train_mean,0.883089542388916,0.1354666650295257,PCHM006,conch,2,1.0,200,human,pancreas,pancreatic cancer
smooth muscle cell.,34,coordinate,0.7834014892578125,0.1887113898992538,PCHM006,conch,2,1.0,200,human,pancreas,pancreatic cancer
smooth muscle cell.,34,image,0.9396950006484984,0.1088471189141273,PCHM006,conch,2,1.0,200,human,pancreas,pancreatic cancer
smooth muscle cell.,34,spatial_knn,0.8776464462280273,0.1387762725353241,PCHM006,conch,2,1.0,200,human,pancreas,pancreatic cancer
stromal cell.,96,train_mean,0.9319931864738464,0.1081098839640617,PCHM006,conch,2,1.0,200,human,pancreas,pancreatic cancer
stromal cell.,96,coordinate,0.8564961552619934,0.1496433615684509,PCHM006,conch,2,1.0,200,human,pancreas,pancreatic cancer
stromal cell.,96,image,0.9507367610931396,0.0807271972298622,PCHM006,conch,2,1.0,200,human,pancreas,pancreatic cancer
stromal cell.,96,spatial_knn,0.9165996313095092,0.1144966483116149,PCHM006,conch,2,1.0,200,human,pancreas,pancreatic cancer
T cell.,60,train_mean,0.7670692205429077,0.1863580495119094,PCHM006,conch,3,1.0,200,human,pancreas,pancreatic cancer
T cell.,60,coordinate,0.6780211329460144,0.2476436048746109,PCHM006,conch,3,1.0,200,human,pancreas,pancreatic cancer
T cell.,60,image,0.9062099456787108,0.1073376387357711,PCHM006,conch,3,1.0,200,human,pancreas,pancreatic cancer
T cell.,60,spatial_knn,0.7311851978302002,0.2050567716360092,PCHM006,conch,3,1.0,200,human,pancreas,pancreatic cancer
endothelial cell.,647,train_mean,0.9810523986816406,0.0894349366426467,PCHM006,conch,3,1.0,200,human,pancreas,pancreatic cancer
endothelial cell.,647,coordinate,0.7940321564674377,0.1918771117925644,PCHM006,conch,3,1.0,200,human,pancreas,pancreatic cancer
endothelial cell.,647,image,0.9876499772071838,0.0620471090078353,PCHM006,conch,3,1.0,200,human,pancreas,pancreatic cancer
endothelial cell.,647,spatial_knn,0.933896780014038,0.1232361942529678,PCHM006,conch,3,1.0,200,human,pancreas,pancreatic cancer
enterocyte.,28,train_mean,0.865246593952179,0.2070727795362472,PCHM006,conch,3,1.0,200,human,pancreas,pancreatic cancer
enterocyte.,28,coordinate,0.5805631875991821,0.3181483447551727,PCHM006,conch,3,1.0,200,human,pancreas,pancreatic cancer
enterocyte.,28,image,0.9457575082778932,0.1271421909332275,PCHM006,conch,3,1.0,200,human,pancreas,pancreatic cancer
enterocyte.,28,spatial_knn,0.8762319087982178,0.1936843693256378,PCHM006,conch,3,1.0,200,human,pancreas,pancreatic cancer
epithelial cell of proximal tubule.,24,train_mean,0.8733161091804504,0.2045425027608871,PCHM006,conch,3,1.0,200,human,pancreas,pancreatic cancer
epithelial cell of proximal tubule.,24,coordinate,0.5821436643600464,0.3172991275787353,PCHM006,conch,3,1.0,200,human,pancreas,pancreatic cancer
epithelial cell of proximal tubule.,24,image,0.9475460052490234,0.1246189177036285,PCHM006,conch,3,1.0,200,human,pancreas,pancreatic cancer
epithelial cell of proximal tubule.,24,spatial_knn,0.8668283224105835,0.203938141465187,PCHM006,conch,3,1.0,200,human,pancreas,pancreatic cancer
epithelial cell.,239,train_mean,0.9230844378471376,0.2112124860286712,PCHM006,conch,3,1.0,200,human,pancreas,pancreatic cancer
epithelial cell.,239,coordinate,0.6282254457473755,0.3214633762836456,PCHM006,conch,3,1.0,200,human,pancreas,pancreatic cancer
epithelial cell.,239,image,0.982568085193634,0.1049278751015663,PCHM006,conch,3,1.0,200,human,pancreas,pancreatic cancer
epithelial cell.,239,spatial_knn,0.8990092277526855,0.2180157601833343,PCHM006,conch,3,1.0,200,human,pancreas,pancreatic cancer
fibroblast.,320,train_mean,0.8006402254104614,0.2024947851896286,PCHM006,conch,3,1.0,200,human,pancreas,pancreatic cancer
fibroblast.,320,coordinate,0.9355093240737916,0.1133324354887008,PCHM006,conch,3,1.0,200,human,pancreas,pancreatic cancer
fibroblast.,320,image,0.9227637648582458,0.1339970827102661,PCHM006,conch,3,1.0,200,human,pancreas,pancreatic cancer
fibroblast.,320,spatial_knn,0.7155932784080505,0.2363314479589462,PCHM006,conch,3,1.0,200,human,pancreas,pancreatic cancer
intestinal epithelial cell.,24,train_mean,0.8930662870407104,0.2844091653823852,PCHM006,conch,3,1.0,200,human,pancreas,pancreatic cancer
intestinal epithelial cell.,24,coordinate,0.6452580690383911,0.3662767112255096,PCHM006,conch,3,1.0,200,human,pancreas,pancreatic cancer
intestinal epithelial cell.,24,image,0.963979721069336,0.1561499983072281,PCHM006,conch,3,1.0,200,human,pancreas,pancreatic cancer
intestinal epithelial cell.,24,spatial_knn,0.8969143033027649,0.2803214788436889,PCHM006,conch,3,1.0,200,human,pancreas,pancreatic cancer
macrophage.,365,train_mean,0.79500812292099,0.1743552982807159,PCHM006,conch,3,1.0,200,human,pancreas,pancreatic cancer
macrophage.,365,coordinate,0.7747976183891296,0.2068891525268554,PCHM006,conch,3,1.0,200,human,pancreas,pancreatic cancer
macrophage.,365,image,0.9325175285339355,0.0992843732237815,PCHM006,conch,3,1.0,200,human,pancreas,pancreatic cancer
macrophage.,365,spatial_knn,0.7439855337142944,0.1968302726745605,PCHM006,conch,3,1.0,200,human,pancreas,pancreatic cancer
native cell.,27,train_mean,0.8841817378997803,0.2299189418554306,PCHM006,conch,3,1.0,200,human,pancreas,pancreatic cancer
native cell.,27,coordinate,0.7631974220275879,0.2638517618179321,PCHM006,conch,3,1.0,200,human,pancreas,pancreatic cancer
native cell.,27,image,0.9271827936172484,0.1598933190107345,PCHM006,conch,3,1.0,200,human,pancreas,pancreatic cancer
native cell.,27,spatial_knn,0.8198918104171753,0.2505472898483276,PCHM006,conch,3,1.0,200,human,pancreas,pancreatic cancer
natural killer cell.,21,train_mean,0.7408488988876343,0.2021433115005493,PCHM006,conch,3,1.0,200,human,pancreas,pancreatic cancer
natural killer cell.,21,coordinate,0.7153578996658325,0.2449668198823928,PCHM006,conch,3,1.0,200,human,pancreas,pancreatic cancer
natural killer cell.,21,image,0.9099153876304626,0.1103521361947059,PCHM006,conch,3,1.0,200,human,pancreas,pancreatic cancer
natural killer cell.,21,spatial_knn,0.7179383635520935,0.2072870880365371,PCHM006,conch,3,1.0,200,human,pancreas,pancreatic cancer
pancreatic A cell.,168,train_mean,0.7271227836608887,0.2557206451892853,PCHM006,conch,3,1.0,200,human,pancreas,pancreatic cancer
pancreatic A cell.,168,coordinate,0.6239684224128723,0.297505110502243,PCHM006,conch,3,1.0,200,human,pancreas,pancreatic cancer
pancreatic A cell.,168,image,0.8006508946418762,0.2231280207633972,PCHM006,conch,3,1.0,200,human,pancreas,pancreatic cancer
pancreatic A cell.,168,spatial_knn,0.8441687822341919,0.1997075229883194,PCHM006,conch,3,1.0,200,human,pancreas,pancreatic cancer
pancreatic ductal cell.,39,train_mean,0.8440490961074829,0.2559435963630676,PCHM006,conch,3,1.0,200,human,pancreas,pancreatic cancer
pancreatic ductal cell.,39,coordinate,0.6909891366958618,0.3024807274341583,PCHM006,conch,3,1.0,200,human,pancreas,pancreatic cancer
pancreatic ductal cell.,39,image,0.9305895566940308,0.1596636772155761,PCHM006,conch,3,1.0,200,human,pancreas,pancreatic cancer
pancreatic ductal cell.,39,spatial_knn,0.92752867937088,0.2011007964611053,PCHM006,conch,3,1.0,200,human,pancreas,pancreatic cancer
secretory cell.,68,train_mean,0.8848978281021118,0.2699951231479645,PCHM006,conch,3,1.0,200,human,pancreas,pancreatic cancer
secretory cell.,68,coordinate,0.6585047245025635,0.346340924501419,PCHM006,conch,3,1.0,200,human,pancreas,pancreatic cancer
secretory cell.,68,image,0.9659140110015868,0.1382852345705032,PCHM006,conch,3,1.0,200,human,pancreas,pancreatic cancer
secretory cell.,68,spatial_knn,0.9057148694992064,0.257612943649292,PCHM006,conch,3,1.0,200,human,pancreas,pancreatic cancer
smooth muscle cell.,62,train_mean,0.8543545603752136,0.1516124308109283,PCHM006,conch,3,1.0,200,human,pancreas,pancreatic cancer
smooth muscle cell.,62,coordinate,0.801292359828949,0.1883497834205627,PCHM006,conch,3,1.0,200,human,pancreas,pancreatic cancer
smooth muscle cell.,62,image,0.9180655479431152,0.1165321171283721,PCHM006,conch,3,1.0,200,human,pancreas,pancreatic cancer
smooth muscle cell.,62,spatial_knn,0.8094121813774109,0.1734697520732879,PCHM006,conch,3,1.0,200,human,pancreas,pancreatic cancer
stromal cell.,108,train_mean,0.8692747354507446,0.1345379650592804,PCHM006,conch,3,1.0,200,human,pancreas,pancreatic cancer
stromal cell.,108,coordinate,0.8999138474464417,0.1423233747482299,PCHM006,conch,3,1.0,200,human,pancreas,pancreatic cancer
stromal cell.,108,image,0.9405218958854676,0.0866031348705291,PCHM006,conch,3,1.0,200,human,pancreas,pancreatic cancer
stromal cell.,108,spatial_knn,0.7869268655776978,0.1753996759653091,PCHM006,conch,3,1.0,200,human,pancreas,pancreatic cancer
B cell.,428,train_mean,0.6668894290924072,0.0489981845021247,PDHL031,conch,0,1.0,200,human,lymph_node,reactive lymph node
B cell.,428,coordinate,0.2662998735904693,0.0690105184912681,PDHL031,conch,0,1.0,200,human,lymph_node,reactive lymph node
B cell.,428,image,0.8563353419303894,0.0363182164728641,PDHL031,conch,0,1.0,200,human,lymph_node,reactive lymph node
B cell.,428,spatial_knn,0.5242442488670349,0.0589640215039253,PDHL031,conch,0,1.0,200,human,lymph_node,reactive lymph node
"CD4-positive, alpha-beta T cell.",29,train_mean,0.5472803711891174,0.0501687563955783,PDHL031,conch,0,1.0,200,human,lymph_node,reactive lymph node
"CD4-positive, alpha-beta T cell.",29,coordinate,0.2409403473138809,0.062097392976284,PDHL031,conch,0,1.0,200,human,lymph_node,reactive lymph node
"CD4-positive, alpha-beta T cell.",29,image,0.5947761535644531,0.0456345416605472,PDHL031,conch,0,1.0,200,human,lymph_node,reactive lymph node
"CD4-positive, alpha-beta T cell.",29,spatial_knn,0.3671541512012481,0.0590763501822948,PDHL031,conch,0,1.0,200,human,lymph_node,reactive lymph node
"CD8-positive, alpha-beta T cell.",288,train_mean,0.7698142528533936,0.0322833880782127,PDHL031,conch,0,1.0,200,human,lymph_node,reactive lymph node
"CD8-positive, alpha-beta T cell.",288,coordinate,0.3590668737888336,0.052235547453165,PDHL031,conch,0,1.0,200,human,lymph_node,reactive lymph node
"CD8-positive, alpha-beta T cell.",288,image,0.867077648639679,0.02503577247262,PDHL031,conch,0,1.0,200,human,lymph_node,reactive lymph node
"CD8-positive, alpha-beta T cell.",288,spatial_knn,0.5970545411109924,0.0471193045377731,PDHL031,conch,0,1.0,200,human,lymph_node,reactive lymph node
"CD8-positive, alpha-beta memory T cell.",77,train_mean,0.70052570104599,0.0415118671953678,PDHL031,conch,0,1.0,200,human,lymph_node,reactive lymph node
"CD8-positive, alpha-beta memory T cell.",77,coordinate,0.3258838057518005,0.0603552460670471,PDHL031,conch,0,1.0,200,human,lymph_node,reactive lymph node
"CD8-positive, alpha-beta memory T cell.",77,image,0.8081169128417969,0.0343132354319095,PDHL031,conch,0,1.0,200,human,lymph_node,reactive lymph node
"CD8-positive, alpha-beta memory T cell.",77,spatial_knn,0.5655137896537781,0.0526252314448356,PDHL031,conch,0,1.0,200,human,lymph_node,reactive lymph node
T cell.,358,train_mean,0.8314834833145142,0.0334771648049354,PDHL031,conch,0,1.0,200,human,lymph_node,reactive lymph node
T cell.,358,coordinate,0.4248198568820953,0.0566872172057628,PDHL031,conch,0,1.0,200,human,lymph_node,reactive lymph node
T cell.,358,image,0.913528323173523,0.0255727339535951,PDHL031,conch,0,1.0,200,human,lymph_node,reactive lymph node
T cell.,358,spatial_knn,0.6445645093917847,0.0481323711574077,PDHL031,conch,0,1.0,200,human,lymph_node,reactive lymph node
endothelial cell of vascular tree.,73,train_mean,0.5980004668235779,0.04395167902112,PDHL031,conch,0,1.0,200,human,lymph_node,reactive lymph node
endothelial cell of vascular tree.,73,coordinate,0.6491307616233826,0.0391271188855171,PDHL031,conch,0,1.0,200,human,lymph_node,reactive lymph node
endothelial cell of vascular tree.,73,image,0.6284210681915283,0.0378134623169899,PDHL031,conch,0,1.0,200,human,lymph_node,reactive lymph node
endothelial cell of vascular tree.,73,spatial_knn,0.5150070190429688,0.0491861402988433,PDHL031,conch,0,1.0,200,human,lymph_node,reactive lymph node
endothelial cell.,437,train_mean,0.6856402158737183,0.044347945600748,PDHL031,conch,0,1.0,200,human,lymph_node,reactive lymph node
endothelial cell.,437,coordinate,0.8145416378974915,0.0366471409797668,PDHL031,conch,0,1.0,200,human,lymph_node,reactive lymph node
endothelial cell.,437,image,0.7526102066040039,0.0411663427948951,PDHL031,conch,0,1.0,200,human,lymph_node,reactive lymph node
endothelial cell.,437,spatial_knn,0.7066597938537598,0.0437445193529129,PDHL031,conch,0,1.0,200,human,lymph_node,reactive lymph node
innate lymphoid cell.,241,train_mean,0.7951728105545044,0.0291382633149623,PDHL031,conch,0,1.0,200,human,lymph_node,reactive lymph node
innate lymphoid cell.,241,coordinate,0.3538023233413696,0.0520579777657985,PDHL031,conch,0,1.0,200,human,lymph_node,reactive lymph node
innate lymphoid cell.,241,image,0.910243272781372,0.019894728437066,PDHL031,conch,0,1.0,200,human,lymph_node,reactive lymph node
innate lymphoid cell.,241,spatial_knn,0.6056349277496338,0.046607133001089,PDHL031,conch,0,1.0,200,human,lymph_node,reactive lymph node
macrophage.,120,train_mean,0.7010595798492432,0.0413146428763866,PDHL031,conch,0,1.0,200,human,lymph_node,reactive lymph node
macrophage.,120,coordinate,0.76897794008255,0.0373741462826728,PDHL031,conch,0,1.0,200,human,lymph_node,reactive lymph node
macrophage.,120,image,0.7439766526222229,0.0390405170619487,PDHL031,conch,0,1.0,200,human,lymph_node,reactive lymph node
macrophage.,120,spatial_knn,0.6611349582672119,0.0455344058573246,PDHL031,conch,0,1.0,200,human,lymph_node,reactive lymph node
malignant cell.,25,train_mean,0.5675198435783386,0.0513430126011371,PDHL031,conch,0,1.0,200,human,lymph_node,reactive lymph node
malignant cell.,25,coordinate,0.1807659566402435,0.0664784163236618,PDHL031,conch,0,1.0,200,human,lymph_node,reactive lymph node
malignant cell.,25,image,0.7054119110107422,0.0425571128726005,PDHL031,conch,0,1.0,200,human,lymph_node,reactive lymph node
malignant cell.,25,spatial_knn,0.3916157782077789,0.0638658478856086,PDHL031,conch,0,1.0,200,human,lymph_node,reactive lymph node
myeloid cell.,33,train_mean,0.7250543832778931,0.0391781702637672,PDHL031,conch,0,1.0,200,human,lymph_node,reactive lymph node
myeloid cell.,33,coordinate,0.5046922564506531,0.0517700873315334,PDHL031,conch,0,1.0,200,human,lymph_node,reactive lymph node
myeloid cell.,33,image,0.729348361492157,0.0391307361423969,PDHL031,conch,0,1.0,200,human,lymph_node,reactive lymph node
myeloid cell.,33,spatial_knn,0.6243864893913269,0.0461548566818237,PDHL031,conch,0,1.0,200,human,lymph_node,reactive lymph node
plasma cell.,35,train_mean,0.632366955280304,0.0482161194086074,PDHL031,conch,0,1.0,200,human,lymph_node,reactive lymph node
plasma cell.,35,coordinate,0.5511652827262878,0.0508789233863353,PDHL031,conch,0,1.0,200,human,lymph_node,reactive lymph node
plasma cell.,35,image,0.6681693196296692,0.0450008660554885,PDHL031,conch,0,1.0,200,human,lymph_node,reactive lymph node
plasma cell.,35,spatial_knn,0.442959576845169,0.0611521266400814,PDHL031,conch,0,1.0,200,human,lymph_node,reactive lymph node
stromal cell.,64,train_mean,0.3960214555263519,0.0632952600717544,PDHL031,conch,0,1.0,200,human,lymph_node,reactive lymph node
stromal cell.,64,coordinate,0.4234148263931274,0.0605626218020916,PDHL031,conch,0,1.0,200,human,lymph_node,reactive lymph node
stromal cell.,64,image,0.3992429971694946,0.0601499527692794,PDHL031,conch,0,1.0,200,human,lymph_node,reactive lymph node
stromal cell.,64,spatial_knn,0.2504732012748718,0.0752197653055191,PDHL031,conch,0,1.0,200,human,lymph_node,reactive lymph node
B cell.,313,train_mean,0.6602084040641785,0.0641388520598411,PDHL031,conch,1,1.0,200,human,lymph_node,reactive lymph node
B cell.,313,coordinate,0.6121515035629272,0.0623067244887352,PDHL031,conch,1,1.0,200,human,lymph_node,reactive lymph node
B cell.,313,image,0.7590952515602112,0.0563996396958828,PDHL031,conch,1,1.0,200,human,lymph_node,reactive lymph node
B cell.,313,spatial_knn,0.6652036905288696,0.0601895041763782,PDHL031,conch,1,1.0,200,human,lymph_node,reactive lymph node
"CD8-positive, alpha-beta T cell.",168,train_mean,0.7866330146789551,0.0375227443873882,PDHL031,conch,1,1.0,200,human,lymph_node,reactive lymph node
"CD8-positive, alpha-beta T cell.",168,coordinate,0.8283707499504089,0.0337353758513927,PDHL031,conch,1,1.0,200,human,lymph_node,reactive lymph node
"CD8-positive, alpha-beta T cell.",168,image,0.8437609076499939,0.035079937428236,PDHL031,conch,1,1.0,200,human,lymph_node,reactive lymph node
"CD8-positive, alpha-beta T cell.",168,spatial_knn,0.7393539547920227,0.0423611998558044,PDHL031,conch,1,1.0,200,human,lymph_node,reactive lymph node
"CD8-positive, alpha-beta memory T cell.",45,train_mean,0.6590796113014221,0.0473373718559742,PDHL031,conch,1,1.0,200,human,lymph_node,reactive lymph node
"CD8-positive, alpha-beta memory T cell.",45,coordinate,0.704181969165802,0.0458451472222805,PDHL031,conch,1,1.0,200,human,lymph_node,reactive lymph node
"CD8-positive, alpha-beta memory T cell.",45,image,0.70078045129776,0.0448300763964653,PDHL031,conch,1,1.0,200,human,lymph_node,reactive lymph node
"CD8-positive, alpha-beta memory T cell.",45,spatial_knn,0.5997765064239502,0.0534804835915565,PDHL031,conch,1,1.0,200,human,lymph_node,reactive lymph node
T cell.,226,train_mean,0.8606898784637451,0.0376943796873092,PDHL031,conch,1,1.0,200,human,lymph_node,reactive lymph node
T cell.,226,coordinate,0.900027334690094,0.0271714143455028,PDHL031,conch,1,1.0,200,human,lymph_node,reactive lymph node
T cell.,226,image,0.9088090658187866,0.0318316668272018,PDHL031,conch,1,1.0,200,human,lymph_node,reactive lymph node
T cell.,226,spatial_knn,0.7612783908843994,0.0419498570263385,PDHL031,conch,1,1.0,200,human,lymph_node,reactive lymph node
endothelial cell of vascular tree.,156,train_mean,0.4816203713417053,0.0480692200362682,PDHL031,conch,1,1.0,200,human,lymph_node,reactive lymph node
endothelial cell of vascular tree.,156,coordinate,0.5390783548355103,0.0535896010696888,PDHL031,conch,1,1.0,200,human,lymph_node,reactive lymph node
endothelial cell of vascular tree.,156,image,0.8390140533447266,0.0250901710242033,PDHL031,conch,1,1.0,200,human,lymph_node,reactive lymph node
endothelial cell of vascular tree.,156,spatial_knn,0.4548910558223724,0.0571144595742225,PDHL031,conch,1,1.0,200,human,lymph_node,reactive lymph node
endothelial cell.,781,train_mean,0.3815871477127075,0.0676205083727836,PDHL031,conch,1,1.0,200,human,lymph_node,reactive lymph node
endothelial cell.,781,coordinate,0.4079686999320984,0.0685869455337524,PDHL031,conch,1,1.0,200,human,lymph_node,reactive lymph node
endothelial cell.,781,image,0.933525800704956,0.0382504202425479,PDHL031,conch,1,1.0,200,human,lymph_node,reactive lymph node
endothelial cell.,781,spatial_knn,0.3355717360973358,0.0725569650530815,PDHL031,conch,1,1.0,200,human,lymph_node,reactive lymph node
fibroblast.,34,train_mean,0.2146334797143936,0.1176778972148895,PDHL031,conch,1,1.0,200,human,lymph_node,reactive lymph node
fibroblast.,34,coordinate,0.4328756928443908,0.1067912206053733,PDHL031,conch,1,1.0,200,human,lymph_node,reactive lymph node
fibroblast.,34,image,0.6287960410118103,0.1021824702620506,PDHL031,conch,1,1.0,200,human,lymph_node,reactive lymph node
fibroblast.,34,spatial_knn,0.3553864657878876,0.1103624776005745,PDHL031,conch,1,1.0,200,human,lymph_node,reactive lymph node
innate lymphoid cell.,138,train_mean,0.8427401781082153,0.0345932841300964,PDHL031,conch,1,1.0,200,human,lymph_node,reactive lymph node
innate lymphoid cell.,138,coordinate,0.8526447415351868,0.0301562920212745,PDHL031,conch,1,1.0,200,human,lymph_node,reactive lymph node
innate lymphoid cell.,138,image,0.8858687877655029,0.032390184700489,PDHL031,conch,1,1.0,200,human,lymph_node,reactive lymph node
innate lymphoid cell.,138,spatial_knn,0.7641119956970215,0.0389712266623973,PDHL031,conch,1,1.0,200,human,lymph_node,reactive lymph node
macrophage.,169,train_mean,0.5332065224647522,0.0530795194208622,PDHL031,conch,1,1.0,200,human,lymph_node,reactive lymph node
macrophage.,169,coordinate,0.4927098751068115,0.0579804889857769,PDHL031,conch,1,1.0,200,human,lymph_node,reactive lymph node
macrophage.,169,image,0.6712279915809631,0.0469003356993198,PDHL031,conch,1,1.0,200,human,lymph_node,reactive lymph node
macrophage.,169,spatial_knn,0.457098513841629,0.0605375505983829,PDHL031,conch,1,1.0,200,human,lymph_node,reactive lymph node
myeloid cell.,25,train_mean,0.5938961505889893,0.0659021213650703,PDHL031,conch,1,1.0,200,human,lymph_node,reactive lymph node
myeloid cell.,25,coordinate,0.5038584470748901,0.0678099691867828,PDHL031,conch,1,1.0,200,human,lymph_node,reactive lymph node
myeloid cell.,25,image,0.5319007039070129,0.0717774480581283,PDHL031,conch,1,1.0,200,human,lymph_node,reactive lymph node
myeloid cell.,25,spatial_knn,0.4486348032951355,0.0717204883694648,PDHL031,conch,1,1.0,200,human,lymph_node,reactive lymph node
plasma cell.,23,train_mean,0.5497036576271057,0.072938472032547,PDHL031,conch,1,1.0,200,human,lymph_node,reactive lymph node
plasma cell.,23,coordinate,0.5607861280441284,0.0699430629611015,PDHL031,conch,1,1.0,200,human,lymph_node,reactive lymph node
plasma cell.,23,image,0.4889422357082367,0.0772571563720703,PDHL031,conch,1,1.0,200,human,lymph_node,reactive lymph node
plasma cell.,23,spatial_knn,0.4296188354492187,0.0783481076359748,PDHL031,conch,1,1.0,200,human,lymph_node,reactive lymph node
stromal cell.,101,train_mean,0.2298974990844726,0.0687514320015907,PDHL031,conch,1,1.0,200,human,lymph_node,reactive lymph node
stromal cell.,101,coordinate,0.4369321167469024,0.06658586114645,PDHL031,conch,1,1.0,200,human,lymph_node,reactive lymph node
stromal cell.,101,image,0.581098198890686,0.0492962561547756,PDHL031,conch,1,1.0,200,human,lymph_node,reactive lymph node
stromal cell.,101,spatial_knn,0.2852940857410431,0.0746867209672927,PDHL031,conch,1,1.0,200,human,lymph_node,reactive lymph node
B cell.,285,train_mean,0.6527358889579773,0.0498363226652145,PDHL031,conch,2,1.0,200,human,lymph_node,reactive lymph node
B cell.,285,coordinate,0.6403226852416992,0.0505819395184516,PDHL031,conch,2,1.0,200,human,lymph_node,reactive lymph node
B cell.,285,image,0.8135956525802612,0.0380886048078537,PDHL031,conch,2,1.0,200,human,lymph_node,reactive lymph node
B cell.,285,spatial_knn,0.5202019214630127,0.0597315542399883,PDHL031,conch,2,1.0,200,human,lymph_node,reactive lymph node
"CD8-positive, alpha-beta T cell.",133,train_mean,0.7749854326248169,0.0352087244391441,PDHL031,conch,2,1.0,200,human,lymph_node,reactive lymph node
"CD8-positive, alpha-beta T cell.",133,coordinate,0.7453517913818359,0.0373651310801506,PDHL031,conch,2,1.0,200,human,lymph_node,reactive lymph node
"CD8-positive, alpha-beta T cell.",133,image,0.796065628528595,0.034837894141674,PDHL031,conch,2,1.0,200,human,lymph_node,reactive lymph node
"CD8-positive, alpha-beta T cell.",133,spatial_knn,0.6833266615867615,0.0441055782139301,PDHL031,conch,2,1.0,200,human,lymph_node,reactive lymph node
"CD8-positive, alpha-beta memory T cell.",26,train_mean,0.6319844722747803,0.0527015663683414,PDHL031,conch,2,1.0,200,human,lymph_node,reactive lymph node
"CD8-positive, alpha-beta memory T cell.",26,coordinate,0.6050928831100464,0.0541407130658626,PDHL031,conch,2,1.0,200,human,lymph_node,reactive lymph node
"CD8-positive, alpha-beta memory T cell.",26,image,0.6931806206703186,0.04934598878026,PDHL031,conch,2,1.0,200,human,lymph_node,reactive lymph node
"CD8-positive, alpha-beta memory T cell.",26,spatial_knn,0.6007421016693115,0.0560710877180099,PDHL031,conch,2,1.0,200,human,lymph_node,reactive lymph node
GABAergic neuron.,51,train_mean,0.077242687344551,0.0876723676919937,PDHL031,conch,2,1.0,200,human,lymph_node,reactive lymph node
GABAergic neuron.,51,coordinate,0.0725864619016647,0.0860130190849304,PDHL031,conch,2,1.0,200,human,lymph_node,reactive lymph node
GABAergic neuron.,51,image,0.0714266002178192,0.0657423660159111,PDHL031,conch,2,1.0,200,human,lymph_node,reactive lymph node
GABAergic neuron.,51,spatial_knn,0.034484215080738,0.0789485573768615,PDHL031,conch,2,1.0,200,human,lymph_node,reactive lymph node
T cell.,175,train_mean,0.8524527549743652,0.0325468927621841,PDHL031,conch,2,1.0,200,human,lymph_node,reactive lymph node
T cell.,175,coordinate,0.827003538608551,0.0338737703859806,PDHL031,conch,2,1.0,200,human,lymph_node,reactive lymph node
T cell.,175,image,0.8941848278045654,0.0273671485483646,PDHL031,conch,2,1.0,200,human,lymph_node,reactive lymph node
T cell.,175,spatial_knn,0.7527604699134827,0.0408048816025257,PDHL031,conch,2,1.0,200,human,lymph_node,reactive lymph node
astrocyte.,22,train_mean,0.1663022190332412,0.087122194468975,PDHL031,conch,2,1.0,200,human,lymph_node,reactive lymph node
astrocyte.,22,coordinate,0.0937364473938942,0.0845227763056755,PDHL031,conch,2,1.0,200,human,lymph_node,reactive lymph node
astrocyte.,22,image,0.2248892933130264,0.0727332532405853,PDHL031,conch,2,1.0,200,human,lymph_node,reactive lymph node
astrocyte.,22,spatial_knn,-0.054438479244709,0.0785647854208946,PDHL031,conch,2,1.0,200,human,lymph_node,reactive lymph node
endothelial cell of vascular tree.,171,train_mean,0.3593398630619049,0.0570749081671237,PDHL031,conch,2,1.0,200,human,lymph_node,reactive lymph node
endothelial cell of vascular tree.,171,coordinate,0.4316803216934204,0.0542041510343551,PDHL031,conch,2,1.0,200,human,lymph_node,reactive lymph node
endothelial cell of vascular tree.,171,image,0.7991269826889038,0.0314762145280838,PDHL031,conch,2,1.0,200,human,lymph_node,reactive lymph node
endothelial cell of vascular tree.,171,spatial_knn,0.396407276391983,0.0578952245414257,PDHL031,conch,2,1.0,200,human,lymph_node,reactive lymph node
endothelial cell.,737,train_mean,0.3099530935287475,0.0689244866371154,PDHL031,conch,2,1.0,200,human,lymph_node,reactive lymph node
endothelial cell.,737,coordinate,0.4122743904590606,0.0645422115921974,PDHL031,conch,2,1.0,200,human,lymph_node,reactive lymph node
endothelial cell.,737,image,0.9161349534988404,0.0314758867025375,PDHL031,conch,2,1.0,200,human,lymph_node,reactive lymph node
endothelial cell.,737,spatial_knn,0.4007939994335174,0.0664453953504562,PDHL031,conch,2,1.0,200,human,lymph_node,reactive lymph node
fibroblast.,47,train_mean,0.1669092178344726,0.1195079907774925,PDHL031,conch,2,1.0,200,human,lymph_node,reactive lymph node
fibroblast.,47,coordinate,0.2694222331047058,0.1155431196093559,PDHL031,conch,2,1.0,200,human,lymph_node,reactive lymph node
fibroblast.,47,image,0.6535781025886536,0.0984760150313377,PDHL031,conch,2,1.0,200,human,lymph_node,reactive lymph node
fibroblast.,47,spatial_knn,0.1496278047561645,0.1228278502821922,PDHL031,conch,2,1.0,200,human,lymph_node,reactive lymph node
glutamatergic neuron.,24,train_mean,0.0468997992575168,0.0868391767144203,PDHL031,conch,2,1.0,200,human,lymph_node,reactive lymph node
glutamatergic neuron.,24,coordinate,0.069605179131031,0.0847145617008209,PDHL031,conch,2,1.0,200,human,lymph_node,reactive lymph node
glutamatergic neuron.,24,image,0.0560694262385368,0.0754815563559532,PDHL031,conch,2,1.0,200,human,lymph_node,reactive lymph node
glutamatergic neuron.,24,spatial_knn,0.067402459681034,0.0840759947896003,PDHL031,conch,2,1.0,200,human,lymph_node,reactive lymph node
innate lymphoid cell.,111,train_mean,0.8363217115402222,0.0300914905965328,PDHL031,conch,2,1.0,200,human,lymph_node,reactive lymph node
innate lymphoid cell.,111,coordinate,0.8023402690887451,0.0326176658272743,PDHL031,conch,2,1.0,200,human,lymph_node,reactive lymph node
innate lymphoid cell.,111,image,0.8909921050071716,0.0261747296899557,PDHL031,conch,2,1.0,200,human,lymph_node,reactive lymph node
innate lymphoid cell.,111,spatial_knn,0.7142682075500488,0.0395796261727809,PDHL031,conch,2,1.0,200,human,lymph_node,reactive lymph node
macrophage.,180,train_mean,0.485190749168396,0.0598316863179206,PDHL031,conch,2,1.0,200,human,lymph_node,reactive lymph node
macrophage.,180,coordinate,0.4889539182186126,0.0596945583820343,PDHL031,conch,2,1.0,200,human,lymph_node,reactive lymph node
macrophage.,180,image,0.578198254108429,0.0549580827355384,PDHL031,conch,2,1.0,200,human,lymph_node,reactive lymph node
macrophage.,180,spatial_knn,0.348286509513855,0.0679655894637107,PDHL031,conch,2,1.0,200,human,lymph_node,reactive lymph node
malignant cell.,35,train_mean,0.5281220078468323,0.0538823343813419,PDHL031,conch,2,1.0,200,human,lymph_node,reactive lymph node
malignant cell.,35,coordinate,0.5039486885070801,0.0558003783226013,PDHL031,conch,2,1.0,200,human,lymph_node,reactive lymph node
malignant cell.,35,image,0.6640047430992126,0.046370442956686,PDHL031,conch,2,1.0,200,human,lymph_node,reactive lymph node
malignant cell.,35,spatial_knn,0.4626806676387787,0.0570829175412654,PDHL031,conch,2,1.0,200,human,lymph_node,reactive lymph node
myeloid cell.,22,train_mean,0.6586011648178101,0.0455231890082359,PDHL031,conch,2,1.0,200,human,lymph_node,reactive lymph node
myeloid cell.,22,coordinate,0.6371815204620361,0.0463852696120739,PDHL031,conch,2,1.0,200,human,lymph_node,reactive lymph node
myeloid cell.,22,image,0.5933969616889954,0.0457544103264808,PDHL031,conch,2,1.0,200,human,lymph_node,reactive lymph node
myeloid cell.,22,spatial_knn,0.4928612112998962,0.0536475926637649,PDHL031,conch,2,1.0,200,human,lymph_node,reactive lymph node
native cell.,20,train_mean,0.1676485538482666,0.0775284096598625,PDHL031,conch,2,1.0,200,human,lymph_node,reactive lymph node
native cell.,20,coordinate,0.2600787878036499,0.0748806968331337,PDHL031,conch,2,1.0,200,human,lymph_node,reactive lymph node
native cell.,20,image,0.3937915861606598,0.0632429122924804,PDHL031,conch,2,1.0,200,human,lymph_node,reactive lymph node
native cell.,20,spatial_knn,0.167602002620697,0.0757865309715271,PDHL031,conch,2,1.0,200,human,lymph_node,reactive lymph node
stromal cell.,137,train_mean,0.2037419974803924,0.0717225894331932,PDHL031,conch,2,1.0,200,human,lymph_node,reactive lymph node
stromal cell.,137,coordinate,0.2984013557434082,0.0678823441267013,PDHL031,conch,2,1.0,200,human,lymph_node,reactive lymph node
stromal cell.,137,image,0.5924195647239685,0.0496723726391792,PDHL031,conch,2,1.0,200,human,lymph_node,reactive lymph node
stromal cell.,137,spatial_knn,0.2432018965482711,0.0707228481769561,PDHL031,conch,2,1.0,200,human,lymph_node,reactive lymph node
B cell.,336,train_mean,0.6875954866409302,0.0421706065535545,PDHL031,conch,3,1.0,200,human,lymph_node,reactive lymph node
B cell.,336,coordinate,0.2443790286779403,0.0660907924175262,PDHL031,conch,3,1.0,200,human,lymph_node,reactive lymph node
B cell.,336,image,0.8542126417160034,0.0303406342864036,PDHL031,conch,3,1.0,200,human,lymph_node,reactive lymph node
B cell.,336,spatial_knn,0.6711260676383972,0.0477880574762821,PDHL031,conch,3,1.0,200,human,lymph_node,reactive lymph node
"CD4-positive, alpha-beta T cell.",38,train_mean,0.5882269740104675,0.0470796003937721,PDHL031,conch,3,1.0,200,human,lymph_node,reactive lymph node
"CD4-positive, alpha-beta T cell.",38,coordinate,0.2333538383245468,0.0603530257940292,PDHL031,conch,3,1.0,200,human,lymph_node,reactive lymph node
"CD4-positive, alpha-beta T cell.",38,image,0.6380437016487122,0.0438950397074222,PDHL031,conch,3,1.0,200,human,lymph_node,reactive lymph node
"CD4-positive, alpha-beta T cell.",38,spatial_knn,0.525017499923706,0.0564116798341274,PDHL031,conch,3,1.0,200,human,lymph_node,reactive lymph node
"CD8-positive, alpha-beta T cell.",235,train_mean,0.7895525693893433,0.0318235419690609,PDHL031,conch,3,1.0,200,human,lymph_node,reactive lymph node
"CD8-positive, alpha-beta T cell.",235,coordinate,0.2891331911087036,0.0552133172750473,PDHL031,conch,3,1.0,200,human,lymph_node,reactive lymph node
"CD8-positive, alpha-beta T cell.",235,image,0.8638017773628235,0.0263760425150394,PDHL031,conch,3,1.0,200,human,lymph_node,reactive lymph node
"CD8-positive, alpha-beta T cell.",235,spatial_knn,0.6911051869392395,0.0453905388712883,PDHL031,conch,3,1.0,200,human,lymph_node,reactive lymph node
"CD8-positive, alpha-beta memory T cell.",48,train_mean,0.7067332863807678,0.042660254985094,PDHL031,conch,3,1.0,200,human,lymph_node,reactive lymph node
"CD8-positive, alpha-beta memory T cell.",48,coordinate,0.2654995620250702,0.0654487684369087,PDHL031,conch,3,1.0,200,human,lymph_node,reactive lymph node
"CD8-positive, alpha-beta memory T cell.",48,image,0.7936254739761353,0.0372267812490463,PDHL031,conch,3,1.0,200,human,lymph_node,reactive lymph node
"CD8-positive, alpha-beta memory T cell.",48,spatial_knn,0.6334161758422852,0.0518249496817588,PDHL031,conch,3,1.0,200,human,lymph_node,reactive lymph node
GABAergic neuron.,26,train_mean,-0.0375365577638149,0.0879873409867286,PDHL031,conch,3,1.0,200,human,lymph_node,reactive lymph node
GABAergic neuron.,26,coordinate,0.0386645570397377,0.0810009241104126,PDHL031,conch,3,1.0,200,human,lymph_node,reactive lymph node
GABAergic neuron.,26,image,0.0882000401616096,0.05790751054883,PDHL031,conch,3,1.0,200,human,lymph_node,reactive lymph node
GABAergic neuron.,26,spatial_knn,-0.0416637323796749,0.104634903371334,PDHL031,conch,3,1.0,200,human,lymph_node,reactive lymph node
T cell.,347,train_mean,0.8317443132400513,0.0305345933884382,PDHL031,conch,3,1.0,200,human,lymph_node,reactive lymph node
T cell.,347,coordinate,0.2694651782512665,0.0625624805688858,PDHL031,conch,3,1.0,200,human,lymph_node,reactive lymph node
T cell.,347,image,0.9041762948036194,0.0241113677620887,PDHL031,conch,3,1.0,200,human,lymph_node,reactive lymph node
T cell.,347,spatial_knn,0.7512544393539429,0.0404077433049678,PDHL031,conch,3,1.0,200,human,lymph_node,reactive lymph node
cultured cell.,20,train_mean,0.242702841758728,0.0694383755326271,PDHL031,conch,3,1.0,200,human,lymph_node,reactive lymph node
cultured cell.,20,coordinate,0.0844637155532836,0.0690783932805061,PDHL031,conch,3,1.0,200,human,lymph_node,reactive lymph node
cultured cell.,20,image,0.2312899231910705,0.0511253699660301,PDHL031,conch,3,1.0,200,human,lymph_node,reactive lymph node
cultured cell.,20,spatial_knn,0.1982782930135727,0.0789333134889602,PDHL031,conch,3,1.0,200,human,lymph_node,reactive lymph node
endothelial cell of vascular tree.,87,train_mean,0.5976712703704834,0.0519080646336078,PDHL031,conch,3,1.0,200,human,lymph_node,reactive lymph node
endothelial cell of vascular tree.,87,coordinate,0.5824373364448547,0.0520744808018207,PDHL031,conch,3,1.0,200,human,lymph_node,reactive lymph node
endothelial cell of vascular tree.,87,image,0.702343761920929,0.04122781381011,PDHL031,conch,3,1.0,200,human,lymph_node,reactive lymph node
endothelial cell of vascular tree.,87,spatial_knn,0.4545020759105682,0.0656530112028122,PDHL031,conch,3,1.0,200,human,lymph_node,reactive lymph node
endothelial cell.,446,train_mean,0.629853367805481,0.0454139485955238,PDHL031,conch,3,1.0,200,human,lymph_node,reactive lymph node
endothelial cell.,446,coordinate,0.8292942643165588,0.031929861754179,PDHL031,conch,3,1.0,200,human,lymph_node,reactive lymph node
endothelial cell.,446,image,0.8333889245986938,0.0323154106736183,PDHL031,conch,3,1.0,200,human,lymph_node,reactive lymph node
endothelial cell.,446,spatial_knn,0.4520348012447357,0.0619878470897674,PDHL031,conch,3,1.0,200,human,lymph_node,reactive lymph node
erythroblast.,31,train_mean,0.5024352669715881,0.0534107647836208,PDHL031,conch,3,1.0,200,human,lymph_node,reactive lymph node
erythroblast.,31,coordinate,0.20602647960186,0.0639509707689285,PDHL031,conch,3,1.0,200,human,lymph_node,reactive lymph node
erythroblast.,31,image,0.5516027212142944,0.0492798425257205,PDHL031,conch,3,1.0,200,human,lymph_node,reactive lymph node
erythroblast.,31,spatial_knn,0.4439282417297363,0.0636446699500083,PDHL031,conch,3,1.0,200,human,lymph_node,reactive lymph node
innate lymphoid cell.,248,train_mean,0.8525215983390808,0.0253162812441587,PDHL031,conch,3,1.0,200,human,lymph_node,reactive lymph node
innate lymphoid cell.,248,coordinate,0.2869432866573334,0.057281170040369,PDHL031,conch,3,1.0,200,human,lymph_node,reactive lymph node
innate lymphoid cell.,248,image,0.935285210609436,0.0176351312547922,PDHL031,conch,3,1.0,200,human,lymph_node,reactive lymph node
innate lymphoid cell.,248,spatial_knn,0.7648131847381592,0.0389966927468776,PDHL031,conch,3,1.0,200,human,lymph_node,reactive lymph node
macrophage.,162,train_mean,0.6360556483268738,0.047143630683422,PDHL031,conch,3,1.0,200,human,lymph_node,reactive lymph node
macrophage.,162,coordinate,0.6970660090446472,0.0436000600457191,PDHL031,conch,3,1.0,200,human,lymph_node,reactive lymph node
macrophage.,162,image,0.7781156897544861,0.038406066596508,PDHL031,conch,3,1.0,200,human,lymph_node,reactive lymph node
macrophage.,162,spatial_knn,0.5169604420661926,0.0597573295235633,PDHL031,conch,3,1.0,200,human,lymph_node,reactive lymph node
myeloid cell.,34,train_mean,0.6362120509147644,0.0425144731998443,PDHL031,conch,3,1.0,200,human,lymph_node,reactive lymph node
myeloid cell.,34,coordinate,0.3421823978424072,0.060041394084692,PDHL031,conch,3,1.0,200,human,lymph_node,reactive lymph node
myeloid cell.,34,image,0.6210530400276184,0.0426509603857994,PDHL031,conch,3,1.0,200,human,lymph_node,reactive lymph node
myeloid cell.,34,spatial_knn,0.5908730626106262,0.0505628921091556,PDHL031,conch,3,1.0,200,human,lymph_node,reactive lymph node
natural killer cell.,23,train_mean,0.5663377642631531,0.0495181120932102,PDHL031,conch,3,1.0,200,human,lymph_node,reactive lymph node
natural killer cell.,23,coordinate,0.2696360349655151,0.0603293478488922,PDHL031,conch,3,1.0,200,human,lymph_node,reactive lymph node
natural killer cell.,23,image,0.599648654460907,0.0482105500996112,PDHL031,conch,3,1.0,200,human,lymph_node,reactive lymph node
natural killer cell.,23,spatial_knn,0.4988722801208496,0.0634118765592575,PDHL031,conch,3,1.0,200,human,lymph_node,reactive lymph node
plasma cell.,38,train_mean,0.5806425213813782,0.0507719330489635,PDHL031,conch,3,1.0,200,human,lymph_node,reactive lymph node
plasma cell.,38,coordinate,0.3045597374439239,0.0634255781769752,PDHL031,conch,3,1.0,200,human,lymph_node,reactive lymph node
plasma cell.,38,image,0.6075749397277832,0.0483767315745353,PDHL031,conch,3,1.0,200,human,lymph_node,reactive lymph node
plasma cell.,38,spatial_knn,0.5395040512084961,0.0581002570688724,PDHL031,conch,3,1.0,200,human,lymph_node,reactive lymph node
stromal cell.,81,train_mean,0.349895179271698,0.068488523364067,PDHL031,conch,3,1.0,200,human,lymph_node,reactive lymph node
stromal cell.,81,coordinate,0.2194392383098602,0.0717312470078468,PDHL031,conch,3,1.0,200,human,lymph_node,reactive lymph node
stromal cell.,81,image,0.3568558692932129,0.0591089613735675,PDHL031,conch,3,1.0,200,human,lymph_node,reactive lymph node
stromal cell.,81,spatial_knn,0.2983267605304718,0.0789630636572837,PDHL031,conch,3,1.0,200,human,lymph_node,reactive lymph node
"CD8-positive, alpha-beta T cell.",27,train_mean,0.2717370092868805,0.065164066851139,PDHP030,conch,0,1.0,200,human,prostate,prostate
"CD8-positive, alpha-beta T cell.",27,coordinate,0.2903383374214172,0.0470547415316104,PDHP030,conch,0,1.0,200,human,prostate,prostate
"CD8-positive, alpha-beta T cell.",27,image,0.196115031838417,0.0401396490633487,PDHP030,conch,0,1.0,200,human,prostate,prostate
"CD8-positive, alpha-beta T cell.",27,spatial_knn,0.3355169892311096,0.0731020718812942,PDHP030,conch,0,1.0,200,human,prostate,prostate
GABAergic neuron.,21,train_mean,0.4030844271183014,0.065976895391941,PDHP030,conch,0,1.0,200,human,prostate,prostate
GABAergic neuron.,21,coordinate,0.3293743431568146,0.050529409199953,PDHP030,conch,0,1.0,200,human,prostate,prostate
GABAergic neuron.,21,image,0.3928564190864563,0.0473683513700962,PDHP030,conch,0,1.0,200,human,prostate,prostate
GABAergic neuron.,21,spatial_knn,0.3507379591464996,0.0608535706996917,PDHP030,conch,0,1.0,200,human,prostate,prostate
T cell.,20,train_mean,0.2235520482063293,0.0679380819201469,PDHP030,conch,0,1.0,200,human,prostate,prostate
T cell.,20,coordinate,0.2228004932403564,0.0495684780180454,PDHP030,conch,0,1.0,200,human,prostate,prostate
T cell.,20,image,0.232674092054367,0.0485167391598224,PDHP030,conch,0,1.0,200,human,prostate,prostate
T cell.,20,spatial_knn,0.2434408813714981,0.0645086094737052,PDHP030,conch,0,1.0,200,human,prostate,prostate
cultured cell.,29,train_mean,0.5837386250495911,0.0558556914329528,PDHP030,conch,0,1.0,200,human,prostate,prostate
cultured cell.,29,coordinate,0.4478179216384887,0.0412984192371368,PDHP030,conch,0,1.0,200,human,prostate,prostate
cultured cell.,29,image,0.5925688743591309,0.0546723566949367,PDHP030,conch,0,1.0,200,human,prostate,prostate
cultured cell.,29,spatial_knn,0.6122967004776001,0.0540702864527702,PDHP030,conch,0,1.0,200,human,prostate,prostate
endothelial cell of vascular tree.,283,train_mean,0.8419568538665771,0.0328710302710533,PDHP030,conch,0,1.0,200,human,prostate,prostate
endothelial cell of vascular tree.,283,coordinate,0.8899362087249756,0.0188288893550634,PDHP030,conch,0,1.0,200,human,prostate,prostate
endothelial cell of vascular tree.,283,image,0.9265002012252808,0.0175501722842454,PDHP030,conch,0,1.0,200,human,prostate,prostate
endothelial cell of vascular tree.,283,spatial_knn,0.8615521788597107,0.0421023741364479,PDHP030,conch,0,1.0,200,human,prostate,prostate
endothelial cell.,413,train_mean,0.6507900953292847,0.049447014927864,PDHP030,conch,0,1.0,200,human,prostate,prostate
endothelial cell.,413,coordinate,0.863478422164917,0.033787403255701,PDHP030,conch,0,1.0,200,human,prostate,prostate
endothelial cell.,413,image,0.9336454272270204,0.0251981019973754,PDHP030,conch,0,1.0,200,human,prostate,prostate
endothelial cell.,413,spatial_knn,0.7228128910064697,0.0469597689807415,PDHP030,conch,0,1.0,200,human,prostate,prostate
enterocyte.,21,train_mean,0.7532160878181458,0.0725082978606224,PDHP030,conch,0,1.0,200,human,prostate,prostate
enterocyte.,21,coordinate,0.597251296043396,0.0875684469938278,PDHP030,conch,0,1.0,200,human,prostate,prostate
enterocyte.,21,image,0.8339706063270569,0.0581912584602832,PDHP030,conch,0,1.0,200,human,prostate,prostate
enterocyte.,21,spatial_knn,0.589408278465271,0.0838462337851524,PDHP030,conch,0,1.0,200,human,prostate,prostate
epithelial cell of lower respiratory tract.,544,train_mean,0.9405373334884644,0.0590415000915527,PDHP030,conch,0,1.0,200,human,prostate,prostate
epithelial cell of lower respiratory tract.,544,coordinate,0.7190229892730713,0.0873510167002677,PDHP030,conch,0,1.0,200,human,prostate,prostate
epithelial cell of lower respiratory tract.,544,image,0.9701937437057496,0.0273581333458423,PDHP030,conch,0,1.0,200,human,prostate,prostate
epithelial cell of lower respiratory tract.,544,spatial_knn,0.8551464676856995,0.0628109201788902,PDHP030,conch,0,1.0,200,human,prostate,prostate
epithelial cell of proximal tubule.,36,train_mean,0.7893073558807373,0.0753149762749672,PDHP030,conch,0,1.0,200,human,prostate,prostate
epithelial cell of proximal tubule.,36,coordinate,0.623561680316925,0.0951933935284614,PDHP030,conch,0,1.0,200,human,prostate,prostate
epithelial cell of proximal tubule.,36,image,0.8174194693565369,0.0623121112585067,PDHP030,conch,0,1.0,200,human,prostate,prostate
epithelial cell of proximal tubule.,36,spatial_knn,0.7852335572242737,0.0745531618595123,PDHP030,conch,0,1.0,200,human,prostate,prostate
epithelial cell.,59,train_mean,0.883992075920105,0.0850449651479721,PDHP030,conch,0,1.0,200,human,prostate,prostate
epithelial cell.,59,coordinate,0.609927773475647,0.1153888627886772,PDHP030,conch,0,1.0,200,human,prostate,prostate
epithelial cell.,59,image,0.9237393140792848,0.0533213391900062,PDHP030,conch,0,1.0,200,human,prostate,prostate
epithelial cell.,59,spatial_knn,0.8245939016342163,0.0823501572012901,PDHP030,conch,0,1.0,200,human,prostate,prostate
fibroblast.,81,train_mean,0.4028017520904541,0.06961490213871,PDHP030,conch,0,1.0,200,human,prostate,prostate
fibroblast.,81,coordinate,0.731034517288208,0.0507116355001926,PDHP030,conch,0,1.0,200,human,prostate,prostate
fibroblast.,81,image,0.8186290860176086,0.0481173321604728,PDHP030,conch,0,1.0,200,human,prostate,prostate
fibroblast.,81,spatial_knn,0.4492295980453491,0.0745400860905647,PDHP030,conch,0,1.0,200,human,prostate,prostate
glutamatergic neuron.,33,train_mean,0.4808537065982818,0.0672964304685592,PDHP030,conch,0,1.0,200,human,prostate,prostate
glutamatergic neuron.,33,coordinate,0.3996955156326294,0.0476040430366992,PDHP030,conch,0,1.0,200,human,prostate,prostate
glutamatergic neuron.,33,image,0.4923449754714966,0.0387589521706104,PDHP030,conch,0,1.0,200,human,prostate,prostate
glutamatergic neuron.,33,spatial_knn,0.4543914496898651,0.0704873278737068,PDHP030,conch,0,1.0,200,human,prostate,prostate
kidney loop of Henle thick ascending limb epithelial cell.,28,train_mean,0.7087746858596802,0.0512062758207321,PDHP030,conch,0,1.0,200,human,prostate,prostate
kidney loop of Henle thick ascending limb epithelial cell.,28,coordinate,0.4525260627269745,0.0438412018120288,PDHP030,conch,0,1.0,200,human,prostate,prostate
kidney loop of Henle thick ascending limb epithelial cell.,28,image,0.7549293041229248,0.0429673865437507,PDHP030,conch,0,1.0,200,human,prostate,prostate
kidney loop of Henle thick ascending limb epithelial cell.,28,spatial_knn,0.6671234965324402,0.066394954919815,PDHP030,conch,0,1.0,200,human,prostate,prostate
macrophage.,90,train_mean,0.5052825808525085,0.056839995086193,PDHP030,conch,0,1.0,200,human,prostate,prostate
macrophage.,90,coordinate,0.4718591570854187,0.0396170765161514,PDHP030,conch,0,1.0,200,human,prostate,prostate
macrophage.,90,image,0.4239370226860046,0.0433427579700946,PDHP030,conch,0,1.0,200,human,prostate,prostate
macrophage.,90,spatial_knn,0.4940749406814575,0.0698781013488769,PDHP030,conch,0,1.0,200,human,prostate,prostate
native cell.,126,train_mean,0.8709917664527893,0.0298291128128767,PDHP030,conch,0,1.0,200,human,prostate,prostate
native cell.,126,coordinate,0.5889255404472351,0.0396892353892326,PDHP030,conch,0,1.0,200,human,prostate,prostate
native cell.,126,image,0.9326618313789368,0.0327568426728248,PDHP030,conch,0,1.0,200,human,prostate,prostate
native cell.,126,spatial_knn,0.7262045741081238,0.0403256677091121,PDHP030,conch,0,1.0,200,human,prostate,prostate
smooth muscle cell.,48,train_mean,0.435658723115921,0.0625921115279197,PDHP030,conch,0,1.0,200,human,prostate,prostate
smooth muscle cell.,48,coordinate,0.7928540706634521,0.038200456649065,PDHP030,conch,0,1.0,200,human,prostate,prostate
smooth muscle cell.,48,image,0.8994899988174438,0.0308323558419942,PDHP030,conch,0,1.0,200,human,prostate,prostate
smooth muscle cell.,48,spatial_knn,0.4922148883342743,0.0697121024131774,PDHP030,conch,0,1.0,200,human,prostate,prostate
stromal cell.,265,train_mean,0.605961799621582,0.0490658469498157,PDHP030,conch,0,1.0,200,human,prostate,prostate
stromal cell.,265,coordinate,0.8282742500305176,0.0242529939860105,PDHP030,conch,0,1.0,200,human,prostate,prostate
stromal cell.,265,image,0.8544832468032837,0.0222720485180616,PDHP030,conch,0,1.0,200,human,prostate,prostate
stromal cell.,265,spatial_knn,0.644514262676239,0.0543881878256797,PDHP030,conch,0,1.0,200,human,prostate,prostate
"CD8-positive, alpha-beta T cell.",39,train_mean,0.3401899635791778,0.0596638061106205,PDHP030,conch,1,1.0,200,human,prostate,prostate
"CD8-positive, alpha-beta T cell.",39,coordinate,-0.0616454370319843,0.067683644592762,PDHP030,conch,1,1.0,200,human,prostate,prostate
"CD8-positive, alpha-beta T cell.",39,image,0.3406256139278412,0.0373236984014511,PDHP030,conch,1,1.0,200,human,prostate,prostate
"CD8-positive, alpha-beta T cell.",39,spatial_knn,0.1411937028169632,0.0416612289845943,PDHP030,conch,1,1.0,200,human,prostate,prostate
cultured cell.,32,train_mean,0.5734789967536926,0.0511701516807079,PDHP030,conch,1,1.0,200,human,prostate,prostate
cultured cell.,32,coordinate,-0.1714888960123062,0.0943522453308105,PDHP030,conch,1,1.0,200,human,prostate,prostate
cultured cell.,32,image,0.5703874826431274,0.0444740504026412,PDHP030,conch,1,1.0,200,human,prostate,prostate
cultured cell.,32,spatial_knn,0.3114227056503296,0.0551045127213001,PDHP030,conch,1,1.0,200,human,prostate,prostate
endothelial cell of vascular tree.,343,train_mean,0.7433058023452759,0.0363371521234512,PDHP030,conch,1,1.0,200,human,prostate,prostate
endothelial cell of vascular tree.,343,coordinate,0.2968282103538513,0.0814050883054733,PDHP030,conch,1,1.0,200,human,prostate,prostate
endothelial cell of vascular tree.,343,image,0.8991057872772217,0.0211313460022211,PDHP030,conch,1,1.0,200,human,prostate,prostate
endothelial cell of vascular tree.,343,spatial_knn,0.6060904264450073,0.0451126471161842,PDHP030,conch,1,1.0,200,human,prostate,prostate
endothelial cell.,504,train_mean,0.6182181239128113,0.0514244809746742,PDHP030,conch,1,1.0,200,human,prostate,prostate
endothelial cell.,504,coordinate,0.4917780458927154,0.0840884149074554,PDHP030,conch,1,1.0,200,human,prostate,prostate
endothelial cell.,504,image,0.9381447434425354,0.0305509697645902,PDHP030,conch,1,1.0,200,human,prostate,prostate
endothelial cell.,504,spatial_knn,0.549731433391571,0.0605738796293735,PDHP030,conch,1,1.0,200,human,prostate,prostate
epithelial cell of lower respiratory tract.,475,train_mean,0.8928438425064087,0.0669157803058624,PDHP030,conch,1,1.0,200,human,prostate,prostate
epithelial cell of lower respiratory tract.,475,coordinate,-0.1355103850364685,0.1546627581119537,PDHP030,conch,1,1.0,200,human,prostate,prostate
epithelial cell of lower respiratory tract.,475,image,0.9148832559585572,0.0471569150686264,PDHP030,conch,1,1.0,200,human,prostate,prostate
epithelial cell of lower respiratory tract.,475,spatial_knn,0.7334825992584229,0.1044432744383812,PDHP030,conch,1,1.0,200,human,prostate,prostate
epithelial cell of proximal tubule.,49,train_mean,0.7332209348678589,0.0941462740302085,PDHP030,conch,1,1.0,200,human,prostate,prostate
epithelial cell of proximal tubule.,49,coordinate,-0.1119932383298873,0.1659204214811325,PDHP030,conch,1,1.0,200,human,prostate,prostate
epithelial cell of proximal tubule.,49,image,0.7657414078712463,0.0827759727835655,PDHP030,conch,1,1.0,200,human,prostate,prostate
epithelial cell of proximal tubule.,49,spatial_knn,0.6678823828697205,0.1192890405654907,PDHP030,conch,1,1.0,200,human,prostate,prostate
epithelial cell.,72,train_mean,0.7318995594978333,0.1041462495923042,PDHP030,conch,1,1.0,200,human,prostate,prostate
epithelial cell.,72,coordinate,-0.1733632236719131,0.1792906671762466,PDHP030,conch,1,1.0,200,human,prostate,prostate
epithelial cell.,72,image,0.781217634677887,0.0839577913284301,PDHP030,conch,1,1.0,200,human,prostate,prostate
epithelial cell.,72,spatial_knn,0.5299997329711914,0.1365359723567962,PDHP030,conch,1,1.0,200,human,prostate,prostate
fibroblast.,112,train_mean,0.3919372260570526,0.0748537108302116,PDHP030,conch,1,1.0,200,human,prostate,prostate
fibroblast.,112,coordinate,0.5721368193626404,0.0845468640327453,PDHP030,conch,1,1.0,200,human,prostate,prostate
fibroblast.,112,image,0.8743546009063721,0.0534466579556465,PDHP030,conch,1,1.0,200,human,prostate,prostate
fibroblast.,112,spatial_knn,0.3793359696865082,0.0753099769353866,PDHP030,conch,1,1.0,200,human,prostate,prostate
kidney loop of Henle thick ascending limb epithelial cell.,22,train_mean,0.704927921295166,0.049710351973772,PDHP030,conch,1,1.0,200,human,prostate,prostate
kidney loop of Henle thick ascending limb epithelial cell.,22,coordinate,-0.2035326510667801,0.0877051055431366,PDHP030,conch,1,1.0,200,human,prostate,prostate
kidney loop of Henle thick ascending limb epithelial cell.,22,image,0.7812347412109375,0.0453798584640026,PDHP030,conch,1,1.0,200,human,prostate,prostate
kidney loop of Henle thick ascending limb epithelial cell.,22,spatial_knn,0.6333526372909546,0.0400466360151767,PDHP030,conch,1,1.0,200,human,prostate,prostate
macrophage.,86,train_mean,0.5200307369232178,0.0527829714119434,PDHP030,conch,1,1.0,200,human,prostate,prostate
macrophage.,86,coordinate,-0.1100681126117706,0.0750197619199752,PDHP030,conch,1,1.0,200,human,prostate,prostate
macrophage.,86,image,0.4744297564029693,0.0357491560280323,PDHP030,conch,1,1.0,200,human,prostate,prostate
macrophage.,86,spatial_knn,0.265860378742218,0.0401917658746242,PDHP030,conch,1,1.0,200,human,prostate,prostate
native cell.,88,train_mean,0.858241617679596,0.0291831120848655,PDHP030,conch,1,1.0,200,human,prostate,prostate
native cell.,88,coordinate,-0.1453618705272674,0.0814950391650199,PDHP030,conch,1,1.0,200,human,prostate,prostate
native cell.,88,image,0.8946004509925842,0.0309078395366668,PDHP030,conch,1,1.0,200,human,prostate,prostate
native cell.,88,spatial_knn,0.6757934093475342,0.0391380973160266,PDHP030,conch,1,1.0,200,human,prostate,prostate
smooth muscle cell.,63,train_mean,0.3701835572719574,0.0747300907969474,PDHP030,conch,1,1.0,200,human,prostate,prostate
smooth muscle cell.,63,coordinate,0.6559767723083496,0.0776463896036148,PDHP030,conch,1,1.0,200,human,prostate,prostate
smooth muscle cell.,63,image,0.9048007726669312,0.0483684875071048,PDHP030,conch,1,1.0,200,human,prostate,prostate
smooth muscle cell.,63,spatial_knn,0.41346275806427,0.0713149607181549,PDHP030,conch,1,1.0,200,human,prostate,prostate
stromal cell.,287,train_mean,0.4908163249492645,0.0577502138912677,PDHP030,conch,1,1.0,200,human,prostate,prostate
stromal cell.,287,coordinate,0.5625659227371216,0.0737779885530471,PDHP030,conch,1,1.0,200,human,prostate,prostate
stromal cell.,287,image,0.8853122591972351,0.033451922237873,PDHP030,conch,1,1.0,200,human,prostate,prostate
stromal cell.,287,spatial_knn,0.431720495223999,0.0563134774565696,PDHP030,conch,1,1.0,200,human,prostate,prostate
"CD8-positive, alpha-beta T cell.",45,train_mean,0.315015584230423,0.0630757212638855,PDHP030,conch,2,1.0,200,human,prostate,prostate
"CD8-positive, alpha-beta T cell.",45,coordinate,0.2206359505653381,0.088152065873146,PDHP030,conch,2,1.0,200,human,prostate,prostate
"CD8-positive, alpha-beta T cell.",45,image,0.3762954473495483,0.0299314428120851,PDHP030,conch,2,1.0,200,human,prostate,prostate
"CD8-positive, alpha-beta T cell.",45,spatial_knn,0.2518176734447479,0.0971954837441444,PDHP030,conch,2,1.0,200,human,prostate,prostate
GABAergic neuron.,23,train_mean,0.4760131239891052,0.0703308284282684,PDHP030,conch,2,1.0,200,human,prostate,prostate
GABAergic neuron.,23,coordinate,0.5097383856773376,0.0966369062662124,PDHP030,conch,2,1.0,200,human,prostate,prostate
GABAergic neuron.,23,image,0.3887293636798858,0.0364616513252258,PDHP030,conch,2,1.0,200,human,prostate,prostate
GABAergic neuron.,23,spatial_knn,0.4215845167636871,0.1212774217128753,PDHP030,conch,2,1.0,200,human,prostate,prostate
cultured cell.,29,train_mean,0.5690232515335083,0.0543306432664394,PDHP030,conch,2,1.0,200,human,prostate,prostate
cultured cell.,29,coordinate,0.6030693054199219,0.0761429965496063,PDHP030,conch,2,1.0,200,human,prostate,prostate
cultured cell.,29,image,0.541498601436615,0.0408269353210926,PDHP030,conch,2,1.0,200,human,prostate,prostate
cultured cell.,29,spatial_knn,0.5633302927017212,0.0900150313973426,PDHP030,conch,2,1.0,200,human,prostate,prostate
endothelial cell of vascular tree.,287,train_mean,0.7034317851066589,0.043174035847187,PDHP030,conch,2,1.0,200,human,prostate,prostate
endothelial cell of vascular tree.,287,coordinate,0.4936941266059875,0.0749222114682197,PDHP030,conch,2,1.0,200,human,prostate,prostate
endothelial cell of vascular tree.,287,image,0.9265868067741394,0.0140907075256109,PDHP030,conch,2,1.0,200,human,prostate,prostate
endothelial cell of vascular tree.,287,spatial_knn,0.7010598182678223,0.0600688718259334,PDHP030,conch,2,1.0,200,human,prostate,prostate
endothelial cell.,435,train_mean,0.5330937504768372,0.0569203533232212,PDHP030,conch,2,1.0,200,human,prostate,prostate
endothelial cell.,435,coordinate,0.2889001369476318,0.0874096900224685,PDHP030,conch,2,1.0,200,human,prostate,prostate
endothelial cell.,435,image,0.9112226366996764,0.0283179599791765,PDHP030,conch,2,1.0,200,human,prostate,prostate
endothelial cell.,435,spatial_knn,0.5704329013824463,0.0687528327107429,PDHP030,conch,2,1.0,200,human,prostate,prostate
enterocyte.,33,train_mean,0.8322965502738953,0.1392719149589538,PDHP030,conch,2,1.0,200,human,prostate,prostate
enterocyte.,33,coordinate,0.9017258882522584,0.1151516959071159,PDHP030,conch,2,1.0,200,human,prostate,prostate
enterocyte.,33,image,0.9163872003555298,0.0885410085320472,PDHP030,conch,2,1.0,200,human,prostate,prostate
enterocyte.,33,spatial_knn,0.8357269167900085,0.1023887246847152,PDHP030,conch,2,1.0,200,human,prostate,prostate
epithelial cell of lower respiratory tract.,480,train_mean,0.8764704465866089,0.1023675724864006,PDHP030,conch,2,1.0,200,human,prostate,prostate
epithelial cell of lower respiratory tract.,480,coordinate,0.9573812484741212,0.0759074836969375,PDHP030,conch,2,1.0,200,human,prostate,prostate
epithelial cell of lower respiratory tract.,480,image,0.9676912426948548,0.0532425977289676,PDHP030,conch,2,1.0,200,human,prostate,prostate
epithelial cell of lower respiratory tract.,480,spatial_knn,0.902194619178772,0.0601752921938896,PDHP030,conch,2,1.0,200,human,prostate,prostate
epithelial cell of proximal tubule.,30,train_mean,0.8167564868927002,0.1107804998755455,PDHP030,conch,2,1.0,200,human,prostate,prostate
epithelial cell of proximal tubule.,30,coordinate,0.8774706721305847,0.0882729962468147,PDHP030,conch,2,1.0,200,human,prostate,prostate
epithelial cell of proximal tubule.,30,image,0.8850427269935608,0.0793050527572631,PDHP030,conch,2,1.0,200,human,prostate,prostate
epithelial cell of proximal tubule.,30,spatial_knn,0.8328925967216492,0.076162651181221,PDHP030,conch,2,1.0,200,human,prostate,prostate
epithelial cell.,98,train_mean,0.8735149502754211,0.1418409943580627,PDHP030,conch,2,1.0,200,human,prostate,prostate
epithelial cell.,98,coordinate,0.9309333562850952,0.1174312904477119,PDHP030,conch,2,1.0,200,human,prostate,prostate
epithelial cell.,98,image,0.9457573294639589,0.0931034907698631,PDHP030,conch,2,1.0,200,human,prostate,prostate
epithelial cell.,98,spatial_knn,0.8870417475700378,0.0958949923515319,PDHP030,conch,2,1.0,200,human,prostate,prostate
fibroblast.,79,train_mean,0.4782182574272156,0.0537946373224258,PDHP030,conch,2,1.0,200,human,prostate,prostate
fibroblast.,79,coordinate,0.2339631468057632,0.0862578600645065,PDHP030,conch,2,1.0,200,human,prostate,prostate
fibroblast.,79,image,0.815200924873352,0.0296364743262529,PDHP030,conch,2,1.0,200,human,prostate,prostate
fibroblast.,79,spatial_knn,0.4057054221630096,0.089349053800106,PDHP030,conch,2,1.0,200,human,prostate,prostate
glutamatergic neuron.,30,train_mean,0.1059192940592765,0.0713947489857673,PDHP030,conch,2,1.0,200,human,prostate,prostate
glutamatergic neuron.,30,coordinate,0.0861099883913993,0.0986575186252594,PDHP030,conch,2,1.0,200,human,prostate,prostate
glutamatergic neuron.,30,image,0.1492873132228851,0.0336329527199268,PDHP030,conch,2,1.0,200,human,prostate,prostate
glutamatergic neuron.,30,spatial_knn,0.1360297948122024,0.0883425399661064,PDHP030,conch,2,1.0,200,human,prostate,prostate
kidney loop of Henle thick ascending limb epithelial cell.,25,train_mean,0.5439170002937317,0.0583760738372802,PDHP030,conch,2,1.0,200,human,prostate,prostate
kidney loop of Henle thick ascending limb epithelial cell.,25,coordinate,0.5843717455863953,0.0833799317479133,PDHP030,conch,2,1.0,200,human,prostate,prostate
kidney loop of Henle thick ascending limb epithelial cell.,25,image,0.4994978904724121,0.0328756533563137,PDHP030,conch,2,1.0,200,human,prostate,prostate
kidney loop of Henle thick ascending limb epithelial cell.,25,spatial_knn,0.4925404191017151,0.0835559144616127,PDHP030,conch,2,1.0,200,human,prostate,prostate
macrophage.,70,train_mean,0.2470252811908722,0.0636325106024742,PDHP030,conch,2,1.0,200,human,prostate,prostate
macrophage.,70,coordinate,0.1539352983236313,0.0898191854357719,PDHP030,conch,2,1.0,200,human,prostate,prostate
macrophage.,70,image,0.3065732419490814,0.0434547513723373,PDHP030,conch,2,1.0,200,human,prostate,prostate
macrophage.,70,spatial_knn,0.1894903033971786,0.101316899061203,PDHP030,conch,2,1.0,200,human,prostate,prostate
native cell.,111,train_mean,0.8147948980331421,0.0331364050507545,PDHP030,conch,2,1.0,200,human,prostate,prostate
native cell.,111,coordinate,0.8954831957817078,0.0363662391901016,PDHP030,conch,2,1.0,200,human,prostate,prostate
native cell.,111,image,0.8809849619865417,0.0306902937591075,PDHP030,conch,2,1.0,200,human,prostate,prostate
native cell.,111,spatial_knn,0.8293818831443787,0.0613703206181526,PDHP030,conch,2,1.0,200,human,prostate,prostate
smooth muscle cell.,85,train_mean,0.5043590068817139,0.0615359470248222,PDHP030,conch,2,1.0,200,human,prostate,prostate
smooth muscle cell.,85,coordinate,0.2459945678710937,0.0923691987991333,PDHP030,conch,2,1.0,200,human,prostate,prostate
smooth muscle cell.,85,image,0.8888640999794006,0.0374345928430557,PDHP030,conch,2,1.0,200,human,prostate,prostate
smooth muscle cell.,85,spatial_knn,0.5387412309646606,0.0706286430358886,PDHP030,conch,2,1.0,200,human,prostate,prostate
stromal cell.,275,train_mean,0.5938358306884766,0.0508464276790618,PDHP030,conch,2,1.0,200,human,prostate,prostate
stromal cell.,275,coordinate,0.3498505353927612,0.0829389989376068,PDHP030,conch,2,1.0,200,human,prostate,prostate
stromal cell.,275,image,0.8897191882133484,0.0182065609842538,PDHP030,conch,2,1.0,200,human,prostate,prostate
stromal cell.,275,spatial_knn,0.5482059717178345,0.082340195775032,PDHP030,conch,2,1.0,200,human,prostate,prostate
"CD8-positive, alpha-beta T cell.",29,train_mean,0.328451007604599,0.0687947049736976,PDHP030,conch,3,1.0,200,human,prostate,prostate
"CD8-positive, alpha-beta T cell.",29,coordinate,0.3464769124984741,0.1183357313275337,PDHP030,conch,3,1.0,200,human,prostate,prostate
"CD8-positive, alpha-beta T cell.",29,image,0.1629727482795715,0.0322843007743358,PDHP030,conch,3,1.0,200,human,prostate,prostate
"CD8-positive, alpha-beta T cell.",29,spatial_knn,0.2414246201515197,0.0914764106273651,PDHP030,conch,3,1.0,200,human,prostate,prostate
GABAergic neuron.,25,train_mean,0.3683584034442901,0.0743965730071067,PDHP030,conch,3,1.0,200,human,prostate,prostate
GABAergic neuron.,25,coordinate,0.3381361663341522,0.1245757490396499,PDHP030,conch,3,1.0,200,human,prostate,prostate
GABAergic neuron.,25,image,0.1720228195190429,0.0338669046759605,PDHP030,conch,3,1.0,200,human,prostate,prostate
GABAergic neuron.,25,spatial_knn,0.2759084403514862,0.0793327018618583,PDHP030,conch,3,1.0,200,human,prostate,prostate
astrocyte.,21,train_mean,0.1416573226451873,0.073126308619976,PDHP030,conch,3,1.0,200,human,prostate,prostate
astrocyte.,21,coordinate,0.1032682210206985,0.1237807124853134,PDHP030,conch,3,1.0,200,human,prostate,prostate
astrocyte.,21,image,0.3608201742172241,0.0351112000644207,PDHP030,conch,3,1.0,200,human,prostate,prostate
astrocyte.,21,spatial_knn,0.0409089177846908,0.1139096468687057,PDHP030,conch,3,1.0,200,human,prostate,prostate
cultured cell.,35,train_mean,0.5551995635032654,0.0673406049609184,PDHP030,conch,3,1.0,200,human,prostate,prostate
cultured cell.,35,coordinate,0.5241996645927429,0.1175182312726974,PDHP030,conch,3,1.0,200,human,prostate,prostate
cultured cell.,35,image,0.5140988230705261,0.0333262793719768,PDHP030,conch,3,1.0,200,human,prostate,prostate
cultured cell.,35,spatial_knn,0.4236789345741272,0.0940899848937988,PDHP030,conch,3,1.0,200,human,prostate,prostate
endothelial cell of lymphatic vessel.,20,train_mean,0.3415827751159668,0.0740180313587188,PDHP030,conch,3,1.0,200,human,prostate,prostate
endothelial cell of lymphatic vessel.,20,coordinate,0.3014568388462066,0.123370736837387,PDHP030,conch,3,1.0,200,human,prostate,prostate
endothelial cell of lymphatic vessel.,20,image,0.1605728268623352,0.0282930694520473,PDHP030,conch,3,1.0,200,human,prostate,prostate
endothelial cell of lymphatic vessel.,20,spatial_knn,0.2821540236473083,0.1150830909609794,PDHP030,conch,3,1.0,200,human,prostate,prostate
endothelial cell of vascular tree.,383,train_mean,0.585435688495636,0.0532638579607009,PDHP030,conch,3,1.0,200,human,prostate,prostate
endothelial cell of vascular tree.,383,coordinate,0.500855565071106,0.10507582873106,PDHP030,conch,3,1.0,200,human,prostate,prostate
endothelial cell of vascular tree.,383,image,0.8726306557655334,0.0152824157848954,PDHP030,conch,3,1.0,200,human,prostate,prostate
endothelial cell of vascular tree.,383,spatial_knn,0.3319989740848541,0.0876624286174774,PDHP030,conch,3,1.0,200,human,prostate,prostate
endothelial cell.,556,train_mean,0.4800807237625122,0.0620015412569046,PDHP030,conch,3,1.0,200,human,prostate,prostate
endothelial cell.,556,coordinate,0.3427706062793731,0.105323813855648,PDHP030,conch,3,1.0,200,human,prostate,prostate
endothelial cell.,556,image,0.9090943932533264,0.0312422160059213,PDHP030,conch,3,1.0,200,human,prostate,prostate
endothelial cell.,556,spatial_knn,0.2099773585796356,0.0956790521740913,PDHP030,conch,3,1.0,200,human,prostate,prostate
enterocyte.,24,train_mean,0.8011504411697388,0.1687007546424865,PDHP030,conch,3,1.0,200,human,prostate,prostate
enterocyte.,24,coordinate,0.8486366868019104,0.1323862671852111,PDHP030,conch,3,1.0,200,human,prostate,prostate
enterocyte.,24,image,0.8867133259773254,0.1225614696741104,PDHP030,conch,3,1.0,200,human,prostate,prostate
enterocyte.,24,spatial_knn,0.7866660356521606,0.1381450295448303,PDHP030,conch,3,1.0,200,human,prostate,prostate
epithelial cell of lower respiratory tract.,336,train_mean,0.8789637684822083,0.0947574600577354,PDHP030,conch,3,1.0,200,human,prostate,prostate
epithelial cell of lower respiratory tract.,336,coordinate,0.9301882982254028,0.0570257864892482,PDHP030,conch,3,1.0,200,human,prostate,prostate
epithelial cell of lower respiratory tract.,336,image,0.9492672085762024,0.0693106278777122,PDHP030,conch,3,1.0,200,human,prostate,prostate
epithelial cell of lower respiratory tract.,336,spatial_knn,0.8512594103813171,0.0746077224612236,PDHP030,conch,3,1.0,200,human,prostate,prostate
epithelial cell.,53,train_mean,0.8442030549049377,0.1546128690242767,PDHP030,conch,3,1.0,200,human,prostate,prostate
epithelial cell.,53,coordinate,0.8925814628601074,0.1158920153975486,PDHP030,conch,3,1.0,200,human,prostate,prostate
epithelial cell.,53,image,0.9162392616271972,0.1198804154992103,PDHP030,conch,3,1.0,200,human,prostate,prostate
epithelial cell.,53,spatial_knn,0.7967812418937683,0.1343859732151031,PDHP030,conch,3,1.0,200,human,prostate,prostate
fibroblast.,59,train_mean,0.456493467092514,0.0586206465959548,PDHP030,conch,3,1.0,200,human,prostate,prostate
fibroblast.,59,coordinate,0.3891334235668182,0.104155384004116,PDHP030,conch,3,1.0,200,human,prostate,prostate
fibroblast.,59,image,0.7486299872398376,0.02781917527318,PDHP030,conch,3,1.0,200,human,prostate,prostate
fibroblast.,59,spatial_knn,0.3117055892944336,0.0808655172586441,PDHP030,conch,3,1.0,200,human,prostate,prostate
glutamatergic neuron.,43,train_mean,0.1046609878540039,0.0760944262146949,PDHP030,conch,3,1.0,200,human,prostate,prostate
glutamatergic neuron.,43,coordinate,0.1124626249074935,0.1268084347248077,PDHP030,conch,3,1.0,200,human,prostate,prostate
glutamatergic neuron.,43,image,0.180422231554985,0.0286205932497978,PDHP030,conch,3,1.0,200,human,prostate,prostate
glutamatergic neuron.,43,spatial_knn,0.0839933827519416,0.1042544022202491,PDHP030,conch,3,1.0,200,human,prostate,prostate
kidney loop of Henle thick ascending limb epithelial cell.,32,train_mean,0.3238674402236938,0.0715334117412567,PDHP030,conch,3,1.0,200,human,prostate,prostate
kidney loop of Henle thick ascending limb epithelial cell.,32,coordinate,0.3318039774894714,0.1214848756790161,PDHP030,conch,3,1.0,200,human,prostate,prostate
kidney loop of Henle thick ascending limb epithelial cell.,32,image,0.0978989750146865,0.0277525018900632,PDHP030,conch,3,1.0,200,human,prostate,prostate
kidney loop of Henle thick ascending limb epithelial cell.,32,spatial_knn,0.3364781737327575,0.0951065272092819,PDHP030,conch,3,1.0,200,human,prostate,prostate
macrophage.,62,train_mean,0.1439172923564911,0.0686297342181205,PDHP030,conch,3,1.0,200,human,prostate,prostate
macrophage.,62,coordinate,0.1515965014696121,0.1131815910339355,PDHP030,conch,3,1.0,200,human,prostate,prostate
macrophage.,62,image,0.2016589492559433,0.040592685341835,PDHP030,conch,3,1.0,200,human,prostate,prostate
macrophage.,62,spatial_knn,0.0772415101528167,0.1063758209347724,PDHP030,conch,3,1.0,200,human,prostate,prostate
native cell.,76,train_mean,0.748957633972168,0.039249487221241,PDHP030,conch,3,1.0,200,human,prostate,prostate
native cell.,76,coordinate,0.8024466037750244,0.0716023966670036,PDHP030,conch,3,1.0,200,human,prostate,prostate
native cell.,76,image,0.7617478966712952,0.0330469273030757,PDHP030,conch,3,1.0,200,human,prostate,prostate
native cell.,76,spatial_knn,0.7557399272918701,0.0617625825107097,PDHP030,conch,3,1.0,200,human,prostate,prostate
smooth muscle cell.,104,train_mean,0.4607839286327362,0.0713560953736305,PDHP030,conch,3,1.0,200,human,prostate,prostate
smooth muscle cell.,104,coordinate,0.3559753894805908,0.105160929262638,PDHP030,conch,3,1.0,200,human,prostate,prostate
smooth muscle cell.,104,image,0.873742401599884,0.0486229844391346,PDHP030,conch,3,1.0,200,human,prostate,prostate
smooth muscle cell.,104,spatial_knn,0.2519068419933319,0.091061532497406,PDHP030,conch,3,1.0,200,human,prostate,prostate
stromal cell.,280,train_mean,0.5626468658447266,0.0569344200193882,PDHP030,conch,3,1.0,200,human,prostate,prostate
stromal cell.,280,coordinate,0.4842540025711059,0.1066820472478866,PDHP030,conch,3,1.0,200,human,prostate,prostate
stromal cell.,280,image,0.877170979976654,0.0150419976562261,PDHP030,conch,3,1.0,200,human,prostate,prostate
stromal cell.,280,spatial_knn,0.3258454203605652,0.0916132628917694,PDHP030,conch,3,1.0,200,human,prostate,prostate
"CD8-positive, alpha-beta T cell.",71,train_mean,0.3360680043697357,0.1477287858724594,PDHS029,conch,0,1.0,200,human,skin,skin
"CD8-positive, alpha-beta T cell.",71,coordinate,0.2303051650524139,0.4014213979244232,PDHS029,conch,0,1.0,200,human,skin,skin
"CD8-positive, alpha-beta T cell.",71,image,0.5324801206588745,0.0966674163937568,PDHS029,conch,0,1.0,200,human,skin,skin
"CD8-positive, alpha-beta T cell.",71,spatial_knn,0.3400697410106659,0.22634918987751,PDHS029,conch,0,1.0,200,human,skin,skin
T cell.,83,train_mean,0.4611507654190063,0.1282234638929367,PDHS029,conch,0,1.0,200,human,skin,skin
T cell.,83,coordinate,0.3515991866588592,0.3645104467868805,PDHS029,conch,0,1.0,200,human,skin,skin
T cell.,83,image,0.611685574054718,0.0952982679009437,PDHS029,conch,0,1.0,200,human,skin,skin
T cell.,83,spatial_knn,0.4428004026412964,0.2142502963542938,PDHS029,conch,0,1.0,200,human,skin,skin
cultured cell.,279,train_mean,0.9407972097396852,0.2212281674146652,PDHS029,conch,0,1.0,200,human,skin,skin
cultured cell.,279,coordinate,0.958739697933197,0.1082673370838165,PDHS029,conch,0,1.0,200,human,skin,skin
cultured cell.,279,image,0.9834929704666138,0.0891610011458396,PDHS029,conch,0,1.0,200,human,skin,skin
cultured cell.,279,spatial_knn,0.9548216462135316,0.1319867670536041,PDHS029,conch,0,1.0,200,human,skin,skin
endothelial cell of vascular tree.,374,train_mean,0.9507142305374146,0.2064967006444931,PDHS029,conch,0,1.0,200,human,skin,skin
endothelial cell of vascular tree.,374,coordinate,0.9744697213172911,0.070025160908699,PDHS029,conch,0,1.0,200,human,skin,skin
endothelial cell of vascular tree.,374,image,0.9914106130599976,0.0917696058750152,PDHS029,conch,0,1.0,200,human,skin,skin
endothelial cell of vascular tree.,374,spatial_knn,0.9794927835464478,0.0758418887853622,PDHS029,conch,0,1.0,200,human,skin,skin
endothelial cell.,430,train_mean,0.9714491963386536,0.0647549778223037,PDHS029,conch,0,1.0,200,human,skin,skin
endothelial cell.,430,coordinate,0.9458156228065492,0.1924063116312027,PDHS029,conch,0,1.0,200,human,skin,skin
endothelial cell.,430,image,0.9874289631843568,0.0289265606552362,PDHS029,conch,0,1.0,200,human,skin,skin
endothelial cell.,430,spatial_knn,0.969868302345276,0.0823231115937233,PDHS029,conch,0,1.0,200,human,skin,skin
epithelial cell of lower respiratory tract.,179,train_mean,0.938865065574646,0.1977807730436325,PDHS029,conch,0,1.0,200,human,skin,skin
epithelial cell of lower respiratory tract.,179,coordinate,0.9686453938484192,0.0985448956489563,PDHS029,conch,0,1.0,200,human,skin,skin
epithelial cell of lower respiratory tract.,179,image,0.9879780411720276,0.0628504455089569,PDHS029,conch,0,1.0,200,human,skin,skin
epithelial cell of lower respiratory tract.,179,spatial_knn,0.9625011086463928,0.09494499117136,PDHS029,conch,0,1.0,200,human,skin,skin
epithelial cell.,78,train_mean,0.9405618906021118,0.2371584624052047,PDHS029,conch,0,1.0,200,human,skin,skin
epithelial cell.,78,coordinate,0.9601988792419434,0.0957791730761528,PDHS029,conch,0,1.0,200,human,skin,skin
epithelial cell.,78,image,0.9808489084243774,0.1017902269959449,PDHS029,conch,0,1.0,200,human,skin,skin
epithelial cell.,78,spatial_knn,0.9616624116897584,0.1351684927940368,PDHS029,conch,0,1.0,200,human,skin,skin
fibroblast.,105,train_mean,0.3710830509662628,0.1593343466520309,PDHS029,conch,0,1.0,200,human,skin,skin
fibroblast.,105,coordinate,0.1012995317578315,0.3795906901359558,PDHS029,conch,0,1.0,200,human,skin,skin
fibroblast.,105,image,0.4503631293773651,0.1449602246284485,PDHS029,conch,0,1.0,200,human,skin,skin
fibroblast.,105,spatial_knn,0.3385862410068512,0.178464651107788,PDHS029,conch,0,1.0,200,human,skin,skin
innate lymphoid cell.,23,train_mean,0.472935676574707,0.141145721077919,PDHS029,conch,0,1.0,200,human,skin,skin
innate lymphoid cell.,23,coordinate,0.3573517203330993,0.3897770941257477,PDHS029,conch,0,1.0,200,human,skin,skin
innate lymphoid cell.,23,image,0.6799697279930115,0.0697219595313072,PDHS029,conch,0,1.0,200,human,skin,skin
innate lymphoid cell.,23,spatial_knn,0.4477365911006927,0.1753046065568924,PDHS029,conch,0,1.0,200,human,skin,skin
macrophage.,300,train_mean,0.5623534321784973,0.1124897897243499,PDHS029,conch,0,1.0,200,human,skin,skin
macrophage.,300,coordinate,0.3726339936256408,0.360882043838501,PDHS029,conch,0,1.0,200,human,skin,skin
macrophage.,300,image,0.6695271730422974,0.0914969444274902,PDHS029,conch,0,1.0,200,human,skin,skin
macrophage.,300,spatial_knn,0.5094767808914185,0.1672736704349517,PDHS029,conch,0,1.0,200,human,skin,skin
malignant cell.,119,train_mean,0.9376283884048462,0.2480001747608184,PDHS029,conch,0,1.0,200,human,skin,skin
malignant cell.,119,coordinate,0.9662958979606628,0.0852726474404335,PDHS029,conch,0,1.0,200,human,skin,skin
malignant cell.,119,image,0.9844961762428284,0.1155650913715362,PDHS029,conch,0,1.0,200,human,skin,skin
malignant cell.,119,spatial_knn,0.9581648707389832,0.1499217003583908,PDHS029,conch,0,1.0,200,human,skin,skin
monocyte.,22,train_mean,0.4206821024417877,0.132628247141838,PDHS029,conch,0,1.0,200,human,skin,skin
monocyte.,22,coordinate,0.2707730531692505,0.3737557828426361,PDHS029,conch,0,1.0,200,human,skin,skin
monocyte.,22,image,0.6289839744567871,0.089831456542015,PDHS029,conch,0,1.0,200,human,skin,skin
monocyte.,22,spatial_knn,0.4131458699703216,0.1770884394645691,PDHS029,conch,0,1.0,200,human,skin,skin
natural killer cell.,34,train_mean,0.3465481102466583,0.1532047241926193,PDHS029,conch,0,1.0,200,human,skin,skin
natural killer cell.,34,coordinate,0.2195890098810196,0.4120762050151825,PDHS029,conch,0,1.0,200,human,skin,skin
natural killer cell.,34,image,0.6510019898414612,0.069614365696907,PDHS029,conch,0,1.0,200,human,skin,skin
natural killer cell.,34,spatial_knn,0.3145062923431396,0.2303071171045303,PDHS029,conch,0,1.0,200,human,skin,skin
neutrophil.,75,train_mean,0.8137848973274231,0.0858678147196769,PDHS029,conch,0,1.0,200,human,skin,skin
neutrophil.,75,coordinate,0.7156127691268921,0.33386892080307,PDHS029,conch,0,1.0,200,human,skin,skin
neutrophil.,75,image,0.8478481769561768,0.0852786898612976,PDHS029,conch,0,1.0,200,human,skin,skin
neutrophil.,75,spatial_knn,0.7980326414108276,0.1839658766984939,PDHS029,conch,0,1.0,200,human,skin,skin
plasma cell.,36,train_mean,0.3080457150936126,0.1456633508205413,PDHS029,conch,0,1.0,200,human,skin,skin
plasma cell.,36,coordinate,0.2120606005191803,0.3904114961624145,PDHS029,conch,0,1.0,200,human,skin,skin
plasma cell.,36,image,0.5362949967384338,0.0853503718972206,PDHS029,conch,0,1.0,200,human,skin,skin
plasma cell.,36,spatial_knn,0.3080618977546692,0.193199336528778,PDHS029,conch,0,1.0,200,human,skin,skin
stromal cell.,56,train_mean,0.4392483532428741,0.1291564404964447,PDHS029,conch,0,1.0,200,human,skin,skin
stromal cell.,56,coordinate,0.1743132025003433,0.3813851177692413,PDHS029,conch,0,1.0,200,human,skin,skin
stromal cell.,56,image,0.5106748342514038,0.0943137854337692,PDHS029,conch,0,1.0,200,human,skin,skin
stromal cell.,56,spatial_knn,0.3929044604301452,0.161616250872612,PDHS029,conch,0,1.0,200,human,skin,skin
"CD8-positive, alpha-beta T cell.",91,train_mean,0.2754098176956177,0.1645430028438568,PDHS029,conch,1,1.0,200,human,skin,skin
"CD8-positive, alpha-beta T cell.",91,coordinate,0.2240533083677292,0.4413194954395294,PDHS029,conch,1,1.0,200,human,skin,skin
"CD8-positive, alpha-beta T cell.",91,image,0.5396754145622253,0.087622232735157,PDHS029,conch,1,1.0,200,human,skin,skin
"CD8-positive, alpha-beta T cell.",91,spatial_knn,0.2447481155395507,0.2343137711286544,PDHS029,conch,1,1.0,200,human,skin,skin
T cell.,87,train_mean,0.4222733080387115,0.1425439715385437,PDHS029,conch,1,1.0,200,human,skin,skin
T cell.,87,coordinate,0.344454288482666,0.4251874983310699,PDHS029,conch,1,1.0,200,human,skin,skin
T cell.,87,image,0.6423648595809937,0.0822902843356132,PDHS029,conch,1,1.0,200,human,skin,skin
T cell.,87,spatial_knn,0.3922231197357178,0.192332923412323,PDHS029,conch,1,1.0,200,human,skin,skin
cultured cell.,258,train_mean,0.9394945502281188,0.1768858432769775,PDHS029,conch,1,1.0,200,human,skin,skin
cultured cell.,258,coordinate,0.9493389129638672,0.1371744126081466,PDHS029,conch,1,1.0,200,human,skin,skin
cultured cell.,258,image,0.9737895131111144,0.0620798468589782,PDHS029,conch,1,1.0,200,human,skin,skin
cultured cell.,258,spatial_knn,0.8940169811248779,0.1772098690271377,PDHS029,conch,1,1.0,200,human,skin,skin
endothelial cell of vascular tree.,254,train_mean,0.9576761722564696,0.1272636353969574,PDHS029,conch,1,1.0,200,human,skin,skin
endothelial cell of vascular tree.,254,coordinate,0.9634244441986084,0.1188047677278518,PDHS029,conch,1,1.0,200,human,skin,skin
endothelial cell of vascular tree.,254,image,0.9869123101234436,0.0482840538024902,PDHS029,conch,1,1.0,200,human,skin,skin
endothelial cell of vascular tree.,254,spatial_knn,0.9572818875312804,0.0878443047404289,PDHS029,conch,1,1.0,200,human,skin,skin
endothelial cell.,423,train_mean,0.970023274421692,0.0390660054981708,PDHS029,conch,1,1.0,200,human,skin,skin
endothelial cell.,423,coordinate,0.9569112658500672,0.2394170016050338,PDHS029,conch,1,1.0,200,human,skin,skin
endothelial cell.,423,image,0.980600357055664,0.074495829641819,PDHS029,conch,1,1.0,200,human,skin,skin
endothelial cell.,423,spatial_knn,0.9543869495391846,0.061555877327919,PDHS029,conch,1,1.0,200,human,skin,skin
epithelial cell of lower respiratory tract.,277,train_mean,0.9319912791252136,0.1075205579400062,PDHS029,conch,1,1.0,200,human,skin,skin
epithelial cell of lower respiratory tract.,277,coordinate,0.9411084055900574,0.1688453406095504,PDHS029,conch,1,1.0,200,human,skin,skin
epithelial cell of lower respiratory tract.,277,image,0.9734210968017578,0.1212768331170082,PDHS029,conch,1,1.0,200,human,skin,skin
epithelial cell of lower respiratory tract.,277,spatial_knn,0.9331013560295104,0.0766917541623115,PDHS029,conch,1,1.0,200,human,skin,skin
epithelial cell.,84,train_mean,0.933029055595398,0.1685504764318466,PDHS029,conch,1,1.0,200,human,skin,skin
epithelial cell.,84,coordinate,0.9382942914962769,0.1450622081756591,PDHS029,conch,1,1.0,200,human,skin,skin
epithelial cell.,84,image,0.9680356383323668,0.076045848429203,PDHS029,conch,1,1.0,200,human,skin,skin
epithelial cell.,84,spatial_knn,0.9207534790039062,0.1274312138557434,PDHS029,conch,1,1.0,200,human,skin,skin
fibroblast.,116,train_mean,0.3956825733184814,0.1643907278776168,PDHS029,conch,1,1.0,200,human,skin,skin
fibroblast.,116,coordinate,0.2302303910255432,0.4144048988819122,PDHS029,conch,1,1.0,200,human,skin,skin
fibroblast.,116,image,0.4954617619514465,0.1449429988861084,PDHS029,conch,1,1.0,200,human,skin,skin
fibroblast.,116,spatial_knn,0.3490142822265625,0.1934845000505447,PDHS029,conch,1,1.0,200,human,skin,skin
innate lymphoid cell.,30,train_mean,0.4298269152641296,0.1548218131065368,PDHS029,conch,1,1.0,200,human,skin,skin
innate lymphoid cell.,30,coordinate,0.3518114984035492,0.4354840517044067,PDHS029,conch,1,1.0,200,human,skin,skin
innate lymphoid cell.,30,image,0.6141533255577087,0.0739651620388031,PDHS029,conch,1,1.0,200,human,skin,skin
innate lymphoid cell.,30,spatial_knn,0.3913344442844391,0.185413509607315,PDHS029,conch,1,1.0,200,human,skin,skin
macrophage.,303,train_mean,0.5075457096099854,0.1301013231277465,PDHS029,conch,1,1.0,200,human,skin,skin
macrophage.,303,coordinate,0.3785702288150787,0.4029069542884826,PDHS029,conch,1,1.0,200,human,skin,skin
macrophage.,303,image,0.61929851770401,0.1022468134760856,PDHS029,conch,1,1.0,200,human,skin,skin
macrophage.,303,spatial_knn,0.4392629265785217,0.1453027129173278,PDHS029,conch,1,1.0,200,human,skin,skin
malignant cell.,77,train_mean,0.935188055038452,0.2115664780139923,PDHS029,conch,1,1.0,200,human,skin,skin
malignant cell.,77,coordinate,0.9527313709259032,0.1319285631179809,PDHS029,conch,1,1.0,200,human,skin,skin
malignant cell.,77,image,0.97649484872818,0.0706954598426818,PDHS029,conch,1,1.0,200,human,skin,skin
malignant cell.,77,spatial_knn,0.901549756526947,0.2075402438640594,PDHS029,conch,1,1.0,200,human,skin,skin
monocyte.,21,train_mean,0.3627578914165497,0.1482853293418884,PDHS029,conch,1,1.0,200,human,skin,skin
monocyte.,21,coordinate,0.2497234940528869,0.4272779524326324,PDHS029,conch,1,1.0,200,human,skin,skin
monocyte.,21,image,0.5809656977653503,0.0927949845790863,PDHS029,conch,1,1.0,200,human,skin,skin
monocyte.,21,spatial_knn,0.3177217245101928,0.1558060497045517,PDHS029,conch,1,1.0,200,human,skin,skin
natural killer cell.,42,train_mean,0.4281775057315826,0.1626884639263153,PDHS029,conch,1,1.0,200,human,skin,skin
natural killer cell.,42,coordinate,0.3655325770378113,0.4487334489822387,PDHS029,conch,1,1.0,200,human,skin,skin
natural killer cell.,42,image,0.6775693893432617,0.0725665390491485,PDHS029,conch,1,1.0,200,human,skin,skin
natural killer cell.,42,spatial_knn,0.4092915058135986,0.1906665861606598,PDHS029,conch,1,1.0,200,human,skin,skin
neutrophil.,75,train_mean,0.8733648657798767,0.0912758037447929,PDHS029,conch,1,1.0,200,human,skin,skin
neutrophil.,75,coordinate,0.8427482843399048,0.328685998916626,PDHS029,conch,1,1.0,200,human,skin,skin
neutrophil.,75,image,0.8854081034660339,0.1285636723041534,PDHS029,conch,1,1.0,200,human,skin,skin
neutrophil.,75,spatial_knn,0.8273451924324036,0.1302771568298339,PDHS029,conch,1,1.0,200,human,skin,skin
plasma cell.,37,train_mean,0.4219278693199157,0.142649307847023,PDHS029,conch,1,1.0,200,human,skin,skin
plasma cell.,37,coordinate,0.3427526354789734,0.4315195083618164,PDHS029,conch,1,1.0,200,human,skin,skin
plasma cell.,37,image,0.6269092559814453,0.0648743733763694,PDHS029,conch,1,1.0,200,human,skin,skin
plasma cell.,37,spatial_knn,0.3572394847869873,0.1931271404027938,PDHS029,conch,1,1.0,200,human,skin,skin
stromal cell.,56,train_mean,0.4430714845657348,0.1424879282712936,PDHS029,conch,1,1.0,200,human,skin,skin
stromal cell.,56,coordinate,0.2880564928054809,0.4357124865055084,PDHS029,conch,1,1.0,200,human,skin,skin
stromal cell.,56,image,0.5229246020317078,0.0970338135957717,PDHS029,conch,1,1.0,200,human,skin,skin
stromal cell.,56,spatial_knn,0.4003309309482574,0.1744963228702545,PDHS029,conch,1,1.0,200,human,skin,skin
"CD8-positive, alpha-beta T cell.",90,train_mean,0.1471621841192245,0.2049874812364578,PDHS029,conch,2,1.0,200,human,skin,skin
"CD8-positive, alpha-beta T cell.",90,coordinate,0.2542433440685272,0.1048431247472763,PDHS029,conch,2,1.0,200,human,skin,skin
"CD8-positive, alpha-beta T cell.",90,image,0.3108055293560028,0.0842726081609726,PDHS029,conch,2,1.0,200,human,skin,skin
"CD8-positive, alpha-beta T cell.",90,spatial_knn,0.1524013578891754,0.1074924990534782,PDHS029,conch,2,1.0,200,human,skin,skin
T cell.,58,train_mean,0.3009388446807861,0.1841334998607635,PDHS029,conch,2,1.0,200,human,skin,skin
T cell.,58,coordinate,0.4368447959423065,0.099183402955532,PDHS029,conch,2,1.0,200,human,skin,skin
T cell.,58,image,0.4774944186210632,0.078692153096199,PDHS029,conch,2,1.0,200,human,skin,skin
T cell.,58,spatial_knn,0.3220031559467315,0.1028774082660675,PDHS029,conch,2,1.0,200,human,skin,skin
cultured cell.,27,train_mean,0.742548942565918,0.1143869087100029,PDHS029,conch,2,1.0,200,human,skin,skin
cultured cell.,27,coordinate,0.2060828804969787,0.1360643804073333,PDHS029,conch,2,1.0,200,human,skin,skin
cultured cell.,27,image,0.8347078561782837,0.0676232278347015,PDHS029,conch,2,1.0,200,human,skin,skin
cultured cell.,27,spatial_knn,0.5396202206611633,0.0993849411606788,PDHS029,conch,2,1.0,200,human,skin,skin
endothelial cell of lymphatic vessel.,30,train_mean,0.373168408870697,0.353449285030365,PDHS029,conch,2,1.0,200,human,skin,skin
endothelial cell of lymphatic vessel.,30,coordinate,-0.0096818776801228,0.4695114195346832,PDHS029,conch,2,1.0,200,human,skin,skin
endothelial cell of lymphatic vessel.,30,image,0.9494447112083436,0.1343281865119934,PDHS029,conch,2,1.0,200,human,skin,skin
endothelial cell of lymphatic vessel.,30,spatial_knn,0.3377412855625152,0.3901177048683166,PDHS029,conch,2,1.0,200,human,skin,skin
endothelial cell of vascular tree.,138,train_mean,0.7608261704444885,0.1046808212995529,PDHS029,conch,2,1.0,200,human,skin,skin
endothelial cell of vascular tree.,138,coordinate,0.3235026001930237,0.1566365212202072,PDHS029,conch,2,1.0,200,human,skin,skin
endothelial cell of vascular tree.,138,image,0.937912106513977,0.0515489242970943,PDHS029,conch,2,1.0,200,human,skin,skin
endothelial cell of vascular tree.,138,spatial_knn,0.677228569984436,0.1167663484811782,PDHS029,conch,2,1.0,200,human,skin,skin
endothelial cell.,428,train_mean,0.629714846611023,0.1373959183692932,PDHS029,conch,2,1.0,200,human,skin,skin
endothelial cell.,428,coordinate,0.4833230376243591,0.0935721844434738,PDHS029,conch,2,1.0,200,human,skin,skin
endothelial cell.,428,image,0.9268969297409058,0.0349894911050796,PDHS029,conch,2,1.0,200,human,skin,skin
endothelial cell.,428,spatial_knn,0.7627444863319397,0.0601344183087348,PDHS029,conch,2,1.0,200,human,skin,skin
enterocyte.,32,train_mean,0.2454760521650314,0.2843500673770904,PDHS029,conch,2,1.0,200,human,skin,skin
enterocyte.,32,coordinate,0.0096896542236208,0.3617931306362152,PDHS029,conch,2,1.0,200,human,skin,skin
enterocyte.,32,image,0.906083047389984,0.1241608634591102,PDHS029,conch,2,1.0,200,human,skin,skin
enterocyte.,32,spatial_knn,0.2854785919189453,0.2806318700313568,PDHS029,conch,2,1.0,200,human,skin,skin
epithelial cell of lower respiratory tract.,115,train_mean,0.5998496413230896,0.1748890578746795,PDHS029,conch,2,1.0,200,human,skin,skin
epithelial cell of lower respiratory tract.,115,coordinate,-0.0699651166796684,0.3021866977214813,PDHS029,conch,2,1.0,200,human,skin,skin
epithelial cell of lower respiratory tract.,115,image,0.9597360491752625,0.0626562088727951,PDHS029,conch,2,1.0,200,human,skin,skin
epithelial cell of lower respiratory tract.,115,spatial_knn,0.4057036340236664,0.2211551368236541,PDHS029,conch,2,1.0,200,human,skin,skin
epithelial cell of proximal tubule.,60,train_mean,0.3738736808300018,0.2703172266483307,PDHS029,conch,2,1.0,200,human,skin,skin
epithelial cell of proximal tubule.,60,coordinate,-0.0308178216218948,0.3881194591522217,PDHS029,conch,2,1.0,200,human,skin,skin
epithelial cell of proximal tubule.,60,image,0.9571747779846193,0.0933491736650466,PDHS029,conch,2,1.0,200,human,skin,skin
epithelial cell of proximal tubule.,60,spatial_knn,0.4089353382587433,0.2853669822216034,PDHS029,conch,2,1.0,200,human,skin,skin
epithelial cell.,58,train_mean,0.4999012649059295,0.246304839849472,PDHS029,conch,2,1.0,200,human,skin,skin
epithelial cell.,58,coordinate,-0.0440261736512184,0.3741066455841064,PDHS029,conch,2,1.0,200,human,skin,skin
epithelial cell.,58,image,0.9517996907234192,0.1160423085093498,PDHS029,conch,2,1.0,200,human,skin,skin
epithelial cell.,58,spatial_knn,0.4158825874328613,0.2872730791568756,PDHS029,conch,2,1.0,200,human,skin,skin
fibroblast.,352,train_mean,0.2087333351373672,0.2247025370597839,PDHS029,conch,2,1.0,200,human,skin,skin
fibroblast.,352,coordinate,0.508790910243988,0.1710674315690994,PDHS029,conch,2,1.0,200,human,skin,skin
fibroblast.,352,image,0.8109487295150757,0.1317886412143707,PDHS029,conch,2,1.0,200,human,skin,skin
fibroblast.,352,spatial_knn,0.7376537322998047,0.1554266810417175,PDHS029,conch,2,1.0,200,human,skin,skin
innate lymphoid cell.,25,train_mean,0.284926027059555,0.196034088730812,PDHS029,conch,2,1.0,200,human,skin,skin
innate lymphoid cell.,25,coordinate,0.3724134564399719,0.0886853858828544,PDHS029,conch,2,1.0,200,human,skin,skin
innate lymphoid cell.,25,image,0.4745540022850036,0.0580411627888679,PDHS029,conch,2,1.0,200,human,skin,skin
innate lymphoid cell.,25,spatial_knn,0.2975504696369171,0.0837371200323104,PDHS029,conch,2,1.0,200,human,skin,skin
intestinal epithelial cell.,38,train_mean,0.1858212202787399,0.3337443768978119,PDHS029,conch,2,1.0,200,human,skin,skin
intestinal epithelial cell.,38,coordinate,0.0011260930914431,0.4090606272220611,PDHS029,conch,2,1.0,200,human,skin,skin
intestinal epithelial cell.,38,image,0.8985215425491333,0.1756713688373565,PDHS029,conch,2,1.0,200,human,skin,skin
intestinal epithelial cell.,38,spatial_knn,0.2137179374694824,0.3331537842750549,PDHS029,conch,2,1.0,200,human,skin,skin
macrophage.,428,train_mean,0.2374073415994644,0.1863628476858139,PDHS029,conch,2,1.0,200,human,skin,skin
macrophage.,428,coordinate,0.4599581658840179,0.1012964248657226,PDHS029,conch,2,1.0,200,human,skin,skin
macrophage.,428,image,0.5449375510215759,0.0870617926120758,PDHS029,conch,2,1.0,200,human,skin,skin
macrophage.,428,spatial_knn,0.3878520131111145,0.1124918609857559,PDHS029,conch,2,1.0,200,human,skin,skin
monocyte.,23,train_mean,0.2992621064186096,0.1811150908470153,PDHS029,conch,2,1.0,200,human,skin,skin
monocyte.,23,coordinate,0.5072492361068726,0.0944392159581184,PDHS029,conch,2,1.0,200,human,skin,skin
monocyte.,23,image,0.4951653182506561,0.0877328440546989,PDHS029,conch,2,1.0,200,human,skin,skin
monocyte.,23,spatial_knn,0.4332476556301117,0.0953060686588287,PDHS029,conch,2,1.0,200,human,skin,skin
natural killer cell.,30,train_mean,0.2633102536201477,0.1965293139219284,PDHS029,conch,2,1.0,200,human,skin,skin
natural killer cell.,30,coordinate,0.2775343656539917,0.0963863804936409,PDHS029,conch,2,1.0,200,human,skin,skin
natural killer cell.,30,image,0.3594664633274078,0.0848735347390174,PDHS029,conch,2,1.0,200,human,skin,skin
natural killer cell.,30,spatial_knn,0.2957841157913208,0.0916490033268928,PDHS029,conch,2,1.0,200,human,skin,skin
neutrophil.,22,train_mean,0.5504184365272522,0.1523915827274322,PDHS029,conch,2,1.0,200,human,skin,skin
neutrophil.,22,coordinate,0.5287955403327942,0.0807307213544845,PDHS029,conch,2,1.0,200,human,skin,skin
neutrophil.,22,image,0.6913689374923706,0.0665801241993904,PDHS029,conch,2,1.0,200,human,skin,skin
neutrophil.,22,spatial_knn,0.4778198003768921,0.0858532637357711,PDHS029,conch,2,1.0,200,human,skin,skin
plasma cell.,57,train_mean,0.2531796097755432,0.1915434747934341,PDHS029,conch,2,1.0,200,human,skin,skin
plasma cell.,57,coordinate,0.3400315344333648,0.0928578078746795,PDHS029,conch,2,1.0,200,human,skin,skin
plasma cell.,57,image,0.4337976276874542,0.0916782841086387,PDHS029,conch,2,1.0,200,human,skin,skin
plasma cell.,57,spatial_knn,0.3370295763015747,0.0775642693042755,PDHS029,conch,2,1.0,200,human,skin,skin
smooth muscle cell.,26,train_mean,0.3385334312915802,0.1905190497636795,PDHS029,conch,2,1.0,200,human,skin,skin
smooth muscle cell.,26,coordinate,0.4192770719528198,0.1725462675094604,PDHS029,conch,2,1.0,200,human,skin,skin
smooth muscle cell.,26,image,0.6341122984886169,0.1301370561122894,PDHS029,conch,2,1.0,200,human,skin,skin
smooth muscle cell.,26,spatial_knn,0.6746358871459961,0.1438673734664917,PDHS029,conch,2,1.0,200,human,skin,skin
stromal cell.,167,train_mean,0.2848198413848877,0.1835249215364456,PDHS029,conch,2,1.0,200,human,skin,skin
stromal cell.,167,coordinate,0.4591335356235504,0.117288127541542,PDHS029,conch,2,1.0,200,human,skin,skin
stromal cell.,167,image,0.7696743607521057,0.0734253302216529,PDHS029,conch,2,1.0,200,human,skin,skin
stromal cell.,167,spatial_knn,0.7525126934051514,0.0751215443015098,PDHS029,conch,2,1.0,200,human,skin,skin
"CD8-positive, alpha-beta T cell.",75,train_mean,0.1069449782371521,0.2094900161027908,PDHS029,conch,3,1.0,200,human,skin,skin
"CD8-positive, alpha-beta T cell.",75,coordinate,0.011493525467813,0.3402711749076843,PDHS029,conch,3,1.0,200,human,skin,skin
"CD8-positive, alpha-beta T cell.",75,image,0.2571853697299957,0.0963860750198364,PDHS029,conch,3,1.0,200,human,skin,skin
"CD8-positive, alpha-beta T cell.",75,spatial_knn,0.1283808201551437,0.0579292774200439,PDHS029,conch,3,1.0,200,human,skin,skin
T cell.,35,train_mean,0.2459399998188018,0.2010221481323242,PDHS029,conch,3,1.0,200,human,skin,skin
T cell.,35,coordinate,-0.11650912463665,0.3517451584339142,PDHS029,conch,3,1.0,200,human,skin,skin
T cell.,35,image,0.4004464149475097,0.09536824375391,PDHS029,conch,3,1.0,200,human,skin,skin
T cell.,35,spatial_knn,0.1059313490986824,0.0490408912301063,PDHS029,conch,3,1.0,200,human,skin,skin
cultured cell.,28,train_mean,0.5447894334793091,0.1533820629119873,PDHS029,conch,3,1.0,200,human,skin,skin
cultured cell.,28,coordinate,-0.4774882793426513,0.5491035580635071,PDHS029,conch,3,1.0,200,human,skin,skin
cultured cell.,28,image,0.5033206939697266,0.1481045633554458,PDHS029,conch,3,1.0,200,human,skin,skin
cultured cell.,28,spatial_knn,0.2985687255859375,0.1777555793523788,PDHS029,conch,3,1.0,200,human,skin,skin
endothelial cell of lymphatic vessel.,41,train_mean,0.3922227621078491,0.3522931635379791,PDHS029,conch,3,1.0,200,human,skin,skin
endothelial cell of lymphatic vessel.,41,coordinate,-0.3293646872043609,0.8230351805686951,PDHS029,conch,3,1.0,200,human,skin,skin
endothelial cell of lymphatic vessel.,41,image,0.3673503994941711,0.3555708527565002,PDHS029,conch,3,1.0,200,human,skin,skin
endothelial cell of lymphatic vessel.,41,spatial_knn,0.2646790742874145,0.444745123386383,PDHS029,conch,3,1.0,200,human,skin,skin
endothelial cell of vascular tree.,130,train_mean,0.5909593105316162,0.1386999487876892,PDHS029,conch,3,1.0,200,human,skin,skin
endothelial cell of vascular tree.,130,coordinate,-0.4935126900672912,0.5233157277107239,PDHS029,conch,3,1.0,200,human,skin,skin
endothelial cell of vascular tree.,130,image,0.6225071549415588,0.1154215037822723,PDHS029,conch,3,1.0,200,human,skin,skin
endothelial cell of vascular tree.,130,spatial_knn,0.3326396644115448,0.1835781186819076,PDHS029,conch,3,1.0,200,human,skin,skin
endothelial cell.,437,train_mean,0.5528489351272583,0.1466140896081924,PDHS029,conch,3,1.0,200,human,skin,skin
endothelial cell.,437,coordinate,-0.4211989641189575,0.4304788112640381,PDHS029,conch,3,1.0,200,human,skin,skin
endothelial cell.,437,image,0.6787517666816711,0.0756673589348793,PDHS029,conch,3,1.0,200,human,skin,skin
endothelial cell.,437,spatial_knn,0.3268415331840515,0.1186813116073608,PDHS029,conch,3,1.0,200,human,skin,skin
enterocyte.,38,train_mean,0.2491194605827331,0.2900508046150207,PDHS029,conch,3,1.0,200,human,skin,skin
enterocyte.,38,coordinate,-0.1928867250680923,0.6993263363838196,PDHS029,conch,3,1.0,200,human,skin,skin
enterocyte.,38,image,0.2525774836540222,0.2976107895374298,PDHS029,conch,3,1.0,200,human,skin,skin
enterocyte.,38,spatial_knn,0.1845220476388931,0.334864854812622,PDHS029,conch,3,1.0,200,human,skin,skin
epithelial cell of lower respiratory tract.,141,train_mean,0.5559679865837097,0.1841464191675186,PDHS029,conch,3,1.0,200,human,skin,skin
epithelial cell of lower respiratory tract.,141,coordinate,-0.4883122444152832,0.6671186685562134,PDHS029,conch,3,1.0,200,human,skin,skin
epithelial cell of lower respiratory tract.,141,image,0.5188710689544678,0.1929442286491394,PDHS029,conch,3,1.0,200,human,skin,skin
epithelial cell of lower respiratory tract.,141,spatial_knn,0.3390513360500335,0.2743813693523407,PDHS029,conch,3,1.0,200,human,skin,skin
epithelial cell of proximal tubule.,81,train_mean,0.4012951850891113,0.2624664306640625,PDHS029,conch,3,1.0,200,human,skin,skin
epithelial cell of proximal tubule.,81,coordinate,-0.3330621123313904,0.7260769009590149,PDHS029,conch,3,1.0,200,human,skin,skin
epithelial cell of proximal tubule.,81,image,0.3958190083503723,0.2693333327770233,PDHS029,conch,3,1.0,200,human,skin,skin
epithelial cell of proximal tubule.,81,spatial_knn,0.2837741076946258,0.3434439599514007,PDHS029,conch,3,1.0,200,human,skin,skin
epithelial cell.,70,train_mean,0.4903342127799988,0.2545076012611389,PDHS029,conch,3,1.0,200,human,skin,skin
epithelial cell.,70,coordinate,-0.4275661110877991,0.7416727542877197,PDHS029,conch,3,1.0,200,human,skin,skin
epithelial cell.,70,image,0.4755950272083282,0.2703509926795959,PDHS029,conch,3,1.0,200,human,skin,skin
epithelial cell.,70,spatial_knn,0.3259221017360687,0.354251503944397,PDHS029,conch,3,1.0,200,human,skin,skin
fibroblast.,400,train_mean,0.2075946778059005,0.2302999645471573,PDHS029,conch,3,1.0,200,human,skin,skin
fibroblast.,400,coordinate,-0.1018126904964447,0.4305470883846283,PDHS029,conch,3,1.0,200,human,skin,skin
fibroblast.,400,image,0.3576006889343261,0.1877998113632202,PDHS029,conch,3,1.0,200,human,skin,skin
fibroblast.,400,spatial_knn,0.0662036910653114,0.2169580161571502,PDHS029,conch,3,1.0,200,human,skin,skin
innate lymphoid cell.,33,train_mean,0.1971227526664734,0.1996274143457412,PDHS029,conch,3,1.0,200,human,skin,skin
innate lymphoid cell.,33,coordinate,-0.1084646359086036,0.3068195581436157,PDHS029,conch,3,1.0,200,human,skin,skin
innate lymphoid cell.,33,image,0.3702172338962555,0.0863228440284729,PDHS029,conch,3,1.0,200,human,skin,skin
innate lymphoid cell.,33,spatial_knn,0.1219143643975257,0.0579681620001792,PDHS029,conch,3,1.0,200,human,skin,skin
intestinal epithelial cell.,51,train_mean,0.1942801177501678,0.3223937153816223,PDHS029,conch,3,1.0,200,human,skin,skin
intestinal epithelial cell.,51,coordinate,-0.1533831804990768,0.7078738808631897,PDHS029,conch,3,1.0,200,human,skin,skin
intestinal epithelial cell.,51,image,0.1844310015439987,0.3413617312908172,PDHS029,conch,3,1.0,200,human,skin,skin
intestinal epithelial cell.,51,spatial_knn,0.134655550122261,0.3604798018932342,PDHS029,conch,3,1.0,200,human,skin,skin
macrophage.,302,train_mean,0.2051597982645034,0.1944184005260467,PDHS029,conch,3,1.0,200,human,skin,skin
macrophage.,302,coordinate,-0.0017058820230886,0.3295904397964477,PDHS029,conch,3,1.0,200,human,skin,skin
macrophage.,302,image,0.4080352783203125,0.1021036058664321,PDHS029,conch,3,1.0,200,human,skin,skin
macrophage.,302,spatial_knn,0.2964735925197601,0.0847530663013458,PDHS029,conch,3,1.0,200,human,skin,skin
monocyte.,20,train_mean,0.2320086359977722,0.1931705027818679,PDHS029,conch,3,1.0,200,human,skin,skin
monocyte.,20,coordinate,-0.0081720007583498,0.2990268766880035,PDHS029,conch,3,1.0,200,human,skin,skin
monocyte.,20,image,0.347617894411087,0.1070574671030044,PDHS029,conch,3,1.0,200,human,skin,skin
monocyte.,20,spatial_knn,0.3755684196949005,0.0882533192634582,PDHS029,conch,3,1.0,200,human,skin,skin
natural killer cell.,24,train_mean,0.2297926247119903,0.2025382071733474,PDHS029,conch,3,1.0,200,human,skin,skin
natural killer cell.,24,coordinate,-0.1139832884073257,0.3691490888595581,PDHS029,conch,3,1.0,200,human,skin,skin
natural killer cell.,24,image,0.3229653537273407,0.0987342447042465,PDHS029,conch,3,1.0,200,human,skin,skin
natural killer cell.,24,spatial_knn,0.1379436999559402,0.0505129173398017,PDHS029,conch,3,1.0,200,human,skin,skin
plasma cell.,88,train_mean,0.2611056268215179,0.1908536553382873,PDHS029,conch,3,1.0,200,human,skin,skin
plasma cell.,88,coordinate,-0.165620356798172,0.2643086016178131,PDHS029,conch,3,1.0,200,human,skin,skin
plasma cell.,88,image,0.3497757017612457,0.1164269149303436,PDHS029,conch,3,1.0,200,human,skin,skin
plasma cell.,88,spatial_knn,0.1623139530420303,0.0856805890798568,PDHS029,conch,3,1.0,200,human,skin,skin
smooth muscle cell.,27,train_mean,0.325051486492157,0.2011124491691589,PDHS029,conch,3,1.0,200,human,skin,skin
smooth muscle cell.,27,coordinate,-0.2136020362377166,0.519819438457489,PDHS029,conch,3,1.0,200,human,skin,skin
smooth muscle cell.,27,image,0.4315736293792724,0.1686945855617523,PDHS029,conch,3,1.0,200,human,skin,skin
smooth muscle cell.,27,spatial_knn,0.1860625296831131,0.215603306889534,PDHS029,conch,3,1.0,200,human,skin,skin
stromal cell.,208,train_mean,0.2962908446788788,0.1851156204938888,PDHS029,conch,3,1.0,200,human,skin,skin
stromal cell.,208,coordinate,-0.1830818355083465,0.4245683848857879,PDHS029,conch,3,1.0,200,human,skin,skin
stromal cell.,208,image,0.4518172144889831,0.1119060963392257,PDHS029,conch,3,1.0,200,human,skin,skin
stromal cell.,208,spatial_knn,0.1000659838318824,0.1277172863483429,PDHS029,conch,3,1.0,200,human,skin,skin
cardiac endothelial cell.,21,train_mean,0.5579519271850586,0.5196038484573364,WMPP017,conch,0,1.0,200,mouse,whole_pup,whole pup
cardiac endothelial cell.,21,coordinate,-0.4686272144317627,0.939039707183838,WMPP017,conch,0,1.0,200,mouse,whole_pup,whole pup
cardiac endothelial cell.,21,image,0.9729098081588744,0.1741242557764053,WMPP017,conch,0,1.0,200,mouse,whole_pup,whole pup
cardiac endothelial cell.,21,spatial_knn,0.0479358024895191,0.641493022441864,WMPP017,conch,0,1.0,200,mouse,whole_pup,whole pup
cardiac muscle cell.,102,train_mean,0.4529140889644623,0.4348350763320923,WMPP017,conch,0,1.0,200,mouse,whole_pup,whole pup
cardiac muscle cell.,102,coordinate,-0.4892451763153076,0.9043460488319396,WMPP017,conch,0,1.0,200,mouse,whole_pup,whole pup
cardiac muscle cell.,102,image,0.962953805923462,0.1412186324596405,WMPP017,conch,0,1.0,200,mouse,whole_pup,whole pup
cardiac muscle cell.,102,spatial_knn,-0.0324160270392894,0.5711620450019836,WMPP017,conch,0,1.0,200,mouse,whole_pup,whole pup
cardiac muscle myoblast.,140,train_mean,0.5110554099082947,0.4861148297786712,WMPP017,conch,0,1.0,200,mouse,whole_pup,whole pup
cardiac muscle myoblast.,140,coordinate,-0.4655285179615021,0.9089372754096984,WMPP017,conch,0,1.0,200,mouse,whole_pup,whole pup
cardiac muscle myoblast.,140,image,0.9739937782287598,0.1399432867765426,WMPP017,conch,0,1.0,200,mouse,whole_pup,whole pup
cardiac muscle myoblast.,140,spatial_knn,-0.0106382248923182,0.6142928600311279,WMPP017,conch,0,1.0,200,mouse,whole_pup,whole pup
chondrocyte.,43,train_mean,0.7362012267112732,0.1788322925567627,WMPP017,conch,0,1.0,200,mouse,whole_pup,whole pup
chondrocyte.,43,coordinate,-0.1708633601665496,0.7238727807998657,WMPP017,conch,0,1.0,200,mouse,whole_pup,whole pup
chondrocyte.,43,image,0.8858126401901245,0.1161494106054306,WMPP017,conch,0,1.0,200,mouse,whole_pup,whole pup
chondrocyte.,43,spatial_knn,0.3378826379776001,0.2967237830162048,WMPP017,conch,0,1.0,200,mouse,whole_pup,whole pup
endothelial cell of vascular tree.,68,train_mean,0.8328231573104858,0.1439471393823623,WMPP017,conch,0,1.0,200,mouse,whole_pup,whole pup
endothelial cell of vascular tree.,68,coordinate,-0.2532874643802643,0.6838423609733582,WMPP017,conch,0,1.0,200,mouse,whole_pup,whole pup
endothelial cell of vascular tree.,68,image,0.8653753995895386,0.1237405985593795,WMPP017,conch,0,1.0,200,mouse,whole_pup,whole pup
endothelial cell of vascular tree.,68,spatial_knn,0.4293640255928039,0.244964450597763,WMPP017,conch,0,1.0,200,mouse,whole_pup,whole pup
endothelial cell.,464,train_mean,0.8768712878227234,0.1189690604805946,WMPP017,conch,0,1.0,200,mouse,whole_pup,whole pup
endothelial cell.,464,coordinate,-0.2734465301036834,0.6466848850250244,WMPP017,conch,0,1.0,200,mouse,whole_pup,whole pup
endothelial cell.,464,image,0.8967072367668152,0.1050525084137916,WMPP017,conch,0,1.0,200,mouse,whole_pup,whole pup
endothelial cell.,464,spatial_knn,0.4459344148635864,0.2511612176895141,WMPP017,conch,0,1.0,200,mouse,whole_pup,whole pup
enterocyte.,93,train_mean,0.1055568605661392,0.5549729466438293,WMPP017,conch,0,1.0,200,mouse,whole_pup,whole pup
enterocyte.,93,coordinate,0.4415729939937591,0.5126098990440369,WMPP017,conch,0,1.0,200,mouse,whole_pup,whole pup
enterocyte.,93,image,0.872287929058075,0.3377107977867126,WMPP017,conch,0,1.0,200,mouse,whole_pup,whole pup
enterocyte.,93,spatial_knn,0.7689067721366882,0.3599300980567932,WMPP017,conch,0,1.0,200,mouse,whole_pup,whole pup
epithelial cell of proximal tubule.,23,train_mean,0.3278617262840271,0.3203982412815094,WMPP017,conch,0,1.0,200,mouse,whole_pup,whole pup
epithelial cell of proximal tubule.,23,coordinate,0.0147786336019635,0.7014790177345276,WMPP017,conch,0,1.0,200,mouse,whole_pup,whole pup
epithelial cell of proximal tubule.,23,image,0.8490300178527832,0.197600170969963,WMPP017,conch,0,1.0,200,mouse,whole_pup,whole pup
epithelial cell of proximal tubule.,23,spatial_knn,0.1921368241310119,0.3691962957382202,WMPP017,conch,0,1.0,200,mouse,whole_pup,whole pup
epithelial cell.,35,train_mean,0.3375594615936279,0.3148906826972961,WMPP017,conch,0,1.0,200,mouse,whole_pup,whole pup
epithelial cell.,35,coordinate,0.0199822690337896,0.6770226359367371,WMPP017,conch,0,1.0,200,mouse,whole_pup,whole pup
epithelial cell.,35,image,0.8902027606964111,0.1772509217262268,WMPP017,conch,0,1.0,200,mouse,whole_pup,whole pup
epithelial cell.,35,spatial_knn,0.2219726145267486,0.350973904132843,WMPP017,conch,0,1.0,200,mouse,whole_pup,whole pup
fibroblast of cardiac tissue.,87,train_mean,0.7930919528007507,0.2001261115074157,WMPP017,conch,0,1.0,200,mouse,whole_pup,whole pup
fibroblast of cardiac tissue.,87,coordinate,-0.3863900303840637,0.7864751219749451,WMPP017,conch,0,1.0,200,mouse,whole_pup,whole pup
fibroblast of cardiac tissue.,87,image,0.9164300560951232,0.1300795376300811,WMPP017,conch,0,1.0,200,mouse,whole_pup,whole pup
fibroblast of cardiac tissue.,87,spatial_knn,0.2557213008403778,0.3501539528369903,WMPP017,conch,0,1.0,200,mouse,whole_pup,whole pup
fibroblast.,688,train_mean,0.7922857999801636,0.1743258833885193,WMPP017,conch,0,1.0,200,mouse,whole_pup,whole pup
fibroblast.,688,coordinate,-0.2524859011173248,0.7468245625495911,WMPP017,conch,0,1.0,200,mouse,whole_pup,whole pup
fibroblast.,688,image,0.954419493675232,0.085650697350502,WMPP017,conch,0,1.0,200,mouse,whole_pup,whole pup
fibroblast.,688,spatial_knn,0.359711080789566,0.2902750968933105,WMPP017,conch,0,1.0,200,mouse,whole_pup,whole pup
kidney collecting duct principal cell.,29,train_mean,0.2969242632389068,0.2967613339424133,WMPP017,conch,0,1.0,200,mouse,whole_pup,whole pup
kidney collecting duct principal cell.,29,coordinate,0.1462709009647369,0.4770045578479767,WMPP017,conch,0,1.0,200,mouse,whole_pup,whole pup
kidney collecting duct principal cell.,29,image,0.4623360633850097,0.2641151249408722,WMPP017,conch,0,1.0,200,mouse,whole_pup,whole pup
kidney collecting duct principal cell.,29,spatial_knn,0.1826491206884384,0.3988864719867706,WMPP017,conch,0,1.0,200,mouse,whole_pup,whole pup
kidney loop of Henle thick ascending limb epithelial cell.,23,train_mean,0.3142735362052917,0.2774253785610199,WMPP017,conch,0,1.0,200,mouse,whole_pup,whole pup
kidney loop of Henle thick ascending limb epithelial cell.,23,coordinate,0.2350286394357681,0.4352838695049286,WMPP017,conch,0,1.0,200,mouse,whole_pup,whole pup
kidney loop of Henle thick ascending limb epithelial cell.,23,image,0.459625780582428,0.2520481944084167,WMPP017,conch,0,1.0,200,mouse,whole_pup,whole pup
kidney loop of Henle thick ascending limb epithelial cell.,23,spatial_knn,0.3142001628875732,0.33737912774086,WMPP017,conch,0,1.0,200,mouse,whole_pup,whole pup
malignant cell.,22,train_mean,0.5551214218139648,0.2138588726520538,WMPP017,conch,0,1.0,200,mouse,whole_pup,whole pup
malignant cell.,22,coordinate,0.0142642576247453,0.6275128126144409,WMPP017,conch,0,1.0,200,mouse,whole_pup,whole pup
malignant cell.,22,image,0.7152214050292969,0.147334411740303,WMPP017,conch,0,1.0,200,mouse,whole_pup,whole pup
malignant cell.,22,spatial_knn,0.5325328707695007,0.1956001967191696,WMPP017,conch,0,1.0,200,mouse,whole_pup,whole pup
neural cell.,23,train_mean,0.75362628698349,0.2003888189792633,WMPP017,conch,0,1.0,200,mouse,whole_pup,whole pup
neural cell.,23,coordinate,-0.1622413694858551,0.7031875848770142,WMPP017,conch,0,1.0,200,mouse,whole_pup,whole pup
neural cell.,23,image,0.8123357892036438,0.173030138015747,WMPP017,conch,0,1.0,200,mouse,whole_pup,whole pup
neural cell.,23,spatial_knn,0.4511586427688598,0.2806299030780792,WMPP017,conch,0,1.0,200,mouse,whole_pup,whole pup
smooth muscle cell.,273,train_mean,0.7773439288139343,0.1858234107494354,WMPP017,conch,0,1.0,200,mouse,whole_pup,whole pup
smooth muscle cell.,273,coordinate,-0.4485965371131897,0.7231971025466919,WMPP017,conch,0,1.0,200,mouse,whole_pup,whole pup
smooth muscle cell.,273,image,0.938542902469635,0.1010219529271125,WMPP017,conch,0,1.0,200,mouse,whole_pup,whole pup
smooth muscle cell.,273,spatial_knn,0.2323521077632904,0.3514949977397918,WMPP017,conch,0,1.0,200,mouse,whole_pup,whole pup
stromal cell.,20,train_mean,0.5087676644325256,0.2379862517118454,WMPP017,conch,0,1.0,200,mouse,whole_pup,whole pup
stromal cell.,20,coordinate,-0.1767729967832565,0.7966679930686951,WMPP017,conch,0,1.0,200,mouse,whole_pup,whole pup
stromal cell.,20,image,0.8240883946418762,0.1498202681541443,WMPP017,conch,0,1.0,200,mouse,whole_pup,whole pup
stromal cell.,20,spatial_knn,0.3263201117515564,0.2486691772937774,WMPP017,conch,0,1.0,200,mouse,whole_pup,whole pup
basal cell of epidermis.,23,train_mean,0.2289908528327942,0.4099057018756866,WMPP017,conch,1,1.0,200,mouse,whole_pup,whole pup
basal cell of epidermis.,23,coordinate,0.4495566785335541,0.4398455023765564,WMPP017,conch,1,1.0,200,mouse,whole_pup,whole pup
basal cell of epidermis.,23,image,0.6971021294593811,0.300233781337738,WMPP017,conch,1,1.0,200,mouse,whole_pup,whole pup
basal cell of epidermis.,23,spatial_knn,0.4088025093078613,0.3857276141643524,WMPP017,conch,1,1.0,200,mouse,whole_pup,whole pup
basal cell of prostate epithelium.,25,train_mean,0.2326858639717102,0.4134283661842346,WMPP017,conch,1,1.0,200,mouse,whole_pup,whole pup
basal cell of prostate epithelium.,25,coordinate,0.4939241111278534,0.4765324592590332,WMPP017,conch,1,1.0,200,mouse,whole_pup,whole pup
basal cell of prostate epithelium.,25,image,0.8256871104240417,0.2547831535339355,WMPP017,conch,1,1.0,200,mouse,whole_pup,whole pup
basal cell of prostate epithelium.,25,spatial_knn,0.3201118111610412,0.41495481133461,WMPP017,conch,1,1.0,200,mouse,whole_pup,whole pup
cardiac muscle cell.,68,train_mean,0.5013380646705627,0.3312119841575622,WMPP017,conch,1,1.0,200,mouse,whole_pup,whole pup
cardiac muscle cell.,68,coordinate,0.3420224785804748,0.3933579921722412,WMPP017,conch,1,1.0,200,mouse,whole_pup,whole pup
cardiac muscle cell.,68,image,0.9628738164901732,0.1449815332889557,WMPP017,conch,1,1.0,200,mouse,whole_pup,whole pup
cardiac muscle cell.,68,spatial_knn,0.6400479674339294,0.2942834198474884,WMPP017,conch,1,1.0,200,mouse,whole_pup,whole pup
cardiac muscle myoblast.,63,train_mean,0.5826506614685059,0.3132309019565582,WMPP017,conch,1,1.0,200,mouse,whole_pup,whole pup
cardiac muscle myoblast.,63,coordinate,0.4317768514156341,0.3724770247936249,WMPP017,conch,1,1.0,200,mouse,whole_pup,whole pup
cardiac muscle myoblast.,63,image,0.9690881967544556,0.1212373748421669,WMPP017,conch,1,1.0,200,mouse,whole_pup,whole pup
cardiac muscle myoblast.,63,spatial_knn,0.6499788761138916,0.2906413376331329,WMPP017,conch,1,1.0,200,mouse,whole_pup,whole pup
chondrocyte.,59,train_mean,0.7112666964530945,0.208645612001419,WMPP017,conch,1,1.0,200,mouse,whole_pup,whole pup
chondrocyte.,59,coordinate,0.8052277565002441,0.2490268349647522,WMPP017,conch,1,1.0,200,mouse,whole_pup,whole pup
chondrocyte.,59,image,0.920050323009491,0.1130783632397651,WMPP017,conch,1,1.0,200,mouse,whole_pup,whole pup
chondrocyte.,59,spatial_knn,0.8678842782974243,0.1456004083156585,WMPP017,conch,1,1.0,200,mouse,whole_pup,whole pup
ciliated cell.,24,train_mean,0.0376038998365402,0.3585588335990906,WMPP017,conch,1,1.0,200,mouse,whole_pup,whole pup
ciliated cell.,24,coordinate,0.356201171875,0.4502181708812713,WMPP017,conch,1,1.0,200,mouse,whole_pup,whole pup
ciliated cell.,24,image,0.8630675077438354,0.1773303896188736,WMPP017,conch,1,1.0,200,mouse,whole_pup,whole pup
ciliated cell.,24,spatial_knn,0.2288014888763427,0.3243797719478607,WMPP017,conch,1,1.0,200,mouse,whole_pup,whole pup
endothelial cell of vascular tree.,63,train_mean,0.8280563354492188,0.1501204222440719,WMPP017,conch,1,1.0,200,mouse,whole_pup,whole pup
endothelial cell of vascular tree.,63,coordinate,0.7624431848526001,0.2681213915348053,WMPP017,conch,1,1.0,200,mouse,whole_pup,whole pup
endothelial cell of vascular tree.,63,image,0.9271479249000548,0.1080762594938278,WMPP017,conch,1,1.0,200,mouse,whole_pup,whole pup
endothelial cell of vascular tree.,63,spatial_knn,0.8938896656036377,0.1398303210735321,WMPP017,conch,1,1.0,200,mouse,whole_pup,whole pup
endothelial cell.,479,train_mean,0.8452703356742859,0.133782222867012,WMPP017,conch,1,1.0,200,mouse,whole_pup,whole pup
endothelial cell.,479,coordinate,0.6781559586524963,0.2853237390518188,WMPP017,conch,1,1.0,200,mouse,whole_pup,whole pup
endothelial cell.,479,image,0.906622588634491,0.103803165256977,WMPP017,conch,1,1.0,200,mouse,whole_pup,whole pup
endothelial cell.,479,spatial_knn,0.8721240758895874,0.1276104599237442,WMPP017,conch,1,1.0,200,mouse,whole_pup,whole pup
enterocyte.,23,train_mean,0.0835550054907798,0.4103419184684753,WMPP017,conch,1,1.0,200,mouse,whole_pup,whole pup
enterocyte.,23,coordinate,0.2092145234346389,0.4388535320758819,WMPP017,conch,1,1.0,200,mouse,whole_pup,whole pup
enterocyte.,23,image,0.8891441822052002,0.178087055683136,WMPP017,conch,1,1.0,200,mouse,whole_pup,whole pup
enterocyte.,23,spatial_knn,0.5788894891738892,0.3139493763446808,WMPP017,conch,1,1.0,200,mouse,whole_pup,whole pup
epithelial cell of proximal tubule.,31,train_mean,0.307259202003479,0.3115654587745666,WMPP017,conch,1,1.0,200,mouse,whole_pup,whole pup
epithelial cell of proximal tubule.,31,coordinate,0.5233303904533386,0.3774259686470032,WMPP017,conch,1,1.0,200,mouse,whole_pup,whole pup
epithelial cell of proximal tubule.,31,image,0.90656316280365,0.1349764913320541,WMPP017,conch,1,1.0,200,mouse,whole_pup,whole pup
epithelial cell of proximal tubule.,31,spatial_knn,0.4784738421440124,0.2869545221328735,WMPP017,conch,1,1.0,200,mouse,whole_pup,whole pup
epithelial cell.,36,train_mean,0.1480416059494018,0.3665803372859955,WMPP017,conch,1,1.0,200,mouse,whole_pup,whole pup
epithelial cell.,36,coordinate,0.469171792268753,0.4225681722164154,WMPP017,conch,1,1.0,200,mouse,whole_pup,whole pup
epithelial cell.,36,image,0.8604424595832825,0.1725759506225586,WMPP017,conch,1,1.0,200,mouse,whole_pup,whole pup
epithelial cell.,36,spatial_knn,0.3048481941223144,0.350864052772522,WMPP017,conch,1,1.0,200,mouse,whole_pup,whole pup
fibroblast of cardiac tissue.,78,train_mean,0.8054602146148682,0.1607291847467422,WMPP017,conch,1,1.0,200,mouse,whole_pup,whole pup
fibroblast of cardiac tissue.,78,coordinate,0.7860110998153687,0.2443572282791137,WMPP017,conch,1,1.0,200,mouse,whole_pup,whole pup
fibroblast of cardiac tissue.,78,image,0.9427390098571776,0.091109000146389,WMPP017,conch,1,1.0,200,mouse,whole_pup,whole pup
fibroblast of cardiac tissue.,78,spatial_knn,0.8797990679740906,0.121797889471054,WMPP017,conch,1,1.0,200,mouse,whole_pup,whole pup
fibroblast.,831,train_mean,0.7591305375099182,0.1815813481807708,WMPP017,conch,1,1.0,200,mouse,whole_pup,whole pup
fibroblast.,831,coordinate,0.809912383556366,0.2380813211202621,WMPP017,conch,1,1.0,200,mouse,whole_pup,whole pup
fibroblast.,831,image,0.9639884233474731,0.0829318389296531,WMPP017,conch,1,1.0,200,mouse,whole_pup,whole pup
fibroblast.,831,spatial_knn,0.8963907957077026,0.1210790798068046,WMPP017,conch,1,1.0,200,mouse,whole_pup,whole pup
kidney collecting duct principal cell.,20,train_mean,0.1189008429646492,0.37099289894104,WMPP017,conch,1,1.0,200,mouse,whole_pup,whole pup
kidney collecting duct principal cell.,20,coordinate,0.3811099231243133,0.4773234724998474,WMPP017,conch,1,1.0,200,mouse,whole_pup,whole pup
kidney collecting duct principal cell.,20,image,0.8880804777145386,0.1619772017002105,WMPP017,conch,1,1.0,200,mouse,whole_pup,whole pup
kidney collecting duct principal cell.,20,spatial_knn,0.2307902127504348,0.3701317906379699,WMPP017,conch,1,1.0,200,mouse,whole_pup,whole pup
macrophage.,25,train_mean,0.3094654977321625,0.2576108872890472,WMPP017,conch,1,1.0,200,mouse,whole_pup,whole pup
macrophage.,25,coordinate,0.3010096848011017,0.3443011045455932,WMPP017,conch,1,1.0,200,mouse,whole_pup,whole pup
macrophage.,25,image,0.521106481552124,0.206373929977417,WMPP017,conch,1,1.0,200,mouse,whole_pup,whole pup
macrophage.,25,spatial_knn,0.4022758901119232,0.2392429858446121,WMPP017,conch,1,1.0,200,mouse,whole_pup,whole pup
malignant cell.,29,train_mean,0.4568769633769989,0.2403063476085662,WMPP017,conch,1,1.0,200,mouse,whole_pup,whole pup
malignant cell.,29,coordinate,0.5113896131515503,0.3896671533584595,WMPP017,conch,1,1.0,200,mouse,whole_pup,whole pup
malignant cell.,29,image,0.7375713586807251,0.1876948624849319,WMPP017,conch,1,1.0,200,mouse,whole_pup,whole pup
malignant cell.,29,spatial_knn,0.4409329295158386,0.2747600376605987,WMPP017,conch,1,1.0,200,mouse,whole_pup,whole pup
neural cell.,24,train_mean,0.7321102619171143,0.1842468231916427,WMPP017,conch,1,1.0,200,mouse,whole_pup,whole pup
neural cell.,24,coordinate,0.6575828790664673,0.3213876485824585,WMPP017,conch,1,1.0,200,mouse,whole_pup,whole pup
neural cell.,24,image,0.8444017767906189,0.1366813033819198,WMPP017,conch,1,1.0,200,mouse,whole_pup,whole pup
neural cell.,24,spatial_knn,0.8061619400978088,0.1679493933916092,WMPP017,conch,1,1.0,200,mouse,whole_pup,whole pup
smooth muscle cell.,218,train_mean,0.8432195782661438,0.1441293209791183,WMPP017,conch,1,1.0,200,mouse,whole_pup,whole pup
smooth muscle cell.,218,coordinate,0.7346444129943848,0.2553195357322693,WMPP017,conch,1,1.0,200,mouse,whole_pup,whole pup
smooth muscle cell.,218,image,0.936492085456848,0.0932107418775558,WMPP017,conch,1,1.0,200,mouse,whole_pup,whole pup
smooth muscle cell.,218,spatial_knn,0.8675038814544678,0.1318178325891494,WMPP017,conch,1,1.0,200,mouse,whole_pup,whole pup
stromal cell.,22,train_mean,0.4490422010421753,0.251981645822525,WMPP017,conch,1,1.0,200,mouse,whole_pup,whole pup
stromal cell.,22,coordinate,0.5411614179611206,0.3651017546653747,WMPP017,conch,1,1.0,200,mouse,whole_pup,whole pup
stromal cell.,22,image,0.8191911578178406,0.1634649336338043,WMPP017,conch,1,1.0,200,mouse,whole_pup,whole pup
stromal cell.,22,spatial_knn,0.571155309677124,0.2178198397159576,WMPP017,conch,1,1.0,200,mouse,whole_pup,whole pup
GABAergic neuron.,342,train_mean,0.1150140911340713,0.4784463942050934,WMPP017,conch,2,1.0,200,mouse,whole_pup,whole pup
GABAergic neuron.,342,coordinate,0.166176751255989,0.6113904714584351,WMPP017,conch,2,1.0,200,mouse,whole_pup,whole pup
GABAergic neuron.,342,image,0.1817492991685867,0.4807932376861572,WMPP017,conch,2,1.0,200,mouse,whole_pup,whole pup
GABAergic neuron.,342,spatial_knn,0.2679972350597381,0.4793150722980499,WMPP017,conch,2,1.0,200,mouse,whole_pup,whole pup
astrocyte.,41,train_mean,0.301279067993164,0.3561535775661468,WMPP017,conch,2,1.0,200,mouse,whole_pup,whole pup
astrocyte.,41,coordinate,0.3268150985240936,0.5085777044296265,WMPP017,conch,2,1.0,200,mouse,whole_pup,whole pup
astrocyte.,41,image,0.4505515396595001,0.3312656879425049,WMPP017,conch,2,1.0,200,mouse,whole_pup,whole pup
astrocyte.,41,spatial_knn,0.5576065182685852,0.3294022679328918,WMPP017,conch,2,1.0,200,mouse,whole_pup,whole pup
basal cell of epidermis.,30,train_mean,0.2044427990913391,0.4874769449234009,WMPP017,conch,2,1.0,200,mouse,whole_pup,whole pup
basal cell of epidermis.,30,coordinate,0.291038453578949,0.6050606369972229,WMPP017,conch,2,1.0,200,mouse,whole_pup,whole pup
basal cell of epidermis.,30,image,0.4756654798984527,0.4366432130336761,WMPP017,conch,2,1.0,200,mouse,whole_pup,whole pup
basal cell of epidermis.,30,spatial_knn,0.1543286889791488,0.5320866703987122,WMPP017,conch,2,1.0,200,mouse,whole_pup,whole pup
basal cell of prostate epithelium.,31,train_mean,0.2282910943031311,0.4328864812850952,WMPP017,conch,2,1.0,200,mouse,whole_pup,whole pup
basal cell of prostate epithelium.,31,coordinate,0.3632352650165558,0.6140291094779968,WMPP017,conch,2,1.0,200,mouse,whole_pup,whole pup
basal cell of prostate epithelium.,31,image,0.7737716436386108,0.3094759285449981,WMPP017,conch,2,1.0,200,mouse,whole_pup,whole pup
basal cell of prostate epithelium.,31,spatial_knn,0.1650697439908981,0.4779195487499237,WMPP017,conch,2,1.0,200,mouse,whole_pup,whole pup
cardiac muscle cell.,22,train_mean,0.5624662637710571,0.324102371931076,WMPP017,conch,2,1.0,200,mouse,whole_pup,whole pup
cardiac muscle cell.,22,coordinate,0.5179875493049622,0.4583841264247894,WMPP017,conch,2,1.0,200,mouse,whole_pup,whole pup
cardiac muscle cell.,22,image,0.8103339076042175,0.236396923661232,WMPP017,conch,2,1.0,200,mouse,whole_pup,whole pup
cardiac muscle cell.,22,spatial_knn,0.5275803208351135,0.3510946035385132,WMPP017,conch,2,1.0,200,mouse,whole_pup,whole pup
chondrocyte.,64,train_mean,0.6513312458992004,0.2481829077005386,WMPP017,conch,2,1.0,200,mouse,whole_pup,whole pup
chondrocyte.,64,coordinate,0.6850640177726746,0.4057370126247406,WMPP017,conch,2,1.0,200,mouse,whole_pup,whole pup
chondrocyte.,64,image,0.8733607530593872,0.1664090007543563,WMPP017,conch,2,1.0,200,mouse,whole_pup,whole pup
chondrocyte.,64,spatial_knn,0.8205774426460266,0.1909299045801162,WMPP017,conch,2,1.0,200,mouse,whole_pup,whole pup
endothelial cell of vascular tree.,55,train_mean,0.7117503881454468,0.2123987972736358,WMPP017,conch,2,1.0,200,mouse,whole_pup,whole pup
endothelial cell of vascular tree.,55,coordinate,0.6237686276435852,0.4409827888011932,WMPP017,conch,2,1.0,200,mouse,whole_pup,whole pup
endothelial cell of vascular tree.,55,image,0.8394479155540466,0.1649743914604187,WMPP017,conch,2,1.0,200,mouse,whole_pup,whole pup
endothelial cell of vascular tree.,55,spatial_knn,0.811340868473053,0.1830234825611114,WMPP017,conch,2,1.0,200,mouse,whole_pup,whole pup
endothelial cell.,318,train_mean,0.7899846434593201,0.1758530139923095,WMPP017,conch,2,1.0,200,mouse,whole_pup,whole pup
endothelial cell.,318,coordinate,0.6056602001190186,0.4506028592586517,WMPP017,conch,2,1.0,200,mouse,whole_pup,whole pup
endothelial cell.,318,image,0.8841738104820251,0.1347600817680359,WMPP017,conch,2,1.0,200,mouse,whole_pup,whole pup
endothelial cell.,318,spatial_knn,0.8347761034965515,0.1651707589626312,WMPP017,conch,2,1.0,200,mouse,whole_pup,whole pup
epithelial cell of proximal tubule.,42,train_mean,0.2598304450511932,0.3624967336654663,WMPP017,conch,2,1.0,200,mouse,whole_pup,whole pup
epithelial cell of proximal tubule.,42,coordinate,0.3406246602535248,0.5661371946334839,WMPP017,conch,2,1.0,200,mouse,whole_pup,whole pup
epithelial cell of proximal tubule.,42,image,0.7416144013404846,0.2542089223861694,WMPP017,conch,2,1.0,200,mouse,whole_pup,whole pup
epithelial cell of proximal tubule.,42,spatial_knn,0.2102362662553787,0.4106509685516357,WMPP017,conch,2,1.0,200,mouse,whole_pup,whole pup
epithelial cell.,56,train_mean,0.2160875052213668,0.3812783062458038,WMPP017,conch,2,1.0,200,mouse,whole_pup,whole pup
epithelial cell.,56,coordinate,0.3046653568744659,0.5861057639122009,WMPP017,conch,2,1.0,200,mouse,whole_pup,whole pup
epithelial cell.,56,image,0.8051814436912537,0.2533133625984192,WMPP017,conch,2,1.0,200,mouse,whole_pup,whole pup
epithelial cell.,56,spatial_knn,0.1904031932353973,0.4247327148914337,WMPP017,conch,2,1.0,200,mouse,whole_pup,whole pup
fibroblast of cardiac tissue.,47,train_mean,0.8281087875366211,0.2204469144344329,WMPP017,conch,2,1.0,200,mouse,whole_pup,whole pup
fibroblast of cardiac tissue.,47,coordinate,0.7329766154289246,0.404118150472641,WMPP017,conch,2,1.0,200,mouse,whole_pup,whole pup
fibroblast of cardiac tissue.,47,image,0.9426575303077698,0.1278716921806335,WMPP017,conch,2,1.0,200,mouse,whole_pup,whole pup
fibroblast of cardiac tissue.,47,spatial_knn,0.8621505498886108,0.1789110600948333,WMPP017,conch,2,1.0,200,mouse,whole_pup,whole pup
fibroblast.,578,train_mean,0.7362896800041199,0.2105501145124435,WMPP017,conch,2,1.0,200,mouse,whole_pup,whole pup
fibroblast.,578,coordinate,0.7077686786651611,0.4236529767513275,WMPP017,conch,2,1.0,200,mouse,whole_pup,whole pup
fibroblast.,578,image,0.9405972957611084,0.1072548702359199,WMPP017,conch,2,1.0,200,mouse,whole_pup,whole pup
fibroblast.,578,spatial_knn,0.8628724813461304,0.166381686925888,WMPP017,conch,2,1.0,200,mouse,whole_pup,whole pup
glutamatergic neuron.,350,train_mean,0.1276662945747375,0.4029380083084106,WMPP017,conch,2,1.0,200,mouse,whole_pup,whole pup
glutamatergic neuron.,350,coordinate,0.1721681803464889,0.5984339714050293,WMPP017,conch,2,1.0,200,mouse,whole_pup,whole pup
glutamatergic neuron.,350,image,0.259918063879013,0.3862567842006683,WMPP017,conch,2,1.0,200,mouse,whole_pup,whole pup
glutamatergic neuron.,350,spatial_knn,0.3419340550899505,0.4109713435173034,WMPP017,conch,2,1.0,200,mouse,whole_pup,whole pup
kidney collecting duct principal cell.,21,train_mean,0.1649700105190277,0.3605946898460388,WMPP017,conch,2,1.0,200,mouse,whole_pup,whole pup
kidney collecting duct principal cell.,21,coordinate,0.2185245156288147,0.6073838472366333,WMPP017,conch,2,1.0,200,mouse,whole_pup,whole pup
kidney collecting duct principal cell.,21,image,0.6263135671615601,0.2636070549488067,WMPP017,conch,2,1.0,200,mouse,whole_pup,whole pup
kidney collecting duct principal cell.,21,spatial_knn,0.0598248243331909,0.440907210111618,WMPP017,conch,2,1.0,200,mouse,whole_pup,whole pup
malignant cell.,20,train_mean,0.4090636968612671,0.272698700428009,WMPP017,conch,2,1.0,200,mouse,whole_pup,whole pup
malignant cell.,20,coordinate,0.4203866720199585,0.4787571430206299,WMPP017,conch,2,1.0,200,mouse,whole_pup,whole pup
malignant cell.,20,image,0.7173289656639099,0.1931857913732528,WMPP017,conch,2,1.0,200,mouse,whole_pup,whole pup
malignant cell.,20,spatial_knn,0.4261256754398346,0.3129557371139526,WMPP017,conch,2,1.0,200,mouse,whole_pup,whole pup
neural cell.,22,train_mean,0.6492977142333984,0.2489644438028335,WMPP017,conch,2,1.0,200,mouse,whole_pup,whole pup
neural cell.,22,coordinate,0.5819442868232727,0.4305848777294159,WMPP017,conch,2,1.0,200,mouse,whole_pup,whole pup
neural cell.,22,image,0.7906607985496521,0.201828584074974,WMPP017,conch,2,1.0,200,mouse,whole_pup,whole pup
neural cell.,22,spatial_knn,0.7700087428092957,0.2126818299293518,WMPP017,conch,2,1.0,200,mouse,whole_pup,whole pup
smooth muscle cell.,131,train_mean,0.8188046216964722,0.1788790076971054,WMPP017,conch,2,1.0,200,mouse,whole_pup,whole pup
smooth muscle cell.,131,coordinate,0.7347863912582397,0.4114758372306824,WMPP017,conch,2,1.0,200,mouse,whole_pup,whole pup
smooth muscle cell.,131,image,0.9079621434211732,0.1304331868886947,WMPP017,conch,2,1.0,200,mouse,whole_pup,whole pup
smooth muscle cell.,131,spatial_knn,0.7426984906196594,0.2171763777732849,WMPP017,conch,2,1.0,200,mouse,whole_pup,whole pup
GABAergic neuron.,82,train_mean,0.1854200810194015,0.6313164830207825,WMPP017,conch,3,1.0,200,mouse,whole_pup,whole pup
GABAergic neuron.,82,coordinate,0.8222551345825195,0.4489949643611908,WMPP017,conch,3,1.0,200,mouse,whole_pup,whole pup
GABAergic neuron.,82,image,0.9722751379013062,0.2652569711208343,WMPP017,conch,3,1.0,200,mouse,whole_pup,whole pup
GABAergic neuron.,82,spatial_knn,0.9171388745307922,0.2830241620540619,WMPP017,conch,3,1.0,200,mouse,whole_pup,whole pup
basal cell of prostate epithelium.,20,train_mean,0.2312174886465072,0.5018059015274048,WMPP017,conch,3,1.0,200,mouse,whole_pup,whole pup
basal cell of prostate epithelium.,20,coordinate,0.0009849013295024,0.5706349015235901,WMPP017,conch,3,1.0,200,mouse,whole_pup,whole pup
basal cell of prostate epithelium.,20,image,0.8542389869689941,0.3515048325061798,WMPP017,conch,3,1.0,200,mouse,whole_pup,whole pup
basal cell of prostate epithelium.,20,spatial_knn,0.0778079032897949,0.5466976165771484,WMPP017,conch,3,1.0,200,mouse,whole_pup,whole pup
capillary endothelial cell.,50,train_mean,0.5054036974906921,0.3372504413127899,WMPP017,conch,3,1.0,200,mouse,whole_pup,whole pup
capillary endothelial cell.,50,coordinate,0.5898967981338501,0.3154259622097015,WMPP017,conch,3,1.0,200,mouse,whole_pup,whole pup
capillary endothelial cell.,50,image,0.9503920674324036,0.1262369900941848,WMPP017,conch,3,1.0,200,mouse,whole_pup,whole pup
capillary endothelial cell.,50,spatial_knn,0.7896665334701538,0.2438561618328094,WMPP017,conch,3,1.0,200,mouse,whole_pup,whole pup
cardiac endothelial cell.,30,train_mean,0.4865618050098419,0.5441070795059204,WMPP017,conch,3,1.0,200,mouse,whole_pup,whole pup
cardiac endothelial cell.,30,coordinate,0.3221319317817688,0.5727639198303223,WMPP017,conch,3,1.0,200,mouse,whole_pup,whole pup
cardiac endothelial cell.,30,image,0.973501205444336,0.1951735168695449,WMPP017,conch,3,1.0,200,mouse,whole_pup,whole pup
cardiac endothelial cell.,30,spatial_knn,0.5587282776832581,0.5148857831954956,WMPP017,conch,3,1.0,200,mouse,whole_pup,whole pup
cardiac muscle cell.,102,train_mean,0.3785217106342315,0.5619727373123169,WMPP017,conch,3,1.0,200,mouse,whole_pup,whole pup
cardiac muscle cell.,102,coordinate,0.1890872120857238,0.6008016467094421,WMPP017,conch,3,1.0,200,mouse,whole_pup,whole pup
cardiac muscle cell.,102,image,0.9552602767944336,0.2225846499204635,WMPP017,conch,3,1.0,200,mouse,whole_pup,whole pup
cardiac muscle cell.,102,spatial_knn,0.3369806706905365,0.566400408744812,WMPP017,conch,3,1.0,200,mouse,whole_pup,whole pup
cardiac muscle myoblast.,170,train_mean,0.4558975398540497,0.5879268050193787,WMPP017,conch,3,1.0,200,mouse,whole_pup,whole pup
cardiac muscle myoblast.,170,coordinate,0.1926263570785522,0.6390414834022522,WMPP017,conch,3,1.0,200,mouse,whole_pup,whole pup
cardiac muscle myoblast.,170,image,0.979167640209198,0.2179133594036102,WMPP017,conch,3,1.0,200,mouse,whole_pup,whole pup
cardiac muscle myoblast.,170,spatial_knn,0.331398993730545,0.606590986251831,WMPP017,conch,3,1.0,200,mouse,whole_pup,whole pup
chondrocyte.,28,train_mean,0.7564303278923035,0.1990205645561218,WMPP017,conch,3,1.0,200,mouse,whole_pup,whole pup
chondrocyte.,28,coordinate,0.1664998829364776,0.341737151145935,WMPP017,conch,3,1.0,200,mouse,whole_pup,whole pup
chondrocyte.,28,image,0.9051254391670228,0.1463880389928817,WMPP017,conch,3,1.0,200,mouse,whole_pup,whole pup
chondrocyte.,28,spatial_knn,0.5417808294296265,0.2577125430107116,WMPP017,conch,3,1.0,200,mouse,whole_pup,whole pup
endothelial cell of vascular tree.,30,train_mean,0.8741312026977539,0.1313138157129287,WMPP017,conch,3,1.0,200,mouse,whole_pup,whole pup
endothelial cell of vascular tree.,30,coordinate,0.4525727331638336,0.2539997696876526,WMPP017,conch,3,1.0,200,mouse,whole_pup,whole pup
endothelial cell of vascular tree.,30,image,0.924684762954712,0.1042491421103477,WMPP017,conch,3,1.0,200,mouse,whole_pup,whole pup
endothelial cell of vascular tree.,30,spatial_knn,0.7016698122024536,0.1958890110254287,WMPP017,conch,3,1.0,200,mouse,whole_pup,whole pup
endothelial cell.,681,train_mean,0.7522796988487244,0.1848211586475372,WMPP017,conch,3,1.0,200,mouse,whole_pup,whole pup
endothelial cell.,681,coordinate,0.6097573041915894,0.2256102263927459,WMPP017,conch,3,1.0,200,mouse,whole_pup,whole pup
endothelial cell.,681,image,0.945017158985138,0.0948339849710464,WMPP017,conch,3,1.0,200,mouse,whole_pup,whole pup
endothelial cell.,681,spatial_knn,0.8836877346038818,0.1333042234182357,WMPP017,conch,3,1.0,200,mouse,whole_pup,whole pup
epithelial cell of lung.,27,train_mean,0.3900571167469024,0.3760984241962433,WMPP017,conch,3,1.0,200,mouse,whole_pup,whole pup
epithelial cell of lung.,27,coordinate,0.0669664740562439,0.4616013169288635,WMPP017,conch,3,1.0,200,mouse,whole_pup,whole pup
epithelial cell of lung.,27,image,0.7766342163085938,0.2767996490001678,WMPP017,conch,3,1.0,200,mouse,whole_pup,whole pup
epithelial cell of lung.,27,spatial_knn,0.2074526250362396,0.4230672121047973,WMPP017,conch,3,1.0,200,mouse,whole_pup,whole pup
epithelial cell of proximal tubule.,34,train_mean,0.3575459122657776,0.3588447272777557,WMPP017,conch,3,1.0,200,mouse,whole_pup,whole pup
epithelial cell of proximal tubule.,34,coordinate,0.0712653473019599,0.4359936416149139,WMPP017,conch,3,1.0,200,mouse,whole_pup,whole pup
epithelial cell of proximal tubule.,34,image,0.8259704113006592,0.2398249208927154,WMPP017,conch,3,1.0,200,mouse,whole_pup,whole pup
epithelial cell of proximal tubule.,34,spatial_knn,0.2036935836076736,0.3974729776382446,WMPP017,conch,3,1.0,200,mouse,whole_pup,whole pup
epithelial cell.,51,train_mean,0.4145073294639587,0.3321850597858429,WMPP017,conch,3,1.0,200,mouse,whole_pup,whole pup
epithelial cell.,51,coordinate,0.0959274172782898,0.4088612496852875,WMPP017,conch,3,1.0,200,mouse,whole_pup,whole pup
epithelial cell.,51,image,0.8303069472312927,0.2379533797502517,WMPP017,conch,3,1.0,200,mouse,whole_pup,whole pup
epithelial cell.,51,spatial_knn,0.2375468909740448,0.3755067884922027,WMPP017,conch,3,1.0,200,mouse,whole_pup,whole pup
fibroblast of cardiac tissue.,100,train_mean,0.7804727554321289,0.2701680362224579,WMPP017,conch,3,1.0,200,mouse,whole_pup,whole pup
fibroblast of cardiac tissue.,100,coordinate,0.1311402767896652,0.4164434969425201,WMPP017,conch,3,1.0,200,mouse,whole_pup,whole pup
fibroblast of cardiac tissue.,100,image,0.9006266593933105,0.1825261563062667,WMPP017,conch,3,1.0,200,mouse,whole_pup,whole pup
fibroblast of cardiac tissue.,100,spatial_knn,0.5612070560455322,0.3171418011188507,WMPP017,conch,3,1.0,200,mouse,whole_pup,whole pup
fibroblast.,452,train_mean,0.8410226106643677,0.1769212484359741,WMPP017,conch,3,1.0,200,mouse,whole_pup,whole pup
fibroblast.,452,coordinate,0.1423762738704681,0.3461526334285736,WMPP017,conch,3,1.0,200,mouse,whole_pup,whole pup
fibroblast.,452,image,0.9206444025039672,0.1315218061208725,WMPP017,conch,3,1.0,200,mouse,whole_pup,whole pup
fibroblast.,452,spatial_knn,0.5953769087791443,0.2465504258871078,WMPP017,conch,3,1.0,200,mouse,whole_pup,whole pup
glutamatergic neuron.,75,train_mean,0.2394154220819473,0.4421018362045288,WMPP017,conch,3,1.0,200,mouse,whole_pup,whole pup
glutamatergic neuron.,75,coordinate,0.8317869305610657,0.2704767286777496,WMPP017,conch,3,1.0,200,mouse,whole_pup,whole pup
glutamatergic neuron.,75,image,0.9692875146865844,0.1539073586463928,WMPP017,conch,3,1.0,200,mouse,whole_pup,whole pup
glutamatergic neuron.,75,spatial_knn,0.9067596197128296,0.1948920339345932,WMPP017,conch,3,1.0,200,mouse,whole_pup,whole pup
kidney collecting duct principal cell.,20,train_mean,0.1481457650661468,0.3804641962051391,WMPP017,conch,3,1.0,200,mouse,whole_pup,whole pup
kidney collecting duct principal cell.,20,coordinate,0.1579277068376541,0.4002515077590942,WMPP017,conch,3,1.0,200,mouse,whole_pup,whole pup
kidney collecting duct principal cell.,20,image,0.7451140284538269,0.2620875835418701,WMPP017,conch,3,1.0,200,mouse,whole_pup,whole pup
kidney collecting duct principal cell.,20,spatial_knn,0.1547649055719375,0.3923816382884979,WMPP017,conch,3,1.0,200,mouse,whole_pup,whole pup
macrophage.,28,train_mean,0.2373943626880645,0.2788920402526855,WMPP017,conch,3,1.0,200,mouse,whole_pup,whole pup
macrophage.,28,coordinate,0.3919126391410827,0.2614412307739258,WMPP017,conch,3,1.0,200,mouse,whole_pup,whole pup
macrophage.,28,image,0.7150436639785767,0.180831104516983,WMPP017,conch,3,1.0,200,mouse,whole_pup,whole pup
macrophage.,28,spatial_knn,0.5838283896446228,0.2231400310993194,WMPP017,conch,3,1.0,200,mouse,whole_pup,whole pup
smooth muscle cell.,162,train_mean,0.716953456401825,0.3483924865722656,WMPP017,conch,3,1.0,200,mouse,whole_pup,whole pup
smooth muscle cell.,162,coordinate,0.240568995475769,0.4493968188762665,WMPP017,conch,3,1.0,200,mouse,whole_pup,whole pup
smooth muscle cell.,162,image,0.9831860065460204,0.1466084420680999,WMPP017,conch,3,1.0,200,mouse,whole_pup,whole pup
smooth muscle cell.,162,spatial_knn,0.5537975430488586,0.3736756145954132,WMPP017,conch,3,1.0,200,mouse,whole_pup,whole pup
cardiac muscle cell.,44,train_mean,0.3843145370483398,0.1610661745071411,WMPW025,conch,0,1.0,200,mouse,whole_pup,whole pup
cardiac muscle cell.,44,coordinate,-0.4958460032939911,0.346836656332016,WMPW025,conch,0,1.0,200,mouse,whole_pup,whole pup
cardiac muscle cell.,44,image,0.933070421218872,0.1069086715579032,WMPW025,conch,0,1.0,200,mouse,whole_pup,whole pup
cardiac muscle cell.,44,spatial_knn,0.0211199317127466,0.1745679825544357,WMPW025,conch,0,1.0,200,mouse,whole_pup,whole pup
cardiac muscle myoblast.,69,train_mean,0.4671649634838104,0.1979282200336456,WMPW025,conch,0,1.0,200,mouse,whole_pup,whole pup
cardiac muscle myoblast.,69,coordinate,-0.5075520277023315,0.3890312612056732,WMPW025,conch,0,1.0,200,mouse,whole_pup,whole pup
cardiac muscle myoblast.,69,image,0.9753965735435486,0.0648319199681282,WMPW025,conch,0,1.0,200,mouse,whole_pup,whole pup
cardiac muscle myoblast.,69,spatial_knn,0.0154633829370141,0.2321578115224838,WMPW025,conch,0,1.0,200,mouse,whole_pup,whole pup
cortical cell of adrenal gland.,35,train_mean,0.3450572788715362,0.1137725785374641,WMPW025,conch,0,1.0,200,mouse,whole_pup,whole pup
cortical cell of adrenal gland.,35,coordinate,-0.0599373020231723,0.1868269890546798,WMPW025,conch,0,1.0,200,mouse,whole_pup,whole pup
cortical cell of adrenal gland.,35,image,0.6021193265914917,0.1559924632310867,WMPW025,conch,0,1.0,200,mouse,whole_pup,whole pup
cortical cell of adrenal gland.,35,spatial_knn,0.2252965718507766,0.0734559074044227,WMPW025,conch,0,1.0,200,mouse,whole_pup,whole pup
cultured cell.,40,train_mean,0.4213370382785797,0.1082259193062782,WMPW025,conch,0,1.0,200,mouse,whole_pup,whole pup
cultured cell.,40,coordinate,0.0583595633506774,0.2340361624956131,WMPW025,conch,0,1.0,200,mouse,whole_pup,whole pup
cultured cell.,40,image,0.8359049558639526,0.0687345266342163,WMPW025,conch,0,1.0,200,mouse,whole_pup,whole pup
cultured cell.,40,spatial_knn,0.0348144918680191,0.1484107375144958,WMPW025,conch,0,1.0,200,mouse,whole_pup,whole pup
endothelial cell of vascular tree.,330,train_mean,0.7681049704551697,0.0599230416119098,WMPW025,conch,0,1.0,200,mouse,whole_pup,whole pup
endothelial cell of vascular tree.,330,coordinate,-0.2948298752307892,0.2281632274389267,WMPW025,conch,0,1.0,200,mouse,whole_pup,whole pup
endothelial cell of vascular tree.,330,image,0.6496279239654541,0.0759705379605293,WMPW025,conch,0,1.0,200,mouse,whole_pup,whole pup
endothelial cell of vascular tree.,330,spatial_knn,0.0918527543544769,0.1048483997583389,WMPW025,conch,0,1.0,200,mouse,whole_pup,whole pup
endothelial cell.,190,train_mean,0.6468424797058105,0.0743838176131248,WMPW025,conch,0,1.0,200,mouse,whole_pup,whole pup
endothelial cell.,190,coordinate,-0.2250789254903793,0.2149892300367355,WMPW025,conch,0,1.0,200,mouse,whole_pup,whole pup
endothelial cell.,190,image,0.7128525376319885,0.0584863387048244,WMPW025,conch,0,1.0,200,mouse,whole_pup,whole pup
endothelial cell.,190,spatial_knn,0.0968784913420677,0.1044559329748153,WMPW025,conch,0,1.0,200,mouse,whole_pup,whole pup
epithelial cell of lower respiratory tract.,233,train_mean,0.6574528217315674,0.0678297579288482,WMPW025,conch,0,1.0,200,mouse,whole_pup,whole pup
epithelial cell of lower respiratory tract.,233,coordinate,-0.1201742365956306,0.2239847630262375,WMPW025,conch,0,1.0,200,mouse,whole_pup,whole pup
epithelial cell of lower respiratory tract.,233,image,0.7871437072753906,0.0543197728693485,WMPW025,conch,0,1.0,200,mouse,whole_pup,whole pup
epithelial cell of lower respiratory tract.,233,spatial_knn,0.0542639270424842,0.1213190630078315,WMPW025,conch,0,1.0,200,mouse,whole_pup,whole pup
fibroblast.,68,train_mean,0.7942320704460144,0.0713222995400428,WMPW025,conch,0,1.0,200,mouse,whole_pup,whole pup
fibroblast.,68,coordinate,-0.2236775457859039,0.2645364701747894,WMPW025,conch,0,1.0,200,mouse,whole_pup,whole pup
fibroblast.,68,image,0.912538468837738,0.0567660629749298,WMPW025,conch,0,1.0,200,mouse,whole_pup,whole pup
fibroblast.,68,spatial_knn,0.2063765823841095,0.1321911662817001,WMPW025,conch,0,1.0,200,mouse,whole_pup,whole pup
intestinal epithelial cell.,65,train_mean,0.0715533643960952,0.1347540318965912,WMPW025,conch,0,1.0,200,mouse,whole_pup,whole pup
intestinal epithelial cell.,65,coordinate,0.6528916358947754,0.1164710894227027,WMPW025,conch,0,1.0,200,mouse,whole_pup,whole pup
intestinal epithelial cell.,65,image,0.5345068573951721,0.0918058902025222,WMPW025,conch,0,1.0,200,mouse,whole_pup,whole pup
intestinal epithelial cell.,65,spatial_knn,0.7676630616188049,0.0707256719470024,WMPW025,conch,0,1.0,200,mouse,whole_pup,whole pup
mesangial cell.,26,train_mean,0.6994597911834717,0.0698722526431083,WMPW025,conch,0,1.0,200,mouse,whole_pup,whole pup
mesangial cell.,26,coordinate,-0.046678178012371,0.2162677645683288,WMPW025,conch,0,1.0,200,mouse,whole_pup,whole pup
mesangial cell.,26,image,0.5467636585235596,0.0888410955667495,WMPW025,conch,0,1.0,200,mouse,whole_pup,whole pup
mesangial cell.,26,spatial_knn,0.033737912774086,0.1319469511508941,WMPW025,conch,0,1.0,200,mouse,whole_pup,whole pup
native cell.,46,train_mean,0.5159400701522827,0.0773273333907127,WMPW025,conch,0,1.0,200,mouse,whole_pup,whole pup
native cell.,46,coordinate,-0.0466183237731456,0.1926411241292953,WMPW025,conch,0,1.0,200,mouse,whole_pup,whole pup
native cell.,46,image,0.5313922166824341,0.0755869448184967,WMPW025,conch,0,1.0,200,mouse,whole_pup,whole pup
native cell.,46,spatial_knn,-0.0636144652962684,0.1139286085963249,WMPW025,conch,0,1.0,200,mouse,whole_pup,whole pup
smooth muscle cell.,94,train_mean,0.5570536255836487,0.1204447746276855,WMPW025,conch,0,1.0,200,mouse,whole_pup,whole pup
smooth muscle cell.,94,coordinate,-0.4806371033191681,0.3110690712928772,WMPW025,conch,0,1.0,200,mouse,whole_pup,whole pup
smooth muscle cell.,94,image,0.9240918755531312,0.0761309266090393,WMPW025,conch,0,1.0,200,mouse,whole_pup,whole pup
smooth muscle cell.,94,spatial_knn,0.1636123359203338,0.151510864496231,WMPW025,conch,0,1.0,200,mouse,whole_pup,whole pup
stromal cell.,929,train_mean,0.7651772499084473,0.0623195022344589,WMPW025,conch,0,1.0,200,mouse,whole_pup,whole pup
stromal cell.,929,coordinate,-0.1965050995349884,0.2298241406679153,WMPW025,conch,0,1.0,200,mouse,whole_pup,whole pup
stromal cell.,929,image,0.7916269302368164,0.0545593611896038,WMPW025,conch,0,1.0,200,mouse,whole_pup,whole pup
stromal cell.,929,spatial_knn,0.1251790523529052,0.0983403623104095,WMPW025,conch,0,1.0,200,mouse,whole_pup,whole pup
cardiac muscle cell.,54,train_mean,0.4864587783813476,0.3317439556121826,WMPW025,conch,1,1.0,200,mouse,whole_pup,whole pup
cardiac muscle cell.,54,coordinate,0.4140786528587341,0.3256262242794037,WMPW025,conch,1,1.0,200,mouse,whole_pup,whole pup
cardiac muscle cell.,54,image,0.903349220752716,0.2166206985712051,WMPW025,conch,1,1.0,200,mouse,whole_pup,whole pup
cardiac muscle cell.,54,spatial_knn,0.303846538066864,0.3411373198032379,WMPW025,conch,1,1.0,200,mouse,whole_pup,whole pup
cardiac muscle myoblast.,42,train_mean,0.5242896676063538,0.3226751387119293,WMPW025,conch,1,1.0,200,mouse,whole_pup,whole pup
cardiac muscle myoblast.,42,coordinate,0.3780870139598846,0.3285904228687286,WMPW025,conch,1,1.0,200,mouse,whole_pup,whole pup
cardiac muscle myoblast.,42,image,0.9527041912078856,0.2090641409158706,WMPW025,conch,1,1.0,200,mouse,whole_pup,whole pup
cardiac muscle myoblast.,42,spatial_knn,0.4520624577999115,0.3266448080539703,WMPW025,conch,1,1.0,200,mouse,whole_pup,whole pup
cell of skeletal muscle.,20,train_mean,0.5118795037269592,0.3735480904579162,WMPW025,conch,1,1.0,200,mouse,whole_pup,whole pup
cell of skeletal muscle.,20,coordinate,0.4161842167377472,0.364702045917511,WMPW025,conch,1,1.0,200,mouse,whole_pup,whole pup
cell of skeletal muscle.,20,image,0.9164682626724244,0.2538118064403534,WMPW025,conch,1,1.0,200,mouse,whole_pup,whole pup
cell of skeletal muscle.,20,spatial_knn,0.238696202635765,0.3888086080551147,WMPW025,conch,1,1.0,200,mouse,whole_pup,whole pup
cortical cell of adrenal gland.,20,train_mean,0.3733433783054352,0.1053443849086761,WMPW025,conch,1,1.0,200,mouse,whole_pup,whole pup
cortical cell of adrenal gland.,20,coordinate,0.2210346907377243,0.1060536801815033,WMPW025,conch,1,1.0,200,mouse,whole_pup,whole pup
cortical cell of adrenal gland.,20,image,0.4633417427539825,0.0978774204850196,WMPW025,conch,1,1.0,200,mouse,whole_pup,whole pup
cortical cell of adrenal gland.,20,spatial_knn,0.3274051249027252,0.0730359926819801,WMPW025,conch,1,1.0,200,mouse,whole_pup,whole pup
cultured cell.,45,train_mean,0.4143714308738708,0.1206324324011802,WMPW025,conch,1,1.0,200,mouse,whole_pup,whole pup
cultured cell.,45,coordinate,0.4096899032592773,0.1386943757534027,WMPW025,conch,1,1.0,200,mouse,whole_pup,whole pup
cultured cell.,45,image,0.74322110414505,0.097378209233284,WMPW025,conch,1,1.0,200,mouse,whole_pup,whole pup
cultured cell.,45,spatial_knn,0.4413973093032837,0.1198169887065887,WMPW025,conch,1,1.0,200,mouse,whole_pup,whole pup
endothelial cell of vascular tree.,260,train_mean,0.8204540610313416,0.0516036301851272,WMPW025,conch,1,1.0,200,mouse,whole_pup,whole pup
endothelial cell of vascular tree.,260,coordinate,0.6729435920715332,0.0825693383812904,WMPW025,conch,1,1.0,200,mouse,whole_pup,whole pup
endothelial cell of vascular tree.,260,image,0.8375862836837769,0.0485950782895088,WMPW025,conch,1,1.0,200,mouse,whole_pup,whole pup
endothelial cell of vascular tree.,260,spatial_knn,0.7307596206665039,0.065041035413742,WMPW025,conch,1,1.0,200,mouse,whole_pup,whole pup
endothelial cell.,145,train_mean,0.6538636088371277,0.0746208727359771,WMPW025,conch,1,1.0,200,mouse,whole_pup,whole pup
endothelial cell.,145,coordinate,0.4699863195419311,0.1020052060484886,WMPW025,conch,1,1.0,200,mouse,whole_pup,whole pup
endothelial cell.,145,image,0.7505770921707153,0.0642029345035553,WMPW025,conch,1,1.0,200,mouse,whole_pup,whole pup
endothelial cell.,145,spatial_knn,0.6050339937210083,0.0775692537426948,WMPW025,conch,1,1.0,200,mouse,whole_pup,whole pup
epithelial cell of lower respiratory tract.,277,train_mean,0.6223421096801758,0.0867516621947288,WMPW025,conch,1,1.0,200,mouse,whole_pup,whole pup
epithelial cell of lower respiratory tract.,277,coordinate,0.626288890838623,0.1013260781764984,WMPW025,conch,1,1.0,200,mouse,whole_pup,whole pup
epithelial cell of lower respiratory tract.,277,image,0.8957599997520447,0.053954541683197,WMPW025,conch,1,1.0,200,mouse,whole_pup,whole pup
epithelial cell of lower respiratory tract.,277,spatial_knn,0.6153214573860168,0.088915467262268,WMPW025,conch,1,1.0,200,mouse,whole_pup,whole pup
erythroblast.,21,train_mean,0.3019464910030365,0.1228717714548111,WMPW025,conch,1,1.0,200,mouse,whole_pup,whole pup
erythroblast.,21,coordinate,0.0807137712836265,0.1497845351696014,WMPW025,conch,1,1.0,200,mouse,whole_pup,whole pup
erythroblast.,21,image,0.76138836145401,0.0813173800706863,WMPW025,conch,1,1.0,200,mouse,whole_pup,whole pup
erythroblast.,21,spatial_knn,0.474197119474411,0.1137085184454917,WMPW025,conch,1,1.0,200,mouse,whole_pup,whole pup
fibroblast of cardiac tissue.,21,train_mean,0.6778219938278198,0.0791613757610321,WMPW025,conch,1,1.0,200,mouse,whole_pup,whole pup
fibroblast of cardiac tissue.,21,coordinate,0.7541660070419312,0.0744707286357879,WMPW025,conch,1,1.0,200,mouse,whole_pup,whole pup
fibroblast of cardiac tissue.,21,image,0.7828202247619629,0.0674444362521171,WMPW025,conch,1,1.0,200,mouse,whole_pup,whole pup
fibroblast of cardiac tissue.,21,spatial_knn,0.604154109954834,0.085616335272789,WMPW025,conch,1,1.0,200,mouse,whole_pup,whole pup
fibroblast.,70,train_mean,0.6726641654968262,0.0677840709686279,WMPW025,conch,1,1.0,200,mouse,whole_pup,whole pup
fibroblast.,70,coordinate,0.7721185684204102,0.0652247443795204,WMPW025,conch,1,1.0,200,mouse,whole_pup,whole pup
fibroblast.,70,image,0.8856207728385925,0.0404125079512596,WMPW025,conch,1,1.0,200,mouse,whole_pup,whole pup
fibroblast.,70,spatial_knn,0.7267047762870789,0.0569015033543109,WMPW025,conch,1,1.0,200,mouse,whole_pup,whole pup
intestinal epithelial cell.,35,train_mean,0.3240325152873993,0.1254752874374389,WMPW025,conch,1,1.0,200,mouse,whole_pup,whole pup
intestinal epithelial cell.,35,coordinate,0.1708676069974899,0.1466729342937469,WMPW025,conch,1,1.0,200,mouse,whole_pup,whole pup
intestinal epithelial cell.,35,image,0.8980140089988708,0.0647996068000793,WMPW025,conch,1,1.0,200,mouse,whole_pup,whole pup
intestinal epithelial cell.,35,spatial_knn,0.8540762662887573,0.0778737217187881,WMPW025,conch,1,1.0,200,mouse,whole_pup,whole pup
smooth muscle cell.,98,train_mean,0.5967285633087158,0.1917195320129394,WMPW025,conch,1,1.0,200,mouse,whole_pup,whole pup
smooth muscle cell.,98,coordinate,0.5165191888809204,0.198811799287796,WMPW025,conch,1,1.0,200,mouse,whole_pup,whole pup
smooth muscle cell.,98,image,0.9284029006958008,0.1235639601945877,WMPW025,conch,1,1.0,200,mouse,whole_pup,whole pup
smooth muscle cell.,98,spatial_knn,0.5009267330169678,0.2061071693897247,WMPW025,conch,1,1.0,200,mouse,whole_pup,whole pup
stromal cell.,1001,train_mean,0.7401838302612305,0.0628633424639701,WMPW025,conch,1,1.0,200,mouse,whole_pup,whole pup
stromal cell.,1001,coordinate,0.8417185544967651,0.0574798099696636,WMPW025,conch,1,1.0,200,mouse,whole_pup,whole pup
stromal cell.,1001,image,0.9416571855545044,0.0351186357438564,WMPW025,conch,1,1.0,200,mouse,whole_pup,whole pup
stromal cell.,1001,spatial_knn,0.7778308391571045,0.058605458587408,WMPW025,conch,1,1.0,200,mouse,whole_pup,whole pup
astrocyte.,22,train_mean,0.200783684849739,0.1523342430591583,WMPW025,conch,2,1.0,200,mouse,whole_pup,whole pup
astrocyte.,22,coordinate,0.2220918089151382,0.2295163422822952,WMPW025,conch,2,1.0,200,mouse,whole_pup,whole pup
astrocyte.,22,image,0.2498066872358322,0.1552636474370956,WMPW025,conch,2,1.0,200,mouse,whole_pup,whole pup
astrocyte.,22,spatial_knn,0.3365974128246307,0.1648202091455459,WMPW025,conch,2,1.0,200,mouse,whole_pup,whole pup
cardiac muscle cell.,66,train_mean,0.4873683750629425,0.4236479997634887,WMPW025,conch,2,1.0,200,mouse,whole_pup,whole pup
cardiac muscle cell.,66,coordinate,0.4134029150009155,0.3989868760108948,WMPW025,conch,2,1.0,200,mouse,whole_pup,whole pup
cardiac muscle cell.,66,image,0.8749402761459351,0.3310471773147583,WMPW025,conch,2,1.0,200,mouse,whole_pup,whole pup
cardiac muscle cell.,66,spatial_knn,0.2439101040363311,0.4295775294303894,WMPW025,conch,2,1.0,200,mouse,whole_pup,whole pup
cardiac muscle myoblast.,55,train_mean,0.5210123062133789,0.4829046428203583,WMPW025,conch,2,1.0,200,mouse,whole_pup,whole pup
cardiac muscle myoblast.,55,coordinate,0.4732013046741485,0.4397920668125152,WMPW025,conch,2,1.0,200,mouse,whole_pup,whole pup
cardiac muscle myoblast.,55,image,0.9151721596717834,0.3823128640651703,WMPW025,conch,2,1.0,200,mouse,whole_pup,whole pup
cardiac muscle myoblast.,55,spatial_knn,0.2544296681880951,0.4892016947269439,WMPW025,conch,2,1.0,200,mouse,whole_pup,whole pup
cell of skeletal muscle.,20,train_mean,0.5001283884048462,0.4381361305713653,WMPW025,conch,2,1.0,200,mouse,whole_pup,whole pup
cell of skeletal muscle.,20,coordinate,0.3615219891071319,0.4276280701160431,WMPW025,conch,2,1.0,200,mouse,whole_pup,whole pup
cell of skeletal muscle.,20,image,0.8835361003875732,0.3399925529956817,WMPW025,conch,2,1.0,200,mouse,whole_pup,whole pup
cell of skeletal muscle.,20,spatial_knn,0.1872525513172149,0.451402336359024,WMPW025,conch,2,1.0,200,mouse,whole_pup,whole pup
cultured cell.,55,train_mean,0.3599766194820404,0.1414551883935928,WMPW025,conch,2,1.0,200,mouse,whole_pup,whole pup
cultured cell.,55,coordinate,0.4017083644866943,0.2304032742977142,WMPW025,conch,2,1.0,200,mouse,whole_pup,whole pup
cultured cell.,55,image,0.8481418490409851,0.0988515764474868,WMPW025,conch,2,1.0,200,mouse,whole_pup,whole pup
cultured cell.,55,spatial_knn,0.4837259650230407,0.1268347203731537,WMPW025,conch,2,1.0,200,mouse,whole_pup,whole pup
endothelial cell of vascular tree.,199,train_mean,0.7755144834518433,0.1002204641699791,WMPW025,conch,2,1.0,200,mouse,whole_pup,whole pup
endothelial cell of vascular tree.,199,coordinate,0.6510581374168396,0.1651763319969177,WMPW025,conch,2,1.0,200,mouse,whole_pup,whole pup
endothelial cell of vascular tree.,199,image,0.8833924531936646,0.0782846957445144,WMPW025,conch,2,1.0,200,mouse,whole_pup,whole pup
endothelial cell of vascular tree.,199,spatial_knn,0.7301555275917053,0.0872248783707618,WMPW025,conch,2,1.0,200,mouse,whole_pup,whole pup
endothelial cell.,108,train_mean,0.7350261211395264,0.1272972822189331,WMPW025,conch,2,1.0,200,mouse,whole_pup,whole pup
endothelial cell.,108,coordinate,0.6069175601005554,0.1809039562940597,WMPW025,conch,2,1.0,200,mouse,whole_pup,whole pup
endothelial cell.,108,image,0.8412185311317444,0.1086694523692131,WMPW025,conch,2,1.0,200,mouse,whole_pup,whole pup
endothelial cell.,108,spatial_knn,0.7075963616371155,0.1082017049193382,WMPW025,conch,2,1.0,200,mouse,whole_pup,whole pup
epithelial cell of lower respiratory tract.,241,train_mean,0.5287684202194214,0.1234475225210189,WMPW025,conch,2,1.0,200,mouse,whole_pup,whole pup
epithelial cell of lower respiratory tract.,241,coordinate,0.5604621171951294,0.1917639076709747,WMPW025,conch,2,1.0,200,mouse,whole_pup,whole pup
epithelial cell of lower respiratory tract.,241,image,0.8919986486434937,0.0880841761827468,WMPW025,conch,2,1.0,200,mouse,whole_pup,whole pup
epithelial cell of lower respiratory tract.,241,spatial_knn,0.6042454242706299,0.1082292050123214,WMPW025,conch,2,1.0,200,mouse,whole_pup,whole pup
fibroblast.,45,train_mean,0.735854983329773,0.1103573814034462,WMPW025,conch,2,1.0,200,mouse,whole_pup,whole pup
fibroblast.,45,coordinate,0.6276589632034302,0.1843214780092239,WMPW025,conch,2,1.0,200,mouse,whole_pup,whole pup
fibroblast.,45,image,0.8979302644729614,0.0848360806703567,WMPW025,conch,2,1.0,200,mouse,whole_pup,whole pup
fibroblast.,45,spatial_knn,0.7938984036445618,0.0853267386555671,WMPW025,conch,2,1.0,200,mouse,whole_pup,whole pup
glutamatergic neuron.,437,train_mean,0.2055629640817642,0.2167506068944931,WMPW025,conch,2,1.0,200,mouse,whole_pup,whole pup
glutamatergic neuron.,437,coordinate,0.1808248162269592,0.2669978141784668,WMPW025,conch,2,1.0,200,mouse,whole_pup,whole pup
glutamatergic neuron.,437,image,0.2820631861686706,0.217981681227684,WMPW025,conch,2,1.0,200,mouse,whole_pup,whole pup
glutamatergic neuron.,437,spatial_knn,0.2788915038108825,0.207504004240036,WMPW025,conch,2,1.0,200,mouse,whole_pup,whole pup
native cell.,45,train_mean,0.2105441838502884,0.122255265712738,WMPW025,conch,2,1.0,200,mouse,whole_pup,whole pup
native cell.,45,coordinate,0.1806465685367584,0.2459950447082519,WMPW025,conch,2,1.0,200,mouse,whole_pup,whole pup
native cell.,45,image,0.4439551532268524,0.1117077618837356,WMPW025,conch,2,1.0,200,mouse,whole_pup,whole pup
native cell.,45,spatial_knn,0.0682145655155181,0.1562994718551635,WMPW025,conch,2,1.0,200,mouse,whole_pup,whole pup
smooth muscle cell.,76,train_mean,0.6219237446784973,0.307840496301651,WMPW025,conch,2,1.0,200,mouse,whole_pup,whole pup
smooth muscle cell.,76,coordinate,0.5501988530158997,0.2761934399604797,WMPW025,conch,2,1.0,200,mouse,whole_pup,whole pup
smooth muscle cell.,76,image,0.9105402231216432,0.2383403033018112,WMPW025,conch,2,1.0,200,mouse,whole_pup,whole pup
smooth muscle cell.,76,spatial_knn,0.4178920388221741,0.3057283461093902,WMPW025,conch,2,1.0,200,mouse,whole_pup,whole pup
stromal cell.,845,train_mean,0.6927907466888428,0.0981393307447433,WMPW025,conch,2,1.0,200,mouse,whole_pup,whole pup
stromal cell.,845,coordinate,0.6312251687049866,0.1682987064123153,WMPW025,conch,2,1.0,200,mouse,whole_pup,whole pup
stromal cell.,845,image,0.9239801168441772,0.0613501518964767,WMPW025,conch,2,1.0,200,mouse,whole_pup,whole pup
stromal cell.,845,spatial_knn,0.7146095633506775,0.0854579284787178,WMPW025,conch,2,1.0,200,mouse,whole_pup,whole pup
cardiac muscle cell.,43,train_mean,0.4761742651462555,0.2130855768918991,WMPW025,conch,3,1.0,200,mouse,whole_pup,whole pup
cardiac muscle cell.,43,coordinate,0.1566024124622345,0.2363376915454864,WMPW025,conch,3,1.0,200,mouse,whole_pup,whole pup
cardiac muscle cell.,43,image,0.956816017627716,0.092671200633049,WMPW025,conch,3,1.0,200,mouse,whole_pup,whole pup
cardiac muscle cell.,43,spatial_knn,0.4350896179676056,0.2147896885871887,WMPW025,conch,3,1.0,200,mouse,whole_pup,whole pup
cardiac muscle myoblast.,49,train_mean,0.4834450483322143,0.2660265862941742,WMPW025,conch,3,1.0,200,mouse,whole_pup,whole pup
cardiac muscle myoblast.,49,coordinate,0.1863350719213485,0.2868760824203491,WMPW025,conch,3,1.0,200,mouse,whole_pup,whole pup
cardiac muscle myoblast.,49,image,0.9688984155654908,0.1113907992839813,WMPW025,conch,3,1.0,200,mouse,whole_pup,whole pup
cardiac muscle myoblast.,49,spatial_knn,0.6025202870368958,0.2546252012252807,WMPW025,conch,3,1.0,200,mouse,whole_pup,whole pup
cortical cell of adrenal gland.,20,train_mean,0.4094688892364502,0.1036939322948455,WMPW025,conch,3,1.0,200,mouse,whole_pup,whole pup
cortical cell of adrenal gland.,20,coordinate,0.2367603480815887,0.1038956493139267,WMPW025,conch,3,1.0,200,mouse,whole_pup,whole pup
cortical cell of adrenal gland.,20,image,0.5714129209518433,0.1364582180976867,WMPW025,conch,3,1.0,200,mouse,whole_pup,whole pup
cortical cell of adrenal gland.,20,spatial_knn,0.5512882471084595,0.0869151726365089,WMPW025,conch,3,1.0,200,mouse,whole_pup,whole pup
cultured cell.,70,train_mean,0.3917309641838074,0.1153988912701606,WMPW025,conch,3,1.0,200,mouse,whole_pup,whole pup
cultured cell.,70,coordinate,0.3844106495380401,0.1168581470847129,WMPW025,conch,3,1.0,200,mouse,whole_pup,whole pup
cultured cell.,70,image,0.7952700257301331,0.0767673477530479,WMPW025,conch,3,1.0,200,mouse,whole_pup,whole pup
cultured cell.,70,spatial_knn,0.3412458002567291,0.1201518028974533,WMPW025,conch,3,1.0,200,mouse,whole_pup,whole pup
endothelial cell of vascular tree.,308,train_mean,0.837943434715271,0.047588400542736,WMPW025,conch,3,1.0,200,mouse,whole_pup,whole pup
endothelial cell of vascular tree.,308,coordinate,0.5717195272445679,0.0740129873156547,WMPW025,conch,3,1.0,200,mouse,whole_pup,whole pup
endothelial cell of vascular tree.,308,image,0.8509947061538696,0.0503624938428401,WMPW025,conch,3,1.0,200,mouse,whole_pup,whole pup
endothelial cell of vascular tree.,308,spatial_knn,0.784324049949646,0.0548005476593971,WMPW025,conch,3,1.0,200,mouse,whole_pup,whole pup
endothelial cell.,283,train_mean,0.5936124920845032,0.0866823121905326,WMPW025,conch,3,1.0,200,mouse,whole_pup,whole pup
endothelial cell.,283,coordinate,0.5288179516792297,0.0930831879377365,WMPW025,conch,3,1.0,200,mouse,whole_pup,whole pup
endothelial cell.,283,image,0.8454978466033936,0.059561152011156,WMPW025,conch,3,1.0,200,mouse,whole_pup,whole pup
endothelial cell.,283,spatial_knn,0.6188153028488159,0.0844444185495376,WMPW025,conch,3,1.0,200,mouse,whole_pup,whole pup
epithelial cell of lower respiratory tract.,275,train_mean,0.6242483854293823,0.0881593227386474,WMPW025,conch,3,1.0,200,mouse,whole_pup,whole pup
epithelial cell of lower respiratory tract.,275,coordinate,0.4834894835948944,0.0992053672671318,WMPW025,conch,3,1.0,200,mouse,whole_pup,whole pup
epithelial cell of lower respiratory tract.,275,image,0.8601886034011841,0.0577134191989898,WMPW025,conch,3,1.0,200,mouse,whole_pup,whole pup
epithelial cell of lower respiratory tract.,275,spatial_knn,0.5360417366027832,0.0958271771669387,WMPW025,conch,3,1.0,200,mouse,whole_pup,whole pup
erythroblast.,30,train_mean,0.2853008508682251,0.1357494741678238,WMPW025,conch,3,1.0,200,mouse,whole_pup,whole pup
erythroblast.,30,coordinate,0.5934821367263794,0.1136590614914894,WMPW025,conch,3,1.0,200,mouse,whole_pup,whole pup
erythroblast.,30,image,0.8150424361228943,0.0839457064867019,WMPW025,conch,3,1.0,200,mouse,whole_pup,whole pup
erythroblast.,30,spatial_knn,0.6461219191551208,0.1119911596179008,WMPW025,conch,3,1.0,200,mouse,whole_pup,whole pup
fibroblast.,83,train_mean,0.7442837953567505,0.0787999182939529,WMPW025,conch,3,1.0,200,mouse,whole_pup,whole pup
fibroblast.,83,coordinate,0.3210443556308746,0.1190717965364456,WMPW025,conch,3,1.0,200,mouse,whole_pup,whole pup
fibroblast.,83,image,0.8983727693557739,0.0523566603660583,WMPW025,conch,3,1.0,200,mouse,whole_pup,whole pup
fibroblast.,83,spatial_knn,0.5342848300933838,0.09842099994421,WMPW025,conch,3,1.0,200,mouse,whole_pup,whole pup
intestinal epithelial cell.,39,train_mean,0.1962806433439254,0.204514279961586,WMPW025,conch,3,1.0,200,mouse,whole_pup,whole pup
intestinal epithelial cell.,39,coordinate,0.6737016439437866,0.1709836721420288,WMPW025,conch,3,1.0,200,mouse,whole_pup,whole pup
intestinal epithelial cell.,39,image,0.9550021290779114,0.0984745249152183,WMPW025,conch,3,1.0,200,mouse,whole_pup,whole pup
intestinal epithelial cell.,39,spatial_knn,0.8029817342758179,0.1437736898660659,WMPW025,conch,3,1.0,200,mouse,whole_pup,whole pup
macrophage.,22,train_mean,0.4819552898406982,0.0823712646961212,WMPW025,conch,3,1.0,200,mouse,whole_pup,whole pup
macrophage.,22,coordinate,0.4536049365997314,0.0910464227199554,WMPW025,conch,3,1.0,200,mouse,whole_pup,whole pup
macrophage.,22,image,0.5479621291160583,0.0789176523685455,WMPW025,conch,3,1.0,200,mouse,whole_pup,whole pup
macrophage.,22,spatial_knn,0.37094447016716,0.0940108373761177,WMPW025,conch,3,1.0,200,mouse,whole_pup,whole pup
native cell.,26,train_mean,0.3986508250236511,0.1065595373511314,WMPW025,conch,3,1.0,200,mouse,whole_pup,whole pup
native cell.,26,coordinate,0.2879699766635895,0.1146110296249389,WMPW025,conch,3,1.0,200,mouse,whole_pup,whole pup
native cell.,26,image,0.4757480919361114,0.1077017933130264,WMPW025,conch,3,1.0,200,mouse,whole_pup,whole pup
native cell.,26,spatial_knn,0.333931028842926,0.1112421452999115,WMPW025,conch,3,1.0,200,mouse,whole_pup,whole pup
smooth muscle cell.,85,train_mean,0.6101040244102478,0.1603072434663772,WMPW025,conch,3,1.0,200,mouse,whole_pup,whole pup
smooth muscle cell.,85,coordinate,0.2299723625183105,0.1888783276081085,WMPW025,conch,3,1.0,200,mouse,whole_pup,whole pup
smooth muscle cell.,85,image,0.974193036556244,0.0575491338968277,WMPW025,conch,3,1.0,200,mouse,whole_pup,whole pup
smooth muscle cell.,85,spatial_knn,0.637701153755188,0.1574772745370865,WMPW025,conch,3,1.0,200,mouse,whole_pup,whole pup
stromal cell.,830,train_mean,0.7850198149681091,0.053539864718914,WMPW025,conch,3,1.0,200,mouse,whole_pup,whole pup
stromal cell.,830,coordinate,0.3318877816200256,0.0955707058310508,WMPW025,conch,3,1.0,200,mouse,whole_pup,whole pup
stromal cell.,830,image,0.8702508807182312,0.0521052628755569,WMPW025,conch,3,1.0,200,mouse,whole_pup,whole pup
stromal cell.,830,spatial_knn,0.6122121810913086,0.0689919963479042,WMPW025,conch,3,1.0,200,mouse,whole_pup,whole pup
B cell.,46,train_mean,0.1016712188720703,0.2108077704906463,XTNL005,conch,0,1.0,200,human,lung,lung cancer
B cell.,46,coordinate,0.0514680594205856,0.2859737873077392,XTNL005,conch,0,1.0,200,human,lung,lung cancer
B cell.,46,image,0.7856565713882446,0.1224055215716362,XTNL005,conch,0,1.0,200,human,lung,lung cancer
B cell.,46,spatial_knn,0.1281375437974929,0.2887397408485412,XTNL005,conch,0,1.0,200,human,lung,lung cancer
"CD8-positive, alpha-beta T cell.",23,train_mean,0.1173524186015129,0.1961883604526519,XTNL005,conch,0,1.0,200,human,lung,lung cancer
"CD8-positive, alpha-beta T cell.",23,coordinate,-0.0185365062206983,0.2757469415664673,XTNL005,conch,0,1.0,200,human,lung,lung cancer
"CD8-positive, alpha-beta T cell.",23,image,0.6387588977813721,0.1350675374269485,XTNL005,conch,0,1.0,200,human,lung,lung cancer
"CD8-positive, alpha-beta T cell.",23,spatial_knn,0.1247962862253189,0.2367518097162246,XTNL005,conch,0,1.0,200,human,lung,lung cancer
T cell.,240,train_mean,0.294252872467041,0.2078454047441482,XTNL005,conch,0,1.0,200,human,lung,lung cancer
T cell.,240,coordinate,0.1171278655529022,0.2766818404197693,XTNL005,conch,0,1.0,200,human,lung,lung cancer
T cell.,240,image,0.740328311920166,0.1538991928100586,XTNL005,conch,0,1.0,200,human,lung,lung cancer
T cell.,240,spatial_knn,0.2070932686328888,0.250212162733078,XTNL005,conch,0,1.0,200,human,lung,lung cancer
basal cell.,49,train_mean,0.6093683242797852,0.1663989573717117,XTNL005,conch,0,1.0,200,human,lung,lung cancer
basal cell.,49,coordinate,0.651360809803009,0.1736730188131332,XTNL005,conch,0,1.0,200,human,lung,lung cancer
basal cell.,49,image,0.6918483972549438,0.1533050835132599,XTNL005,conch,0,1.0,200,human,lung,lung cancer
basal cell.,49,spatial_knn,0.5976978540420532,0.1663848906755447,XTNL005,conch,0,1.0,200,human,lung,lung cancer
cardiac muscle myoblast.,32,train_mean,0.1326956301927566,0.2568707168102264,XTNL005,conch,0,1.0,200,human,lung,lung cancer
cardiac muscle myoblast.,32,coordinate,0.2174292057752609,0.2957469820976257,XTNL005,conch,0,1.0,200,human,lung,lung cancer
cardiac muscle myoblast.,32,image,0.9007256031036376,0.1268694847822189,XTNL005,conch,0,1.0,200,human,lung,lung cancer
cardiac muscle myoblast.,32,spatial_knn,0.0812603160738945,0.2875737249851227,XTNL005,conch,0,1.0,200,human,lung,lung cancer
ciliated cell.,44,train_mean,0.7420887351036072,0.1518628597259521,XTNL005,conch,0,1.0,200,human,lung,lung cancer
ciliated cell.,44,coordinate,0.809417724609375,0.1284613609313964,XTNL005,conch,0,1.0,200,human,lung,lung cancer
ciliated cell.,44,image,0.8351569771766663,0.1202617734670639,XTNL005,conch,0,1.0,200,human,lung,lung cancer
ciliated cell.,44,spatial_knn,0.6316944360733032,0.1651043891906738,XTNL005,conch,0,1.0,200,human,lung,lung cancer
endothelial cell of vascular tree.,37,train_mean,0.4210116267204284,0.1471800506114959,XTNL005,conch,0,1.0,200,human,lung,lung cancer
endothelial cell of vascular tree.,37,coordinate,0.3635644912719726,0.2130721807479858,XTNL005,conch,0,1.0,200,human,lung,lung cancer
endothelial cell of vascular tree.,37,image,0.6217280030250549,0.1194857954978942,XTNL005,conch,0,1.0,200,human,lung,lung cancer
endothelial cell of vascular tree.,37,spatial_knn,0.3095585107803345,0.1888419389724731,XTNL005,conch,0,1.0,200,human,lung,lung cancer
endothelial cell.,518,train_mean,0.4629473388195038,0.145012617111206,XTNL005,conch,0,1.0,200,human,lung,lung cancer
endothelial cell.,518,coordinate,0.2970826327800751,0.2157095223665237,XTNL005,conch,0,1.0,200,human,lung,lung cancer
endothelial cell.,518,image,0.7363897562026978,0.1126270443201065,XTNL005,conch,0,1.0,200,human,lung,lung cancer
endothelial cell.,518,spatial_knn,0.5092417597770691,0.1467412114143371,XTNL005,conch,0,1.0,200,human,lung,lung cancer
epithelial cell of lower respiratory tract.,81,train_mean,0.7883025407791138,0.4144269526004791,XTNL005,conch,0,1.0,200,human,lung,lung cancer
epithelial cell of lower respiratory tract.,81,coordinate,0.8863452672958374,0.3132828176021576,XTNL005,conch,0,1.0,200,human,lung,lung cancer
epithelial cell of lower respiratory tract.,81,image,0.9486912488937378,0.2259425669908523,XTNL005,conch,0,1.0,200,human,lung,lung cancer
epithelial cell of lower respiratory tract.,81,spatial_knn,0.7791888117790222,0.3832319974899292,XTNL005,conch,0,1.0,200,human,lung,lung cancer
epithelial cell.,51,train_mean,0.823117733001709,0.2138827890157699,XTNL005,conch,0,1.0,200,human,lung,lung cancer
epithelial cell.,51,coordinate,0.8004561066627502,0.1697182059288025,XTNL005,conch,0,1.0,200,human,lung,lung cancer
epithelial cell.,51,image,0.8969861268997192,0.1744827032089233,XTNL005,conch,0,1.0,200,human,lung,lung cancer
epithelial cell.,51,spatial_knn,0.7571930289268494,0.2108396291732788,XTNL005,conch,0,1.0,200,human,lung,lung cancer
fibroblast.,60,train_mean,0.3748034238815307,0.1806970834732055,XTNL005,conch,0,1.0,200,human,lung,lung cancer
fibroblast.,60,coordinate,0.2924924194812774,0.2419684380292892,XTNL005,conch,0,1.0,200,human,lung,lung cancer
fibroblast.,60,image,0.6551550030708313,0.1513561308383941,XTNL005,conch,0,1.0,200,human,lung,lung cancer
fibroblast.,60,spatial_knn,0.2616585791110992,0.2146267145872116,XTNL005,conch,0,1.0,200,human,lung,lung cancer
foveolar cell of stomach.,25,train_mean,0.7511045932769775,0.3031453788280487,XTNL005,conch,0,1.0,200,human,lung,lung cancer
foveolar cell of stomach.,25,coordinate,0.8826375007629395,0.2052826434373855,XTNL005,conch,0,1.0,200,human,lung,lung cancer
foveolar cell of stomach.,25,image,0.9580729603767396,0.1163137853145599,XTNL005,conch,0,1.0,200,human,lung,lung cancer
foveolar cell of stomach.,25,spatial_knn,0.8445211052894592,0.2382890433073043,XTNL005,conch,0,1.0,200,human,lung,lung cancer
goblet cell.,351,train_mean,0.7631198167800903,0.5302068591117859,XTNL005,conch,0,1.0,200,human,lung,lung cancer
goblet cell.,351,coordinate,0.9066368341445924,0.4247942566871643,XTNL005,conch,0,1.0,200,human,lung,lung cancer
goblet cell.,351,image,0.9778386354446412,0.2322645187377929,XTNL005,conch,0,1.0,200,human,lung,lung cancer
goblet cell.,351,spatial_knn,0.8467801809310913,0.4619117677211761,XTNL005,conch,0,1.0,200,human,lung,lung cancer
macrophage.,281,train_mean,0.2334965765476226,0.2829809188842773,XTNL005,conch,0,1.0,200,human,lung,lung cancer
macrophage.,281,coordinate,0.0978704094886779,0.3241396248340606,XTNL005,conch,0,1.0,200,human,lung,lung cancer
macrophage.,281,image,0.4802356958389282,0.2499836534261703,XTNL005,conch,0,1.0,200,human,lung,lung cancer
macrophage.,281,spatial_knn,0.2610324919223785,0.2865529954433441,XTNL005,conch,0,1.0,200,human,lung,lung cancer
mammary alveolar cell.,60,train_mean,0.7863434553146362,0.1950844526290893,XTNL005,conch,0,1.0,200,human,lung,lung cancer
mammary alveolar cell.,60,coordinate,0.7405145764350891,0.1686922907829284,XTNL005,conch,0,1.0,200,human,lung,lung cancer
mammary alveolar cell.,60,image,0.8341661095619202,0.1619051992893219,XTNL005,conch,0,1.0,200,human,lung,lung cancer
mammary alveolar cell.,60,spatial_knn,0.7017484307289124,0.2024374157190323,XTNL005,conch,0,1.0,200,human,lung,lung cancer
monocyte.,30,train_mean,0.3377512693405151,0.2130603492259979,XTNL005,conch,0,1.0,200,human,lung,lung cancer
monocyte.,30,coordinate,0.1364883035421371,0.2727106511592865,XTNL005,conch,0,1.0,200,human,lung,lung cancer
monocyte.,30,image,0.393736869096756,0.20603047311306,XTNL005,conch,0,1.0,200,human,lung,lung cancer
monocyte.,30,spatial_knn,0.4134405255317688,0.2044595777988433,XTNL005,conch,0,1.0,200,human,lung,lung cancer
secretory cell.,29,train_mean,0.7941831350326538,0.3543521761894226,XTNL005,conch,0,1.0,200,human,lung,lung cancer
secretory cell.,29,coordinate,0.8945029973983765,0.2576068639755249,XTNL005,conch,0,1.0,200,human,lung,lung cancer
secretory cell.,29,image,0.9541370272636414,0.1737568378448486,XTNL005,conch,0,1.0,200,human,lung,lung cancer
secretory cell.,29,spatial_knn,0.8683933019638062,0.2995786964893341,XTNL005,conch,0,1.0,200,human,lung,lung cancer
smooth muscle cell.,42,train_mean,0.2721323370933532,0.2207809090614318,XTNL005,conch,0,1.0,200,human,lung,lung cancer
smooth muscle cell.,42,coordinate,0.2983299493789673,0.2536315023899078,XTNL005,conch,0,1.0,200,human,lung,lung cancer
smooth muscle cell.,42,image,0.8886569142341614,0.1401746124029159,XTNL005,conch,0,1.0,200,human,lung,lung cancer
smooth muscle cell.,42,spatial_knn,0.2150621265172958,0.2384075969457626,XTNL005,conch,0,1.0,200,human,lung,lung cancer
smooth muscle myoblast.,22,train_mean,0.1557799726724624,0.3159235715866089,XTNL005,conch,0,1.0,200,human,lung,lung cancer
smooth muscle myoblast.,22,coordinate,0.2223574817180633,0.3427769243717193,XTNL005,conch,0,1.0,200,human,lung,lung cancer
smooth muscle myoblast.,22,image,0.8975589871406555,0.2041151225566864,XTNL005,conch,0,1.0,200,human,lung,lung cancer
smooth muscle myoblast.,22,spatial_knn,0.2301751971244812,0.3141159415245056,XTNL005,conch,0,1.0,200,human,lung,lung cancer
stromal cell.,45,train_mean,0.3812419772148132,0.1735013425350189,XTNL005,conch,0,1.0,200,human,lung,lung cancer
stromal cell.,45,coordinate,0.3180080950260162,0.2309803813695907,XTNL005,conch,0,1.0,200,human,lung,lung cancer
stromal cell.,45,image,0.5664063692092896,0.1494526416063308,XTNL005,conch,0,1.0,200,human,lung,lung cancer
stromal cell.,45,spatial_knn,0.3161936104297638,0.191780149936676,XTNL005,conch,0,1.0,200,human,lung,lung cancer
type I pneumocyte.,143,train_mean,0.7306094169616699,0.184473231434822,XTNL005,conch,0,1.0,200,human,lung,lung cancer
type I pneumocyte.,143,coordinate,0.7540160417556763,0.1574859917163849,XTNL005,conch,0,1.0,200,human,lung,lung cancer
type I pneumocyte.,143,image,0.8376754522323608,0.1589637547731399,XTNL005,conch,0,1.0,200,human,lung,lung cancer
type I pneumocyte.,143,spatial_knn,0.685342013835907,0.1857469826936721,XTNL005,conch,0,1.0,200,human,lung,lung cancer
type II pneumocyte.,48,train_mean,0.695522129535675,0.3407855629920959,XTNL005,conch,0,1.0,200,human,lung,lung cancer
type II pneumocyte.,48,coordinate,0.7056227922439575,0.2969025671482086,XTNL005,conch,0,1.0,200,human,lung,lung cancer
type II pneumocyte.,48,image,0.8340305685997009,0.2892452478408813,XTNL005,conch,0,1.0,200,human,lung,lung cancer
type II pneumocyte.,48,spatial_knn,0.5938791036605835,0.3474405109882355,XTNL005,conch,0,1.0,200,human,lung,lung cancer
B cell.,26,train_mean,0.0958918780088424,0.1971013098955154,XTNL005,conch,1,1.0,200,human,lung,lung cancer
B cell.,26,coordinate,0.059640847146511,0.2848804593086242,XTNL005,conch,1,1.0,200,human,lung,lung cancer
B cell.,26,image,0.2247862815856933,0.1468477100133896,XTNL005,conch,1,1.0,200,human,lung,lung cancer
B cell.,26,spatial_knn,0.0549125410616397,0.2084508687257766,XTNL005,conch,1,1.0,200,human,lung,lung cancer
"CD8-positive, alpha-beta T cell.",35,train_mean,0.1232427507638931,0.1960762292146682,XTNL005,conch,1,1.0,200,human,lung,lung cancer
"CD8-positive, alpha-beta T cell.",35,coordinate,0.1469627767801284,0.2414106577634811,XTNL005,conch,1,1.0,200,human,lung,lung cancer
"CD8-positive, alpha-beta T cell.",35,image,0.3426215648651123,0.1286465972661972,XTNL005,conch,1,1.0,200,human,lung,lung cancer
"CD8-positive, alpha-beta T cell.",35,spatial_knn,0.1413285285234451,0.1931676864624023,XTNL005,conch,1,1.0,200,human,lung,lung cancer
T cell.,139,train_mean,0.2091186493635177,0.2285662144422531,XTNL005,conch,1,1.0,200,human,lung,lung cancer
T cell.,139,coordinate,0.2300735116004943,0.2548950612545013,XTNL005,conch,1,1.0,200,human,lung,lung cancer
T cell.,139,image,0.4857456982135772,0.1866295337677002,XTNL005,conch,1,1.0,200,human,lung,lung cancer
T cell.,139,spatial_knn,0.1863533705472946,0.242148295044899,XTNL005,conch,1,1.0,200,human,lung,lung cancer
basal cell.,114,train_mean,0.4788821041584015,0.1741188764572143,XTNL005,conch,1,1.0,200,human,lung,lung cancer
basal cell.,114,coordinate,0.3245102167129516,0.2224039733409881,XTNL005,conch,1,1.0,200,human,lung,lung cancer
basal cell.,114,image,0.571643054485321,0.1463149785995483,XTNL005,conch,1,1.0,200,human,lung,lung cancer
basal cell.,114,spatial_knn,0.4780252277851105,0.1789771467447281,XTNL005,conch,1,1.0,200,human,lung,lung cancer
ciliated cell.,74,train_mean,0.5239686965942383,0.1638188511133194,XTNL005,conch,1,1.0,200,human,lung,lung cancer
ciliated cell.,74,coordinate,0.3664935231208801,0.2073616832494735,XTNL005,conch,1,1.0,200,human,lung,lung cancer
ciliated cell.,74,image,0.6769178509712219,0.128798097372055,XTNL005,conch,1,1.0,200,human,lung,lung cancer
ciliated cell.,74,spatial_knn,0.5556614995002747,0.1607102155685424,XTNL005,conch,1,1.0,200,human,lung,lung cancer
endothelial cell of vascular tree.,61,train_mean,0.3317493498325348,0.1698457896709442,XTNL005,conch,1,1.0,200,human,lung,lung cancer
endothelial cell of vascular tree.,61,coordinate,0.4233785271644592,0.2061872631311416,XTNL005,conch,1,1.0,200,human,lung,lung cancer
endothelial cell of vascular tree.,61,image,0.6351049542427063,0.1021538227796554,XTNL005,conch,1,1.0,200,human,lung,lung cancer
endothelial cell of vascular tree.,61,spatial_knn,0.5698931217193604,0.1543814688920974,XTNL005,conch,1,1.0,200,human,lung,lung cancer
endothelial cell.,807,train_mean,0.2574881911277771,0.1858445554971695,XTNL005,conch,1,1.0,200,human,lung,lung cancer
endothelial cell.,807,coordinate,0.7185476422309875,0.1466360837221145,XTNL005,conch,1,1.0,200,human,lung,lung cancer
endothelial cell.,807,image,0.7916157841682434,0.1014793440699577,XTNL005,conch,1,1.0,200,human,lung,lung cancer
endothelial cell.,807,spatial_knn,0.723615288734436,0.1221946030855178,XTNL005,conch,1,1.0,200,human,lung,lung cancer
epithelial cell of lower respiratory tract.,48,train_mean,0.5926882028579712,0.1438912004232406,XTNL005,conch,1,1.0,200,human,lung,lung cancer
epithelial cell of lower respiratory tract.,48,coordinate,0.4222477376461029,0.2088890969753265,XTNL005,conch,1,1.0,200,human,lung,lung cancer
epithelial cell of lower respiratory tract.,48,image,0.8049229979515076,0.1072322875261306,XTNL005,conch,1,1.0,200,human,lung,lung cancer
epithelial cell of lower respiratory tract.,48,spatial_knn,0.7632643580436707,0.1143896281719207,XTNL005,conch,1,1.0,200,human,lung,lung cancer
epithelial cell.,61,train_mean,0.6598564982414246,0.2040517777204513,XTNL005,conch,1,1.0,200,human,lung,lung cancer
epithelial cell.,61,coordinate,0.3511244654655456,0.2884044647216797,XTNL005,conch,1,1.0,200,human,lung,lung cancer
epithelial cell.,61,image,0.7550998330116272,0.2070962041616439,XTNL005,conch,1,1.0,200,human,lung,lung cancer
epithelial cell.,61,spatial_knn,0.7015258073806763,0.1941795349121093,XTNL005,conch,1,1.0,200,human,lung,lung cancer
fibroblast.,66,train_mean,0.2651073038578033,0.197705939412117,XTNL005,conch,1,1.0,200,human,lung,lung cancer
fibroblast.,66,coordinate,0.2891806662082672,0.2456575334072113,XTNL005,conch,1,1.0,200,human,lung,lung cancer
fibroblast.,66,image,0.6013205647468567,0.1415847837924957,XTNL005,conch,1,1.0,200,human,lung,lung cancer
fibroblast.,66,spatial_knn,0.4027692675590515,0.1857245117425918,XTNL005,conch,1,1.0,200,human,lung,lung cancer
goblet cell.,68,train_mean,0.5713590383529663,0.3382861018180847,XTNL005,conch,1,1.0,200,human,lung,lung cancer
goblet cell.,68,coordinate,0.0714170709252357,0.4545442163944244,XTNL005,conch,1,1.0,200,human,lung,lung cancer
goblet cell.,68,image,0.6483595371246338,0.3407585620880127,XTNL005,conch,1,1.0,200,human,lung,lung cancer
goblet cell.,68,spatial_knn,0.5936324596405029,0.3351606130599975,XTNL005,conch,1,1.0,200,human,lung,lung cancer
macrophage.,191,train_mean,0.2010487467050552,0.2178136557340622,XTNL005,conch,1,1.0,200,human,lung,lung cancer
macrophage.,191,coordinate,0.2171489894390106,0.2745930850505829,XTNL005,conch,1,1.0,200,human,lung,lung cancer
macrophage.,191,image,0.3888194561004638,0.1884020119905471,XTNL005,conch,1,1.0,200,human,lung,lung cancer
macrophage.,191,spatial_knn,0.1195322200655937,0.238074705004692,XTNL005,conch,1,1.0,200,human,lung,lung cancer
mammary alveolar cell.,78,train_mean,0.514555037021637,0.208127275109291,XTNL005,conch,1,1.0,200,human,lung,lung cancer
mammary alveolar cell.,78,coordinate,0.5107058882713318,0.2371876090764999,XTNL005,conch,1,1.0,200,human,lung,lung cancer
mammary alveolar cell.,78,image,0.7403498888015747,0.1899166405200958,XTNL005,conch,1,1.0,200,human,lung,lung cancer
mammary alveolar cell.,78,spatial_knn,0.7314956784248352,0.1713535487651825,XTNL005,conch,1,1.0,200,human,lung,lung cancer
monocyte.,32,train_mean,0.2835350632667541,0.2244239151477813,XTNL005,conch,1,1.0,200,human,lung,lung cancer
monocyte.,32,coordinate,0.3507464528083801,0.2445386946201324,XTNL005,conch,1,1.0,200,human,lung,lung cancer
monocyte.,32,image,0.4511948525905609,0.2032524049282074,XTNL005,conch,1,1.0,200,human,lung,lung cancer
monocyte.,32,spatial_knn,0.3095712065696716,0.229761853814125,XTNL005,conch,1,1.0,200,human,lung,lung cancer
natural killer cell.,21,train_mean,0.0917945802211761,0.2207368463277816,XTNL005,conch,1,1.0,200,human,lung,lung cancer
natural killer cell.,21,coordinate,0.1278619766235351,0.2503414750099182,XTNL005,conch,1,1.0,200,human,lung,lung cancer
natural killer cell.,21,image,0.2258392721414566,0.1809373348951339,XTNL005,conch,1,1.0,200,human,lung,lung cancer
natural killer cell.,21,spatial_knn,0.1184636056423187,0.227443128824234,XTNL005,conch,1,1.0,200,human,lung,lung cancer
secretory cell.,22,train_mean,0.6152377724647522,0.1312041133642196,XTNL005,conch,1,1.0,200,human,lung,lung cancer
secretory cell.,22,coordinate,0.3160229623317718,0.2052075415849685,XTNL005,conch,1,1.0,200,human,lung,lung cancer
secretory cell.,22,image,0.6839585900306702,0.1029749661684036,XTNL005,conch,1,1.0,200,human,lung,lung cancer
secretory cell.,22,spatial_knn,0.5688942074775696,0.1405466794967651,XTNL005,conch,1,1.0,200,human,lung,lung cancer
smooth muscle cell.,32,train_mean,0.2051866948604583,0.2293195575475692,XTNL005,conch,1,1.0,200,human,lung,lung cancer
smooth muscle cell.,32,coordinate,0.3347841203212738,0.2387115359306335,XTNL005,conch,1,1.0,200,human,lung,lung cancer
smooth muscle cell.,32,image,0.5305697917938232,0.1776508539915084,XTNL005,conch,1,1.0,200,human,lung,lung cancer
smooth muscle cell.,32,spatial_knn,0.436869740486145,0.2040704935789108,XTNL005,conch,1,1.0,200,human,lung,lung cancer
stromal cell.,64,train_mean,0.2802823185920715,0.1832557320594787,XTNL005,conch,1,1.0,200,human,lung,lung cancer
stromal cell.,64,coordinate,0.3435296714305877,0.2111313194036483,XTNL005,conch,1,1.0,200,human,lung,lung cancer
stromal cell.,64,image,0.6133291721343994,0.1079545319080352,XTNL005,conch,1,1.0,200,human,lung,lung cancer
stromal cell.,64,spatial_knn,0.4357545673847198,0.1631227433681488,XTNL005,conch,1,1.0,200,human,lung,lung cancer
type I pneumocyte.,204,train_mean,0.5637931823730469,0.1756915301084518,XTNL005,conch,1,1.0,200,human,lung,lung cancer
type I pneumocyte.,204,coordinate,0.4755238890647888,0.2131710946559906,XTNL005,conch,1,1.0,200,human,lung,lung cancer
type I pneumocyte.,204,image,0.730610191822052,0.1588599979877472,XTNL005,conch,1,1.0,200,human,lung,lung cancer
type I pneumocyte.,204,spatial_knn,0.649334192276001,0.1619355976581573,XTNL005,conch,1,1.0,200,human,lung,lung cancer
type II pneumocyte.,83,train_mean,0.4879047572612762,0.3117972612380981,XTNL005,conch,1,1.0,200,human,lung,lung cancer
type II pneumocyte.,83,coordinate,0.2326928973197937,0.3842635452747345,XTNL005,conch,1,1.0,200,human,lung,lung cancer
type II pneumocyte.,83,image,0.6116158962249756,0.309895396232605,XTNL005,conch,1,1.0,200,human,lung,lung cancer
type II pneumocyte.,83,spatial_knn,0.6070688366889954,0.2917570173740387,XTNL005,conch,1,1.0,200,human,lung,lung cancer
B cell.,57,train_mean,0.1441173702478408,0.1976284384727478,XTNL005,conch,2,1.0,200,human,lung,lung cancer
B cell.,57,coordinate,0.1597205549478531,0.194393128156662,XTNL005,conch,2,1.0,200,human,lung,lung cancer
B cell.,57,image,0.5491361021995544,0.1419527232646942,XTNL005,conch,2,1.0,200,human,lung,lung cancer
B cell.,57,spatial_knn,0.0007908868719823,0.3377472460269928,XTNL005,conch,2,1.0,200,human,lung,lung cancer
"CD8-positive, alpha-beta T cell.",31,train_mean,0.1504252105951309,0.1767639815807342,XTNL005,conch,2,1.0,200,human,lung,lung cancer
"CD8-positive, alpha-beta T cell.",31,coordinate,0.0769497603178024,0.1856679320335388,XTNL005,conch,2,1.0,200,human,lung,lung cancer
"CD8-positive, alpha-beta T cell.",31,image,0.4097846746444702,0.1195542439818382,XTNL005,conch,2,1.0,200,human,lung,lung cancer
"CD8-positive, alpha-beta T cell.",31,spatial_knn,0.0554487332701683,0.2227569222450256,XTNL005,conch,2,1.0,200,human,lung,lung cancer
T cell.,175,train_mean,0.2818816006183624,0.1859443187713623,XTNL005,conch,2,1.0,200,human,lung,lung cancer
T cell.,175,coordinate,0.2152386009693145,0.1936816871166229,XTNL005,conch,2,1.0,200,human,lung,lung cancer
T cell.,175,image,0.6022010445594788,0.1401127427816391,XTNL005,conch,2,1.0,200,human,lung,lung cancer
T cell.,175,spatial_knn,0.1406628489494323,0.2644288539886474,XTNL005,conch,2,1.0,200,human,lung,lung cancer
basal cell.,36,train_mean,0.5478083491325378,0.1493468135595321,XTNL005,conch,2,1.0,200,human,lung,lung cancer
basal cell.,36,coordinate,0.5625849366188049,0.1454250067472458,XTNL005,conch,2,1.0,200,human,lung,lung cancer
basal cell.,36,image,0.7272589206695557,0.1153179630637168,XTNL005,conch,2,1.0,200,human,lung,lung cancer
basal cell.,36,spatial_knn,0.5173881649971008,0.1447000056505203,XTNL005,conch,2,1.0,200,human,lung,lung cancer
cardiac muscle myoblast.,77,train_mean,0.1164924502372741,0.2416997849941253,XTNL005,conch,2,1.0,200,human,lung,lung cancer
cardiac muscle myoblast.,77,coordinate,-0.0098330006003379,0.2642153203487396,XTNL005,conch,2,1.0,200,human,lung,lung cancer
cardiac muscle myoblast.,77,image,0.7911572456359863,0.1408192962408065,XTNL005,conch,2,1.0,200,human,lung,lung cancer
cardiac muscle myoblast.,77,spatial_knn,0.0653901770710945,0.2957947552204132,XTNL005,conch,2,1.0,200,human,lung,lung cancer
ciliated cell.,33,train_mean,0.7938326597213745,0.1115297153592109,XTNL005,conch,2,1.0,200,human,lung,lung cancer
ciliated cell.,33,coordinate,0.708085298538208,0.1257803738117218,XTNL005,conch,2,1.0,200,human,lung,lung cancer
ciliated cell.,33,image,0.851699709892273,0.096563421189785,XTNL005,conch,2,1.0,200,human,lung,lung cancer
ciliated cell.,33,spatial_knn,0.7085139751434326,0.1251264363527298,XTNL005,conch,2,1.0,200,human,lung,lung cancer
endothelial cell of vascular tree.,36,train_mean,0.4315479695796966,0.1436894536018371,XTNL005,conch,2,1.0,200,human,lung,lung cancer
endothelial cell of vascular tree.,36,coordinate,0.4154503941535949,0.1435312926769256,XTNL005,conch,2,1.0,200,human,lung,lung cancer
endothelial cell of vascular tree.,36,image,0.6398475170135498,0.1028186455368995,XTNL005,conch,2,1.0,200,human,lung,lung cancer
endothelial cell of vascular tree.,36,spatial_knn,0.5798604488372803,0.1124100908637046,XTNL005,conch,2,1.0,200,human,lung,lung cancer
endothelial cell.,614,train_mean,0.4336878955364227,0.142551988363266,XTNL005,conch,2,1.0,200,human,lung,lung cancer
endothelial cell.,614,coordinate,0.5133265852928162,0.1331973224878311,XTNL005,conch,2,1.0,200,human,lung,lung cancer
endothelial cell.,614,image,0.6862462162971497,0.1015862450003624,XTNL005,conch,2,1.0,200,human,lung,lung cancer
endothelial cell.,614,spatial_knn,0.5129029154777527,0.1325664222240448,XTNL005,conch,2,1.0,200,human,lung,lung cancer
epithelial cell of lower respiratory tract.,55,train_mean,0.8028922080993652,0.2352825701236724,XTNL005,conch,2,1.0,200,human,lung,lung cancer
epithelial cell of lower respiratory tract.,55,coordinate,0.809309184551239,0.2326318472623825,XTNL005,conch,2,1.0,200,human,lung,lung cancer
epithelial cell of lower respiratory tract.,55,image,0.8942239880561829,0.1643512994050979,XTNL005,conch,2,1.0,200,human,lung,lung cancer
epithelial cell of lower respiratory tract.,55,spatial_knn,0.8007116317749023,0.2264959663152694,XTNL005,conch,2,1.0,200,human,lung,lung cancer
epithelial cell of proximal tubule.,30,train_mean,0.7092797756195068,0.4101603031158447,XTNL005,conch,2,1.0,200,human,lung,lung cancer
epithelial cell of proximal tubule.,30,coordinate,0.8284434676170349,0.3820476531982422,XTNL005,conch,2,1.0,200,human,lung,lung cancer
epithelial cell of proximal tubule.,30,image,0.8841710090637207,0.221330463886261,XTNL005,conch,2,1.0,200,human,lung,lung cancer
epithelial cell of proximal tubule.,30,spatial_knn,0.8308150768280029,0.3822460174560547,XTNL005,conch,2,1.0,200,human,lung,lung cancer
epithelial cell.,41,train_mean,0.8283853530883789,0.2637591660022735,XTNL005,conch,2,1.0,200,human,lung,lung cancer
epithelial cell.,41,coordinate,0.831553041934967,0.2627710700035095,XTNL005,conch,2,1.0,200,human,lung,lung cancer
epithelial cell.,41,image,0.9303690195083618,0.1589518636465072,XTNL005,conch,2,1.0,200,human,lung,lung cancer
epithelial cell.,41,spatial_knn,0.9001187086105347,0.2334966361522674,XTNL005,conch,2,1.0,200,human,lung,lung cancer
fibroblast.,106,train_mean,0.3330199718475342,0.1709962785243988,XTNL005,conch,2,1.0,200,human,lung,lung cancer
fibroblast.,106,coordinate,0.2960573434829712,0.1784961372613906,XTNL005,conch,2,1.0,200,human,lung,lung cancer
fibroblast.,106,image,0.6128054261207581,0.1251559257507324,XTNL005,conch,2,1.0,200,human,lung,lung cancer
fibroblast.,106,spatial_knn,0.2517341077327728,0.210688441991806,XTNL005,conch,2,1.0,200,human,lung,lung cancer
foveolar cell of stomach.,22,train_mean,0.7559105753898621,0.350041389465332,XTNL005,conch,2,1.0,200,human,lung,lung cancer
foveolar cell of stomach.,22,coordinate,0.7950584292411804,0.3454271852970123,XTNL005,conch,2,1.0,200,human,lung,lung cancer
foveolar cell of stomach.,22,image,0.9455305337905884,0.1467798799276352,XTNL005,conch,2,1.0,200,human,lung,lung cancer
foveolar cell of stomach.,22,spatial_knn,0.8877103328704834,0.2822381556034088,XTNL005,conch,2,1.0,200,human,lung,lung cancer
goblet cell.,242,train_mean,0.7679594159126282,0.4264316856861114,XTNL005,conch,2,1.0,200,human,lung,lung cancer
goblet cell.,242,coordinate,0.8450192809104919,0.4069375991821289,XTNL005,conch,2,1.0,200,human,lung,lung cancer
goblet cell.,242,image,0.9587268829345704,0.1768904626369476,XTNL005,conch,2,1.0,200,human,lung,lung cancer
goblet cell.,242,spatial_knn,0.8901351690292358,0.3750649392604828,XTNL005,conch,2,1.0,200,human,lung,lung cancer
macrophage.,283,train_mean,0.2277494370937347,0.2115632742643356,XTNL005,conch,2,1.0,200,human,lung,lung cancer
macrophage.,283,coordinate,0.2105422168970108,0.2154841870069503,XTNL005,conch,2,1.0,200,human,lung,lung cancer
macrophage.,283,image,0.4808242321014404,0.180515170097351,XTNL005,conch,2,1.0,200,human,lung,lung cancer
macrophage.,283,spatial_knn,0.0823967233300209,0.2438857853412628,XTNL005,conch,2,1.0,200,human,lung,lung cancer
mammary alveolar cell.,37,train_mean,0.6814186573028564,0.1815152913331985,XTNL005,conch,2,1.0,200,human,lung,lung cancer
mammary alveolar cell.,37,coordinate,0.7303677201271057,0.1755727678537368,XTNL005,conch,2,1.0,200,human,lung,lung cancer
mammary alveolar cell.,37,image,0.7745664119720459,0.1585214287042617,XTNL005,conch,2,1.0,200,human,lung,lung cancer
mammary alveolar cell.,37,spatial_knn,0.7631715536117554,0.1768215447664261,XTNL005,conch,2,1.0,200,human,lung,lung cancer
monocyte.,21,train_mean,0.4061363339424133,0.1620305627584457,XTNL005,conch,2,1.0,200,human,lung,lung cancer
monocyte.,21,coordinate,0.4371775388717651,0.1588871330022812,XTNL005,conch,2,1.0,200,human,lung,lung cancer
monocyte.,21,image,0.4909122586250305,0.1515823155641555,XTNL005,conch,2,1.0,200,human,lung,lung cancer
monocyte.,21,spatial_knn,0.312785804271698,0.1788602024316787,XTNL005,conch,2,1.0,200,human,lung,lung cancer
natural killer cell.,25,train_mean,0.1193214133381843,0.1891168057918548,XTNL005,conch,2,1.0,200,human,lung,lung cancer
natural killer cell.,25,coordinate,0.0827031135559082,0.1918327510356903,XTNL005,conch,2,1.0,200,human,lung,lung cancer
natural killer cell.,25,image,0.2706075012683868,0.1582830846309662,XTNL005,conch,2,1.0,200,human,lung,lung cancer
natural killer cell.,25,spatial_knn,0.0250734239816665,0.2135398238897323,XTNL005,conch,2,1.0,200,human,lung,lung cancer
secretory cell.,39,train_mean,0.7630065083503723,0.3753667175769806,XTNL005,conch,2,1.0,200,human,lung,lung cancer
secretory cell.,39,coordinate,0.8356609344482422,0.35506471991539,XTNL005,conch,2,1.0,200,human,lung,lung cancer
secretory cell.,39,image,0.9117500185966492,0.1924536973237991,XTNL005,conch,2,1.0,200,human,lung,lung cancer
secretory cell.,39,spatial_knn,0.6970504522323608,0.3926447033882141,XTNL005,conch,2,1.0,200,human,lung,lung cancer
smooth muscle cell.,50,train_mean,0.2205778360366821,0.2043879777193069,XTNL005,conch,2,1.0,200,human,lung,lung cancer
smooth muscle cell.,50,coordinate,0.0836217254400253,0.2251992672681808,XTNL005,conch,2,1.0,200,human,lung,lung cancer
smooth muscle cell.,50,image,0.8256337642669678,0.1142424046993255,XTNL005,conch,2,1.0,200,human,lung,lung cancer
smooth muscle cell.,50,spatial_knn,0.1994651407003402,0.2094002068042755,XTNL005,conch,2,1.0,200,human,lung,lung cancer
smooth muscle myoblast.,33,train_mean,0.1263549923896789,0.2582712471485138,XTNL005,conch,2,1.0,200,human,lung,lung cancer
smooth muscle myoblast.,33,coordinate,-0.0210518706589937,0.28261399269104,XTNL005,conch,2,1.0,200,human,lung,lung cancer
smooth muscle myoblast.,33,image,0.7949211597442627,0.1660710424184799,XTNL005,conch,2,1.0,200,human,lung,lung cancer
smooth muscle myoblast.,33,spatial_knn,0.1114546284079551,0.2676230072975158,XTNL005,conch,2,1.0,200,human,lung,lung cancer
stromal cell.,54,train_mean,0.3217441439628601,0.1757335364818573,XTNL005,conch,2,1.0,200,human,lung,lung cancer
stromal cell.,54,coordinate,0.3049067556858063,0.1776027381420135,XTNL005,conch,2,1.0,200,human,lung,lung cancer
stromal cell.,54,image,0.5446141958236694,0.1344547122716903,XTNL005,conch,2,1.0,200,human,lung,lung cancer
stromal cell.,54,spatial_knn,0.3012671768665313,0.1709444522857666,XTNL005,conch,2,1.0,200,human,lung,lung cancer
type I pneumocyte.,87,train_mean,0.7255989909172058,0.1326699703931808,XTNL005,conch,2,1.0,200,human,lung,lung cancer
type I pneumocyte.,87,coordinate,0.7687556743621826,0.1243123263120651,XTNL005,conch,2,1.0,200,human,lung,lung cancer
type I pneumocyte.,87,image,0.895498514175415,0.0918735191226005,XTNL005,conch,2,1.0,200,human,lung,lung cancer
type I pneumocyte.,87,spatial_knn,0.7492965459823608,0.1284298300743103,XTNL005,conch,2,1.0,200,human,lung,lung cancer
type II pneumocyte.,52,train_mean,0.5814067721366882,0.2536483407020569,XTNL005,conch,2,1.0,200,human,lung,lung cancer
type II pneumocyte.,52,coordinate,0.5862404704093933,0.2547807991504669,XTNL005,conch,2,1.0,200,human,lung,lung cancer
type II pneumocyte.,52,image,0.6478850245475769,0.2438253164291381,XTNL005,conch,2,1.0,200,human,lung,lung cancer
type II pneumocyte.,52,spatial_knn,0.5779876708984375,0.2611103653907776,XTNL005,conch,2,1.0,200,human,lung,lung cancer
B cell.,222,train_mean,0.0837375968694686,0.1957378387451172,XTNL005,conch,3,1.0,200,human,lung,lung cancer
B cell.,222,coordinate,0.1674154698848724,0.3294810056686401,XTNL005,conch,3,1.0,200,human,lung,lung cancer
B cell.,222,image,0.6361196041107178,0.1231867671012878,XTNL005,conch,3,1.0,200,human,lung,lung cancer
B cell.,222,spatial_knn,0.4120199382305145,0.1542342156171798,XTNL005,conch,3,1.0,200,human,lung,lung cancer
"CD8-positive, alpha-beta T cell.",52,train_mean,0.0711767300963401,0.180251345038414,XTNL005,conch,3,1.0,200,human,lung,lung cancer
"CD8-positive, alpha-beta T cell.",52,coordinate,0.1080604195594787,0.3363636434078216,XTNL005,conch,3,1.0,200,human,lung,lung cancer
"CD8-positive, alpha-beta T cell.",52,image,0.6878779530525208,0.0971005633473396,XTNL005,conch,3,1.0,200,human,lung,lung cancer
"CD8-positive, alpha-beta T cell.",52,spatial_knn,0.3006930649280548,0.1576661914587021,XTNL005,conch,3,1.0,200,human,lung,lung cancer
T cell.,312,train_mean,0.2100730538368225,0.1956720501184463,XTNL005,conch,3,1.0,200,human,lung,lung cancer
T cell.,312,coordinate,0.1787991374731063,0.3231467604637146,XTNL005,conch,3,1.0,200,human,lung,lung cancer
T cell.,312,image,0.7732569575309753,0.119710698723793,XTNL005,conch,3,1.0,200,human,lung,lung cancer
T cell.,312,spatial_knn,0.3643713295459747,0.1740622371435165,XTNL005,conch,3,1.0,200,human,lung,lung cancer
cardiac muscle myoblast.,98,train_mean,0.1029349118471145,0.2482121139764785,XTNL005,conch,3,1.0,200,human,lung,lung cancer
cardiac muscle myoblast.,98,coordinate,0.0447120666503906,0.385615736246109,XTNL005,conch,3,1.0,200,human,lung,lung cancer
cardiac muscle myoblast.,98,image,0.890578031539917,0.1133025735616684,XTNL005,conch,3,1.0,200,human,lung,lung cancer
cardiac muscle myoblast.,98,spatial_knn,0.0850202590227127,0.2909315824508667,XTNL005,conch,3,1.0,200,human,lung,lung cancer
ciliated cell.,40,train_mean,0.6389633417129517,0.3368941247463226,XTNL005,conch,3,1.0,200,human,lung,lung cancer
ciliated cell.,40,coordinate,0.7341840267181396,0.2709934711456299,XTNL005,conch,3,1.0,200,human,lung,lung cancer
ciliated cell.,40,image,0.9107837677001952,0.1628961563110351,XTNL005,conch,3,1.0,200,human,lung,lung cancer
ciliated cell.,40,spatial_knn,0.1951480954885482,0.4089080095291137,XTNL005,conch,3,1.0,200,human,lung,lung cancer
endothelial cell of vascular tree.,30,train_mean,0.3804919719696045,0.1518723964691162,XTNL005,conch,3,1.0,200,human,lung,lung cancer
endothelial cell of vascular tree.,30,coordinate,0.1686974167823791,0.3158310055732727,XTNL005,conch,3,1.0,200,human,lung,lung cancer
endothelial cell of vascular tree.,30,image,0.7254343032836914,0.0915970355272293,XTNL005,conch,3,1.0,200,human,lung,lung cancer
endothelial cell of vascular tree.,30,spatial_knn,0.2662032842636108,0.1846126616001129,XTNL005,conch,3,1.0,200,human,lung,lung cancer
endothelial cell.,334,train_mean,0.3677408397197723,0.1464254409074783,XTNL005,conch,3,1.0,200,human,lung,lung cancer
endothelial cell.,334,coordinate,0.0881786197423935,0.3108045160770416,XTNL005,conch,3,1.0,200,human,lung,lung cancer
endothelial cell.,334,image,0.6353572607040405,0.1044610515236854,XTNL005,conch,3,1.0,200,human,lung,lung cancer
endothelial cell.,334,spatial_knn,0.2919855415821075,0.1450349539518356,XTNL005,conch,3,1.0,200,human,lung,lung cancer
epithelial cell of lower respiratory tract.,38,train_mean,0.7075020670890808,0.6026378273963928,XTNL005,conch,3,1.0,200,human,lung,lung cancer
epithelial cell of lower respiratory tract.,38,coordinate,0.8205356597900391,0.4708661735057831,XTNL005,conch,3,1.0,200,human,lung,lung cancer
epithelial cell of lower respiratory tract.,38,image,0.9566105008125304,0.2866581678390503,XTNL005,conch,3,1.0,200,human,lung,lung cancer
epithelial cell of lower respiratory tract.,38,spatial_knn,0.2206386476755142,0.6753904223442078,XTNL005,conch,3,1.0,200,human,lung,lung cancer
epithelial cell.,29,train_mean,0.735168993473053,0.4520587027072906,XTNL005,conch,3,1.0,200,human,lung,lung cancer
epithelial cell.,29,coordinate,0.8329322338104248,0.3329173326492309,XTNL005,conch,3,1.0,200,human,lung,lung cancer
epithelial cell.,29,image,0.9614012241363524,0.2121753990650177,XTNL005,conch,3,1.0,200,human,lung,lung cancer
epithelial cell.,29,spatial_knn,0.3947418332099914,0.5074854493141174,XTNL005,conch,3,1.0,200,human,lung,lung cancer
fibroblast.,124,train_mean,0.3151119947433471,0.1809408813714981,XTNL005,conch,3,1.0,200,human,lung,lung cancer
fibroblast.,124,coordinate,0.1999853253364563,0.312049001455307,XTNL005,conch,3,1.0,200,human,lung,lung cancer
fibroblast.,124,image,0.6548725366592407,0.1337573677301406,XTNL005,conch,3,1.0,200,human,lung,lung cancer
fibroblast.,124,spatial_knn,0.2879555821418762,0.1813092231750488,XTNL005,conch,3,1.0,200,human,lung,lung cancer
foveolar cell of stomach.,36,train_mean,0.6791657209396362,0.3928073048591614,XTNL005,conch,3,1.0,200,human,lung,lung cancer
foveolar cell of stomach.,36,coordinate,0.8149204850196838,0.2760689556598663,XTNL005,conch,3,1.0,200,human,lung,lung cancer
foveolar cell of stomach.,36,image,0.9499601721763612,0.1634123623371124,XTNL005,conch,3,1.0,200,human,lung,lung cancer
foveolar cell of stomach.,36,spatial_knn,0.3771549165248871,0.4486739039421081,XTNL005,conch,3,1.0,200,human,lung,lung cancer
goblet cell.,301,train_mean,0.7026692032814026,0.4854987561702728,XTNL005,conch,3,1.0,200,human,lung,lung cancer
goblet cell.,301,coordinate,0.8438239097595215,0.3584677875041961,XTNL005,conch,3,1.0,200,human,lung,lung cancer
goblet cell.,301,image,0.977654993534088,0.1634716093540191,XTNL005,conch,3,1.0,200,human,lung,lung cancer
goblet cell.,301,spatial_knn,0.4405620098114013,0.5347357988357544,XTNL005,conch,3,1.0,200,human,lung,lung cancer
macrophage.,364,train_mean,0.1812454462051391,0.2300741225481033,XTNL005,conch,3,1.0,200,human,lung,lung cancer
macrophage.,364,coordinate,0.2458056211471557,0.3178137540817261,XTNL005,conch,3,1.0,200,human,lung,lung cancer
macrophage.,364,image,0.6098016500473022,0.1761747747659683,XTNL005,conch,3,1.0,200,human,lung,lung cancer
macrophage.,364,spatial_knn,0.4829587340354919,0.1966264545917511,XTNL005,conch,3,1.0,200,human,lung,lung cancer
natural killer cell.,24,train_mean,0.1293067187070846,0.1786830723285675,XTNL005,conch,3,1.0,200,human,lung,lung cancer
natural killer cell.,24,coordinate,0.095558725297451,0.3378387987613678,XTNL005,conch,3,1.0,200,human,lung,lung cancer
natural killer cell.,24,image,0.5105406641960144,0.1209281682968139,XTNL005,conch,3,1.0,200,human,lung,lung cancer
natural killer cell.,24,spatial_knn,0.1132514402270317,0.1848491430282592,XTNL005,conch,3,1.0,200,human,lung,lung cancer
smooth muscle cell.,51,train_mean,0.233878031373024,0.2029928714036941,XTNL005,conch,3,1.0,200,human,lung,lung cancer
smooth muscle cell.,51,coordinate,0.1014595925807952,0.3505530953407287,XTNL005,conch,3,1.0,200,human,lung,lung cancer
smooth muscle cell.,51,image,0.8572514057159424,0.103469930589199,XTNL005,conch,3,1.0,200,human,lung,lung cancer
smooth muscle cell.,51,spatial_knn,0.1533403545618057,0.2410518527030944,XTNL005,conch,3,1.0,200,human,lung,lung cancer
smooth muscle myoblast.,33,train_mean,0.1767922937870025,0.2555181980133056,XTNL005,conch,3,1.0,200,human,lung,lung cancer
smooth muscle myoblast.,33,coordinate,0.0558280274271965,0.3863159716129303,XTNL005,conch,3,1.0,200,human,lung,lung cancer
smooth muscle myoblast.,33,image,0.9038006067276,0.1331813782453537,XTNL005,conch,3,1.0,200,human,lung,lung cancer
smooth muscle myoblast.,33,spatial_knn,0.1184422150254249,0.2958647012710571,XTNL005,conch,3,1.0,200,human,lung,lung cancer
stromal cell.,80,train_mean,0.3111540079116821,0.1692668348550796,XTNL005,conch,3,1.0,200,human,lung,lung cancer
stromal cell.,80,coordinate,0.1059566587209701,0.3354126214981079,XTNL005,conch,3,1.0,200,human,lung,lung cancer
stromal cell.,80,image,0.6405898928642273,0.1123639270663261,XTNL005,conch,3,1.0,200,human,lung,lung cancer
stromal cell.,80,spatial_knn,0.1646749079227447,0.1799157559871673,XTNL005,conch,3,1.0,200,human,lung,lung cancer
